0	8.14896e-05
9.24035e-14	8.14764e-05
1.84807e-13	8.14631e-05
2.7721e-13	8.14494e-05
3.69614e-13	8.14355e-05
4.62017e-13	8.14214e-05
5.54421e-13	8.1407e-05
6.46824e-13	8.13923e-05
7.39228e-13	8.13774e-05
8.31631e-13	8.13622e-05
9.24035e-13	8.13467e-05
1.01644e-12	8.1331e-05
1.10884e-12	8.1315e-05
1.20125e-12	8.12988e-05
1.29365e-12	8.12823e-05
1.38605e-12	8.12655e-05
1.47846e-12	8.12485e-05
1.57086e-12	8.12312e-05
1.66326e-12	8.12137e-05
1.75567e-12	8.11959e-05
1.84807e-12	8.11778e-05
1.94047e-12	8.11594e-05
2.03288e-12	8.11408e-05
2.12528e-12	8.11219e-05
2.21768e-12	8.11027e-05
2.31009e-12	8.10833e-05
2.40249e-12	8.10636e-05
2.49489e-12	8.10436e-05
2.5873e-12	8.10234e-05
2.6797e-12	8.10029e-05
2.7721e-12	8.09821e-05
2.86451e-12	8.0961e-05
2.95691e-12	8.09397e-05
3.04932e-12	8.09181e-05
3.14172e-12	8.08962e-05
3.23412e-12	8.08741e-05
3.32653e-12	8.08516e-05
3.41893e-12	8.08289e-05
3.51133e-12	8.0806e-05
3.60374e-12	8.07827e-05
3.69614e-12	8.07592e-05
3.78854e-12	8.07354e-05
3.88095e-12	8.07113e-05
3.97335e-12	8.06869e-05
4.06575e-12	8.06622e-05
4.15816e-12	8.06373e-05
4.25056e-12	8.06121e-05
4.34296e-12	8.05866e-05
4.43537e-12	8.05608e-05
4.52777e-12	8.05348e-05
4.62017e-12	8.05084e-05
4.71258e-12	8.04818e-05
4.80498e-12	8.04549e-05
4.89738e-12	8.04277e-05
4.98979e-12	8.04002e-05
5.08219e-12	8.03725e-05
5.1746e-12	8.03444e-05
5.267e-12	8.03161e-05
5.3594e-12	8.02874e-05
5.45181e-12	8.02585e-05
5.54421e-12	8.02293e-05
5.63661e-12	8.01998e-05
5.72902e-12	8.01701e-05
5.82142e-12	8.014e-05
5.91382e-12	8.01096e-05
6.00623e-12	8.0079e-05
6.09863e-12	8.0048e-05
6.19103e-12	8.00168e-05
6.28344e-12	7.99852e-05
6.37584e-12	7.99534e-05
6.46824e-12	7.99213e-05
6.56065e-12	7.98889e-05
6.65305e-12	7.98562e-05
6.74545e-12	7.98231e-05
6.83786e-12	7.97898e-05
6.93026e-12	7.97562e-05
7.02267e-12	7.97223e-05
7.11507e-12	7.96881e-05
7.20747e-12	7.96536e-05
7.29988e-12	7.96188e-05
7.39228e-12	7.95837e-05
7.48468e-12	7.95483e-05
7.57709e-12	7.95126e-05
7.66949e-12	7.94766e-05
7.76189e-12	7.94403e-05
7.8543e-12	7.94037e-05
7.9467e-12	7.93668e-05
8.0391e-12	7.93296e-05
8.13151e-12	7.9292e-05
8.22391e-12	7.92542e-05
8.31631e-12	7.92161e-05
8.40872e-12	7.91776e-05
8.50112e-12	7.91389e-05
8.59352e-12	7.90998e-05
8.68593e-12	7.90604e-05
8.77833e-12	7.90208e-05
8.87073e-12	7.89808e-05
8.96314e-12	7.89405e-05
9.05554e-12	7.88999e-05
9.14795e-12	7.8859e-05
9.24035e-12	7.88177e-05
9.33275e-12	7.87762e-05
9.42516e-12	7.87343e-05
9.51756e-12	7.86922e-05
9.60996e-12	7.86497e-05
9.70237e-12	7.86069e-05
9.79477e-12	7.85638e-05
9.88717e-12	7.85203e-05
9.97958e-12	7.84766e-05
1.0072e-11	7.84325e-05
1.01644e-11	7.83882e-05
1.02568e-11	7.83435e-05
1.03492e-11	7.82984e-05
1.04416e-11	7.82531e-05
1.0534e-11	7.82074e-05
1.06264e-11	7.81615e-05
1.07188e-11	7.81152e-05
1.08112e-11	7.80685e-05
1.09036e-11	7.80216e-05
1.0996e-11	7.79743e-05
1.10884e-11	7.79267e-05
1.11808e-11	7.78788e-05
1.12732e-11	7.78306e-05
1.13656e-11	7.7782e-05
1.1458e-11	7.77331e-05
1.15504e-11	7.76839e-05
1.16428e-11	7.76343e-05
1.17352e-11	7.75845e-05
1.18276e-11	7.75342e-05
1.19201e-11	7.74837e-05
1.20125e-11	7.74329e-05
1.21049e-11	7.73817e-05
1.21973e-11	7.73301e-05
1.22897e-11	7.72783e-05
1.23821e-11	7.72261e-05
1.24745e-11	7.71736e-05
1.25669e-11	7.71207e-05
1.26593e-11	7.70675e-05
1.27517e-11	7.7014e-05
1.28441e-11	7.69601e-05
1.29365e-11	7.69059e-05
1.30289e-11	7.68514e-05
1.31213e-11	7.67965e-05
1.32137e-11	7.67413e-05
1.33061e-11	7.66858e-05
1.33985e-11	7.66299e-05
1.34909e-11	7.65737e-05
1.35833e-11	7.65171e-05
1.36757e-11	7.64602e-05
1.37681e-11	7.6403e-05
1.38605e-11	7.63454e-05
1.39529e-11	7.62875e-05
1.40453e-11	7.62292e-05
1.41377e-11	7.61706e-05
1.42301e-11	7.61116e-05
1.43225e-11	7.60523e-05
1.44149e-11	7.59927e-05
1.45073e-11	7.59327e-05
1.45998e-11	7.58723e-05
1.46922e-11	7.58116e-05
1.47846e-11	7.57506e-05
1.4877e-11	7.56892e-05
1.49694e-11	7.56275e-05
1.50618e-11	7.55654e-05
1.51542e-11	7.55029e-05
1.52466e-11	7.54402e-05
1.5339e-11	7.5377e-05
1.54314e-11	7.53135e-05
1.55238e-11	7.52497e-05
1.56162e-11	7.51855e-05
1.57086e-11	7.51209e-05
1.5801e-11	7.5056e-05
1.58934e-11	7.49908e-05
1.59858e-11	7.49252e-05
1.60782e-11	7.48592e-05
1.61706e-11	7.47929e-05
1.6263e-11	7.47262e-05
1.63554e-11	7.46591e-05
1.64478e-11	7.45917e-05
1.65402e-11	7.4524e-05
1.66326e-11	7.44558e-05
1.6725e-11	7.43873e-05
1.68174e-11	7.43185e-05
1.69098e-11	7.42493e-05
1.70022e-11	7.41797e-05
1.70946e-11	7.41098e-05
1.7187e-11	7.40395e-05
1.72795e-11	7.39688e-05
1.73719e-11	7.38978e-05
1.74643e-11	7.38264e-05
1.75567e-11	7.37546e-05
1.76491e-11	7.36825e-05
1.77415e-11	7.361e-05
1.78339e-11	7.35371e-05
1.79263e-11	7.34639e-05
1.80187e-11	7.33903e-05
1.81111e-11	7.33163e-05
1.82035e-11	7.3242e-05
1.82959e-11	7.31673e-05
1.83883e-11	7.30922e-05
1.84807e-11	7.30167e-05
1.85731e-11	7.29409e-05
1.86655e-11	7.28647e-05
1.87579e-11	7.27881e-05
1.88503e-11	7.27111e-05
1.89427e-11	7.26338e-05
1.90351e-11	7.25561e-05
1.91275e-11	7.2478e-05
1.92199e-11	7.23996e-05
1.93123e-11	7.23207e-05
1.94047e-11	7.22415e-05
1.94971e-11	7.21619e-05
1.95895e-11	7.20819e-05
1.96819e-11	7.20016e-05
1.97743e-11	7.19208e-05
1.98668e-11	7.18397e-05
1.99592e-11	7.17582e-05
2.00516e-11	7.16763e-05
2.0144e-11	7.1594e-05
2.02364e-11	7.15113e-05
2.03288e-11	7.14283e-05
2.04212e-11	7.13449e-05
2.05136e-11	7.12611e-05
2.0606e-11	7.11769e-05
2.06984e-11	7.10923e-05
2.07908e-11	7.10073e-05
2.08832e-11	7.09219e-05
2.09756e-11	7.08362e-05
2.1068e-11	7.075e-05
2.11604e-11	7.06635e-05
2.12528e-11	7.05765e-05
2.13452e-11	7.04892e-05
2.14376e-11	7.04015e-05
2.153e-11	7.03134e-05
2.16224e-11	7.02249e-05
2.17148e-11	7.0136e-05
2.18072e-11	7.00467e-05
2.18996e-11	6.9957e-05
2.1992e-11	6.98669e-05
2.20844e-11	6.97764e-05
2.21768e-11	6.96856e-05
2.22692e-11	6.95943e-05
2.23616e-11	6.95026e-05
2.2454e-11	6.94105e-05
2.25465e-11	6.93181e-05
2.26389e-11	6.92252e-05
2.27313e-11	6.91319e-05
2.28237e-11	6.90382e-05
2.29161e-11	6.89441e-05
2.30085e-11	6.88496e-05
2.31009e-11	6.87547e-05
2.31933e-11	6.86594e-05
2.32857e-11	6.85637e-05
2.33781e-11	6.84676e-05
2.34705e-11	6.83711e-05
2.35629e-11	6.82742e-05
2.36553e-11	6.81769e-05
2.37477e-11	6.80791e-05
2.38401e-11	6.7981e-05
2.39325e-11	6.78824e-05
2.40249e-11	6.77834e-05
2.41173e-11	6.7684e-05
2.42097e-11	6.75842e-05
2.43021e-11	6.7484e-05
2.43945e-11	6.73834e-05
2.44869e-11	6.72824e-05
2.45793e-11	6.71809e-05
2.46717e-11	6.70791e-05
2.47641e-11	6.69768e-05
2.48565e-11	6.68741e-05
2.49489e-11	6.6771e-05
2.50413e-11	6.66674e-05
2.51337e-11	6.65635e-05
2.52262e-11	6.64591e-05
2.53186e-11	6.63543e-05
2.5411e-11	6.62491e-05
2.55034e-11	6.61435e-05
2.55958e-11	6.60374e-05
2.56882e-11	6.5931e-05
2.57806e-11	6.58241e-05
2.5873e-11	6.57168e-05
2.59654e-11	6.5609e-05
2.60578e-11	6.55008e-05
2.61502e-11	6.53923e-05
2.62426e-11	6.52832e-05
2.6335e-11	6.51738e-05
2.64274e-11	6.50639e-05
2.65198e-11	6.49536e-05
2.66122e-11	6.48429e-05
2.67046e-11	6.47317e-05
2.6797e-11	6.46201e-05
2.68894e-11	6.45081e-05
2.69818e-11	6.43957e-05
2.70742e-11	6.42828e-05
2.71666e-11	6.41694e-05
2.7259e-11	6.40557e-05
2.73514e-11	6.39415e-05
2.74438e-11	6.38269e-05
2.75362e-11	6.37118e-05
2.76286e-11	6.35963e-05
2.7721e-11	6.34804e-05
2.78135e-11	6.33641e-05
2.79059e-11	6.32473e-05
2.79983e-11	6.313e-05
2.80907e-11	6.30123e-05
2.81831e-11	6.28942e-05
2.82755e-11	6.27757e-05
2.83679e-11	6.26567e-05
2.84603e-11	6.25372e-05
2.85527e-11	6.24173e-05
2.86451e-11	6.2297e-05
2.87375e-11	6.21762e-05
2.88299e-11	6.2055e-05
2.89223e-11	6.19334e-05
2.90147e-11	6.18112e-05
2.91071e-11	6.16887e-05
2.91995e-11	6.15657e-05
2.92919e-11	6.14422e-05
2.93843e-11	6.13184e-05
2.94767e-11	6.1194e-05
2.95691e-11	6.10692e-05
2.96615e-11	6.0944e-05
2.97539e-11	6.08183e-05
2.98463e-11	6.06921e-05
2.99387e-11	6.05655e-05
3.00311e-11	6.04385e-05
3.01235e-11	6.0311e-05
3.02159e-11	6.0183e-05
3.03083e-11	6.00546e-05
3.04007e-11	5.99257e-05
3.04932e-11	5.97964e-05
3.05856e-11	5.96666e-05
3.0678e-11	5.95364e-05
3.07704e-11	5.94057e-05
3.08628e-11	5.92745e-05
3.09552e-11	5.91429e-05
3.10476e-11	5.90108e-05
3.114e-11	5.88783e-05
3.12324e-11	5.87453e-05
3.13248e-11	5.86118e-05
3.14172e-11	5.84779e-05
3.15096e-11	5.83435e-05
3.1602e-11	5.82087e-05
3.16944e-11	5.80734e-05
3.17868e-11	5.79376e-05
3.18792e-11	5.78013e-05
3.19716e-11	5.76646e-05
3.2064e-11	5.75274e-05
3.21564e-11	5.73898e-05
3.22488e-11	5.72517e-05
3.23412e-11	5.71131e-05
3.24336e-11	5.6974e-05
3.2526e-11	5.68345e-05
3.26184e-11	5.66945e-05
3.27108e-11	5.6554e-05
3.28032e-11	5.64131e-05
3.28956e-11	5.62717e-05
3.2988e-11	5.61298e-05
3.30804e-11	5.59874e-05
3.31729e-11	5.58446e-05
3.32653e-11	5.57012e-05
3.33577e-11	5.55575e-05
3.34501e-11	5.54132e-05
3.35425e-11	5.52684e-05
3.36349e-11	5.51232e-05
3.37273e-11	5.49775e-05
3.38197e-11	5.48313e-05
3.39121e-11	5.46846e-05
3.40045e-11	5.45375e-05
3.40969e-11	5.43899e-05
3.41893e-11	5.42418e-05
3.42817e-11	5.40932e-05
3.43741e-11	5.39441e-05
3.44665e-11	5.37945e-05
3.45589e-11	5.36445e-05
3.46513e-11	5.34939e-05
3.47437e-11	5.33429e-05
3.48361e-11	5.31914e-05
3.49285e-11	5.30394e-05
3.50209e-11	5.28869e-05
3.51133e-11	5.2734e-05
3.52057e-11	5.25805e-05
3.52981e-11	5.24265e-05
3.53905e-11	5.22721e-05
3.54829e-11	5.21172e-05
3.55753e-11	5.19617e-05
3.56677e-11	5.18058e-05
3.57602e-11	5.16494e-05
3.58526e-11	5.14925e-05
3.5945e-11	5.13351e-05
3.60374e-11	5.11772e-05
3.61298e-11	5.10188e-05
3.62222e-11	5.08599e-05
3.63146e-11	5.07005e-05
3.6407e-11	5.05406e-05
3.64994e-11	5.03802e-05
3.65918e-11	5.02193e-05
3.66842e-11	5.00579e-05
3.67766e-11	4.9896e-05
3.6869e-11	4.97336e-05
3.69614e-11	4.95707e-05
3.70538e-11	4.94073e-05
3.71462e-11	4.92434e-05
3.72386e-11	4.9079e-05
3.7331e-11	4.89141e-05
3.74234e-11	4.87487e-05
3.75158e-11	4.85828e-05
3.76082e-11	4.84163e-05
3.77006e-11	4.82494e-05
3.7793e-11	4.80819e-05
3.78854e-11	4.7914e-05
3.79778e-11	4.77455e-05
3.80702e-11	4.75765e-05
3.81626e-11	4.74071e-05
3.8255e-11	4.72371e-05
3.83474e-11	4.70665e-05
3.84399e-11	4.68955e-05
3.85323e-11	4.6724e-05
3.86247e-11	4.65519e-05
3.87171e-11	4.63794e-05
3.88095e-11	4.62063e-05
3.89019e-11	4.60327e-05
3.89943e-11	4.58586e-05
3.90867e-11	4.56839e-05
3.91791e-11	4.55088e-05
3.92715e-11	4.53331e-05
3.93639e-11	4.51569e-05
3.94563e-11	4.49802e-05
3.95487e-11	4.4803e-05
3.96411e-11	4.46252e-05
3.97335e-11	4.44469e-05
3.98259e-11	4.42681e-05
3.99183e-11	4.40888e-05
4.00107e-11	4.39089e-05
4.01031e-11	4.37286e-05
4.01955e-11	4.35477e-05
4.02879e-11	4.33662e-05
4.03803e-11	4.31843e-05
4.04727e-11	4.30018e-05
4.05651e-11	4.28188e-05
4.06575e-11	4.26353e-05
4.07499e-11	4.24512e-05
4.08423e-11	4.22666e-05
4.09347e-11	4.20815e-05
4.10271e-11	4.18958e-05
4.11196e-11	4.17096e-05
4.1212e-11	4.15229e-05
4.13044e-11	4.13356e-05
4.13968e-11	4.11478e-05
4.14892e-11	4.09595e-05
4.15816e-11	4.07706e-05
4.1674e-11	4.05812e-05
4.17664e-11	4.03913e-05
4.18588e-11	4.02008e-05
4.19512e-11	4.00098e-05
4.20436e-11	3.98182e-05
4.2136e-11	3.96262e-05
4.22284e-11	3.94335e-05
4.23208e-11	3.92403e-05
4.24132e-11	3.90466e-05
4.25056e-11	3.88524e-05
4.2598e-11	3.86576e-05
4.26904e-11	3.84622e-05
4.27828e-11	3.82663e-05
4.28752e-11	3.80699e-05
4.29676e-11	3.78729e-05
4.306e-11	3.76754e-05
4.31524e-11	3.74773e-05
4.32448e-11	3.72787e-05
4.33372e-11	3.70795e-05
4.34296e-11	3.68798e-05
4.3522e-11	3.66795e-05
4.36144e-11	3.64787e-05
4.37069e-11	3.62774e-05
4.37993e-11	3.60754e-05
4.38917e-11	3.5873e-05
4.39841e-11	3.56699e-05
4.40765e-11	3.54664e-05
4.41689e-11	3.52622e-05
4.42613e-11	3.50575e-05
4.43537e-11	3.48523e-05
4.44461e-11	3.46465e-05
4.45385e-11	3.44401e-05
4.46309e-11	3.42332e-05
4.47233e-11	3.40257e-05
4.48157e-11	3.38177e-05
4.49081e-11	3.36091e-05
4.50005e-11	3.34e-05
4.50929e-11	3.31903e-05
4.51853e-11	3.298e-05
4.52777e-11	3.27691e-05
4.53701e-11	3.25577e-05
4.54625e-11	3.23458e-05
4.55549e-11	3.21333e-05
4.56473e-11	3.19202e-05
4.57397e-11	3.17065e-05
4.58321e-11	3.14923e-05
4.59245e-11	3.12775e-05
4.60169e-11	3.10621e-05
4.61093e-11	3.08462e-05
4.62017e-11	3.06297e-05
4.62941e-11	3.04127e-05
4.63866e-11	3.0195e-05
4.6479e-11	2.99768e-05
4.65714e-11	2.9758e-05
4.66638e-11	2.95387e-05
4.67562e-11	2.93188e-05
4.68486e-11	2.90983e-05
4.6941e-11	2.88772e-05
4.70334e-11	2.86556e-05
4.71258e-11	2.84333e-05
4.72182e-11	2.82105e-05
4.73106e-11	2.79872e-05
4.7403e-11	2.77632e-05
4.74954e-11	2.75387e-05
4.75878e-11	2.73136e-05
4.76802e-11	2.70879e-05
4.77726e-11	2.68616e-05
4.7865e-11	2.66348e-05
4.79574e-11	2.64074e-05
4.80498e-11	2.61794e-05
4.81422e-11	2.59508e-05
4.82346e-11	2.57216e-05
4.8327e-11	2.54918e-05
4.84194e-11	2.52615e-05
4.85118e-11	2.50306e-05
4.86042e-11	2.4799e-05
4.86966e-11	2.45669e-05
4.8789e-11	2.43342e-05
4.88814e-11	2.4101e-05
4.89738e-11	2.38671e-05
4.90663e-11	2.36327e-05
4.91587e-11	2.33976e-05
4.92511e-11	2.3162e-05
4.93435e-11	2.29257e-05
4.94359e-11	2.26889e-05
4.95283e-11	2.24515e-05
4.96207e-11	2.22135e-05
4.97131e-11	2.19749e-05
4.98055e-11	2.17357e-05
4.98979e-11	2.14959e-05
4.99903e-11	2.12556e-05
5.00827e-11	2.10146e-05
5.01751e-11	2.0773e-05
5.02675e-11	2.05308e-05
5.03599e-11	2.02881e-05
5.04523e-11	2.00447e-05
5.05447e-11	1.98007e-05
5.06371e-11	1.95561e-05
5.07295e-11	1.9311e-05
5.08219e-11	1.90652e-05
5.09143e-11	1.88188e-05
5.10067e-11	1.85718e-05
5.10991e-11	1.83243e-05
5.11915e-11	1.80761e-05
5.12839e-11	1.78273e-05
5.13763e-11	1.75779e-05
5.14687e-11	1.73279e-05
5.15611e-11	1.70773e-05
5.16536e-11	1.68261e-05
5.1746e-11	1.65742e-05
5.18384e-11	1.63218e-05
5.19308e-11	1.60688e-05
5.20232e-11	1.58151e-05
5.21156e-11	1.55608e-05
5.2208e-11	1.5306e-05
5.23004e-11	1.50505e-05
5.23928e-11	1.47944e-05
5.24852e-11	1.45377e-05
5.25776e-11	1.42803e-05
5.267e-11	1.40224e-05
5.27624e-11	1.37638e-05
5.28548e-11	1.35047e-05
5.29472e-11	1.32449e-05
5.30396e-11	1.29845e-05
5.3132e-11	1.27234e-05
5.32244e-11	1.24618e-05
5.33168e-11	1.21995e-05
5.34092e-11	1.19367e-05
5.35016e-11	1.16732e-05
5.3594e-11	1.1409e-05
5.36864e-11	1.11443e-05
5.37788e-11	1.08789e-05
5.38712e-11	1.06129e-05
5.39636e-11	1.03463e-05
5.4056e-11	1.00791e-05
5.41484e-11	9.81122e-06
5.42408e-11	9.54274e-06
5.43333e-11	9.27362e-06
5.44257e-11	9.00388e-06
5.45181e-11	8.73352e-06
5.46105e-11	8.46252e-06
5.47029e-11	8.1909e-06
5.47953e-11	7.91864e-06
5.48877e-11	7.64576e-06
5.49801e-11	7.37225e-06
5.50725e-11	7.0981e-06
5.51649e-11	6.82332e-06
5.52573e-11	6.54791e-06
5.53497e-11	6.27187e-06
5.54421e-11	5.9952e-06
5.55345e-11	5.71788e-06
5.56269e-11	5.43994e-06
5.57193e-11	5.16136e-06
5.58117e-11	4.88214e-06
5.59041e-11	4.60229e-06
5.59965e-11	4.32179e-06
5.60889e-11	4.04066e-06
5.61813e-11	3.75889e-06
5.62737e-11	3.47649e-06
5.63661e-11	3.19344e-06
5.64585e-11	2.90975e-06
5.65509e-11	2.62542e-06
5.66433e-11	2.34044e-06
5.67357e-11	2.05483e-06
5.68281e-11	1.76857e-06
5.69205e-11	1.48167e-06
5.7013e-11	1.19412e-06
5.71054e-11	9.0593e-07
5.71978e-11	6.17093e-07
5.72902e-11	3.27609e-07
5.73826e-11	3.74779e-08
5.7475e-11	-2.53301e-07
5.75674e-11	-5.44727e-07
5.76598e-11	-8.36803e-07
5.77522e-11	-1.12953e-06
5.78446e-11	-1.4229e-06
5.7937e-11	-1.71693e-06
5.80294e-11	-2.01161e-06
5.81218e-11	-2.30694e-06
5.82142e-11	-2.60292e-06
5.83066e-11	-2.89955e-06
5.8399e-11	-3.19684e-06
5.84914e-11	-3.49479e-06
5.85838e-11	-3.79338e-06
5.86762e-11	-4.09264e-06
5.87686e-11	-4.39255e-06
5.8861e-11	-4.69312e-06
5.89534e-11	-4.99434e-06
5.90458e-11	-5.29623e-06
5.91382e-11	-5.59877e-06
5.92306e-11	-5.90197e-06
5.9323e-11	-6.20583e-06
5.94154e-11	-6.51035e-06
5.95078e-11	-6.81554e-06
5.96003e-11	-7.12138e-06
5.96927e-11	-7.42789e-06
5.97851e-11	-7.73506e-06
5.98775e-11	-8.0429e-06
5.99699e-11	-8.3514e-06
6.00623e-11	-8.66056e-06
6.01547e-11	-8.97039e-06
6.02471e-11	-9.28089e-06
6.03395e-11	-9.59205e-06
6.04319e-11	-9.90388e-06
6.05243e-11	-1.02164e-05
6.06167e-11	-1.05295e-05
6.07091e-11	-1.08434e-05
6.08015e-11	-1.11579e-05
6.08939e-11	-1.14731e-05
6.09863e-11	-1.17889e-05
6.10787e-11	-1.21054e-05
6.11711e-11	-1.24226e-05
6.12635e-11	-1.27405e-05
6.13559e-11	-1.3059e-05
6.14483e-11	-1.33782e-05
6.15407e-11	-1.36981e-05
6.16331e-11	-1.40187e-05
6.17255e-11	-1.43399e-05
6.18179e-11	-1.46618e-05
6.19103e-11	-1.49844e-05
6.20027e-11	-1.53077e-05
6.20951e-11	-1.56316e-05
6.21875e-11	-1.59563e-05
6.228e-11	-1.62816e-05
6.23724e-11	-1.66076e-05
6.24648e-11	-1.69342e-05
6.25572e-11	-1.72616e-05
6.26496e-11	-1.75896e-05
6.2742e-11	-1.79183e-05
6.28344e-11	-1.82477e-05
6.29268e-11	-1.85778e-05
6.30192e-11	-1.89086e-05
6.31116e-11	-1.924e-05
6.3204e-11	-1.95721e-05
6.32964e-11	-1.9905e-05
6.33888e-11	-2.02385e-05
6.34812e-11	-2.05727e-05
6.35736e-11	-2.09075e-05
6.3666e-11	-2.12431e-05
6.37584e-11	-2.15794e-05
6.38508e-11	-2.19163e-05
6.39432e-11	-2.2254e-05
6.40356e-11	-2.25923e-05
6.4128e-11	-2.29313e-05
6.42204e-11	-2.3271e-05
6.43128e-11	-2.36114e-05
6.44052e-11	-2.39525e-05
6.44976e-11	-2.42943e-05
6.459e-11	-2.46368e-05
6.46824e-11	-2.498e-05
6.47748e-11	-2.53239e-05
6.48672e-11	-2.56684e-05
6.49597e-11	-2.60137e-05
6.50521e-11	-2.63597e-05
6.51445e-11	-2.67064e-05
6.52369e-11	-2.70537e-05
6.53293e-11	-2.74018e-05
6.54217e-11	-2.77505e-05
6.55141e-11	-2.81e-05
6.56065e-11	-2.84502e-05
6.56989e-11	-2.8801e-05
6.57913e-11	-2.91526e-05
6.58837e-11	-2.95049e-05
6.59761e-11	-2.98578e-05
6.60685e-11	-3.02115e-05
6.61609e-11	-3.05659e-05
6.62533e-11	-3.0921e-05
6.63457e-11	-3.12768e-05
6.64381e-11	-3.16333e-05
6.65305e-11	-3.19905e-05
6.66229e-11	-3.23484e-05
6.67153e-11	-3.2707e-05
6.68077e-11	-3.30663e-05
6.69001e-11	-3.34264e-05
6.69925e-11	-3.37871e-05
6.70849e-11	-3.41486e-05
6.71773e-11	-3.45107e-05
6.72697e-11	-3.48736e-05
6.73621e-11	-3.52372e-05
6.74545e-11	-3.56015e-05
6.7547e-11	-3.59665e-05
6.76394e-11	-3.63322e-05
6.77318e-11	-3.66987e-05
6.78242e-11	-3.70658e-05
6.79166e-11	-3.74337e-05
6.8009e-11	-3.78023e-05
6.81014e-11	-3.81716e-05
6.81938e-11	-3.85416e-05
6.82862e-11	-3.89123e-05
6.83786e-11	-3.92838e-05
6.8471e-11	-3.96559e-05
6.85634e-11	-4.00288e-05
6.86558e-11	-4.04024e-05
6.87482e-11	-4.07768e-05
6.88406e-11	-4.11518e-05
6.8933e-11	-4.15276e-05
6.90254e-11	-4.19041e-05
6.91178e-11	-4.22813e-05
6.92102e-11	-4.26592e-05
6.93026e-11	-4.30379e-05
6.9395e-11	-4.34173e-05
6.94874e-11	-4.37974e-05
6.95798e-11	-4.41782e-05
6.96722e-11	-4.45598e-05
6.97646e-11	-4.4942e-05
6.9857e-11	-4.53251e-05
6.99494e-11	-4.57088e-05
7.00418e-11	-4.60933e-05
7.01342e-11	-4.64784e-05
7.02267e-11	-4.68644e-05
7.03191e-11	-4.7251e-05
7.04115e-11	-4.76384e-05
7.05039e-11	-4.80265e-05
7.05963e-11	-4.84154e-05
7.06887e-11	-4.88049e-05
7.07811e-11	-4.91952e-05
7.08735e-11	-4.95863e-05
7.09659e-11	-4.9978e-05
7.10583e-11	-5.03706e-05
7.11507e-11	-5.07638e-05
7.12431e-11	-5.11578e-05
7.13355e-11	-5.15525e-05
7.14279e-11	-5.19479e-05
7.15203e-11	-5.23441e-05
7.16127e-11	-5.2741e-05
7.17051e-11	-5.31387e-05
7.17975e-11	-5.35371e-05
7.18899e-11	-5.39362e-05
7.19823e-11	-5.43361e-05
7.20747e-11	-5.47367e-05
7.21671e-11	-5.5138e-05
7.22595e-11	-5.55401e-05
7.23519e-11	-5.59429e-05
7.24443e-11	-5.63465e-05
7.25367e-11	-5.67508e-05
7.26291e-11	-5.71559e-05
7.27215e-11	-5.75617e-05
7.28139e-11	-5.79682e-05
7.29064e-11	-5.83755e-05
7.29988e-11	-5.87835e-05
7.30912e-11	-5.91923e-05
7.31836e-11	-5.96018e-05
7.3276e-11	-6.00121e-05
7.33684e-11	-6.04231e-05
7.34608e-11	-6.08349e-05
7.35532e-11	-6.12474e-05
7.36456e-11	-6.16606e-05
7.3738e-11	-6.20747e-05
7.38304e-11	-6.24894e-05
7.39228e-11	-6.29049e-05
7.40152e-11	-6.33212e-05
7.41076e-11	-6.37382e-05
7.42e-11	-6.41559e-05
7.42924e-11	-6.45744e-05
7.43848e-11	-6.49937e-05
7.44772e-11	-6.54137e-05
7.45696e-11	-6.58345e-05
7.4662e-11	-6.6256e-05
7.47544e-11	-6.66783e-05
7.48468e-11	-6.71013e-05
7.49392e-11	-6.75251e-05
7.50316e-11	-6.79496e-05
7.5124e-11	-6.83749e-05
7.52164e-11	-6.8801e-05
7.53088e-11	-6.92278e-05
7.54012e-11	-6.96554e-05
7.54937e-11	-7.00837e-05
7.55861e-11	-7.05128e-05
7.56785e-11	-7.09426e-05
7.57709e-11	-7.13732e-05
7.58633e-11	-7.18046e-05
7.59557e-11	-7.22367e-05
7.60481e-11	-7.26696e-05
7.61405e-11	-7.31032e-05
7.62329e-11	-7.35376e-05
7.63253e-11	-7.39728e-05
7.64177e-11	-7.44087e-05
7.65101e-11	-7.48454e-05
7.66025e-11	-7.52829e-05
7.66949e-11	-7.57211e-05
7.67873e-11	-7.61601e-05
7.68797e-11	-7.65999e-05
7.69721e-11	-7.70404e-05
7.70645e-11	-7.74817e-05
7.71569e-11	-7.79237e-05
7.72493e-11	-7.83666e-05
7.73417e-11	-7.88101e-05
7.74341e-11	-7.92545e-05
7.75265e-11	-7.96996e-05
7.76189e-11	-8.01455e-05
7.77113e-11	-8.05922e-05
7.78037e-11	-8.10396e-05
7.78961e-11	-8.14878e-05
7.79885e-11	-8.19368e-05
7.80809e-11	-8.23865e-05
7.81734e-11	-8.28371e-05
7.82658e-11	-8.32884e-05
7.83582e-11	-8.37404e-05
7.84506e-11	-8.41932e-05
7.8543e-11	-8.46469e-05
7.86354e-11	-8.51012e-05
7.87278e-11	-8.55564e-05
7.88202e-11	-8.60123e-05
7.89126e-11	-8.6469e-05
7.9005e-11	-8.69265e-05
7.90974e-11	-8.73848e-05
7.91898e-11	-8.78438e-05
7.92822e-11	-8.83036e-05
7.93746e-11	-8.87642e-05
7.9467e-11	-8.92256e-05
7.95594e-11	-8.96878e-05
7.96518e-11	-9.01507e-05
7.97442e-11	-9.06144e-05
7.98366e-11	-9.10789e-05
7.9929e-11	-9.15442e-05
8.00214e-11	-9.20102e-05
8.01138e-11	-9.2477e-05
8.02062e-11	-9.29446e-05
8.02986e-11	-9.3413e-05
8.0391e-11	-9.38822e-05
8.04834e-11	-9.43522e-05
8.05758e-11	-9.48229e-05
8.06682e-11	-9.52944e-05
8.07606e-11	-9.57668e-05
8.08531e-11	-9.62399e-05
8.09455e-11	-9.67137e-05
8.10379e-11	-9.71884e-05
8.11303e-11	-9.76639e-05
8.12227e-11	-9.81401e-05
8.13151e-11	-9.86171e-05
8.14075e-11	-9.90949e-05
8.14999e-11	-9.95735e-05
8.15923e-11	-0.000100053
8.16847e-11	-0.000100533
8.17771e-11	-0.000101014
8.18695e-11	-0.000101496
8.19619e-11	-0.000101978
8.20543e-11	-0.000102462
8.21467e-11	-0.000102946
8.22391e-11	-0.000103431
8.23315e-11	-0.000103916
8.24239e-11	-0.000104403
8.25163e-11	-0.00010489
8.26087e-11	-0.000105378
8.27011e-11	-0.000105867
8.27935e-11	-0.000106357
8.28859e-11	-0.000106847
8.29783e-11	-0.000107339
8.30707e-11	-0.000107831
8.31631e-11	-0.000108323
8.32555e-11	-0.000108817
8.33479e-11	-0.000109312
8.34404e-11	-0.000109807
8.35328e-11	-0.000110303
8.36252e-11	-0.0001108
8.37176e-11	-0.000111297
8.381e-11	-0.000111796
8.39024e-11	-0.000112295
8.39948e-11	-0.000112795
8.40872e-11	-0.000113296
8.41796e-11	-0.000113797
8.4272e-11	-0.0001143
8.43644e-11	-0.000114803
8.44568e-11	-0.000115307
8.45492e-11	-0.000115812
8.46416e-11	-0.000116317
8.4734e-11	-0.000116824
8.48264e-11	-0.000117331
8.49188e-11	-0.000117839
8.50112e-11	-0.000118348
8.51036e-11	-0.000118857
8.5196e-11	-0.000119368
8.52884e-11	-0.000119879
8.53808e-11	-0.000120391
8.54732e-11	-0.000120904
8.55656e-11	-0.000121418
8.5658e-11	-0.000121932
8.57504e-11	-0.000122447
8.58428e-11	-0.000122963
8.59352e-11	-0.00012348
8.60276e-11	-0.000123998
8.61201e-11	-0.000124516
8.62125e-11	-0.000125036
8.63049e-11	-0.000125556
8.63973e-11	-0.000126077
8.64897e-11	-0.000126598
8.65821e-11	-0.000127121
8.66745e-11	-0.000127644
8.67669e-11	-0.000128168
8.68593e-11	-0.000128693
8.69517e-11	-0.000129219
8.70441e-11	-0.000129746
8.71365e-11	-0.000130273
8.72289e-11	-0.000130801
8.73213e-11	-0.00013133
8.74137e-11	-0.00013186
8.75061e-11	-0.000132391
8.75985e-11	-0.000132922
8.76909e-11	-0.000133454
8.77833e-11	-0.000133987
8.78757e-11	-0.000134521
8.79681e-11	-0.000135056
8.80605e-11	-0.000135591
8.81529e-11	-0.000136128
8.82453e-11	-0.000136665
8.83377e-11	-0.000137203
8.84301e-11	-0.000137742
8.85225e-11	-0.000138281
8.86149e-11	-0.000138822
8.87073e-11	-0.000139363
8.87998e-11	-0.000139905
8.88922e-11	-0.000140448
8.89846e-11	-0.000140991
8.9077e-11	-0.000141536
8.91694e-11	-0.000142081
8.92618e-11	-0.000142627
8.93542e-11	-0.000143174
8.94466e-11	-0.000143722
8.9539e-11	-0.00014427
8.96314e-11	-0.00014482
8.97238e-11	-0.00014537
8.98162e-11	-0.000145921
8.99086e-11	-0.000146473
9.0001e-11	-0.000147025
9.00934e-11	-0.000147579
9.01858e-11	-0.000148133
9.02782e-11	-0.000148688
9.03706e-11	-0.000149244
9.0463e-11	-0.000149801
9.05554e-11	-0.000150359
9.06478e-11	-0.000150917
9.07402e-11	-0.000151476
9.08326e-11	-0.000152036
9.0925e-11	-0.000152597
9.10174e-11	-0.000153159
9.11098e-11	-0.000153721
9.12022e-11	-0.000154285
9.12946e-11	-0.000154849
9.13871e-11	-0.000155414
9.14795e-11	-0.00015598
9.15719e-11	-0.000156546
9.16643e-11	-0.000157114
9.17567e-11	-0.000157682
9.18491e-11	-0.000158251
9.19415e-11	-0.000158821
9.20339e-11	-0.000159392
9.21263e-11	-0.000159964
9.22187e-11	-0.000160536
9.23111e-11	-0.000161109
9.24035e-11	-0.000161683
9.24959e-11	-0.000162258
9.25883e-11	-0.000162834
9.26807e-11	-0.00016341
9.27731e-11	-0.000163988
9.28655e-11	-0.000164566
9.29579e-11	-0.000165145
9.30503e-11	-0.000165725
9.31427e-11	-0.000166306
9.32351e-11	-0.000166887
9.33275e-11	-0.00016747
9.34199e-11	-0.000168053
9.35123e-11	-0.000168637
9.36047e-11	-0.000169222
9.36971e-11	-0.000169807
9.37895e-11	-0.000170394
9.38819e-11	-0.000170981
9.39743e-11	-0.000171569
9.40668e-11	-0.000172158
9.41592e-11	-0.000172748
9.42516e-11	-0.000173339
9.4344e-11	-0.00017393
9.44364e-11	-0.000174523
9.45288e-11	-0.000175116
9.46212e-11	-0.00017571
9.47136e-11	-0.000176305
9.4806e-11	-0.0001769
9.48984e-11	-0.000177497
9.49908e-11	-0.000178094
9.50832e-11	-0.000178692
9.51756e-11	-0.000179291
9.5268e-11	-0.000179891
9.53604e-11	-0.000180492
9.54528e-11	-0.000181093
9.55452e-11	-0.000181696
9.56376e-11	-0.000182299
9.573e-11	-0.000182903
9.58224e-11	-0.000183508
9.59148e-11	-0.000184113
9.60072e-11	-0.00018472
9.60996e-11	-0.000185327
9.6192e-11	-0.000185935
9.62844e-11	-0.000186544
9.63768e-11	-0.000187154
9.64692e-11	-0.000187765
9.65616e-11	-0.000188376
9.6654e-11	-0.000188989
9.67465e-11	-0.000189602
9.68389e-11	-0.000190216
9.69313e-11	-0.000190831
9.70237e-11	-0.000191446
9.71161e-11	-0.000192063
9.72085e-11	-0.00019268
9.73009e-11	-0.000193298
9.73933e-11	-0.000193917
9.74857e-11	-0.000194537
9.75781e-11	-0.000195158
9.76705e-11	-0.00019578
9.77629e-11	-0.000196402
9.78553e-11	-0.000197025
9.79477e-11	-0.000197649
9.80401e-11	-0.000198274
9.81325e-11	-0.0001989
9.82249e-11	-0.000199527
9.83173e-11	-0.000200154
9.84097e-11	-0.000200782
9.85021e-11	-0.000201411
9.85945e-11	-0.000202041
9.86869e-11	-0.000202672
9.87793e-11	-0.000203304
9.88717e-11	-0.000203936
9.89641e-11	-0.00020457
9.90565e-11	-0.000205204
9.91489e-11	-0.000205839
9.92413e-11	-0.000206474
9.93338e-11	-0.000207111
9.94262e-11	-0.000207749
9.95186e-11	-0.000208387
9.9611e-11	-0.000209026
9.97034e-11	-0.000209666
9.97958e-11	-0.000210307
9.98882e-11	-0.000210949
9.99806e-11	-0.000211591
1.00073e-10	-0.000212235
1.00165e-10	-0.000212879
1.00258e-10	-0.000213524
1.0035e-10	-0.00021417
1.00443e-10	-0.000214817
1.00535e-10	-0.000215464
1.00627e-10	-0.000216113
1.0072e-10	-0.000216762
1.00812e-10	-0.000217412
1.00905e-10	-0.000218063
1.00997e-10	-0.000218715
1.01089e-10	-0.000219368
1.01182e-10	-0.000220021
1.01274e-10	-0.000220675
1.01367e-10	-0.000221331
1.01459e-10	-0.000221987
1.01551e-10	-0.000222643
1.01644e-10	-0.000223301
1.01736e-10	-0.00022396
1.01829e-10	-0.000224619
1.01921e-10	-0.000225279
1.02013e-10	-0.00022594
1.02106e-10	-0.000226602
1.02198e-10	-0.000227265
1.02291e-10	-0.000227929
1.02383e-10	-0.000228593
1.02475e-10	-0.000229258
1.02568e-10	-0.000229924
1.0266e-10	-0.000230591
1.02753e-10	-0.000231259
1.02845e-10	-0.000231928
1.02937e-10	-0.000232597
1.0303e-10	-0.000233268
1.03122e-10	-0.000233939
1.03215e-10	-0.000234611
1.03307e-10	-0.000235284
1.034e-10	-0.000235957
1.03492e-10	-0.000236632
1.03584e-10	-0.000237307
1.03677e-10	-0.000237984
1.03769e-10	-0.000238661
1.03862e-10	-0.000239339
1.03954e-10	-0.000240017
1.04046e-10	-0.000240697
1.04139e-10	-0.000241377
1.04231e-10	-0.000242059
1.04324e-10	-0.000242741
1.04416e-10	-0.000243424
1.04508e-10	-0.000244108
1.04601e-10	-0.000244792
1.04693e-10	-0.000245478
1.04786e-10	-0.000246164
1.04878e-10	-0.000246851
1.0497e-10	-0.000247539
1.05063e-10	-0.000248228
1.05155e-10	-0.000248918
1.05248e-10	-0.000249609
1.0534e-10	-0.0002503
1.05432e-10	-0.000250992
1.05525e-10	-0.000251685
1.05617e-10	-0.000252379
1.0571e-10	-0.000253074
1.05802e-10	-0.00025377
1.05894e-10	-0.000254466
1.05987e-10	-0.000255163
1.06079e-10	-0.000255862
1.06172e-10	-0.000256561
1.06264e-10	-0.00025726
1.06356e-10	-0.000257961
1.06449e-10	-0.000258663
1.06541e-10	-0.000259365
1.06634e-10	-0.000260068
1.06726e-10	-0.000260772
1.06818e-10	-0.000261477
1.06911e-10	-0.000262183
1.07003e-10	-0.000262889
1.07096e-10	-0.000263597
1.07188e-10	-0.000264305
1.0728e-10	-0.000265014
1.07373e-10	-0.000265724
1.07465e-10	-0.000266435
1.07558e-10	-0.000267146
1.0765e-10	-0.000267859
1.07742e-10	-0.000268572
1.07835e-10	-0.000269286
1.07927e-10	-0.000270001
1.0802e-10	-0.000270717
1.08112e-10	-0.000271434
1.08204e-10	-0.000272151
1.08297e-10	-0.00027287
1.08389e-10	-0.000273589
1.08482e-10	-0.000274309
1.08574e-10	-0.00027503
1.08667e-10	-0.000275751
1.08759e-10	-0.000276474
1.08851e-10	-0.000277197
1.08944e-10	-0.000277921
1.09036e-10	-0.000278647
1.09129e-10	-0.000279372
1.09221e-10	-0.000280099
1.09313e-10	-0.000280827
1.09406e-10	-0.000281555
1.09498e-10	-0.000282284
1.09591e-10	-0.000283014
1.09683e-10	-0.000283745
1.09775e-10	-0.000284477
1.09868e-10	-0.00028521
1.0996e-10	-0.000285943
1.10053e-10	-0.000286678
1.10145e-10	-0.000287413
1.10237e-10	-0.000288149
1.1033e-10	-0.000288885
1.10422e-10	-0.000289623
1.10515e-10	-0.000290362
1.10607e-10	-0.000291101
1.10699e-10	-0.000291841
1.10792e-10	-0.000292582
1.10884e-10	-0.000293324
1.10977e-10	-0.000294066
1.11069e-10	-0.00029481
1.11161e-10	-0.000295554
1.11254e-10	-0.000296299
1.11346e-10	-0.000297045
1.11439e-10	-0.000297792
1.11531e-10	-0.00029854
1.11623e-10	-0.000299288
1.11716e-10	-0.000300038
1.11808e-10	-0.000300788
1.11901e-10	-0.000301539
1.11993e-10	-0.000302291
1.12085e-10	-0.000303043
1.12178e-10	-0.000303797
1.1227e-10	-0.000304551
1.12363e-10	-0.000305306
1.12455e-10	-0.000306062
1.12547e-10	-0.000306819
1.1264e-10	-0.000307577
1.12732e-10	-0.000308335
1.12825e-10	-0.000309095
1.12917e-10	-0.000309855
1.13009e-10	-0.000310616
1.13102e-10	-0.000311378
1.13194e-10	-0.00031214
1.13287e-10	-0.000312904
1.13379e-10	-0.000313668
1.13471e-10	-0.000314433
1.13564e-10	-0.000315199
1.13656e-10	-0.000315966
1.13749e-10	-0.000316734
1.13841e-10	-0.000317502
1.13934e-10	-0.000318272
1.14026e-10	-0.000319042
1.14118e-10	-0.000319813
1.14211e-10	-0.000320584
1.14303e-10	-0.000321357
1.14396e-10	-0.000322131
1.14488e-10	-0.000322905
1.1458e-10	-0.00032368
1.14673e-10	-0.000324456
1.14765e-10	-0.000325233
1.14858e-10	-0.00032601
1.1495e-10	-0.000326789
1.15042e-10	-0.000327568
1.15135e-10	-0.000328348
1.15227e-10	-0.000329129
1.1532e-10	-0.00032991
1.15412e-10	-0.000330693
1.15504e-10	-0.000331476
1.15597e-10	-0.00033226
1.15689e-10	-0.000333045
1.15782e-10	-0.000333831
1.15874e-10	-0.000334618
1.15966e-10	-0.000335405
1.16059e-10	-0.000336194
1.16151e-10	-0.000336983
1.16244e-10	-0.000337773
1.16336e-10	-0.000338564
1.16428e-10	-0.000339355
1.16521e-10	-0.000340147
1.16613e-10	-0.000340941
1.16706e-10	-0.000341735
1.16798e-10	-0.00034253
1.1689e-10	-0.000343325
1.16983e-10	-0.000344122
1.17075e-10	-0.000344919
1.17168e-10	-0.000345717
1.1726e-10	-0.000346516
1.17352e-10	-0.000347316
1.17445e-10	-0.000348117
1.17537e-10	-0.000348918
1.1763e-10	-0.00034972
1.17722e-10	-0.000350523
1.17814e-10	-0.000351327
1.17907e-10	-0.000352132
1.17999e-10	-0.000352937
1.18092e-10	-0.000353743
1.18184e-10	-0.000354551
1.18276e-10	-0.000355358
1.18369e-10	-0.000356167
1.18461e-10	-0.000356977
1.18554e-10	-0.000357787
1.18646e-10	-0.000358598
1.18738e-10	-0.00035941
1.18831e-10	-0.000360223
1.18923e-10	-0.000361037
1.19016e-10	-0.000361851
1.19108e-10	-0.000362666
1.19201e-10	-0.000363482
1.19293e-10	-0.000364299
1.19385e-10	-0.000365117
1.19478e-10	-0.000365935
1.1957e-10	-0.000366755
1.19663e-10	-0.000367575
1.19755e-10	-0.000368395
1.19847e-10	-0.000369217
1.1994e-10	-0.00037004
1.20032e-10	-0.000370863
1.20125e-10	-0.000371687
1.20217e-10	-0.000372512
1.20309e-10	-0.000373338
1.20402e-10	-0.000374164
1.20494e-10	-0.000374992
1.20587e-10	-0.00037582
1.20679e-10	-0.000376649
1.20771e-10	-0.000377478
1.20864e-10	-0.000378309
1.20956e-10	-0.00037914
1.21049e-10	-0.000379972
1.21141e-10	-0.000380805
1.21233e-10	-0.000381639
1.21326e-10	-0.000382473
1.21418e-10	-0.000383309
1.21511e-10	-0.000384145
1.21603e-10	-0.000384982
1.21695e-10	-0.00038582
1.21788e-10	-0.000386658
1.2188e-10	-0.000387497
1.21973e-10	-0.000388337
1.22065e-10	-0.000389178
1.22157e-10	-0.00039002
1.2225e-10	-0.000390863
1.22342e-10	-0.000391706
1.22435e-10	-0.00039255
1.22527e-10	-0.000393395
1.22619e-10	-0.00039424
1.22712e-10	-0.000395087
1.22804e-10	-0.000395934
1.22897e-10	-0.000396782
1.22989e-10	-0.000397631
1.23081e-10	-0.000398481
1.23174e-10	-0.000399331
1.23266e-10	-0.000400182
1.23359e-10	-0.000401034
1.23451e-10	-0.000401887
1.23543e-10	-0.00040274
1.23636e-10	-0.000403595
1.23728e-10	-0.00040445
1.23821e-10	-0.000405306
1.23913e-10	-0.000406162
1.24005e-10	-0.00040702
1.24098e-10	-0.000407878
1.2419e-10	-0.000408737
1.24283e-10	-0.000409597
1.24375e-10	-0.000410458
1.24467e-10	-0.000411319
1.2456e-10	-0.000412181
1.24652e-10	-0.000413044
1.24745e-10	-0.000413908
1.24837e-10	-0.000414772
1.2493e-10	-0.000415637
1.25022e-10	-0.000416504
1.25114e-10	-0.00041737
1.25207e-10	-0.000418238
1.25299e-10	-0.000419106
1.25392e-10	-0.000419975
1.25484e-10	-0.000420845
1.25576e-10	-0.000421716
1.25669e-10	-0.000422588
1.25761e-10	-0.00042346
1.25854e-10	-0.000424333
1.25946e-10	-0.000425206
1.26038e-10	-0.000426081
1.26131e-10	-0.000426956
1.26223e-10	-0.000427832
1.26316e-10	-0.000428709
1.26408e-10	-0.000429587
1.265e-10	-0.000430465
1.26593e-10	-0.000431344
1.26685e-10	-0.000432224
1.26778e-10	-0.000433105
1.2687e-10	-0.000433986
1.26962e-10	-0.000434869
1.27055e-10	-0.000435752
1.27147e-10	-0.000436635
1.2724e-10	-0.00043752
1.27332e-10	-0.000438405
1.27424e-10	-0.000439291
1.27517e-10	-0.000440178
1.27609e-10	-0.000441065
1.27702e-10	-0.000441954
1.27794e-10	-0.000442843
1.27886e-10	-0.000443732
1.27979e-10	-0.000444623
1.28071e-10	-0.000445514
1.28164e-10	-0.000446406
1.28256e-10	-0.000447299
1.28348e-10	-0.000448193
1.28441e-10	-0.000449087
1.28533e-10	-0.000449982
1.28626e-10	-0.000450878
1.28718e-10	-0.000451774
1.2881e-10	-0.000452672
1.28903e-10	-0.00045357
1.28995e-10	-0.000454469
1.29088e-10	-0.000455368
1.2918e-10	-0.000456268
1.29272e-10	-0.000457169
1.29365e-10	-0.000458071
1.29457e-10	-0.000458974
1.2955e-10	-0.000459877
1.29642e-10	-0.000460781
1.29734e-10	-0.000461686
1.29827e-10	-0.000462591
1.29919e-10	-0.000463497
1.30012e-10	-0.000464404
1.30104e-10	-0.000465312
1.30197e-10	-0.00046622
1.30289e-10	-0.00046713
1.30381e-10	-0.00046804
1.30474e-10	-0.00046895
1.30566e-10	-0.000469862
1.30659e-10	-0.000470774
1.30751e-10	-0.000471686
1.30843e-10	-0.0004726
1.30936e-10	-0.000473514
1.31028e-10	-0.000474429
1.31121e-10	-0.000475345
1.31213e-10	-0.000476262
1.31305e-10	-0.000477179
1.31398e-10	-0.000478097
1.3149e-10	-0.000479015
1.31583e-10	-0.000479935
1.31675e-10	-0.000480855
1.31767e-10	-0.000481776
1.3186e-10	-0.000482697
1.31952e-10	-0.00048362
1.32045e-10	-0.000484542
1.32137e-10	-0.000485466
1.32229e-10	-0.000486391
1.32322e-10	-0.000487316
1.32414e-10	-0.000488242
1.32507e-10	-0.000489168
1.32599e-10	-0.000490095
1.32691e-10	-0.000491023
1.32784e-10	-0.000491952
1.32876e-10	-0.000492882
1.32969e-10	-0.000493812
1.33061e-10	-0.000494743
1.33153e-10	-0.000495674
1.33246e-10	-0.000496606
1.33338e-10	-0.000497539
1.33431e-10	-0.000498473
1.33523e-10	-0.000499407
1.33615e-10	-0.000500342
1.33708e-10	-0.000501278
1.338e-10	-0.000502215
1.33893e-10	-0.000503152
1.33985e-10	-0.00050409
1.34077e-10	-0.000505028
1.3417e-10	-0.000505968
1.34262e-10	-0.000506908
1.34355e-10	-0.000507848
1.34447e-10	-0.00050879
1.34539e-10	-0.000509732
1.34632e-10	-0.000510675
1.34724e-10	-0.000511618
1.34817e-10	-0.000512562
1.34909e-10	-0.000513507
1.35001e-10	-0.000514453
1.35094e-10	-0.000515399
1.35186e-10	-0.000516346
1.35279e-10	-0.000517293
1.35371e-10	-0.000518241
1.35464e-10	-0.00051919
1.35556e-10	-0.00052014
1.35648e-10	-0.00052109
1.35741e-10	-0.000522041
1.35833e-10	-0.000522993
1.35926e-10	-0.000523945
1.36018e-10	-0.000524898
1.3611e-10	-0.000525852
1.36203e-10	-0.000526807
1.36295e-10	-0.000527762
1.36388e-10	-0.000528717
1.3648e-10	-0.000529674
1.36572e-10	-0.000530631
1.36665e-10	-0.000531589
1.36757e-10	-0.000532547
1.3685e-10	-0.000533506
1.36942e-10	-0.000534466
1.37034e-10	-0.000535426
1.37127e-10	-0.000536387
1.37219e-10	-0.000537349
1.37312e-10	-0.000538312
1.37404e-10	-0.000539275
1.37496e-10	-0.000540238
1.37589e-10	-0.000541203
1.37681e-10	-0.000542168
1.37774e-10	-0.000543134
1.37866e-10	-0.0005441
1.37958e-10	-0.000545067
1.38051e-10	-0.000546035
1.38143e-10	-0.000547003
1.38236e-10	-0.000547972
1.38328e-10	-0.000548942
1.3842e-10	-0.000549912
1.38513e-10	-0.000550883
1.38605e-10	-0.000551855
1.38698e-10	-0.000552827
1.3879e-10	-0.0005538
1.38882e-10	-0.000554773
1.38975e-10	-0.000555747
1.39067e-10	-0.000556722
1.3916e-10	-0.000557698
1.39252e-10	-0.000558674
1.39344e-10	-0.00055965
1.39437e-10	-0.000560628
1.39529e-10	-0.000561606
1.39622e-10	-0.000562584
1.39714e-10	-0.000563564
1.39806e-10	-0.000564544
1.39899e-10	-0.000565524
1.39991e-10	-0.000566505
1.40084e-10	-0.000567487
1.40176e-10	-0.000568469
1.40268e-10	-0.000569452
1.40361e-10	-0.000570436
1.40453e-10	-0.00057142
1.40546e-10	-0.000572405
1.40638e-10	-0.000573391
1.40731e-10	-0.000574377
1.40823e-10	-0.000575364
1.40915e-10	-0.000576351
1.41008e-10	-0.000577339
1.411e-10	-0.000578328
1.41193e-10	-0.000579317
1.41285e-10	-0.000580307
1.41377e-10	-0.000581297
1.4147e-10	-0.000582288
1.41562e-10	-0.00058328
1.41655e-10	-0.000584272
1.41747e-10	-0.000585265
1.41839e-10	-0.000586259
1.41932e-10	-0.000587253
1.42024e-10	-0.000588248
1.42117e-10	-0.000589243
1.42209e-10	-0.000590239
1.42301e-10	-0.000591235
1.42394e-10	-0.000592232
1.42486e-10	-0.00059323
1.42579e-10	-0.000594228
1.42671e-10	-0.000595227
1.42763e-10	-0.000596227
1.42856e-10	-0.000597227
1.42948e-10	-0.000598227
1.43041e-10	-0.000599229
1.43133e-10	-0.00060023
1.43225e-10	-0.000601233
1.43318e-10	-0.000602236
1.4341e-10	-0.000603239
1.43503e-10	-0.000604243
1.43595e-10	-0.000605248
1.43687e-10	-0.000606254
1.4378e-10	-0.000607259
1.43872e-10	-0.000608266
1.43965e-10	-0.000609273
1.44057e-10	-0.000610281
1.44149e-10	-0.000611289
1.44242e-10	-0.000612297
1.44334e-10	-0.000613307
1.44427e-10	-0.000614317
1.44519e-10	-0.000615327
1.44611e-10	-0.000616338
1.44704e-10	-0.00061735
1.44796e-10	-0.000618362
1.44889e-10	-0.000619375
1.44981e-10	-0.000620388
1.45073e-10	-0.000621402
1.45166e-10	-0.000622416
1.45258e-10	-0.000623431
1.45351e-10	-0.000624446
1.45443e-10	-0.000625462
1.45535e-10	-0.000626479
1.45628e-10	-0.000627496
1.4572e-10	-0.000628514
1.45813e-10	-0.000629532
1.45905e-10	-0.000630551
1.45998e-10	-0.00063157
1.4609e-10	-0.00063259
1.46182e-10	-0.00063361
1.46275e-10	-0.000634631
1.46367e-10	-0.000635653
1.4646e-10	-0.000636675
1.46552e-10	-0.000637697
1.46644e-10	-0.00063872
1.46737e-10	-0.000639744
1.46829e-10	-0.000640768
1.46922e-10	-0.000641792
1.47014e-10	-0.000642818
1.47106e-10	-0.000643843
1.47199e-10	-0.00064487
1.47291e-10	-0.000645896
1.47384e-10	-0.000646923
1.47476e-10	-0.000647951
1.47568e-10	-0.00064898
1.47661e-10	-0.000650008
1.47753e-10	-0.000651038
1.47846e-10	-0.000652067
1.47938e-10	-0.000653098
1.4803e-10	-0.000654129
1.48123e-10	-0.00065516
1.48215e-10	-0.000656192
1.48308e-10	-0.000657224
1.484e-10	-0.000658257
1.48492e-10	-0.00065929
1.48585e-10	-0.000660324
1.48677e-10	-0.000661359
1.4877e-10	-0.000662394
1.48862e-10	-0.000663429
1.48954e-10	-0.000664465
1.49047e-10	-0.000665501
1.49139e-10	-0.000666538
1.49232e-10	-0.000667575
1.49324e-10	-0.000668613
1.49416e-10	-0.000669651
1.49509e-10	-0.00067069
1.49601e-10	-0.000671729
1.49694e-10	-0.000672769
1.49786e-10	-0.000673809
1.49878e-10	-0.00067485
1.49971e-10	-0.000675891
1.50063e-10	-0.000676933
1.50156e-10	-0.000677975
1.50248e-10	-0.000679017
1.5034e-10	-0.00068006
1.50433e-10	-0.000681104
1.50525e-10	-0.000682148
1.50618e-10	-0.000683192
1.5071e-10	-0.000684237
1.50802e-10	-0.000685282
1.50895e-10	-0.000686328
1.50987e-10	-0.000687375
1.5108e-10	-0.000688421
1.51172e-10	-0.000689468
1.51265e-10	-0.000690516
1.51357e-10	-0.000691564
1.51449e-10	-0.000692613
1.51542e-10	-0.000693662
1.51634e-10	-0.000694711
1.51727e-10	-0.000695761
1.51819e-10	-0.000696811
1.51911e-10	-0.000697862
1.52004e-10	-0.000698913
1.52096e-10	-0.000699965
1.52189e-10	-0.000701017
1.52281e-10	-0.000702069
1.52373e-10	-0.000703122
1.52466e-10	-0.000704175
1.52558e-10	-0.000705229
1.52651e-10	-0.000706283
1.52743e-10	-0.000707338
1.52835e-10	-0.000708393
1.52928e-10	-0.000709448
1.5302e-10	-0.000710504
1.53113e-10	-0.00071156
1.53205e-10	-0.000712617
1.53297e-10	-0.000713674
1.5339e-10	-0.000714732
1.53482e-10	-0.00071579
1.53575e-10	-0.000716848
1.53667e-10	-0.000717907
1.53759e-10	-0.000718966
1.53852e-10	-0.000720025
1.53944e-10	-0.000721085
1.54037e-10	-0.000722145
1.54129e-10	-0.000723206
1.54221e-10	-0.000724267
1.54314e-10	-0.000725329
1.54406e-10	-0.000726391
1.54499e-10	-0.000727453
1.54591e-10	-0.000728515
1.54683e-10	-0.000729578
1.54776e-10	-0.000730642
1.54868e-10	-0.000731706
1.54961e-10	-0.00073277
1.55053e-10	-0.000733834
1.55145e-10	-0.000734899
1.55238e-10	-0.000735965
1.5533e-10	-0.00073703
1.55423e-10	-0.000738096
1.55515e-10	-0.000739163
1.55607e-10	-0.000740229
1.557e-10	-0.000741297
1.55792e-10	-0.000742364
1.55885e-10	-0.000743432
1.55977e-10	-0.0007445
1.56069e-10	-0.000745569
1.56162e-10	-0.000746638
1.56254e-10	-0.000747707
1.56347e-10	-0.000748776
1.56439e-10	-0.000749846
1.56532e-10	-0.000750917
1.56624e-10	-0.000751987
1.56716e-10	-0.000753058
1.56809e-10	-0.00075413
1.56901e-10	-0.000755201
1.56994e-10	-0.000756273
1.57086e-10	-0.000757346
1.57178e-10	-0.000758418
1.57271e-10	-0.000759491
1.57363e-10	-0.000760564
1.57456e-10	-0.000761638
1.57548e-10	-0.000762712
1.5764e-10	-0.000763786
1.57733e-10	-0.000764861
1.57825e-10	-0.000765936
1.57918e-10	-0.000767011
1.5801e-10	-0.000768087
1.58102e-10	-0.000769162
1.58195e-10	-0.000770239
1.58287e-10	-0.000771315
1.5838e-10	-0.000772392
1.58472e-10	-0.000773469
1.58564e-10	-0.000774546
1.58657e-10	-0.000775624
1.58749e-10	-0.000776702
1.58842e-10	-0.00077778
1.58934e-10	-0.000778858
1.59026e-10	-0.000779937
1.59119e-10	-0.000781016
1.59211e-10	-0.000782096
1.59304e-10	-0.000783175
1.59396e-10	-0.000784255
1.59488e-10	-0.000785336
1.59581e-10	-0.000786416
1.59673e-10	-0.000787497
1.59766e-10	-0.000788578
1.59858e-10	-0.000789659
1.5995e-10	-0.000790741
1.60043e-10	-0.000791823
1.60135e-10	-0.000792905
1.60228e-10	-0.000793987
1.6032e-10	-0.00079507
1.60412e-10	-0.000796153
1.60505e-10	-0.000797236
1.60597e-10	-0.000798319
1.6069e-10	-0.000799403
1.60782e-10	-0.000800487
1.60874e-10	-0.000801571
1.60967e-10	-0.000802655
1.61059e-10	-0.00080374
1.61152e-10	-0.000804825
1.61244e-10	-0.00080591
1.61336e-10	-0.000806995
1.61429e-10	-0.000808081
1.61521e-10	-0.000809167
1.61614e-10	-0.000810253
1.61706e-10	-0.000811339
1.61799e-10	-0.000812425
1.61891e-10	-0.000813512
1.61983e-10	-0.000814599
1.62076e-10	-0.000815686
1.62168e-10	-0.000816773
1.62261e-10	-0.000817861
1.62353e-10	-0.000818949
1.62445e-10	-0.000820037
1.62538e-10	-0.000821125
1.6263e-10	-0.000822213
1.62723e-10	-0.000823302
1.62815e-10	-0.00082439
1.62907e-10	-0.000825479
1.63e-10	-0.000826568
1.63092e-10	-0.000827658
1.63185e-10	-0.000828747
1.63277e-10	-0.000829837
1.63369e-10	-0.000830927
1.63462e-10	-0.000832017
1.63554e-10	-0.000833107
1.63647e-10	-0.000834198
1.63739e-10	-0.000835288
1.63831e-10	-0.000836379
1.63924e-10	-0.00083747
1.64016e-10	-0.000838561
1.64109e-10	-0.000839652
1.64201e-10	-0.000840744
1.64293e-10	-0.000841835
1.64386e-10	-0.000842927
1.64478e-10	-0.000844019
1.64571e-10	-0.000845111
1.64663e-10	-0.000846203
1.64755e-10	-0.000847296
1.64848e-10	-0.000848388
1.6494e-10	-0.000849481
1.65033e-10	-0.000850573
1.65125e-10	-0.000851666
1.65217e-10	-0.000852759
1.6531e-10	-0.000853853
1.65402e-10	-0.000854946
1.65495e-10	-0.000856039
1.65587e-10	-0.000857133
1.65679e-10	-0.000858227
1.65772e-10	-0.00085932
1.65864e-10	-0.000860414
1.65957e-10	-0.000861508
1.66049e-10	-0.000862602
1.66141e-10	-0.000863697
1.66234e-10	-0.000864791
1.66326e-10	-0.000865886
1.66419e-10	-0.00086698
1.66511e-10	-0.000868075
1.66603e-10	-0.00086917
1.66696e-10	-0.000870264
1.66788e-10	-0.000871359
1.66881e-10	-0.000872454
1.66973e-10	-0.00087355
1.67066e-10	-0.000874645
1.67158e-10	-0.00087574
1.6725e-10	-0.000876835
1.67343e-10	-0.000877931
1.67435e-10	-0.000879026
1.67528e-10	-0.000880122
1.6762e-10	-0.000881218
1.67712e-10	-0.000882313
1.67805e-10	-0.000883409
1.67897e-10	-0.000884505
1.6799e-10	-0.000885601
1.68082e-10	-0.000886697
1.68174e-10	-0.000887793
1.68267e-10	-0.000888889
1.68359e-10	-0.000889985
1.68452e-10	-0.000891081
1.68544e-10	-0.000892178
1.68636e-10	-0.000893274
1.68729e-10	-0.00089437
1.68821e-10	-0.000895466
1.68914e-10	-0.000896563
1.69006e-10	-0.000897659
1.69098e-10	-0.000898756
1.69191e-10	-0.000899852
1.69283e-10	-0.000900948
1.69376e-10	-0.000902045
1.69468e-10	-0.000903141
1.6956e-10	-0.000904238
1.69653e-10	-0.000905334
1.69745e-10	-0.000906431
1.69838e-10	-0.000907528
1.6993e-10	-0.000908624
1.70022e-10	-0.000909721
1.70115e-10	-0.000910817
1.70207e-10	-0.000911914
1.703e-10	-0.00091301
1.70392e-10	-0.000914107
1.70484e-10	-0.000915203
1.70577e-10	-0.0009163
1.70669e-10	-0.000917396
1.70762e-10	-0.000918492
1.70854e-10	-0.000919589
1.70946e-10	-0.000920685
1.71039e-10	-0.000921782
1.71131e-10	-0.000922878
1.71224e-10	-0.000923974
1.71316e-10	-0.00092507
1.71408e-10	-0.000926167
1.71501e-10	-0.000927263
1.71593e-10	-0.000928359
1.71686e-10	-0.000929455
1.71778e-10	-0.000930551
1.7187e-10	-0.000931647
1.71963e-10	-0.000932743
1.72055e-10	-0.000933838
1.72148e-10	-0.000934934
1.7224e-10	-0.00093603
1.72333e-10	-0.000937126
1.72425e-10	-0.000938221
1.72517e-10	-0.000939317
1.7261e-10	-0.000940412
1.72702e-10	-0.000941507
1.72795e-10	-0.000942602
1.72887e-10	-0.000943698
1.72979e-10	-0.000944793
1.73072e-10	-0.000945888
1.73164e-10	-0.000946982
1.73257e-10	-0.000948077
1.73349e-10	-0.000949172
1.73441e-10	-0.000950266
1.73534e-10	-0.000951361
1.73626e-10	-0.000952455
1.73719e-10	-0.000953549
1.73811e-10	-0.000954643
1.73903e-10	-0.000955737
1.73996e-10	-0.000956831
1.74088e-10	-0.000957925
1.74181e-10	-0.000959019
1.74273e-10	-0.000960112
1.74365e-10	-0.000961205
1.74458e-10	-0.000962299
1.7455e-10	-0.000963392
1.74643e-10	-0.000964485
1.74735e-10	-0.000965577
1.74827e-10	-0.00096667
1.7492e-10	-0.000967762
1.75012e-10	-0.000968855
1.75105e-10	-0.000969947
1.75197e-10	-0.000971039
1.75289e-10	-0.000972131
1.75382e-10	-0.000973222
1.75474e-10	-0.000974314
1.75567e-10	-0.000975405
1.75659e-10	-0.000976496
1.75751e-10	-0.000977587
1.75844e-10	-0.000978678
1.75936e-10	-0.000979768
1.76029e-10	-0.000980859
1.76121e-10	-0.000981949
1.76213e-10	-0.000983039
1.76306e-10	-0.000984129
1.76398e-10	-0.000985218
1.76491e-10	-0.000986308
1.76583e-10	-0.000987397
1.76675e-10	-0.000988486
1.76768e-10	-0.000989575
1.7686e-10	-0.000990663
1.76953e-10	-0.000991752
1.77045e-10	-0.00099284
1.77137e-10	-0.000993927
1.7723e-10	-0.000995015
1.77322e-10	-0.000996103
1.77415e-10	-0.00099719
1.77507e-10	-0.000998277
1.776e-10	-0.000999363
1.77692e-10	-0.00100045
1.77784e-10	-0.00100154
1.77877e-10	-0.00100262
1.77969e-10	-0.00100371
1.78062e-10	-0.00100479
1.78154e-10	-0.00100588
1.78246e-10	-0.00100696
1.78339e-10	-0.00100805
1.78431e-10	-0.00100913
1.78524e-10	-0.00101022
1.78616e-10	-0.0010113
1.78708e-10	-0.00101238
1.78801e-10	-0.00101347
1.78893e-10	-0.00101455
1.78986e-10	-0.00101563
1.79078e-10	-0.00101671
1.7917e-10	-0.0010178
1.79263e-10	-0.00101888
1.79355e-10	-0.00101996
1.79448e-10	-0.00102104
1.7954e-10	-0.00102212
1.79632e-10	-0.0010232
1.79725e-10	-0.00102428
1.79817e-10	-0.00102536
1.7991e-10	-0.00102644
1.80002e-10	-0.00102752
1.80094e-10	-0.0010286
1.80187e-10	-0.00102968
1.80279e-10	-0.00103076
1.80372e-10	-0.00103184
1.80464e-10	-0.00103291
1.80556e-10	-0.00103399
1.80649e-10	-0.00103507
1.80741e-10	-0.00103614
1.80834e-10	-0.00103722
1.80926e-10	-0.0010383
1.81018e-10	-0.00103937
1.81111e-10	-0.00104045
1.81203e-10	-0.00104152
1.81296e-10	-0.00104259
1.81388e-10	-0.00104367
1.8148e-10	-0.00104474
1.81573e-10	-0.00104582
1.81665e-10	-0.00104689
1.81758e-10	-0.00104796
1.8185e-10	-0.00104903
1.81942e-10	-0.0010501
1.82035e-10	-0.00105118
1.82127e-10	-0.00105225
1.8222e-10	-0.00105332
1.82312e-10	-0.00105439
1.82404e-10	-0.00105546
1.82497e-10	-0.00105653
1.82589e-10	-0.00105759
1.82682e-10	-0.00105866
1.82774e-10	-0.00105973
1.82867e-10	-0.0010608
1.82959e-10	-0.00106186
1.83051e-10	-0.00106293
1.83144e-10	-0.001064
1.83236e-10	-0.00106506
1.83329e-10	-0.00106613
1.83421e-10	-0.00106719
1.83513e-10	-0.00106826
1.83606e-10	-0.00106932
1.83698e-10	-0.00107038
1.83791e-10	-0.00107145
1.83883e-10	-0.00107251
1.83975e-10	-0.00107357
1.84068e-10	-0.00107463
1.8416e-10	-0.00107569
1.84253e-10	-0.00107675
1.84345e-10	-0.00107781
1.84437e-10	-0.00107887
1.8453e-10	-0.00107993
1.84622e-10	-0.00108099
1.84715e-10	-0.00108205
1.84807e-10	-0.00108311
1.84899e-10	-0.00108416
1.84992e-10	-0.00108522
1.85084e-10	-0.00108628
1.85177e-10	-0.00108733
1.85269e-10	-0.00108839
1.85361e-10	-0.00108944
1.85454e-10	-0.0010905
1.85546e-10	-0.00109155
1.85639e-10	-0.0010926
1.85731e-10	-0.00109365
1.85823e-10	-0.00109471
1.85916e-10	-0.00109576
1.86008e-10	-0.00109681
1.86101e-10	-0.00109786
1.86193e-10	-0.00109891
1.86285e-10	-0.00109996
1.86378e-10	-0.001101
1.8647e-10	-0.00110205
1.86563e-10	-0.0011031
1.86655e-10	-0.00110415
1.86747e-10	-0.00110519
1.8684e-10	-0.00110624
1.86932e-10	-0.00110728
1.87025e-10	-0.00110833
1.87117e-10	-0.00110937
1.87209e-10	-0.00111041
1.87302e-10	-0.00111146
1.87394e-10	-0.0011125
1.87487e-10	-0.00111354
1.87579e-10	-0.00111458
1.87671e-10	-0.00111562
1.87764e-10	-0.00111666
1.87856e-10	-0.0011177
1.87949e-10	-0.00111874
1.88041e-10	-0.00111977
1.88134e-10	-0.00112081
1.88226e-10	-0.00112185
1.88318e-10	-0.00112288
1.88411e-10	-0.00112392
1.88503e-10	-0.00112495
1.88596e-10	-0.00112598
1.88688e-10	-0.00112702
1.8878e-10	-0.00112805
1.88873e-10	-0.00112908
1.88965e-10	-0.00113011
1.89058e-10	-0.00113114
1.8915e-10	-0.00113217
1.89242e-10	-0.0011332
1.89335e-10	-0.00113423
1.89427e-10	-0.00113526
1.8952e-10	-0.00113628
1.89612e-10	-0.00113731
1.89704e-10	-0.00113833
1.89797e-10	-0.00113936
1.89889e-10	-0.00114038
1.89982e-10	-0.00114141
1.90074e-10	-0.00114243
1.90166e-10	-0.00114345
1.90259e-10	-0.00114447
1.90351e-10	-0.00114549
1.90444e-10	-0.00114651
1.90536e-10	-0.00114753
1.90628e-10	-0.00114855
1.90721e-10	-0.00114956
1.90813e-10	-0.00115058
1.90906e-10	-0.0011516
1.90998e-10	-0.00115261
1.9109e-10	-0.00115363
1.91183e-10	-0.00115464
1.91275e-10	-0.00115565
1.91368e-10	-0.00115666
1.9146e-10	-0.00115768
1.91552e-10	-0.00115869
1.91645e-10	-0.0011597
1.91737e-10	-0.0011607
1.9183e-10	-0.00116171
1.91922e-10	-0.00116272
1.92014e-10	-0.00116373
1.92107e-10	-0.00116473
1.92199e-10	-0.00116574
1.92292e-10	-0.00116674
1.92384e-10	-0.00116774
1.92476e-10	-0.00116875
1.92569e-10	-0.00116975
1.92661e-10	-0.00117075
1.92754e-10	-0.00117175
1.92846e-10	-0.00117275
1.92938e-10	-0.00117375
1.93031e-10	-0.00117474
1.93123e-10	-0.00117574
1.93216e-10	-0.00117673
1.93308e-10	-0.00117773
1.93401e-10	-0.00117872
1.93493e-10	-0.00117972
1.93585e-10	-0.00118071
1.93678e-10	-0.0011817
1.9377e-10	-0.00118269
1.93863e-10	-0.00118368
1.93955e-10	-0.00118467
1.94047e-10	-0.00118566
1.9414e-10	-0.00118664
1.94232e-10	-0.00118763
1.94325e-10	-0.00118861
1.94417e-10	-0.0011896
1.94509e-10	-0.00119058
1.94602e-10	-0.00119156
1.94694e-10	-0.00119254
1.94787e-10	-0.00119352
1.94879e-10	-0.0011945
1.94971e-10	-0.00119548
1.95064e-10	-0.00119646
1.95156e-10	-0.00119744
1.95249e-10	-0.00119841
1.95341e-10	-0.00119939
1.95433e-10	-0.00120036
1.95526e-10	-0.00120133
1.95618e-10	-0.0012023
1.95711e-10	-0.00120327
1.95803e-10	-0.00120424
1.95895e-10	-0.00120521
1.95988e-10	-0.00120618
1.9608e-10	-0.00120715
1.96173e-10	-0.00120811
1.96265e-10	-0.00120908
1.96357e-10	-0.00121004
1.9645e-10	-0.00121101
1.96542e-10	-0.00121197
1.96635e-10	-0.00121293
1.96727e-10	-0.00121389
1.96819e-10	-0.00121485
1.96912e-10	-0.0012158
1.97004e-10	-0.00121676
1.97097e-10	-0.00121772
1.97189e-10	-0.00121867
1.97281e-10	-0.00121963
1.97374e-10	-0.00122058
1.97466e-10	-0.00122153
1.97559e-10	-0.00122248
1.97651e-10	-0.00122343
1.97743e-10	-0.00122438
1.97836e-10	-0.00122532
1.97928e-10	-0.00122627
1.98021e-10	-0.00122722
1.98113e-10	-0.00122816
1.98205e-10	-0.0012291
1.98298e-10	-0.00123004
1.9839e-10	-0.00123099
1.98483e-10	-0.00123192
1.98575e-10	-0.00123286
1.98668e-10	-0.0012338
1.9876e-10	-0.00123474
1.98852e-10	-0.00123567
1.98945e-10	-0.00123661
1.99037e-10	-0.00123754
1.9913e-10	-0.00123847
1.99222e-10	-0.0012394
1.99314e-10	-0.00124033
1.99407e-10	-0.00124126
1.99499e-10	-0.00124219
1.99592e-10	-0.00124311
1.99684e-10	-0.00124404
1.99776e-10	-0.00124496
1.99869e-10	-0.00124588
1.99961e-10	-0.0012468
2.00054e-10	-0.00124772
2.00146e-10	-0.00124864
2.00238e-10	-0.00124956
2.00331e-10	-0.00125048
2.00423e-10	-0.00125139
2.00516e-10	-0.00125231
2.00608e-10	-0.00125322
2.007e-10	-0.00125413
2.00793e-10	-0.00125504
2.00885e-10	-0.00125595
2.00978e-10	-0.00125686
2.0107e-10	-0.00125777
2.01162e-10	-0.00125867
2.01255e-10	-0.00125958
2.01347e-10	-0.00126048
2.0144e-10	-0.00126138
2.01532e-10	-0.00126228
2.01624e-10	-0.00126318
2.01717e-10	-0.00126408
2.01809e-10	-0.00126498
2.01902e-10	-0.00126587
2.01994e-10	-0.00126677
2.02086e-10	-0.00126766
2.02179e-10	-0.00126855
2.02271e-10	-0.00126944
2.02364e-10	-0.00127033
2.02456e-10	-0.00127122
2.02548e-10	-0.00127211
2.02641e-10	-0.00127299
2.02733e-10	-0.00127388
2.02826e-10	-0.00127476
2.02918e-10	-0.00127564
2.0301e-10	-0.00127652
2.03103e-10	-0.0012774
2.03195e-10	-0.00127828
2.03288e-10	-0.00127915
2.0338e-10	-0.00128003
2.03472e-10	-0.0012809
2.03565e-10	-0.00128177
2.03657e-10	-0.00128264
2.0375e-10	-0.00128351
2.03842e-10	-0.00128438
2.03934e-10	-0.00128525
2.04027e-10	-0.00128611
2.04119e-10	-0.00128698
2.04212e-10	-0.00128784
2.04304e-10	-0.0012887
2.04397e-10	-0.00128956
2.04489e-10	-0.00129042
2.04581e-10	-0.00129127
2.04674e-10	-0.00129213
2.04766e-10	-0.00129298
2.04859e-10	-0.00129383
2.04951e-10	-0.00129469
2.05043e-10	-0.00129554
2.05136e-10	-0.00129638
2.05228e-10	-0.00129723
2.05321e-10	-0.00129808
2.05413e-10	-0.00129892
2.05505e-10	-0.00129976
2.05598e-10	-0.0013006
2.0569e-10	-0.00130144
2.05783e-10	-0.00130228
2.05875e-10	-0.00130312
2.05967e-10	-0.00130395
2.0606e-10	-0.00130479
2.06152e-10	-0.00130562
2.06245e-10	-0.00130645
2.06337e-10	-0.00130728
2.06429e-10	-0.0013081
2.06522e-10	-0.00130893
2.06614e-10	-0.00130976
2.06707e-10	-0.00131058
2.06799e-10	-0.0013114
2.06891e-10	-0.00131222
2.06984e-10	-0.00131304
2.07076e-10	-0.00131385
2.07169e-10	-0.00131467
2.07261e-10	-0.00131548
2.07353e-10	-0.0013163
2.07446e-10	-0.00131711
2.07538e-10	-0.00131792
2.07631e-10	-0.00131872
2.07723e-10	-0.00131953
2.07815e-10	-0.00132033
2.07908e-10	-0.00132114
2.08e-10	-0.00132194
2.08093e-10	-0.00132274
2.08185e-10	-0.00132354
2.08277e-10	-0.00132433
2.0837e-10	-0.00132513
2.08462e-10	-0.00132592
2.08555e-10	-0.00132671
2.08647e-10	-0.0013275
2.08739e-10	-0.00132829
2.08832e-10	-0.00132908
2.08924e-10	-0.00132986
2.09017e-10	-0.00133064
2.09109e-10	-0.00133143
2.09201e-10	-0.00133221
2.09294e-10	-0.00133298
2.09386e-10	-0.00133376
2.09479e-10	-0.00133454
2.09571e-10	-0.00133531
2.09664e-10	-0.00133608
2.09756e-10	-0.00133685
2.09848e-10	-0.00133762
2.09941e-10	-0.00133839
2.10033e-10	-0.00133915
2.10126e-10	-0.00133991
2.10218e-10	-0.00134068
2.1031e-10	-0.00134144
2.10403e-10	-0.00134219
2.10495e-10	-0.00134295
2.10588e-10	-0.00134371
2.1068e-10	-0.00134446
2.10772e-10	-0.00134521
2.10865e-10	-0.00134596
2.10957e-10	-0.00134671
2.1105e-10	-0.00134745
2.11142e-10	-0.0013482
2.11234e-10	-0.00134894
2.11327e-10	-0.00134968
2.11419e-10	-0.00135042
2.11512e-10	-0.00135116
2.11604e-10	-0.00135189
2.11696e-10	-0.00135262
2.11789e-10	-0.00135336
2.11881e-10	-0.00135409
2.11974e-10	-0.00135481
2.12066e-10	-0.00135554
2.12158e-10	-0.00135626
2.12251e-10	-0.00135699
2.12343e-10	-0.00135771
2.12436e-10	-0.00135843
2.12528e-10	-0.00135914
2.1262e-10	-0.00135986
2.12713e-10	-0.00136057
2.12805e-10	-0.00136128
2.12898e-10	-0.00136199
2.1299e-10	-0.0013627
2.13082e-10	-0.00136341
2.13175e-10	-0.00136411
2.13267e-10	-0.00136481
2.1336e-10	-0.00136551
2.13452e-10	-0.00136621
2.13544e-10	-0.00136691
2.13637e-10	-0.0013676
2.13729e-10	-0.00136829
2.13822e-10	-0.00136899
2.13914e-10	-0.00136967
2.14006e-10	-0.00137036
2.14099e-10	-0.00137105
2.14191e-10	-0.00137173
2.14284e-10	-0.00137241
2.14376e-10	-0.00137309
2.14468e-10	-0.00137377
2.14561e-10	-0.00137444
2.14653e-10	-0.00137511
2.14746e-10	-0.00137579
2.14838e-10	-0.00137646
2.14931e-10	-0.00137712
2.15023e-10	-0.00137779
2.15115e-10	-0.00137845
2.15208e-10	-0.00137911
2.153e-10	-0.00137977
2.15393e-10	-0.00138043
2.15485e-10	-0.00138108
2.15577e-10	-0.00138174
2.1567e-10	-0.00138239
2.15762e-10	-0.00138304
2.15855e-10	-0.00138369
2.15947e-10	-0.00138433
2.16039e-10	-0.00138497
2.16132e-10	-0.00138561
2.16224e-10	-0.00138625
2.16317e-10	-0.00138689
2.16409e-10	-0.00138753
2.16501e-10	-0.00138816
2.16594e-10	-0.00138879
2.16686e-10	-0.00138942
2.16779e-10	-0.00139004
2.16871e-10	-0.00139067
2.16963e-10	-0.00139129
2.17056e-10	-0.00139191
2.17148e-10	-0.00139253
2.17241e-10	-0.00139314
2.17333e-10	-0.00139376
2.17425e-10	-0.00139437
2.17518e-10	-0.00139498
2.1761e-10	-0.00139559
2.17703e-10	-0.00139619
2.17795e-10	-0.0013968
2.17887e-10	-0.0013974
2.1798e-10	-0.001398
2.18072e-10	-0.00139859
2.18165e-10	-0.00139919
2.18257e-10	-0.00139978
2.18349e-10	-0.00140037
2.18442e-10	-0.00140096
2.18534e-10	-0.00140154
2.18627e-10	-0.00140213
2.18719e-10	-0.00140271
2.18811e-10	-0.00140329
2.18904e-10	-0.00140386
2.18996e-10	-0.00140444
2.19089e-10	-0.00140501
2.19181e-10	-0.00140558
2.19273e-10	-0.00140615
2.19366e-10	-0.00140672
2.19458e-10	-0.00140728
2.19551e-10	-0.00140784
2.19643e-10	-0.0014084
2.19735e-10	-0.00140896
2.19828e-10	-0.00140951
2.1992e-10	-0.00141006
2.20013e-10	-0.00141061
2.20105e-10	-0.00141116
2.20198e-10	-0.00141171
2.2029e-10	-0.00141225
2.20382e-10	-0.00141279
2.20475e-10	-0.00141333
2.20567e-10	-0.00141386
2.2066e-10	-0.0014144
2.20752e-10	-0.00141493
2.20844e-10	-0.00141546
2.20937e-10	-0.00141598
2.21029e-10	-0.00141651
2.21122e-10	-0.00141703
2.21214e-10	-0.00141755
2.21306e-10	-0.00141807
2.21399e-10	-0.00141858
2.21491e-10	-0.00141909
2.21584e-10	-0.0014196
2.21676e-10	-0.00142011
2.21768e-10	-0.00142062
2.21861e-10	-0.00142112
2.21953e-10	-0.00142162
2.22046e-10	-0.00142212
2.22138e-10	-0.00142262
2.2223e-10	-0.00142311
2.22323e-10	-0.0014236
2.22415e-10	-0.00142409
2.22508e-10	-0.00142457
2.226e-10	-0.00142506
2.22692e-10	-0.00142554
2.22785e-10	-0.00142602
2.22877e-10	-0.00142649
2.2297e-10	-0.00142697
2.23062e-10	-0.00142744
2.23154e-10	-0.00142791
2.23247e-10	-0.00142837
2.23339e-10	-0.00142884
2.23432e-10	-0.0014293
2.23524e-10	-0.00142976
2.23616e-10	-0.00143021
2.23709e-10	-0.00143067
2.23801e-10	-0.00143112
2.23894e-10	-0.00143157
2.23986e-10	-0.00143201
2.24078e-10	-0.00143246
2.24171e-10	-0.0014329
2.24263e-10	-0.00143334
2.24356e-10	-0.00143377
2.24448e-10	-0.00143421
2.2454e-10	-0.00143464
2.24633e-10	-0.00143506
2.24725e-10	-0.00143549
2.24818e-10	-0.00143591
2.2491e-10	-0.00143633
2.25002e-10	-0.00143675
2.25095e-10	-0.00143717
2.25187e-10	-0.00143758
2.2528e-10	-0.00143799
2.25372e-10	-0.0014384
2.25465e-10	-0.0014388
2.25557e-10	-0.0014392
2.25649e-10	-0.0014396
2.25742e-10	-0.00144
2.25834e-10	-0.00144039
2.25927e-10	-0.00144079
2.26019e-10	-0.00144117
2.26111e-10	-0.00144156
2.26204e-10	-0.00144194
2.26296e-10	-0.00144233
2.26389e-10	-0.0014427
2.26481e-10	-0.00144308
2.26573e-10	-0.00144345
2.26666e-10	-0.00144382
2.26758e-10	-0.00144419
2.26851e-10	-0.00144455
2.26943e-10	-0.00144492
2.27035e-10	-0.00144527
2.27128e-10	-0.00144563
2.2722e-10	-0.00144598
2.27313e-10	-0.00144634
2.27405e-10	-0.00144668
2.27497e-10	-0.00144703
2.2759e-10	-0.00144737
2.27682e-10	-0.00144771
2.27775e-10	-0.00144805
2.27867e-10	-0.00144838
2.27959e-10	-0.00144871
2.28052e-10	-0.00144904
2.28144e-10	-0.00144937
2.28237e-10	-0.00144969
2.28329e-10	-0.00145001
2.28421e-10	-0.00145033
2.28514e-10	-0.00145064
2.28606e-10	-0.00145096
2.28699e-10	-0.00145127
2.28791e-10	-0.00145157
2.28883e-10	-0.00145187
2.28976e-10	-0.00145217
2.29068e-10	-0.00145247
2.29161e-10	-0.00145277
2.29253e-10	-0.00145306
2.29345e-10	-0.00145335
2.29438e-10	-0.00145363
2.2953e-10	-0.00145392
2.29623e-10	-0.0014542
2.29715e-10	-0.00145447
2.29807e-10	-0.00145475
2.299e-10	-0.00145502
2.29992e-10	-0.00145529
2.30085e-10	-0.00145555
2.30177e-10	-0.00145582
2.30269e-10	-0.00145608
2.30362e-10	-0.00145633
2.30454e-10	-0.00145659
2.30547e-10	-0.00145684
2.30639e-10	-0.00145709
2.30732e-10	-0.00145733
2.30824e-10	-0.00145757
2.30916e-10	-0.00145781
2.31009e-10	-0.00145805
2.31101e-10	-0.00145828
2.31194e-10	-0.00145851
2.31286e-10	-0.00145874
2.31378e-10	-0.00145896
2.31471e-10	-0.00145918
2.31563e-10	-0.0014594
2.31656e-10	-0.00145961
2.31748e-10	-0.00145983
2.3184e-10	-0.00146003
2.31933e-10	-0.00146024
2.32025e-10	-0.00146044
2.32118e-10	-0.00146064
2.3221e-10	-0.00146084
2.32302e-10	-0.00146103
2.32395e-10	-0.00146122
2.32487e-10	-0.00146141
2.3258e-10	-0.00146159
2.32672e-10	-0.00146177
2.32764e-10	-0.00146195
2.32857e-10	-0.00146213
2.32949e-10	-0.0014623
2.33042e-10	-0.00146247
2.33134e-10	-0.00146263
2.33226e-10	-0.00146279
2.33319e-10	-0.00146295
2.33411e-10	-0.00146311
2.33504e-10	-0.00146326
2.33596e-10	-0.00146341
2.33688e-10	-0.00146356
2.33781e-10	-0.0014637
2.33873e-10	-0.00146384
2.33966e-10	-0.00146398
2.34058e-10	-0.00146411
2.3415e-10	-0.00146424
2.34243e-10	-0.00146437
2.34335e-10	-0.00146449
2.34428e-10	-0.00146461
2.3452e-10	-0.00146473
2.34612e-10	-0.00146485
2.34705e-10	-0.00146496
2.34797e-10	-0.00146506
2.3489e-10	-0.00146517
2.34982e-10	-0.00146527
2.35074e-10	-0.00146537
2.35167e-10	-0.00146546
2.35259e-10	-0.00146555
2.35352e-10	-0.00146564
2.35444e-10	-0.00146573
2.35536e-10	-0.00146581
2.35629e-10	-0.00146589
2.35721e-10	-0.00146596
2.35814e-10	-0.00146603
2.35906e-10	-0.0014661
2.35999e-10	-0.00146617
2.36091e-10	-0.00146623
2.36183e-10	-0.00146628
2.36276e-10	-0.00146634
2.36368e-10	-0.00146639
2.36461e-10	-0.00146644
2.36553e-10	-0.00146648
2.36645e-10	-0.00146653
2.36738e-10	-0.00146656
2.3683e-10	-0.0014666
2.36923e-10	-0.00146663
2.37015e-10	-0.00146666
2.37107e-10	-0.00146668
2.372e-10	-0.0014667
2.37292e-10	-0.00146672
2.37385e-10	-0.00146673
2.37477e-10	-0.00146674
2.37569e-10	-0.00146675
2.37662e-10	-0.00146675
2.37754e-10	-0.00146675
2.37847e-10	-0.00146675
2.37939e-10	-0.00146674
2.38031e-10	-0.00146673
2.38124e-10	-0.00146672
2.38216e-10	-0.0014667
2.38309e-10	-0.00146668
2.38401e-10	-0.00146666
2.38493e-10	-0.00146663
2.38586e-10	-0.0014666
2.38678e-10	-0.00146656
2.38771e-10	-0.00146653
2.38863e-10	-0.00146648
2.38955e-10	-0.00146644
2.39048e-10	-0.00146639
2.3914e-10	-0.00146634
2.39233e-10	-0.00146628
2.39325e-10	-0.00146622
2.39417e-10	-0.00146616
2.3951e-10	-0.00146609
2.39602e-10	-0.00146602
2.39695e-10	-0.00146595
2.39787e-10	-0.00146587
2.39879e-10	-0.00146579
2.39972e-10	-0.0014657
2.40064e-10	-0.00146562
2.40157e-10	-0.00146552
2.40249e-10	-0.00146543
2.40341e-10	-0.00146533
2.40434e-10	-0.00146523
2.40526e-10	-0.00146512
2.40619e-10	-0.00146501
2.40711e-10	-0.0014649
2.40803e-10	-0.00146478
2.40896e-10	-0.00146466
2.40988e-10	-0.00146453
2.41081e-10	-0.0014644
2.41173e-10	-0.00146427
2.41266e-10	-0.00146413
2.41358e-10	-0.00146399
2.4145e-10	-0.00146385
2.41543e-10	-0.0014637
2.41635e-10	-0.00146355
2.41728e-10	-0.0014634
2.4182e-10	-0.00146324
2.41912e-10	-0.00146308
2.42005e-10	-0.00146291
2.42097e-10	-0.00146274
2.4219e-10	-0.00146257
2.42282e-10	-0.00146239
2.42374e-10	-0.00146221
2.42467e-10	-0.00146202
2.42559e-10	-0.00146184
2.42652e-10	-0.00146164
2.42744e-10	-0.00146145
2.42836e-10	-0.00146125
2.42929e-10	-0.00146104
2.43021e-10	-0.00146083
2.43114e-10	-0.00146062
2.43206e-10	-0.00146041
2.43298e-10	-0.00146019
2.43391e-10	-0.00145996
2.43483e-10	-0.00145974
2.43576e-10	-0.00145951
2.43668e-10	-0.00145927
2.4376e-10	-0.00145903
2.43853e-10	-0.00145879
2.43945e-10	-0.00145854
2.44038e-10	-0.00145829
2.4413e-10	-0.00145804
2.44222e-10	-0.00145778
2.44315e-10	-0.00145752
2.44407e-10	-0.00145725
2.445e-10	-0.00145698
2.44592e-10	-0.00145671
2.44684e-10	-0.00145643
2.44777e-10	-0.00145615
2.44869e-10	-0.00145586
2.44962e-10	-0.00145557
2.45054e-10	-0.00145528
2.45146e-10	-0.00145498
2.45239e-10	-0.00145468
2.45331e-10	-0.00145437
2.45424e-10	-0.00145406
2.45516e-10	-0.00145375
2.45608e-10	-0.00145343
2.45701e-10	-0.00145311
2.45793e-10	-0.00145278
2.45886e-10	-0.00145245
2.45978e-10	-0.00145212
2.4607e-10	-0.00145178
2.46163e-10	-0.00145144
2.46255e-10	-0.00145109
2.46348e-10	-0.00145074
2.4644e-10	-0.00145039
2.46533e-10	-0.00145003
2.46625e-10	-0.00144967
2.46717e-10	-0.0014493
2.4681e-10	-0.00144893
2.46902e-10	-0.00144855
2.46995e-10	-0.00144817
2.47087e-10	-0.00144779
2.47179e-10	-0.0014474
2.47272e-10	-0.00144701
2.47364e-10	-0.00144662
2.47457e-10	-0.00144622
2.47549e-10	-0.00144581
2.47641e-10	-0.00144541
2.47734e-10	-0.00144499
2.47826e-10	-0.00144458
2.47919e-10	-0.00144416
2.48011e-10	-0.00144373
2.48103e-10	-0.0014433
2.48196e-10	-0.00144287
2.48288e-10	-0.00144243
2.48381e-10	-0.00144199
2.48473e-10	-0.00144154
2.48565e-10	-0.00144109
2.48658e-10	-0.00144064
2.4875e-10	-0.00144018
2.48843e-10	-0.00143972
2.48935e-10	-0.00143925
2.49027e-10	-0.00143878
2.4912e-10	-0.0014383
2.49212e-10	-0.00143782
2.49305e-10	-0.00143734
2.49397e-10	-0.00143685
2.49489e-10	-0.00143636
2.49582e-10	-0.00143586
2.49674e-10	-0.00143536
2.49767e-10	-0.00143485
2.49859e-10	-0.00143434
2.49951e-10	-0.00143383
2.50044e-10	-0.00143331
2.50136e-10	-0.00143278
2.50229e-10	-0.00143226
2.50321e-10	-0.00143172
2.50413e-10	-0.00143119
2.50506e-10	-0.00143065
2.50598e-10	-0.0014301
2.50691e-10	-0.00142955
2.50783e-10	-0.001429
2.50875e-10	-0.00142844
2.50968e-10	-0.00142788
2.5106e-10	-0.00142731
2.51153e-10	-0.00142674
2.51245e-10	-0.00142616
2.51337e-10	-0.00142558
2.5143e-10	-0.001425
2.51522e-10	-0.00142441
2.51615e-10	-0.00142381
2.51707e-10	-0.00142321
2.518e-10	-0.00142261
2.51892e-10	-0.001422
2.51984e-10	-0.00142139
2.52077e-10	-0.00142078
2.52169e-10	-0.00142015
2.52262e-10	-0.00141953
2.52354e-10	-0.0014189
2.52446e-10	-0.00141826
2.52539e-10	-0.00141763
2.52631e-10	-0.00141698
2.52724e-10	-0.00141633
2.52816e-10	-0.00141568
2.52908e-10	-0.00141502
2.53001e-10	-0.00141436
2.53093e-10	-0.0014137
2.53186e-10	-0.00141302
2.53278e-10	-0.00141235
2.5337e-10	-0.00141167
2.53463e-10	-0.00141098
2.53555e-10	-0.0014103
2.53648e-10	-0.0014096
2.5374e-10	-0.0014089
2.53832e-10	-0.0014082
2.53925e-10	-0.00140749
2.54017e-10	-0.00140678
2.5411e-10	-0.00140606
2.54202e-10	-0.00140534
2.54294e-10	-0.00140461
2.54387e-10	-0.00140388
2.54479e-10	-0.00140315
2.54572e-10	-0.00140241
2.54664e-10	-0.00140166
2.54756e-10	-0.00140091
2.54849e-10	-0.00140016
2.54941e-10	-0.0013994
2.55034e-10	-0.00139863
2.55126e-10	-0.00139786
2.55218e-10	-0.00139709
2.55311e-10	-0.00139631
2.55403e-10	-0.00139553
2.55496e-10	-0.00139474
2.55588e-10	-0.00139395
2.5568e-10	-0.00139315
2.55773e-10	-0.00139235
2.55865e-10	-0.00139154
2.55958e-10	-0.00139073
2.5605e-10	-0.00138992
2.56142e-10	-0.00138909
2.56235e-10	-0.00138827
2.56327e-10	-0.00138744
2.5642e-10	-0.0013866
2.56512e-10	-0.00138576
2.56604e-10	-0.00138492
2.56697e-10	-0.00138407
2.56789e-10	-0.00138321
2.56882e-10	-0.00138235
2.56974e-10	-0.00138149
2.57067e-10	-0.00138062
2.57159e-10	-0.00137974
2.57251e-10	-0.00137886
2.57344e-10	-0.00137798
2.57436e-10	-0.00137709
2.57529e-10	-0.00137619
2.57621e-10	-0.0013753
2.57713e-10	-0.00137439
2.57806e-10	-0.00137348
2.57898e-10	-0.00137257
2.57991e-10	-0.00137165
2.58083e-10	-0.00137073
2.58175e-10	-0.0013698
2.58268e-10	-0.00136886
2.5836e-10	-0.00136793
2.58453e-10	-0.00136698
2.58545e-10	-0.00136603
2.58637e-10	-0.00136508
2.5873e-10	-0.00136412
2.58822e-10	-0.00136316
2.58915e-10	-0.00136219
2.59007e-10	-0.00136122
2.59099e-10	-0.00136024
2.59192e-10	-0.00135925
2.59284e-10	-0.00135826
2.59377e-10	-0.00135727
2.59469e-10	-0.00135627
2.59561e-10	-0.00135527
2.59654e-10	-0.00135426
2.59746e-10	-0.00135325
2.59839e-10	-0.00135223
2.59931e-10	-0.0013512
2.60023e-10	-0.00135017
2.60116e-10	-0.00134914
2.60208e-10	-0.0013481
2.60301e-10	-0.00134705
2.60393e-10	-0.001346
2.60485e-10	-0.00134495
2.60578e-10	-0.00134389
2.6067e-10	-0.00134282
2.60763e-10	-0.00134175
2.60855e-10	-0.00134068
2.60947e-10	-0.0013396
2.6104e-10	-0.00133851
2.61132e-10	-0.00133742
2.61225e-10	-0.00133633
2.61317e-10	-0.00133522
2.61409e-10	-0.00133412
2.61502e-10	-0.00133301
2.61594e-10	-0.00133189
2.61687e-10	-0.00133077
2.61779e-10	-0.00132964
2.61871e-10	-0.00132851
2.61964e-10	-0.00132737
2.62056e-10	-0.00132623
2.62149e-10	-0.00132508
2.62241e-10	-0.00132392
2.62334e-10	-0.00132276
2.62426e-10	-0.0013216
2.62518e-10	-0.00132043
2.62611e-10	-0.00131926
2.62703e-10	-0.00131808
2.62796e-10	-0.00131689
2.62888e-10	-0.0013157
2.6298e-10	-0.0013145
2.63073e-10	-0.0013133
2.63165e-10	-0.0013121
2.63258e-10	-0.00131088
2.6335e-10	-0.00130967
2.63442e-10	-0.00130844
2.63535e-10	-0.00130722
2.63627e-10	-0.00130598
2.6372e-10	-0.00130474
2.63812e-10	-0.0013035
2.63904e-10	-0.00130225
2.63997e-10	-0.001301
2.64089e-10	-0.00129974
2.64182e-10	-0.00129847
2.64274e-10	-0.0012972
2.64366e-10	-0.00129592
2.64459e-10	-0.00129464
2.64551e-10	-0.00129335
2.64644e-10	-0.00129206
2.64736e-10	-0.00129076
2.64828e-10	-0.00128946
2.64921e-10	-0.00128815
2.65013e-10	-0.00128683
2.65106e-10	-0.00128551
2.65198e-10	-0.00128419
2.6529e-10	-0.00128286
2.65383e-10	-0.00128152
2.65475e-10	-0.00128018
2.65568e-10	-0.00127883
2.6566e-10	-0.00127748
2.65752e-10	-0.00127612
2.65845e-10	-0.00127475
2.65937e-10	-0.00127338
2.6603e-10	-0.00127201
2.66122e-10	-0.00127063
2.66214e-10	-0.00126924
2.66307e-10	-0.00126785
2.66399e-10	-0.00126645
2.66492e-10	-0.00126505
2.66584e-10	-0.00126364
2.66676e-10	-0.00126223
2.66769e-10	-0.00126081
2.66861e-10	-0.00125938
2.66954e-10	-0.00125795
2.67046e-10	-0.00125651
2.67138e-10	-0.00125507
2.67231e-10	-0.00125362
2.67323e-10	-0.00125217
2.67416e-10	-0.00125071
2.67508e-10	-0.00124924
2.67601e-10	-0.00124777
2.67693e-10	-0.0012463
2.67785e-10	-0.00124481
2.67878e-10	-0.00124333
2.6797e-10	-0.00124183
2.68063e-10	-0.00124033
2.68155e-10	-0.00123883
2.68247e-10	-0.00123732
2.6834e-10	-0.0012358
2.68432e-10	-0.00123428
2.68525e-10	-0.00123275
2.68617e-10	-0.00123122
2.68709e-10	-0.00122968
2.68802e-10	-0.00122813
2.68894e-10	-0.00122658
2.68987e-10	-0.00122503
2.69079e-10	-0.00122346
2.69171e-10	-0.0012219
2.69264e-10	-0.00122032
2.69356e-10	-0.00121874
2.69449e-10	-0.00121716
2.69541e-10	-0.00121557
2.69633e-10	-0.00121397
2.69726e-10	-0.00121237
2.69818e-10	-0.00121076
2.69911e-10	-0.00120914
2.70003e-10	-0.00120752
2.70095e-10	-0.0012059
2.70188e-10	-0.00120426
2.7028e-10	-0.00120263
2.70373e-10	-0.00120098
2.70465e-10	-0.00119933
2.70557e-10	-0.00119768
2.7065e-10	-0.00119602
2.70742e-10	-0.00119435
2.70835e-10	-0.00119268
2.70927e-10	-0.001191
2.71019e-10	-0.00118931
2.71112e-10	-0.00118762
2.71204e-10	-0.00118592
2.71297e-10	-0.00118422
2.71389e-10	-0.00118251
2.71481e-10	-0.0011808
2.71574e-10	-0.00117908
2.71666e-10	-0.00117735
2.71759e-10	-0.00117562
2.71851e-10	-0.00117388
2.71943e-10	-0.00117213
2.72036e-10	-0.00117038
2.72128e-10	-0.00116863
2.72221e-10	-0.00116686
2.72313e-10	-0.00116509
2.72405e-10	-0.00116332
2.72498e-10	-0.00116154
2.7259e-10	-0.00115975
2.72683e-10	-0.00115796
2.72775e-10	-0.00115616
2.72868e-10	-0.00115435
2.7296e-10	-0.00115254
2.73052e-10	-0.00115073
2.73145e-10	-0.0011489
2.73237e-10	-0.00114707
2.7333e-10	-0.00114524
2.73422e-10	-0.0011434
2.73514e-10	-0.00114155
2.73607e-10	-0.0011397
2.73699e-10	-0.00113784
2.73792e-10	-0.00113597
2.73884e-10	-0.0011341
2.73976e-10	-0.00113222
2.74069e-10	-0.00113034
2.74161e-10	-0.00112845
2.74254e-10	-0.00112655
2.74346e-10	-0.00112465
2.74438e-10	-0.00112274
2.74531e-10	-0.00112082
2.74623e-10	-0.0011189
2.74716e-10	-0.00111697
2.74808e-10	-0.00111504
2.749e-10	-0.0011131
2.74993e-10	-0.00111115
2.75085e-10	-0.0011092
2.75178e-10	-0.00110724
2.7527e-10	-0.00110528
2.75362e-10	-0.00110331
2.75455e-10	-0.00110133
2.75547e-10	-0.00109935
2.7564e-10	-0.00109736
2.75732e-10	-0.00109536
2.75824e-10	-0.00109336
2.75917e-10	-0.00109135
2.76009e-10	-0.00108934
2.76102e-10	-0.00108732
2.76194e-10	-0.00108529
2.76286e-10	-0.00108325
2.76379e-10	-0.00108121
2.76471e-10	-0.00107917
2.76564e-10	-0.00107711
2.76656e-10	-0.00107506
2.76748e-10	-0.00107299
2.76841e-10	-0.00107092
2.76933e-10	-0.00106884
2.77026e-10	-0.00106676
2.77118e-10	-0.00106467
2.7721e-10	-0.00106257
2.77303e-10	-0.00106047
2.77395e-10	-0.00105836
2.77488e-10	-0.00105624
2.7758e-10	-0.00105412
2.77672e-10	-0.00105199
2.77765e-10	-0.00104985
2.77857e-10	-0.00104771
2.7795e-10	-0.00104556
2.78042e-10	-0.00104341
2.78135e-10	-0.00104125
2.78227e-10	-0.00103908
2.78319e-10	-0.0010369
2.78412e-10	-0.00103472
2.78504e-10	-0.00103254
2.78597e-10	-0.00103034
2.78689e-10	-0.00102814
2.78781e-10	-0.00102594
2.78874e-10	-0.00102372
2.78966e-10	-0.0010215
2.79059e-10	-0.00101928
2.79151e-10	-0.00101705
2.79243e-10	-0.00101481
2.79336e-10	-0.00101256
2.79428e-10	-0.00101031
2.79521e-10	-0.00100805
2.79613e-10	-0.00100579
2.79705e-10	-0.00100351
2.79798e-10	-0.00100124
2.7989e-10	-0.00099895
2.79983e-10	-0.000996659
2.80075e-10	-0.000994361
2.80167e-10	-0.000992057
2.8026e-10	-0.000989746
2.80352e-10	-0.000987428
2.80445e-10	-0.000985104
2.80537e-10	-0.000982773
2.80629e-10	-0.000980435
2.80722e-10	-0.000978091
2.80814e-10	-0.00097574
2.80907e-10	-0.000973383
2.80999e-10	-0.000971019
2.81091e-10	-0.000968648
2.81184e-10	-0.000966271
2.81276e-10	-0.000963887
2.81369e-10	-0.000961496
2.81461e-10	-0.000959099
2.81553e-10	-0.000956695
2.81646e-10	-0.000954284
2.81738e-10	-0.000951867
2.81831e-10	-0.000949443
2.81923e-10	-0.000947012
2.82015e-10	-0.000944574
2.82108e-10	-0.00094213
2.822e-10	-0.000939679
2.82293e-10	-0.000937222
2.82385e-10	-0.000934757
2.82477e-10	-0.000932286
2.8257e-10	-0.000929808
2.82662e-10	-0.000927323
2.82755e-10	-0.000924832
2.82847e-10	-0.000922334
2.82939e-10	-0.000919829
2.83032e-10	-0.000917317
2.83124e-10	-0.000914799
2.83217e-10	-0.000912273
2.83309e-10	-0.000909741
2.83402e-10	-0.000907202
2.83494e-10	-0.000904656
2.83586e-10	-0.000902104
2.83679e-10	-0.000899544
2.83771e-10	-0.000896978
2.83864e-10	-0.000894405
2.83956e-10	-0.000891825
2.84048e-10	-0.000889238
2.84141e-10	-0.000886645
2.84233e-10	-0.000884044
2.84326e-10	-0.000881437
2.84418e-10	-0.000878822
2.8451e-10	-0.000876201
2.84603e-10	-0.000873573
2.84695e-10	-0.000870938
2.84788e-10	-0.000868296
2.8488e-10	-0.000865648
2.84972e-10	-0.000862992
2.85065e-10	-0.000860329
2.85157e-10	-0.00085766
2.8525e-10	-0.000854983
2.85342e-10	-0.0008523
2.85434e-10	-0.00084961
2.85527e-10	-0.000846913
2.85619e-10	-0.000844208
2.85712e-10	-0.000841497
2.85804e-10	-0.000838779
2.85896e-10	-0.000836054
2.85989e-10	-0.000833322
2.86081e-10	-0.000830582
2.86174e-10	-0.000827836
2.86266e-10	-0.000825083
2.86358e-10	-0.000822323
2.86451e-10	-0.000819556
2.86543e-10	-0.000816782
2.86636e-10	-0.000814
2.86728e-10	-0.000811212
2.8682e-10	-0.000808417
2.86913e-10	-0.000805615
2.87005e-10	-0.000802805
2.87098e-10	-0.000799989
2.8719e-10	-0.000797165
2.87282e-10	-0.000794335
2.87375e-10	-0.000791497
2.87467e-10	-0.000788652
2.8756e-10	-0.000785801
2.87652e-10	-0.000782942
2.87744e-10	-0.000780076
2.87837e-10	-0.000777202
2.87929e-10	-0.000774322
2.88022e-10	-0.000771435
2.88114e-10	-0.00076854
2.88206e-10	-0.000765639
2.88299e-10	-0.00076273
2.88391e-10	-0.000759814
2.88484e-10	-0.000756891
2.88576e-10	-0.000753961
2.88668e-10	-0.000751023
2.88761e-10	-0.000748079
2.88853e-10	-0.000745127
2.88946e-10	-0.000742168
2.89038e-10	-0.000739202
2.89131e-10	-0.000736229
2.89223e-10	-0.000733249
2.89315e-10	-0.000730261
2.89408e-10	-0.000727266
2.895e-10	-0.000724264
2.89593e-10	-0.000721255
2.89685e-10	-0.000718238
2.89777e-10	-0.000715214
2.8987e-10	-0.000712183
2.89962e-10	-0.000709145
2.90055e-10	-0.000706099
2.90147e-10	-0.000703047
2.90239e-10	-0.000699987
2.90332e-10	-0.000696919
2.90424e-10	-0.000693845
2.90517e-10	-0.000690763
2.90609e-10	-0.000687674
2.90701e-10	-0.000684577
2.90794e-10	-0.000681474
2.90886e-10	-0.000678363
2.90979e-10	-0.000675244
2.91071e-10	-0.000672119
2.91163e-10	-0.000668986
2.91256e-10	-0.000665845
2.91348e-10	-0.000662698
2.91441e-10	-0.000659543
2.91533e-10	-0.00065638
2.91625e-10	-0.000653211
2.91718e-10	-0.000650033
2.9181e-10	-0.000646849
2.91903e-10	-0.000643657
2.91995e-10	-0.000640458
2.92087e-10	-0.000637252
2.9218e-10	-0.000634038
2.92272e-10	-0.000630816
2.92365e-10	-0.000627588
2.92457e-10	-0.000624351
2.92549e-10	-0.000621108
2.92642e-10	-0.000617857
2.92734e-10	-0.000614599
2.92827e-10	-0.000611333
2.92919e-10	-0.00060806
2.93011e-10	-0.000604779
2.93104e-10	-0.000601491
2.93196e-10	-0.000598195
2.93289e-10	-0.000594892
2.93381e-10	-0.000591582
2.93473e-10	-0.000588264
2.93566e-10	-0.000584938
2.93658e-10	-0.000581605
2.93751e-10	-0.000578265
2.93843e-10	-0.000574917
2.93935e-10	-0.000571562
2.94028e-10	-0.000568199
2.9412e-10	-0.000564829
2.94213e-10	-0.000561451
2.94305e-10	-0.000558065
2.94398e-10	-0.000554672
2.9449e-10	-0.000551272
2.94582e-10	-0.000547864
2.94675e-10	-0.000544448
2.94767e-10	-0.000541025
2.9486e-10	-0.000537595
2.94952e-10	-0.000534157
2.95044e-10	-0.000530711
2.95137e-10	-0.000527258
2.95229e-10	-0.000523797
2.95322e-10	-0.000520328
2.95414e-10	-0.000516852
2.95506e-10	-0.000513369
2.95599e-10	-0.000509877
2.95691e-10	-0.000506379
2.95784e-10	-0.000502872
2.95876e-10	-0.000499358
2.95968e-10	-0.000495836
2.96061e-10	-0.000492307
2.96153e-10	-0.00048877
2.96246e-10	-0.000485226
2.96338e-10	-0.000481674
2.9643e-10	-0.000478114
2.96523e-10	-0.000474546
2.96615e-10	-0.000470971
2.96708e-10	-0.000467388
2.968e-10	-0.000463798
2.96892e-10	-0.0004602
2.96985e-10	-0.000456594
2.97077e-10	-0.00045298
2.9717e-10	-0.000449359
2.97262e-10	-0.00044573
2.97354e-10	-0.000442094
2.97447e-10	-0.00043845
2.97539e-10	-0.000434798
2.97632e-10	-0.000431138
2.97724e-10	-0.000427471
2.97816e-10	-0.000423795
2.97909e-10	-0.000420113
2.98001e-10	-0.000416422
2.98094e-10	-0.000412724
2.98186e-10	-0.000409018
2.98278e-10	-0.000405304
2.98371e-10	-0.000401582
2.98463e-10	-0.000397853
2.98556e-10	-0.000394116
2.98648e-10	-0.000390371
2.9874e-10	-0.000386618
2.98833e-10	-0.000382858
2.98925e-10	-0.00037909
2.99018e-10	-0.000375314
2.9911e-10	-0.00037153
2.99202e-10	-0.000367738
2.99295e-10	-0.000363939
2.99387e-10	-0.000360131
2.9948e-10	-0.000356316
2.99572e-10	-0.000352494
2.99665e-10	-0.000348663
2.99757e-10	-0.000344824
2.99849e-10	-0.000340978
2.99942e-10	-0.000337124
3.00034e-10	-0.000333262
3.00127e-10	-0.000329392
3.00219e-10	-0.000325514
3.00311e-10	-0.000321628
3.00404e-10	-0.000317735
3.00496e-10	-0.000313834
3.00589e-10	-0.000309924
3.00681e-10	-0.000306007
3.00773e-10	-0.000302082
3.00866e-10	-0.000298149
3.00958e-10	-0.000294208
3.01051e-10	-0.00029026
3.01143e-10	-0.000286303
3.01235e-10	-0.000282339
3.01328e-10	-0.000278366
3.0142e-10	-0.000274386
3.01513e-10	-0.000270397
3.01605e-10	-0.000266401
3.01697e-10	-0.000262397
3.0179e-10	-0.000258385
3.01882e-10	-0.000254365
3.01975e-10	-0.000250337
3.02067e-10	-0.000246301
3.02159e-10	-0.000242257
3.02252e-10	-0.000238205
3.02344e-10	-0.000234145
3.02437e-10	-0.000230077
3.02529e-10	-0.000226002
3.02621e-10	-0.000221918
3.02714e-10	-0.000217826
3.02806e-10	-0.000213726
3.02899e-10	-0.000209618
3.02991e-10	-0.000205503
3.03083e-10	-0.000201379
3.03176e-10	-0.000197247
3.03268e-10	-0.000193107
3.03361e-10	-0.000188959
3.03453e-10	-0.000184804
3.03545e-10	-0.00018064
3.03638e-10	-0.000176468
3.0373e-10	-0.000172288
3.03823e-10	-0.0001681
3.03915e-10	-0.000163904
3.04007e-10	-0.000159699
3.041e-10	-0.000155487
3.04192e-10	-0.000151267
3.04285e-10	-0.000147039
3.04377e-10	-0.000142802
3.04469e-10	-0.000138558
3.04562e-10	-0.000134305
3.04654e-10	-0.000130045
3.04747e-10	-0.000125776
3.04839e-10	-0.000121499
3.04932e-10	-0.000117214
3.05024e-10	-0.000112921
3.05116e-10	-0.00010862
3.05209e-10	-0.000104311
3.05301e-10	-9.99933e-05
3.05394e-10	-9.56677e-05
3.05486e-10	-9.13341e-05
3.05578e-10	-8.69924e-05
3.05671e-10	-8.26425e-05
3.05763e-10	-7.82844e-05
3.05856e-10	-7.39182e-05
3.05948e-10	-6.95439e-05
3.0604e-10	-6.51614e-05
3.06133e-10	-6.07708e-05
3.06225e-10	-5.6372e-05
3.06318e-10	-5.1965e-05
3.0641e-10	-4.75498e-05
3.06502e-10	-4.31265e-05
3.06595e-10	-3.8695e-05
3.06687e-10	-3.42553e-05
3.0678e-10	-2.98075e-05
3.06872e-10	-2.53514e-05
3.06964e-10	-2.08872e-05
3.07057e-10	-1.64147e-05
3.07149e-10	-1.1934e-05
3.07242e-10	-7.44517e-06
3.07334e-10	-2.94809e-06
3.07426e-10	1.55722e-06
3.07519e-10	6.07074e-06
3.07611e-10	1.05925e-05
3.07704e-10	1.51225e-05
3.07796e-10	1.96607e-05
3.07888e-10	2.42071e-05
3.07981e-10	2.87618e-05
3.08073e-10	3.33247e-05
3.08166e-10	3.78959e-05
3.08258e-10	4.24754e-05
3.0835e-10	4.70631e-05
3.08443e-10	5.1659e-05
3.08535e-10	5.62633e-05
3.08628e-10	6.08758e-05
3.0872e-10	6.54965e-05
3.08812e-10	7.01256e-05
3.08905e-10	7.47629e-05
3.08997e-10	7.94085e-05
3.0909e-10	8.40624e-05
3.09182e-10	8.87246e-05
3.09274e-10	9.33951e-05
3.09367e-10	9.80739e-05
3.09459e-10	0.000102761
3.09552e-10	0.000107456
3.09644e-10	0.00011216
3.09736e-10	0.000116872
3.09829e-10	0.000121593
3.09921e-10	0.000126321
3.10014e-10	0.000131058
3.10106e-10	0.000135804
3.10199e-10	0.000140557
3.10291e-10	0.000145319
3.10383e-10	0.00015009
3.10476e-10	0.000154869
3.10568e-10	0.000159656
3.10661e-10	0.000164451
3.10753e-10	0.000169255
3.10845e-10	0.000174067
3.10938e-10	0.000178887
3.1103e-10	0.000183716
3.11123e-10	0.000188554
3.11215e-10	0.000193399
3.11307e-10	0.000198253
3.114e-10	0.000203116
3.11492e-10	0.000207986
3.11585e-10	0.000212866
3.11677e-10	0.000217753
3.11769e-10	0.000222649
3.11862e-10	0.000227554
3.11954e-10	0.000232466
3.12047e-10	0.000237388
3.12139e-10	0.000242317
3.12231e-10	0.000247255
3.12324e-10	0.000252202
3.12416e-10	0.000257157
3.12509e-10	0.00026212
3.12601e-10	0.000267092
3.12693e-10	0.000272072
3.12786e-10	0.00027706
3.12878e-10	0.000282057
3.12971e-10	0.000287063
3.13063e-10	0.000292077
3.13155e-10	0.000297099
3.13248e-10	0.00030213
3.1334e-10	0.000307169
3.13433e-10	0.000312217
3.13525e-10	0.000317273
3.13617e-10	0.000322338
3.1371e-10	0.000327411
3.13802e-10	0.000332493
3.13895e-10	0.000337583
3.13987e-10	0.000342681
3.14079e-10	0.000347788
3.14172e-10	0.000352904
3.14264e-10	0.000358028
3.14357e-10	0.000363161
3.14449e-10	0.000368302
3.14541e-10	0.000373451
3.14634e-10	0.000378609
3.14726e-10	0.000383776
3.14819e-10	0.000388951
3.14911e-10	0.000394134
3.15003e-10	0.000399326
3.15096e-10	0.000404527
3.15188e-10	0.000409736
3.15281e-10	0.000414954
3.15373e-10	0.00042018
3.15466e-10	0.000425415
3.15558e-10	0.000430658
3.1565e-10	0.00043591
3.15743e-10	0.00044117
3.15835e-10	0.000446439
3.15928e-10	0.000451716
3.1602e-10	0.000457002
3.16112e-10	0.000462297
3.16205e-10	0.0004676
3.16297e-10	0.000472911
3.1639e-10	0.000478231
3.16482e-10	0.00048356
3.16574e-10	0.000488897
3.16667e-10	0.000494243
3.16759e-10	0.000499598
3.16852e-10	0.000504961
3.16944e-10	0.000510332
3.17036e-10	0.000515712
3.17129e-10	0.000521101
3.17221e-10	0.000526498
3.17314e-10	0.000531904
3.17406e-10	0.000537319
3.17498e-10	0.000542742
3.17591e-10	0.000548174
3.17683e-10	0.000553614
3.17776e-10	0.000559063
3.17868e-10	0.00056452
3.1796e-10	0.000569986
3.18053e-10	0.000575461
3.18145e-10	0.000580944
3.18238e-10	0.000586436
3.1833e-10	0.000591937
3.18422e-10	0.000597446
3.18515e-10	0.000602964
3.18607e-10	0.00060849
3.187e-10	0.000614025
3.18792e-10	0.000619569
3.18884e-10	0.000625121
3.18977e-10	0.000630682
3.19069e-10	0.000636251
3.19162e-10	0.00064183
3.19254e-10	0.000647416
3.19346e-10	0.000653012
3.19439e-10	0.000658616
3.19531e-10	0.000664229
3.19624e-10	0.00066985
3.19716e-10	0.00067548
3.19808e-10	0.000681119
3.19901e-10	0.000686766
3.19993e-10	0.000692422
3.20086e-10	0.000698087
3.20178e-10	0.00070376
3.2027e-10	0.000709442
3.20363e-10	0.000715133
3.20455e-10	0.000720832
3.20548e-10	0.00072654
3.2064e-10	0.000732257
3.20733e-10	0.000737982
3.20825e-10	0.000743716
3.20917e-10	0.000749459
3.2101e-10	0.00075521
3.21102e-10	0.000760971
3.21195e-10	0.000766739
3.21287e-10	0.000772517
3.21379e-10	0.000778303
3.21472e-10	0.000784098
3.21564e-10	0.000789901
3.21657e-10	0.000795713
3.21749e-10	0.000801534
3.21841e-10	0.000807364
3.21934e-10	0.000813202
3.22026e-10	0.000819049
3.22119e-10	0.000824905
3.22211e-10	0.000830769
3.22303e-10	0.000836643
3.22396e-10	0.000842524
3.22488e-10	0.000848415
3.22581e-10	0.000854314
3.22673e-10	0.000860222
3.22765e-10	0.000866139
3.22858e-10	0.000872064
3.2295e-10	0.000877999
3.23043e-10	0.000883941
3.23135e-10	0.000889893
3.23227e-10	0.000895853
3.2332e-10	0.000901822
3.23412e-10	0.0009078
3.23505e-10	0.000913787
3.23597e-10	0.000919782
3.23689e-10	0.000925786
3.23782e-10	0.000931799
3.23874e-10	0.00093782
3.23967e-10	0.00094385
3.24059e-10	0.000949889
3.24151e-10	0.000955937
3.24244e-10	0.000961993
3.24336e-10	0.000968058
3.24429e-10	0.000974132
3.24521e-10	0.000980215
3.24613e-10	0.000986306
3.24706e-10	0.000992406
3.24798e-10	0.000998515
3.24891e-10	0.00100463
3.24983e-10	0.00101076
3.25075e-10	0.00101689
3.25168e-10	0.00102304
3.2526e-10	0.00102919
3.25353e-10	0.00103535
3.25445e-10	0.00104152
3.25537e-10	0.0010477
3.2563e-10	0.00105389
3.25722e-10	0.00106009
3.25815e-10	0.00106629
3.25907e-10	0.0010725
3.26e-10	0.00107873
3.26092e-10	0.00108496
3.26184e-10	0.0010912
3.26277e-10	0.00109745
3.26369e-10	0.00110371
3.26462e-10	0.00110997
3.26554e-10	0.00111625
3.26646e-10	0.00112253
3.26739e-10	0.00112883
3.26831e-10	0.00113513
3.26924e-10	0.00114144
3.27016e-10	0.00114776
3.27108e-10	0.00115408
3.27201e-10	0.00116042
3.27293e-10	0.00116677
3.27386e-10	0.00117312
3.27478e-10	0.00117948
3.2757e-10	0.00118586
3.27663e-10	0.00119224
3.27755e-10	0.00119863
3.27848e-10	0.00120503
3.2794e-10	0.00121143
3.28032e-10	0.00121785
3.28125e-10	0.00122427
3.28217e-10	0.00123071
3.2831e-10	0.00123715
3.28402e-10	0.0012436
3.28494e-10	0.00125006
3.28587e-10	0.00125653
3.28679e-10	0.001263
3.28772e-10	0.00126949
3.28864e-10	0.00127599
3.28956e-10	0.00128249
3.29049e-10	0.001289
3.29141e-10	0.00129552
3.29234e-10	0.00130205
3.29326e-10	0.00130859
3.29418e-10	0.00131514
3.29511e-10	0.0013217
3.29603e-10	0.00132826
3.29696e-10	0.00133484
3.29788e-10	0.00134142
3.2988e-10	0.00134801
3.29973e-10	0.00135461
3.30065e-10	0.00136122
3.30158e-10	0.00136784
3.3025e-10	0.00137447
3.30342e-10	0.0013811
3.30435e-10	0.00138775
3.30527e-10	0.0013944
3.3062e-10	0.00140106
3.30712e-10	0.00140773
3.30804e-10	0.00141441
3.30897e-10	0.0014211
3.30989e-10	0.0014278
3.31082e-10	0.0014345
3.31174e-10	0.00144122
3.31267e-10	0.00144794
3.31359e-10	0.00145467
3.31451e-10	0.00146141
3.31544e-10	0.00146816
3.31636e-10	0.00147492
3.31729e-10	0.00148169
3.31821e-10	0.00148847
3.31913e-10	0.00149525
3.32006e-10	0.00150205
3.32098e-10	0.00150885
3.32191e-10	0.00151566
3.32283e-10	0.00152248
3.32375e-10	0.00152931
3.32468e-10	0.00153615
3.3256e-10	0.001543
3.32653e-10	0.00154985
3.32745e-10	0.00155672
3.32837e-10	0.00156359
3.3293e-10	0.00157047
3.33022e-10	0.00157736
3.33115e-10	0.00158426
3.33207e-10	0.00159117
3.33299e-10	0.00159809
3.33392e-10	0.00160501
3.33484e-10	0.00161195
3.33577e-10	0.00161889
3.33669e-10	0.00162584
3.33761e-10	0.0016328
3.33854e-10	0.00163977
3.33946e-10	0.00164675
3.34039e-10	0.00165374
3.34131e-10	0.00166074
3.34223e-10	0.00166774
3.34316e-10	0.00167475
3.34408e-10	0.00168178
3.34501e-10	0.00168881
3.34593e-10	0.00169585
3.34685e-10	0.0017029
3.34778e-10	0.00170995
3.3487e-10	0.00171702
3.34963e-10	0.0017241
3.35055e-10	0.00173118
3.35147e-10	0.00173827
3.3524e-10	0.00174537
3.35332e-10	0.00175249
3.35425e-10	0.0017596
3.35517e-10	0.00176673
3.35609e-10	0.00177387
3.35702e-10	0.00178101
3.35794e-10	0.00178817
3.35887e-10	0.00179533
3.35979e-10	0.0018025
3.36071e-10	0.00180968
3.36164e-10	0.00181687
3.36256e-10	0.00182407
3.36349e-10	0.00183128
3.36441e-10	0.00183849
3.36534e-10	0.00184572
3.36626e-10	0.00185295
3.36718e-10	0.00186019
3.36811e-10	0.00186744
3.36903e-10	0.0018747
3.36996e-10	0.00188197
3.37088e-10	0.00188925
3.3718e-10	0.00189653
3.37273e-10	0.00190383
3.37365e-10	0.00191113
3.37458e-10	0.00191844
3.3755e-10	0.00192576
3.37642e-10	0.00193309
3.37735e-10	0.00194043
3.37827e-10	0.00194778
3.3792e-10	0.00195513
3.38012e-10	0.0019625
3.38104e-10	0.00196987
3.38197e-10	0.00197725
3.38289e-10	0.00198464
3.38382e-10	0.00199204
3.38474e-10	0.00199945
3.38566e-10	0.00200687
3.38659e-10	0.00201429
3.38751e-10	0.00202173
3.38844e-10	0.00202917
3.38936e-10	0.00203662
3.39028e-10	0.00204408
3.39121e-10	0.00205155
3.39213e-10	0.00205903
3.39306e-10	0.00206651
3.39398e-10	0.00207401
3.3949e-10	0.00208151
3.39583e-10	0.00208903
3.39675e-10	0.00209655
3.39768e-10	0.00210408
3.3986e-10	0.00211162
3.39952e-10	0.00211916
3.40045e-10	0.00212672
3.40137e-10	0.00213428
3.4023e-10	0.00214186
3.40322e-10	0.00214944
3.40414e-10	0.00215703
3.40507e-10	0.00216463
3.40599e-10	0.00217224
3.40692e-10	0.00217986
3.40784e-10	0.00218748
3.40876e-10	0.00219512
3.40969e-10	0.00220276
3.41061e-10	0.00221041
3.41154e-10	0.00221807
3.41246e-10	0.00222574
3.41338e-10	0.00223342
3.41431e-10	0.0022411
3.41523e-10	0.0022488
3.41616e-10	0.0022565
3.41708e-10	0.00226421
3.41801e-10	0.00227194
3.41893e-10	0.00227967
3.41985e-10	0.0022874
3.42078e-10	0.00229515
3.4217e-10	0.00230291
3.42263e-10	0.00231067
3.42355e-10	0.00231844
3.42447e-10	0.00232622
3.4254e-10	0.00233401
3.42632e-10	0.00234181
3.42725e-10	0.00234962
3.42817e-10	0.00235744
3.42909e-10	0.00236526
3.43002e-10	0.00237309
3.43094e-10	0.00238094
3.43187e-10	0.00238879
3.43279e-10	0.00239665
3.43371e-10	0.00240451
3.43464e-10	0.00241239
3.43556e-10	0.00242027
3.43649e-10	0.00242817
3.43741e-10	0.00243607
3.43833e-10	0.00244398
3.43926e-10	0.0024519
3.44018e-10	0.00245983
3.44111e-10	0.00246776
3.44203e-10	0.00247571
3.44295e-10	0.00248366
3.44388e-10	0.00249162
3.4448e-10	0.00249959
3.44573e-10	0.00250757
3.44665e-10	0.00251556
3.44757e-10	0.00252356
3.4485e-10	0.00253156
3.44942e-10	0.00253958
3.45035e-10	0.0025476
3.45127e-10	0.00255563
3.45219e-10	0.00256367
3.45312e-10	0.00257172
3.45404e-10	0.00257977
3.45497e-10	0.00258784
3.45589e-10	0.00259591
3.45681e-10	0.00260399
3.45774e-10	0.00261208
3.45866e-10	0.00262018
3.45959e-10	0.00262829
3.46051e-10	0.0026364
3.46143e-10	0.00264453
3.46236e-10	0.00265266
3.46328e-10	0.0026608
3.46421e-10	0.00266895
3.46513e-10	0.00267711
3.46605e-10	0.00268528
3.46698e-10	0.00269345
3.4679e-10	0.00270164
3.46883e-10	0.00270983
3.46975e-10	0.00271803
3.47068e-10	0.00272624
3.4716e-10	0.00273446
3.47252e-10	0.00274268
3.47345e-10	0.00275092
3.47437e-10	0.00275916
3.4753e-10	0.00276741
3.47622e-10	0.00277567
3.47714e-10	0.00278394
3.47807e-10	0.00279221
3.47899e-10	0.0028005
3.47992e-10	0.00280879
3.48084e-10	0.0028171
3.48176e-10	0.00282541
3.48269e-10	0.00283372
3.48361e-10	0.00284205
3.48454e-10	0.00285039
3.48546e-10	0.00285873
3.48638e-10	0.00286708
3.48731e-10	0.00287545
3.48823e-10	0.00288381
3.48916e-10	0.00289219
3.49008e-10	0.00290058
3.491e-10	0.00290897
3.49193e-10	0.00291737
3.49285e-10	0.00292579
3.49378e-10	0.00293421
3.4947e-10	0.00294263
3.49562e-10	0.00295107
3.49655e-10	0.00295951
3.49747e-10	0.00296797
3.4984e-10	0.00297643
3.49932e-10	0.0029849
3.50024e-10	0.00299337
3.50117e-10	0.00300186
3.50209e-10	0.00301036
3.50302e-10	0.00301886
3.50394e-10	0.00302737
3.50486e-10	0.00303589
3.50579e-10	0.00304442
3.50671e-10	0.00305295
3.50764e-10	0.0030615
3.50856e-10	0.00307005
3.50948e-10	0.00307861
3.51041e-10	0.00308718
3.51133e-10	0.00309576
3.51226e-10	0.00310434
3.51318e-10	0.00311294
3.5141e-10	0.00312154
3.51503e-10	0.00313015
3.51595e-10	0.00313877
3.51688e-10	0.00314739
3.5178e-10	0.00315603
3.51872e-10	0.00316467
3.51965e-10	0.00317332
3.52057e-10	0.00318198
3.5215e-10	0.00319065
3.52242e-10	0.00319933
3.52335e-10	0.00320801
3.52427e-10	0.0032167
3.52519e-10	0.0032254
3.52612e-10	0.00323411
3.52704e-10	0.00324283
3.52797e-10	0.00325155
3.52889e-10	0.00326029
3.52981e-10	0.00326903
3.53074e-10	0.00327778
3.53166e-10	0.00328654
3.53259e-10	0.0032953
3.53351e-10	0.00330408
3.53443e-10	0.00331286
3.53536e-10	0.00332165
3.53628e-10	0.00333045
3.53721e-10	0.00333925
3.53813e-10	0.00334807
3.53905e-10	0.00335689
3.53998e-10	0.00336572
3.5409e-10	0.00337456
3.54183e-10	0.00338341
3.54275e-10	0.00339226
3.54367e-10	0.00340113
3.5446e-10	0.00341
3.54552e-10	0.00341888
3.54645e-10	0.00342776
3.54737e-10	0.00343666
3.54829e-10	0.00344556
3.54922e-10	0.00345447
3.55014e-10	0.00346339
3.55107e-10	0.00347232
3.55199e-10	0.00348126
3.55291e-10	0.0034902
3.55384e-10	0.00349915
3.55476e-10	0.00350811
3.55569e-10	0.00351708
3.55661e-10	0.00352605
3.55753e-10	0.00353504
3.55846e-10	0.00354403
3.55938e-10	0.00355303
3.56031e-10	0.00356203
3.56123e-10	0.00357105
3.56215e-10	0.00358007
3.56308e-10	0.0035891
3.564e-10	0.00359814
3.56493e-10	0.00360719
3.56585e-10	0.00361624
3.56677e-10	0.00362531
3.5677e-10	0.00363438
3.56862e-10	0.00364345
3.56955e-10	0.00365254
3.57047e-10	0.00366164
3.57139e-10	0.00367074
3.57232e-10	0.00367985
3.57324e-10	0.00368896
3.57417e-10	0.00369809
3.57509e-10	0.00370722
3.57602e-10	0.00371637
3.57694e-10	0.00372551
3.57786e-10	0.00373467
3.57879e-10	0.00374384
3.57971e-10	0.00375301
3.58064e-10	0.00376219
3.58156e-10	0.00377138
3.58248e-10	0.00378057
3.58341e-10	0.00378978
3.58433e-10	0.00379899
3.58526e-10	0.00380821
3.58618e-10	0.00381743
3.5871e-10	0.00382667
3.58803e-10	0.00383591
3.58895e-10	0.00384516
3.58988e-10	0.00385442
3.5908e-10	0.00386369
3.59172e-10	0.00387296
3.59265e-10	0.00388224
3.59357e-10	0.00389153
3.5945e-10	0.00390082
3.59542e-10	0.00391013
3.59634e-10	0.00391944
3.59727e-10	0.00392876
3.59819e-10	0.00393809
3.59912e-10	0.00394742
3.60004e-10	0.00395676
3.60096e-10	0.00396611
3.60189e-10	0.00397547
3.60281e-10	0.00398484
3.60374e-10	0.00399421
3.60466e-10	0.00400359
3.60558e-10	0.00401298
3.60651e-10	0.00402237
3.60743e-10	0.00403178
3.60836e-10	0.00404119
3.60928e-10	0.00405061
3.6102e-10	0.00406003
3.61113e-10	0.00406947
3.61205e-10	0.00407891
3.61298e-10	0.00408835
3.6139e-10	0.00409781
3.61482e-10	0.00410727
3.61575e-10	0.00411674
3.61667e-10	0.00412622
3.6176e-10	0.00413571
3.61852e-10	0.0041452
3.61944e-10	0.0041547
3.62037e-10	0.00416421
3.62129e-10	0.00417373
3.62222e-10	0.00418325
3.62314e-10	0.00419278
3.62406e-10	0.00420232
3.62499e-10	0.00421186
3.62591e-10	0.00422142
3.62684e-10	0.00423098
3.62776e-10	0.00424054
3.62869e-10	0.00425012
3.62961e-10	0.0042597
3.63053e-10	0.00426929
3.63146e-10	0.00427889
3.63238e-10	0.00428849
3.63331e-10	0.0042981
3.63423e-10	0.00430772
3.63515e-10	0.00431735
3.63608e-10	0.00432698
3.637e-10	0.00433662
3.63793e-10	0.00434627
3.63885e-10	0.00435593
3.63977e-10	0.00436559
3.6407e-10	0.00437526
3.64162e-10	0.00438494
3.64255e-10	0.00439462
3.64347e-10	0.00440431
3.64439e-10	0.00441401
3.64532e-10	0.00442372
3.64624e-10	0.00443343
3.64717e-10	0.00444315
3.64809e-10	0.00445288
3.64901e-10	0.00446262
3.64994e-10	0.00447236
3.65086e-10	0.00448211
3.65179e-10	0.00449186
3.65271e-10	0.00450163
3.65363e-10	0.0045114
3.65456e-10	0.00452118
3.65548e-10	0.00453096
3.65641e-10	0.00454075
3.65733e-10	0.00455055
3.65825e-10	0.00456036
3.65918e-10	0.00457017
3.6601e-10	0.00457999
3.66103e-10	0.00458982
3.66195e-10	0.00459965
3.66287e-10	0.00460949
3.6638e-10	0.00461934
3.66472e-10	0.0046292
3.66565e-10	0.00463906
3.66657e-10	0.00464893
3.66749e-10	0.0046588
3.66842e-10	0.00466869
3.66934e-10	0.00467858
3.67027e-10	0.00468848
3.67119e-10	0.00469838
3.67211e-10	0.00470829
3.67304e-10	0.00471821
3.67396e-10	0.00472813
3.67489e-10	0.00473806
3.67581e-10	0.004748
3.67673e-10	0.00475795
3.67766e-10	0.0047679
3.67858e-10	0.00477786
3.67951e-10	0.00478783
3.68043e-10	0.0047978
3.68135e-10	0.00480778
3.68228e-10	0.00481776
3.6832e-10	0.00482776
3.68413e-10	0.00483776
3.68505e-10	0.00484776
3.68598e-10	0.00485778
3.6869e-10	0.0048678
3.68782e-10	0.00487783
3.68875e-10	0.00488786
3.68967e-10	0.0048979
3.6906e-10	0.00490795
3.69152e-10	0.004918
3.69244e-10	0.00492806
3.69337e-10	0.00493813
3.69429e-10	0.0049482
3.69522e-10	0.00495828
3.69614e-10	0.00496837
3.69706e-10	0.00497846
3.69799e-10	0.00498856
3.69891e-10	0.00499867
3.69984e-10	0.00500878
3.70076e-10	0.0050189
3.70168e-10	0.00502903
3.70261e-10	0.00503916
3.70353e-10	0.0050493
3.70446e-10	0.00505945
3.70538e-10	0.0050696
3.7063e-10	0.00507976
3.70723e-10	0.00508993
3.70815e-10	0.0051001
3.70908e-10	0.00511028
3.71e-10	0.00512047
3.71092e-10	0.00513066
3.71185e-10	0.00514086
3.71277e-10	0.00515106
3.7137e-10	0.00516127
3.71462e-10	0.00517149
3.71554e-10	0.00518171
3.71647e-10	0.00519194
3.71739e-10	0.00520218
3.71832e-10	0.00521242
3.71924e-10	0.00522267
3.72016e-10	0.00523293
3.72109e-10	0.00524319
3.72201e-10	0.00525346
3.72294e-10	0.00526373
3.72386e-10	0.00527401
3.72478e-10	0.0052843
3.72571e-10	0.00529459
3.72663e-10	0.00530489
3.72756e-10	0.0053152
3.72848e-10	0.00532551
3.7294e-10	0.00533583
3.73033e-10	0.00534616
3.73125e-10	0.00535649
3.73218e-10	0.00536682
3.7331e-10	0.00537717
3.73402e-10	0.00538752
3.73495e-10	0.00539787
3.73587e-10	0.00540823
3.7368e-10	0.0054186
3.73772e-10	0.00542897
3.73865e-10	0.00543935
3.73957e-10	0.00544974
3.74049e-10	0.00546013
3.74142e-10	0.00547053
3.74234e-10	0.00548093
3.74327e-10	0.00549134
3.74419e-10	0.00550176
3.74511e-10	0.00551218
3.74604e-10	0.00552261
3.74696e-10	0.00553304
3.74789e-10	0.00554348
3.74881e-10	0.00555393
3.74973e-10	0.00556438
3.75066e-10	0.00557484
3.75158e-10	0.0055853
3.75251e-10	0.00559577
3.75343e-10	0.00560625
3.75435e-10	0.00561673
3.75528e-10	0.00562722
3.7562e-10	0.00563771
3.75713e-10	0.00564821
3.75805e-10	0.00565871
3.75897e-10	0.00566922
3.7599e-10	0.00567974
3.76082e-10	0.00569026
3.76175e-10	0.00570079
3.76267e-10	0.00571132
3.76359e-10	0.00572186
3.76452e-10	0.00573241
3.76544e-10	0.00574296
3.76637e-10	0.00575351
3.76729e-10	0.00576407
3.76821e-10	0.00577464
3.76914e-10	0.00578521
3.77006e-10	0.00579579
3.77099e-10	0.00580638
3.77191e-10	0.00581697
3.77283e-10	0.00582756
3.77376e-10	0.00583817
3.77468e-10	0.00584877
3.77561e-10	0.00585938
3.77653e-10	0.00587
3.77745e-10	0.00588063
3.77838e-10	0.00589125
3.7793e-10	0.00590189
3.78023e-10	0.00591253
3.78115e-10	0.00592317
3.78207e-10	0.00593382
3.783e-10	0.00594448
3.78392e-10	0.00595514
3.78485e-10	0.00596581
3.78577e-10	0.00597648
3.78669e-10	0.00598716
3.78762e-10	0.00599784
3.78854e-10	0.00600853
3.78947e-10	0.00601922
3.79039e-10	0.00602992
3.79132e-10	0.00604063
3.79224e-10	0.00605134
3.79316e-10	0.00606205
3.79409e-10	0.00607277
3.79501e-10	0.0060835
3.79594e-10	0.00609423
3.79686e-10	0.00610496
3.79778e-10	0.00611571
3.79871e-10	0.00612645
3.79963e-10	0.0061372
3.80056e-10	0.00614796
3.80148e-10	0.00615872
3.8024e-10	0.00616949
3.80333e-10	0.00618026
3.80425e-10	0.00619104
3.80518e-10	0.00620182
3.8061e-10	0.00621261
3.80702e-10	0.0062234
3.80795e-10	0.0062342
3.80887e-10	0.006245
3.8098e-10	0.0062558
3.81072e-10	0.00626662
3.81164e-10	0.00627743
3.81257e-10	0.00628826
3.81349e-10	0.00629908
3.81442e-10	0.00630991
3.81534e-10	0.00632075
3.81626e-10	0.00633159
3.81719e-10	0.00634244
3.81811e-10	0.00635329
3.81904e-10	0.00636415
3.81996e-10	0.00637501
3.82088e-10	0.00638587
3.82181e-10	0.00639674
3.82273e-10	0.00640762
3.82366e-10	0.0064185
3.82458e-10	0.00642939
3.8255e-10	0.00644027
3.82643e-10	0.00645117
3.82735e-10	0.00646207
3.82828e-10	0.00647297
3.8292e-10	0.00648388
3.83012e-10	0.00649479
3.83105e-10	0.00650571
3.83197e-10	0.00651663
3.8329e-10	0.00652756
3.83382e-10	0.00653849
3.83474e-10	0.00654943
3.83567e-10	0.00656037
3.83659e-10	0.00657131
3.83752e-10	0.00658226
3.83844e-10	0.00659322
3.83936e-10	0.00660418
3.84029e-10	0.00661514
3.84121e-10	0.00662611
3.84214e-10	0.00663708
3.84306e-10	0.00664805
3.84399e-10	0.00665903
3.84491e-10	0.00667002
3.84583e-10	0.00668101
3.84676e-10	0.006692
3.84768e-10	0.006703
3.84861e-10	0.006714
3.84953e-10	0.00672501
3.85045e-10	0.00673602
3.85138e-10	0.00674704
3.8523e-10	0.00675806
3.85323e-10	0.00676908
3.85415e-10	0.00678011
3.85507e-10	0.00679114
3.856e-10	0.00680218
3.85692e-10	0.00681322
3.85785e-10	0.00682426
3.85877e-10	0.00683531
3.85969e-10	0.00684636
3.86062e-10	0.00685742
3.86154e-10	0.00686848
3.86247e-10	0.00687955
3.86339e-10	0.00689061
3.86431e-10	0.00690169
3.86524e-10	0.00691276
3.86616e-10	0.00692385
3.86709e-10	0.00693493
3.86801e-10	0.00694602
3.86893e-10	0.00695711
3.86986e-10	0.00696821
3.87078e-10	0.00697931
3.87171e-10	0.00699041
3.87263e-10	0.00700152
3.87355e-10	0.00701263
3.87448e-10	0.00702375
3.8754e-10	0.00703487
3.87633e-10	0.00704599
3.87725e-10	0.00705712
3.87817e-10	0.00706825
3.8791e-10	0.00707939
3.88002e-10	0.00709053
3.88095e-10	0.00710167
3.88187e-10	0.00711281
3.88279e-10	0.00712396
3.88372e-10	0.00713512
3.88464e-10	0.00714627
3.88557e-10	0.00715743
3.88649e-10	0.0071686
3.88741e-10	0.00717977
3.88834e-10	0.00719094
3.88926e-10	0.00720211
3.89019e-10	0.00721329
3.89111e-10	0.00722447
3.89203e-10	0.00723566
3.89296e-10	0.00724684
3.89388e-10	0.00725804
3.89481e-10	0.00726923
3.89573e-10	0.00728043
3.89666e-10	0.00729163
3.89758e-10	0.00730284
3.8985e-10	0.00731405
3.89943e-10	0.00732526
3.90035e-10	0.00733647
3.90128e-10	0.00734769
3.9022e-10	0.00735892
3.90312e-10	0.00737014
3.90405e-10	0.00738137
3.90497e-10	0.0073926
3.9059e-10	0.00740384
3.90682e-10	0.00741507
3.90774e-10	0.00742631
3.90867e-10	0.00743756
3.90959e-10	0.00744881
3.91052e-10	0.00746006
3.91144e-10	0.00747131
3.91236e-10	0.00748257
3.91329e-10	0.00749383
3.91421e-10	0.00750509
3.91514e-10	0.00751635
3.91606e-10	0.00752762
3.91698e-10	0.00753889
3.91791e-10	0.00755017
3.91883e-10	0.00756145
3.91976e-10	0.00757273
3.92068e-10	0.00758401
3.9216e-10	0.00759529
3.92253e-10	0.00760658
3.92345e-10	0.00761787
3.92438e-10	0.00762917
3.9253e-10	0.00764047
3.92622e-10	0.00765177
3.92715e-10	0.00766307
3.92807e-10	0.00767437
3.929e-10	0.00768568
3.92992e-10	0.00769699
3.93084e-10	0.00770831
3.93177e-10	0.00771962
3.93269e-10	0.00773094
3.93362e-10	0.00774226
3.93454e-10	0.00775358
3.93546e-10	0.00776491
3.93639e-10	0.00777624
3.93731e-10	0.00778757
3.93824e-10	0.0077989
3.93916e-10	0.00781024
3.94008e-10	0.00782158
3.94101e-10	0.00783292
3.94193e-10	0.00784426
3.94286e-10	0.00785561
3.94378e-10	0.00786696
3.9447e-10	0.00787831
3.94563e-10	0.00788966
3.94655e-10	0.00790101
3.94748e-10	0.00791237
3.9484e-10	0.00792373
3.94933e-10	0.00793509
3.95025e-10	0.00794646
3.95117e-10	0.00795782
3.9521e-10	0.00796919
3.95302e-10	0.00798056
3.95395e-10	0.00799193
3.95487e-10	0.00800331
3.95579e-10	0.00801468
3.95672e-10	0.00802606
3.95764e-10	0.00803744
3.95857e-10	0.00804883
3.95949e-10	0.00806021
3.96041e-10	0.0080716
3.96134e-10	0.00808299
3.96226e-10	0.00809438
3.96319e-10	0.00810577
3.96411e-10	0.00811717
3.96503e-10	0.00812856
3.96596e-10	0.00813996
3.96688e-10	0.00815136
3.96781e-10	0.00816276
3.96873e-10	0.00817417
3.96965e-10	0.00818557
3.97058e-10	0.00819698
3.9715e-10	0.00820839
3.97243e-10	0.0082198
3.97335e-10	0.00823121
3.97427e-10	0.00824262
3.9752e-10	0.00825404
3.97612e-10	0.00826546
3.97705e-10	0.00827687
3.97797e-10	0.00828829
3.97889e-10	0.00829972
3.97982e-10	0.00831114
3.98074e-10	0.00832256
3.98167e-10	0.00833399
3.98259e-10	0.00834542
3.98351e-10	0.00835685
3.98444e-10	0.00836828
3.98536e-10	0.00837971
3.98629e-10	0.00839114
3.98721e-10	0.00840258
3.98813e-10	0.00841401
3.98906e-10	0.00842545
3.98998e-10	0.00843689
3.99091e-10	0.00844833
3.99183e-10	0.00845977
3.99275e-10	0.00847121
3.99368e-10	0.00848265
3.9946e-10	0.0084941
3.99553e-10	0.00850554
3.99645e-10	0.00851699
3.99737e-10	0.00852843
3.9983e-10	0.00853988
3.99922e-10	0.00855133
4.00015e-10	0.00856278
4.00107e-10	0.00857424
4.002e-10	0.00858569
4.00292e-10	0.00859714
4.00384e-10	0.0086086
4.00477e-10	0.00862005
4.00569e-10	0.00863151
4.00662e-10	0.00864296
4.00754e-10	0.00865442
4.00846e-10	0.00866588
4.00939e-10	0.00867734
4.01031e-10	0.0086888
4.01124e-10	0.00870026
4.01216e-10	0.00871172
4.01308e-10	0.00872318
4.01401e-10	0.00873465
4.01493e-10	0.00874611
4.01586e-10	0.00875757
4.01678e-10	0.00876904
4.0177e-10	0.0087805
4.01863e-10	0.00879197
4.01955e-10	0.00880344
4.02048e-10	0.0088149
4.0214e-10	0.00882637
4.02232e-10	0.00883784
4.02325e-10	0.00884931
4.02417e-10	0.00886077
4.0251e-10	0.00887224
4.02602e-10	0.00888371
4.02694e-10	0.00889518
4.02787e-10	0.00890665
4.02879e-10	0.00891812
4.02972e-10	0.00892959
4.03064e-10	0.00894106
4.03156e-10	0.00895253
4.03249e-10	0.008964
4.03341e-10	0.00897548
4.03434e-10	0.00898695
4.03526e-10	0.00899842
4.03618e-10	0.00900989
4.03711e-10	0.00902136
4.03803e-10	0.00903283
4.03896e-10	0.0090443
4.03988e-10	0.00905577
4.0408e-10	0.00906724
4.04173e-10	0.00907872
4.04265e-10	0.00909019
4.04358e-10	0.00910166
4.0445e-10	0.00911313
4.04542e-10	0.0091246
4.04635e-10	0.00913607
4.04727e-10	0.00914754
4.0482e-10	0.00915901
4.04912e-10	0.00917048
4.05004e-10	0.00918195
4.05097e-10	0.00919342
4.05189e-10	0.00920489
4.05282e-10	0.00921635
4.05374e-10	0.00922782
4.05467e-10	0.00923929
4.05559e-10	0.00925076
4.05651e-10	0.00926222
4.05744e-10	0.00927369
4.05836e-10	0.00928515
4.05929e-10	0.00929662
4.06021e-10	0.00930808
4.06113e-10	0.00931955
4.06206e-10	0.00933101
4.06298e-10	0.00934247
4.06391e-10	0.00935393
4.06483e-10	0.00936539
4.06575e-10	0.00937685
4.06668e-10	0.00938831
4.0676e-10	0.00939977
4.06853e-10	0.00941123
4.06945e-10	0.00942269
4.07037e-10	0.00943414
4.0713e-10	0.0094456
4.07222e-10	0.00945705
4.07315e-10	0.00946851
4.07407e-10	0.00947996
4.07499e-10	0.00949141
4.07592e-10	0.00950286
4.07684e-10	0.00951431
4.07777e-10	0.00952576
4.07869e-10	0.0095372
4.07961e-10	0.00954865
4.08054e-10	0.00956009
4.08146e-10	0.00957154
4.08239e-10	0.00958298
4.08331e-10	0.00959442
4.08423e-10	0.00960586
4.08516e-10	0.0096173
4.08608e-10	0.00962874
4.08701e-10	0.00964017
4.08793e-10	0.00965161
4.08885e-10	0.00966304
4.08978e-10	0.00967447
4.0907e-10	0.0096859
4.09163e-10	0.00969733
4.09255e-10	0.00970876
4.09347e-10	0.00972018
4.0944e-10	0.00973161
4.09532e-10	0.00974303
4.09625e-10	0.00975445
4.09717e-10	0.00976587
4.09809e-10	0.00977729
4.09902e-10	0.0097887
4.09994e-10	0.00980012
4.10087e-10	0.00981153
4.10179e-10	0.00982294
4.10271e-10	0.00983435
4.10364e-10	0.00984575
4.10456e-10	0.00985716
4.10549e-10	0.00986856
4.10641e-10	0.00987996
4.10734e-10	0.00989136
4.10826e-10	0.00990276
4.10918e-10	0.00991415
4.11011e-10	0.00992555
4.11103e-10	0.00993694
4.11196e-10	0.00994833
4.11288e-10	0.00995971
4.1138e-10	0.0099711
4.11473e-10	0.00998248
4.11565e-10	0.00999386
4.11658e-10	0.0100052
4.1175e-10	0.0100166
4.11842e-10	0.010028
4.11935e-10	0.0100394
4.12027e-10	0.0100507
4.1212e-10	0.0100621
4.12212e-10	0.0100735
4.12304e-10	0.0100848
4.12397e-10	0.0100962
4.12489e-10	0.0101075
4.12582e-10	0.0101189
4.12674e-10	0.0101302
4.12766e-10	0.0101416
4.12859e-10	0.0101529
4.12951e-10	0.0101643
4.13044e-10	0.0101756
4.13136e-10	0.010187
4.13228e-10	0.0101983
4.13321e-10	0.0102096
4.13413e-10	0.010221
4.13506e-10	0.0102323
4.13598e-10	0.0102436
4.1369e-10	0.0102549
4.13783e-10	0.0102663
4.13875e-10	0.0102776
4.13968e-10	0.0102889
4.1406e-10	0.0103002
4.14152e-10	0.0103115
4.14245e-10	0.0103228
4.14337e-10	0.0103341
4.1443e-10	0.0103454
4.14522e-10	0.0103567
4.14614e-10	0.010368
4.14707e-10	0.0103793
4.14799e-10	0.0103906
4.14892e-10	0.0104018
4.14984e-10	0.0104131
4.15076e-10	0.0104244
4.15169e-10	0.0104357
4.15261e-10	0.0104469
4.15354e-10	0.0104582
4.15446e-10	0.0104695
4.15538e-10	0.0104807
4.15631e-10	0.010492
4.15723e-10	0.0105032
4.15816e-10	0.0105145
4.15908e-10	0.0105257
4.16001e-10	0.010537
4.16093e-10	0.0105482
4.16185e-10	0.0105594
4.16278e-10	0.0105707
4.1637e-10	0.0105819
4.16463e-10	0.0105931
4.16555e-10	0.0106043
4.16647e-10	0.0106155
4.1674e-10	0.0106268
4.16832e-10	0.010638
4.16925e-10	0.0106492
4.17017e-10	0.0106604
4.17109e-10	0.0106716
4.17202e-10	0.0106827
4.17294e-10	0.0106939
4.17387e-10	0.0107051
4.17479e-10	0.0107163
4.17571e-10	0.0107275
4.17664e-10	0.0107386
4.17756e-10	0.0107498
4.17849e-10	0.010761
4.17941e-10	0.0107721
4.18033e-10	0.0107833
4.18126e-10	0.0107944
4.18218e-10	0.0108056
4.18311e-10	0.0108167
4.18403e-10	0.0108279
4.18495e-10	0.010839
4.18588e-10	0.0108501
4.1868e-10	0.0108612
4.18773e-10	0.0108724
4.18865e-10	0.0108835
4.18957e-10	0.0108946
4.1905e-10	0.0109057
4.19142e-10	0.0109168
4.19235e-10	0.0109279
4.19327e-10	0.010939
4.19419e-10	0.0109501
4.19512e-10	0.0109611
4.19604e-10	0.0109722
4.19697e-10	0.0109833
4.19789e-10	0.0109943
4.19881e-10	0.0110054
4.19974e-10	0.0110165
4.20066e-10	0.0110275
4.20159e-10	0.0110386
4.20251e-10	0.0110496
4.20343e-10	0.0110606
4.20436e-10	0.0110717
4.20528e-10	0.0110827
4.20621e-10	0.0110937
4.20713e-10	0.0111047
4.20805e-10	0.0111158
4.20898e-10	0.0111268
4.2099e-10	0.0111378
4.21083e-10	0.0111488
4.21175e-10	0.0111597
4.21268e-10	0.0111707
4.2136e-10	0.0111817
4.21452e-10	0.0111927
4.21545e-10	0.0112037
4.21637e-10	0.0112146
4.2173e-10	0.0112256
4.21822e-10	0.0112365
4.21914e-10	0.0112475
4.22007e-10	0.0112584
4.22099e-10	0.0112693
4.22192e-10	0.0112803
4.22284e-10	0.0112912
4.22376e-10	0.0113021
4.22469e-10	0.011313
4.22561e-10	0.0113239
4.22654e-10	0.0113348
4.22746e-10	0.0113457
4.22838e-10	0.0113566
4.22931e-10	0.0113675
4.23023e-10	0.0113784
4.23116e-10	0.0113892
4.23208e-10	0.0114001
4.233e-10	0.011411
4.23393e-10	0.0114218
4.23485e-10	0.0114327
4.23578e-10	0.0114435
4.2367e-10	0.0114543
4.23762e-10	0.0114652
4.23855e-10	0.011476
4.23947e-10	0.0114868
4.2404e-10	0.0114976
4.24132e-10	0.0115084
4.24224e-10	0.0115192
4.24317e-10	0.01153
4.24409e-10	0.0115408
4.24502e-10	0.0115516
4.24594e-10	0.0115623
4.24686e-10	0.0115731
4.24779e-10	0.0115838
4.24871e-10	0.0115946
4.24964e-10	0.0116053
4.25056e-10	0.0116161
4.25148e-10	0.0116268
4.25241e-10	0.0116375
4.25333e-10	0.0116482
4.25426e-10	0.011659
4.25518e-10	0.0116697
4.2561e-10	0.0116804
4.25703e-10	0.011691
4.25795e-10	0.0117017
4.25888e-10	0.0117124
4.2598e-10	0.0117231
4.26072e-10	0.0117337
4.26165e-10	0.0117444
4.26257e-10	0.011755
4.2635e-10	0.0117657
4.26442e-10	0.0117763
4.26535e-10	0.0117869
4.26627e-10	0.0117975
4.26719e-10	0.0118081
4.26812e-10	0.0118187
4.26904e-10	0.0118293
4.26997e-10	0.0118399
4.27089e-10	0.0118505
4.27181e-10	0.0118611
4.27274e-10	0.0118717
4.27366e-10	0.0118822
4.27459e-10	0.0118928
4.27551e-10	0.0119033
4.27643e-10	0.0119138
4.27736e-10	0.0119244
4.27828e-10	0.0119349
4.27921e-10	0.0119454
4.28013e-10	0.0119559
4.28105e-10	0.0119664
4.28198e-10	0.0119769
4.2829e-10	0.0119874
4.28383e-10	0.0119978
4.28475e-10	0.0120083
4.28567e-10	0.0120188
4.2866e-10	0.0120292
4.28752e-10	0.0120396
4.28845e-10	0.0120501
4.28937e-10	0.0120605
4.29029e-10	0.0120709
4.29122e-10	0.0120813
4.29214e-10	0.0120917
4.29307e-10	0.0121021
4.29399e-10	0.0121125
4.29491e-10	0.0121229
4.29584e-10	0.0121332
4.29676e-10	0.0121436
4.29769e-10	0.0121539
4.29861e-10	0.0121643
4.29953e-10	0.0121746
4.30046e-10	0.0121849
4.30138e-10	0.0121952
4.30231e-10	0.0122056
4.30323e-10	0.0122158
4.30415e-10	0.0122261
4.30508e-10	0.0122364
4.306e-10	0.0122467
4.30693e-10	0.0122569
4.30785e-10	0.0122672
4.30877e-10	0.0122774
4.3097e-10	0.0122877
4.31062e-10	0.0122979
4.31155e-10	0.0123081
4.31247e-10	0.0123183
4.31339e-10	0.0123285
4.31432e-10	0.0123387
4.31524e-10	0.0123489
4.31617e-10	0.0123591
4.31709e-10	0.0123692
4.31802e-10	0.0123794
4.31894e-10	0.0123895
4.31986e-10	0.0123997
4.32079e-10	0.0124098
4.32171e-10	0.0124199
4.32264e-10	0.01243
4.32356e-10	0.0124401
4.32448e-10	0.0124502
4.32541e-10	0.0124603
4.32633e-10	0.0124703
4.32726e-10	0.0124804
4.32818e-10	0.0124905
4.3291e-10	0.0125005
4.33003e-10	0.0125105
4.33095e-10	0.0125205
4.33188e-10	0.0125305
4.3328e-10	0.0125405
4.33372e-10	0.0125505
4.33465e-10	0.0125605
4.33557e-10	0.0125705
4.3365e-10	0.0125804
4.33742e-10	0.0125904
4.33834e-10	0.0126003
4.33927e-10	0.0126103
4.34019e-10	0.0126202
4.34112e-10	0.0126301
4.34204e-10	0.01264
4.34296e-10	0.0126499
4.34389e-10	0.0126598
4.34481e-10	0.0126696
4.34574e-10	0.0126795
4.34666e-10	0.0126893
4.34758e-10	0.0126992
4.34851e-10	0.012709
4.34943e-10	0.0127188
4.35036e-10	0.0127286
4.35128e-10	0.0127384
4.3522e-10	0.0127482
4.35313e-10	0.012758
4.35405e-10	0.0127677
4.35498e-10	0.0127775
4.3559e-10	0.0127872
4.35682e-10	0.012797
4.35775e-10	0.0128067
4.35867e-10	0.0128164
4.3596e-10	0.0128261
4.36052e-10	0.0128358
4.36144e-10	0.0128455
4.36237e-10	0.0128551
4.36329e-10	0.0128648
4.36422e-10	0.0128744
4.36514e-10	0.0128841
4.36606e-10	0.0128937
4.36699e-10	0.0129033
4.36791e-10	0.0129129
4.36884e-10	0.0129225
4.36976e-10	0.012932
4.37069e-10	0.0129416
4.37161e-10	0.0129512
4.37253e-10	0.0129607
4.37346e-10	0.0129702
4.37438e-10	0.0129798
4.37531e-10	0.0129893
4.37623e-10	0.0129988
4.37715e-10	0.0130082
4.37808e-10	0.0130177
4.379e-10	0.0130272
4.37993e-10	0.0130366
4.38085e-10	0.0130461
4.38177e-10	0.0130555
4.3827e-10	0.0130649
4.38362e-10	0.0130743
4.38455e-10	0.0130837
4.38547e-10	0.0130931
4.38639e-10	0.0131024
4.38732e-10	0.0131118
4.38824e-10	0.0131211
4.38917e-10	0.0131304
4.39009e-10	0.0131398
4.39101e-10	0.0131491
4.39194e-10	0.0131584
4.39286e-10	0.0131676
4.39379e-10	0.0131769
4.39471e-10	0.0131862
4.39563e-10	0.0131954
4.39656e-10	0.0132046
4.39748e-10	0.0132138
4.39841e-10	0.0132231
4.39933e-10	0.0132322
4.40025e-10	0.0132414
4.40118e-10	0.0132506
4.4021e-10	0.0132597
4.40303e-10	0.0132689
4.40395e-10	0.013278
4.40487e-10	0.0132871
4.4058e-10	0.0132962
4.40672e-10	0.0133053
4.40765e-10	0.0133144
4.40857e-10	0.0133235
4.40949e-10	0.0133325
4.41042e-10	0.0133416
4.41134e-10	0.0133506
4.41227e-10	0.0133596
4.41319e-10	0.0133686
4.41411e-10	0.0133776
4.41504e-10	0.0133866
4.41596e-10	0.0133955
4.41689e-10	0.0134045
4.41781e-10	0.0134134
4.41873e-10	0.0134223
4.41966e-10	0.0134312
4.42058e-10	0.0134401
4.42151e-10	0.013449
4.42243e-10	0.0134578
4.42336e-10	0.0134667
4.42428e-10	0.0134755
4.4252e-10	0.0134844
4.42613e-10	0.0134932
4.42705e-10	0.013502
4.42798e-10	0.0135108
4.4289e-10	0.0135195
4.42982e-10	0.0135283
4.43075e-10	0.013537
4.43167e-10	0.0135457
4.4326e-10	0.0135545
4.43352e-10	0.0135632
4.43444e-10	0.0135718
4.43537e-10	0.0135805
4.43629e-10	0.0135892
4.43722e-10	0.0135978
4.43814e-10	0.0136064
4.43906e-10	0.0136151
4.43999e-10	0.0136237
4.44091e-10	0.0136322
4.44184e-10	0.0136408
4.44276e-10	0.0136494
4.44368e-10	0.0136579
4.44461e-10	0.0136664
4.44553e-10	0.013675
4.44646e-10	0.0136834
4.44738e-10	0.0136919
4.4483e-10	0.0137004
4.44923e-10	0.0137089
4.45015e-10	0.0137173
4.45108e-10	0.0137257
4.452e-10	0.0137341
4.45292e-10	0.0137425
4.45385e-10	0.0137509
4.45477e-10	0.0137593
4.4557e-10	0.0137676
4.45662e-10	0.013776
4.45754e-10	0.0137843
4.45847e-10	0.0137926
4.45939e-10	0.0138009
4.46032e-10	0.0138091
4.46124e-10	0.0138174
4.46216e-10	0.0138256
4.46309e-10	0.0138339
4.46401e-10	0.0138421
4.46494e-10	0.0138503
4.46586e-10	0.0138585
4.46678e-10	0.0138666
4.46771e-10	0.0138748
4.46863e-10	0.0138829
4.46956e-10	0.013891
4.47048e-10	0.0138991
4.4714e-10	0.0139072
4.47233e-10	0.0139153
4.47325e-10	0.0139234
4.47418e-10	0.0139314
4.4751e-10	0.0139394
4.47602e-10	0.0139474
4.47695e-10	0.0139554
4.47787e-10	0.0139634
4.4788e-10	0.0139714
4.47972e-10	0.0139793
4.48065e-10	0.0139872
4.48157e-10	0.0139952
4.48249e-10	0.0140031
4.48342e-10	0.0140109
4.48434e-10	0.0140188
4.48527e-10	0.0140266
4.48619e-10	0.0140345
4.48711e-10	0.0140423
4.48804e-10	0.0140501
4.48896e-10	0.0140579
4.48989e-10	0.0140656
4.49081e-10	0.0140734
4.49173e-10	0.0140811
4.49266e-10	0.0140888
4.49358e-10	0.0140965
4.49451e-10	0.0141042
4.49543e-10	0.0141119
4.49635e-10	0.0141195
4.49728e-10	0.0141272
4.4982e-10	0.0141348
4.49913e-10	0.0141424
4.50005e-10	0.01415
4.50097e-10	0.0141575
4.5019e-10	0.0141651
4.50282e-10	0.0141726
4.50375e-10	0.0141801
4.50467e-10	0.0141876
4.50559e-10	0.0141951
4.50652e-10	0.0142025
4.50744e-10	0.01421
4.50837e-10	0.0142174
4.50929e-10	0.0142248
4.51021e-10	0.0142322
4.51114e-10	0.0142396
4.51206e-10	0.0142469
4.51299e-10	0.0142543
4.51391e-10	0.0142616
4.51483e-10	0.0142689
4.51576e-10	0.0142762
4.51668e-10	0.0142834
4.51761e-10	0.0142907
4.51853e-10	0.0142979
4.51945e-10	0.0143051
4.52038e-10	0.0143123
4.5213e-10	0.0143195
4.52223e-10	0.0143267
4.52315e-10	0.0143338
4.52407e-10	0.0143409
4.525e-10	0.014348
4.52592e-10	0.0143551
4.52685e-10	0.0143622
4.52777e-10	0.0143693
4.52869e-10	0.0143763
4.52962e-10	0.0143833
4.53054e-10	0.0143903
4.53147e-10	0.0143973
4.53239e-10	0.0144042
4.53332e-10	0.0144112
4.53424e-10	0.0144181
4.53516e-10	0.014425
4.53609e-10	0.0144319
4.53701e-10	0.0144387
4.53794e-10	0.0144456
4.53886e-10	0.0144524
4.53978e-10	0.0144592
4.54071e-10	0.014466
4.54163e-10	0.0144728
4.54256e-10	0.0144795
4.54348e-10	0.0144863
4.5444e-10	0.014493
4.54533e-10	0.0144997
4.54625e-10	0.0145064
4.54718e-10	0.014513
4.5481e-10	0.0145196
4.54902e-10	0.0145263
4.54995e-10	0.0145329
4.55087e-10	0.0145394
4.5518e-10	0.014546
4.55272e-10	0.0145525
4.55364e-10	0.0145591
4.55457e-10	0.0145656
4.55549e-10	0.0145721
4.55642e-10	0.0145785
4.55734e-10	0.014585
4.55826e-10	0.0145914
4.55919e-10	0.0145978
4.56011e-10	0.0146042
4.56104e-10	0.0146105
4.56196e-10	0.0146169
4.56288e-10	0.0146232
4.56381e-10	0.0146295
4.56473e-10	0.0146358
4.56566e-10	0.014642
4.56658e-10	0.0146483
4.5675e-10	0.0146545
4.56843e-10	0.0146607
4.56935e-10	0.0146669
4.57028e-10	0.0146731
4.5712e-10	0.0146792
4.57212e-10	0.0146853
4.57305e-10	0.0146914
4.57397e-10	0.0146975
4.5749e-10	0.0147036
4.57582e-10	0.0147096
4.57674e-10	0.0147156
4.57767e-10	0.0147216
4.57859e-10	0.0147276
4.57952e-10	0.0147336
4.58044e-10	0.0147395
4.58136e-10	0.0147454
4.58229e-10	0.0147513
4.58321e-10	0.0147572
4.58414e-10	0.014763
4.58506e-10	0.0147689
4.58599e-10	0.0147747
4.58691e-10	0.0147805
4.58783e-10	0.0147862
4.58876e-10	0.014792
4.58968e-10	0.0147977
4.59061e-10	0.0148034
4.59153e-10	0.0148091
4.59245e-10	0.0148148
4.59338e-10	0.0148204
4.5943e-10	0.014826
4.59523e-10	0.0148316
4.59615e-10	0.0148372
4.59707e-10	0.0148428
4.598e-10	0.0148483
4.59892e-10	0.0148538
4.59985e-10	0.0148593
4.60077e-10	0.0148648
4.60169e-10	0.0148702
4.60262e-10	0.0148756
4.60354e-10	0.014881
4.60447e-10	0.0148864
4.60539e-10	0.0148918
4.60631e-10	0.0148971
4.60724e-10	0.0149024
4.60816e-10	0.0149077
4.60909e-10	0.014913
4.61001e-10	0.0149182
4.61093e-10	0.0149235
4.61186e-10	0.0149287
4.61278e-10	0.0149339
4.61371e-10	0.014939
4.61463e-10	0.0149442
4.61555e-10	0.0149493
4.61648e-10	0.0149544
4.6174e-10	0.0149594
4.61833e-10	0.0149645
4.61925e-10	0.0149695
4.62017e-10	0.0149745
4.6211e-10	0.0149795
4.62202e-10	0.0149844
4.62295e-10	0.0149894
4.62387e-10	0.0149943
4.62479e-10	0.0149992
4.62572e-10	0.015004
4.62664e-10	0.0150089
4.62757e-10	0.0150137
4.62849e-10	0.0150185
4.62941e-10	0.0150233
4.63034e-10	0.015028
4.63126e-10	0.0150327
4.63219e-10	0.0150374
4.63311e-10	0.0150421
4.63403e-10	0.0150468
4.63496e-10	0.0150514
4.63588e-10	0.015056
4.63681e-10	0.0150606
4.63773e-10	0.0150652
4.63866e-10	0.0150697
4.63958e-10	0.0150742
4.6405e-10	0.0150787
4.64143e-10	0.0150832
4.64235e-10	0.0150876
4.64328e-10	0.015092
4.6442e-10	0.0150964
4.64512e-10	0.0151008
4.64605e-10	0.0151052
4.64697e-10	0.0151095
4.6479e-10	0.0151138
4.64882e-10	0.0151181
4.64974e-10	0.0151223
4.65067e-10	0.0151265
4.65159e-10	0.0151307
4.65252e-10	0.0151349
4.65344e-10	0.0151391
4.65436e-10	0.0151432
4.65529e-10	0.0151473
4.65621e-10	0.0151514
4.65714e-10	0.0151554
4.65806e-10	0.0151595
4.65898e-10	0.0151635
4.65991e-10	0.0151675
4.66083e-10	0.0151714
4.66176e-10	0.0151754
4.66268e-10	0.0151793
4.6636e-10	0.0151832
4.66453e-10	0.015187
4.66545e-10	0.0151909
4.66638e-10	0.0151947
4.6673e-10	0.0151984
4.66822e-10	0.0152022
4.66915e-10	0.0152059
4.67007e-10	0.0152097
4.671e-10	0.0152133
4.67192e-10	0.015217
4.67284e-10	0.0152206
4.67377e-10	0.0152242
4.67469e-10	0.0152278
4.67562e-10	0.0152314
4.67654e-10	0.0152349
4.67746e-10	0.0152384
4.67839e-10	0.0152419
4.67931e-10	0.0152454
4.68024e-10	0.0152488
4.68116e-10	0.0152522
4.68208e-10	0.0152556
4.68301e-10	0.0152589
4.68393e-10	0.0152623
4.68486e-10	0.0152656
4.68578e-10	0.0152688
4.6867e-10	0.0152721
4.68763e-10	0.0152753
4.68855e-10	0.0152785
4.68948e-10	0.0152817
4.6904e-10	0.0152848
4.69133e-10	0.0152879
4.69225e-10	0.015291
4.69317e-10	0.0152941
4.6941e-10	0.0152971
4.69502e-10	0.0153001
4.69595e-10	0.0153031
4.69687e-10	0.0153061
4.69779e-10	0.015309
4.69872e-10	0.0153119
4.69964e-10	0.0153148
4.70057e-10	0.0153177
4.70149e-10	0.0153205
4.70241e-10	0.0153233
4.70334e-10	0.0153261
4.70426e-10	0.0153288
4.70519e-10	0.0153315
4.70611e-10	0.0153342
4.70703e-10	0.0153369
4.70796e-10	0.0153395
4.70888e-10	0.0153422
4.70981e-10	0.0153447
4.71073e-10	0.0153473
4.71165e-10	0.0153498
4.71258e-10	0.0153523
4.7135e-10	0.0153548
4.71443e-10	0.0153573
4.71535e-10	0.0153597
4.71627e-10	0.0153621
4.7172e-10	0.0153644
4.71812e-10	0.0153668
4.71905e-10	0.0153691
4.71997e-10	0.0153714
4.72089e-10	0.0153736
4.72182e-10	0.0153759
4.72274e-10	0.0153781
4.72367e-10	0.0153802
4.72459e-10	0.0153824
4.72551e-10	0.0153845
4.72644e-10	0.0153866
4.72736e-10	0.0153887
4.72829e-10	0.0153907
4.72921e-10	0.0153927
4.73013e-10	0.0153947
4.73106e-10	0.0153966
4.73198e-10	0.0153985
4.73291e-10	0.0154004
4.73383e-10	0.0154023
4.73475e-10	0.0154041
4.73568e-10	0.015406
4.7366e-10	0.0154077
4.73753e-10	0.0154095
4.73845e-10	0.0154112
4.73937e-10	0.0154129
4.7403e-10	0.0154146
4.74122e-10	0.0154162
4.74215e-10	0.0154178
4.74307e-10	0.0154194
4.744e-10	0.0154209
4.74492e-10	0.0154225
4.74584e-10	0.015424
4.74677e-10	0.0154254
4.74769e-10	0.0154268
4.74862e-10	0.0154283
4.74954e-10	0.0154296
4.75046e-10	0.015431
4.75139e-10	0.0154323
4.75231e-10	0.0154336
4.75324e-10	0.0154348
4.75416e-10	0.0154361
4.75508e-10	0.0154373
4.75601e-10	0.0154384
4.75693e-10	0.0154396
4.75786e-10	0.0154407
4.75878e-10	0.0154418
4.7597e-10	0.0154428
4.76063e-10	0.0154439
4.76155e-10	0.0154449
4.76248e-10	0.0154458
4.7634e-10	0.0154468
4.76432e-10	0.0154477
4.76525e-10	0.0154485
4.76617e-10	0.0154494
4.7671e-10	0.0154502
4.76802e-10	0.015451
4.76894e-10	0.0154517
4.76987e-10	0.0154525
4.77079e-10	0.0154532
4.77172e-10	0.0154538
4.77264e-10	0.0154545
4.77356e-10	0.0154551
4.77449e-10	0.0154556
4.77541e-10	0.0154562
4.77634e-10	0.0154567
4.77726e-10	0.0154572
4.77818e-10	0.0154576
4.77911e-10	0.015458
4.78003e-10	0.0154584
4.78096e-10	0.0154588
4.78188e-10	0.0154591
4.7828e-10	0.0154594
4.78373e-10	0.0154597
4.78465e-10	0.0154599
4.78558e-10	0.0154601
4.7865e-10	0.0154603
4.78742e-10	0.0154604
4.78835e-10	0.0154606
4.78927e-10	0.0154606
4.7902e-10	0.0154607
4.79112e-10	0.0154607
4.79204e-10	0.0154607
4.79297e-10	0.0154607
4.79389e-10	0.0154606
4.79482e-10	0.0154605
4.79574e-10	0.0154603
4.79667e-10	0.0154602
4.79759e-10	0.01546
4.79851e-10	0.0154597
4.79944e-10	0.0154595
4.80036e-10	0.0154592
4.80129e-10	0.0154588
4.80221e-10	0.0154585
4.80313e-10	0.0154581
4.80406e-10	0.0154577
4.80498e-10	0.0154572
4.80591e-10	0.0154567
4.80683e-10	0.0154562
4.80775e-10	0.0154557
4.80868e-10	0.0154551
4.8096e-10	0.0154545
4.81053e-10	0.0154538
4.81145e-10	0.0154531
4.81237e-10	0.0154524
4.8133e-10	0.0154517
4.81422e-10	0.0154509
4.81515e-10	0.0154501
4.81607e-10	0.0154493
4.81699e-10	0.0154484
4.81792e-10	0.0154475
4.81884e-10	0.0154465
4.81977e-10	0.0154456
4.82069e-10	0.0154446
4.82161e-10	0.0154435
4.82254e-10	0.0154425
4.82346e-10	0.0154414
4.82439e-10	0.0154402
4.82531e-10	0.0154391
4.82623e-10	0.0154379
4.82716e-10	0.0154366
4.82808e-10	0.0154354
4.82901e-10	0.0154341
4.82993e-10	0.0154327
4.83085e-10	0.0154314
4.83178e-10	0.01543
4.8327e-10	0.0154285
4.83363e-10	0.0154271
4.83455e-10	0.0154256
4.83547e-10	0.015424
4.8364e-10	0.0154225
4.83732e-10	0.0154209
4.83825e-10	0.0154192
4.83917e-10	0.0154176
4.84009e-10	0.0154159
4.84102e-10	0.0154141
4.84194e-10	0.0154124
4.84287e-10	0.0154106
4.84379e-10	0.0154087
4.84471e-10	0.0154069
4.84564e-10	0.015405
4.84656e-10	0.015403
4.84749e-10	0.0154011
4.84841e-10	0.015399
4.84934e-10	0.015397
4.85026e-10	0.0153949
4.85118e-10	0.0153928
4.85211e-10	0.0153907
4.85303e-10	0.0153885
4.85396e-10	0.0153863
4.85488e-10	0.0153841
4.8558e-10	0.0153818
4.85673e-10	0.0153795
4.85765e-10	0.0153771
4.85858e-10	0.0153747
4.8595e-10	0.0153723
4.86042e-10	0.0153699
4.86135e-10	0.0153674
4.86227e-10	0.0153649
4.8632e-10	0.0153623
4.86412e-10	0.0153597
4.86504e-10	0.0153571
4.86597e-10	0.0153544
4.86689e-10	0.0153517
4.86782e-10	0.015349
4.86874e-10	0.0153462
4.86966e-10	0.0153434
4.87059e-10	0.0153406
4.87151e-10	0.0153377
4.87244e-10	0.0153348
4.87336e-10	0.0153319
4.87428e-10	0.0153289
4.87521e-10	0.0153259
4.87613e-10	0.0153228
4.87706e-10	0.0153197
4.87798e-10	0.0153166
4.8789e-10	0.0153135
4.87983e-10	0.0153103
4.88075e-10	0.0153071
4.88168e-10	0.0153038
4.8826e-10	0.0153005
4.88352e-10	0.0152972
4.88445e-10	0.0152938
4.88537e-10	0.0152904
4.8863e-10	0.0152869
4.88722e-10	0.0152835
4.88814e-10	0.01528
4.88907e-10	0.0152764
4.88999e-10	0.0152728
4.89092e-10	0.0152692
4.89184e-10	0.0152655
4.89276e-10	0.0152618
4.89369e-10	0.0152581
4.89461e-10	0.0152543
4.89554e-10	0.0152505
4.89646e-10	0.0152467
4.89738e-10	0.0152428
4.89831e-10	0.0152389
4.89923e-10	0.015235
4.90016e-10	0.015231
4.90108e-10	0.015227
4.90201e-10	0.0152229
4.90293e-10	0.0152188
4.90385e-10	0.0152147
4.90478e-10	0.0152105
4.9057e-10	0.0152063
4.90663e-10	0.015202
4.90755e-10	0.0151978
4.90847e-10	0.0151934
4.9094e-10	0.0151891
4.91032e-10	0.0151847
4.91125e-10	0.0151803
4.91217e-10	0.0151758
4.91309e-10	0.0151713
4.91402e-10	0.0151668
4.91494e-10	0.0151622
4.91587e-10	0.0151576
4.91679e-10	0.0151529
4.91771e-10	0.0151482
4.91864e-10	0.0151435
4.91956e-10	0.0151387
4.92049e-10	0.0151339
4.92141e-10	0.0151291
4.92233e-10	0.0151242
4.92326e-10	0.0151193
4.92418e-10	0.0151143
4.92511e-10	0.0151093
4.92603e-10	0.0151043
4.92695e-10	0.0150992
4.92788e-10	0.0150941
4.9288e-10	0.015089
4.92973e-10	0.0150838
4.93065e-10	0.0150786
4.93157e-10	0.0150733
4.9325e-10	0.015068
4.93342e-10	0.0150627
4.93435e-10	0.0150573
4.93527e-10	0.0150519
4.93619e-10	0.0150465
4.93712e-10	0.015041
4.93804e-10	0.0150354
4.93897e-10	0.0150299
4.93989e-10	0.0150243
4.94081e-10	0.0150186
4.94174e-10	0.0150129
4.94266e-10	0.0150072
4.94359e-10	0.0150015
4.94451e-10	0.0149957
4.94543e-10	0.0149898
4.94636e-10	0.0149839
4.94728e-10	0.014978
4.94821e-10	0.0149721
4.94913e-10	0.0149661
4.95005e-10	0.0149601
4.95098e-10	0.014954
4.9519e-10	0.0149479
4.95283e-10	0.0149417
4.95375e-10	0.0149355
4.95468e-10	0.0149293
4.9556e-10	0.014923
4.95652e-10	0.0149167
4.95745e-10	0.0149104
4.95837e-10	0.014904
4.9593e-10	0.0148976
4.96022e-10	0.0148911
4.96114e-10	0.0148846
4.96207e-10	0.0148781
4.96299e-10	0.0148715
4.96392e-10	0.0148649
4.96484e-10	0.0148582
4.96576e-10	0.0148515
4.96669e-10	0.0148447
4.96761e-10	0.014838
4.96854e-10	0.0148311
4.96946e-10	0.0148243
4.97038e-10	0.0148174
4.97131e-10	0.0148104
4.97223e-10	0.0148034
4.97316e-10	0.0147964
4.97408e-10	0.0147894
4.975e-10	0.0147822
4.97593e-10	0.0147751
4.97685e-10	0.0147679
4.97778e-10	0.0147607
4.9787e-10	0.0147534
4.97962e-10	0.0147461
4.98055e-10	0.0147388
4.98147e-10	0.0147314
4.9824e-10	0.014724
4.98332e-10	0.0147165
4.98424e-10	0.014709
4.98517e-10	0.0147014
4.98609e-10	0.0146938
4.98702e-10	0.0146862
4.98794e-10	0.0146785
4.98886e-10	0.0146708
4.98979e-10	0.0146631
4.99071e-10	0.0146553
4.99164e-10	0.0146474
4.99256e-10	0.0146396
4.99348e-10	0.0146316
4.99441e-10	0.0146237
4.99533e-10	0.0146157
4.99626e-10	0.0146076
4.99718e-10	0.0145995
4.9981e-10	0.0145914
4.99903e-10	0.0145833
4.99995e-10	0.014575
5.00088e-10	0.0145668
5.0018e-10	0.0145585
5.00272e-10	0.0145502
5.00365e-10	0.0145418
5.00457e-10	0.0145334
5.0055e-10	0.0145249
5.00642e-10	0.0145164
5.00735e-10	0.0145079
5.00827e-10	0.0144993
5.00919e-10	0.0144907
5.01012e-10	0.014482
5.01104e-10	0.0144733
5.01197e-10	0.0144645
5.01289e-10	0.0144558
5.01381e-10	0.0144469
5.01474e-10	0.014438
5.01566e-10	0.0144291
5.01659e-10	0.0144202
5.01751e-10	0.0144112
5.01843e-10	0.0144021
5.01936e-10	0.014393
5.02028e-10	0.0143839
5.02121e-10	0.0143747
5.02213e-10	0.0143655
5.02305e-10	0.0143562
5.02398e-10	0.0143469
5.0249e-10	0.0143376
5.02583e-10	0.0143282
5.02675e-10	0.0143188
5.02767e-10	0.0143093
5.0286e-10	0.0142998
5.02952e-10	0.0142902
5.03045e-10	0.0142806
5.03137e-10	0.014271
5.03229e-10	0.0142613
5.03322e-10	0.0142516
5.03414e-10	0.0142418
5.03507e-10	0.014232
5.03599e-10	0.0142221
5.03691e-10	0.0142122
5.03784e-10	0.0142023
5.03876e-10	0.0141923
5.03969e-10	0.0141822
5.04061e-10	0.0141722
5.04153e-10	0.014162
5.04246e-10	0.0141519
5.04338e-10	0.0141417
5.04431e-10	0.0141314
5.04523e-10	0.0141211
5.04615e-10	0.0141108
5.04708e-10	0.0141004
5.048e-10	0.01409
5.04893e-10	0.0140795
5.04985e-10	0.014069
5.05077e-10	0.0140585
5.0517e-10	0.0140479
5.05262e-10	0.0140372
5.05355e-10	0.0140265
5.05447e-10	0.0140158
5.05539e-10	0.014005
5.05632e-10	0.0139942
5.05724e-10	0.0139833
5.05817e-10	0.0139724
5.05909e-10	0.0139615
5.06002e-10	0.0139505
5.06094e-10	0.0139394
5.06186e-10	0.0139284
5.06279e-10	0.0139172
5.06371e-10	0.0139061
5.06464e-10	0.0138948
5.06556e-10	0.0138836
5.06648e-10	0.0138723
5.06741e-10	0.0138609
5.06833e-10	0.0138495
5.06926e-10	0.0138381
5.07018e-10	0.0138266
5.0711e-10	0.0138151
5.07203e-10	0.0138035
5.07295e-10	0.0137919
5.07388e-10	0.0137802
5.0748e-10	0.0137685
5.07572e-10	0.0137568
5.07665e-10	0.013745
5.07757e-10	0.0137331
5.0785e-10	0.0137212
5.07942e-10	0.0137093
5.08034e-10	0.0136973
5.08127e-10	0.0136853
5.08219e-10	0.0136732
5.08312e-10	0.0136611
5.08404e-10	0.0136489
5.08496e-10	0.0136367
5.08589e-10	0.0136245
5.08681e-10	0.0136122
5.08774e-10	0.0135998
5.08866e-10	0.0135875
5.08958e-10	0.013575
5.09051e-10	0.0135625
5.09143e-10	0.01355
5.09236e-10	0.0135375
5.09328e-10	0.0135248
5.0942e-10	0.0135122
5.09513e-10	0.0134995
5.09605e-10	0.0134867
5.09698e-10	0.0134739
5.0979e-10	0.0134611
5.09882e-10	0.0134482
5.09975e-10	0.0134352
5.10067e-10	0.0134223
5.1016e-10	0.0134092
5.10252e-10	0.0133962
5.10344e-10	0.013383
5.10437e-10	0.0133699
5.10529e-10	0.0133567
5.10622e-10	0.0133434
5.10714e-10	0.0133301
5.10806e-10	0.0133167
5.10899e-10	0.0133033
5.10991e-10	0.0132899
5.11084e-10	0.0132764
5.11176e-10	0.0132629
5.11269e-10	0.0132493
5.11361e-10	0.0132357
5.11453e-10	0.013222
5.11546e-10	0.0132083
5.11638e-10	0.0131945
5.11731e-10	0.0131807
5.11823e-10	0.0131668
5.11915e-10	0.0131529
5.12008e-10	0.0131389
5.121e-10	0.0131249
5.12193e-10	0.0131109
5.12285e-10	0.0130968
5.12377e-10	0.0130826
5.1247e-10	0.0130684
5.12562e-10	0.0130542
5.12655e-10	0.0130399
5.12747e-10	0.0130256
5.12839e-10	0.0130112
5.12932e-10	0.0129968
5.13024e-10	0.0129823
5.13117e-10	0.0129678
5.13209e-10	0.0129532
5.13301e-10	0.0129386
5.13394e-10	0.0129239
5.13486e-10	0.0129092
5.13579e-10	0.0128945
5.13671e-10	0.0128796
5.13763e-10	0.0128648
5.13856e-10	0.0128499
5.13948e-10	0.0128349
5.14041e-10	0.0128199
5.14133e-10	0.0128049
5.14225e-10	0.0127898
5.14318e-10	0.0127747
5.1441e-10	0.0127595
5.14503e-10	0.0127442
5.14595e-10	0.012729
5.14687e-10	0.0127136
5.1478e-10	0.0126982
5.14872e-10	0.0126828
5.14965e-10	0.0126673
5.15057e-10	0.0126518
5.15149e-10	0.0126362
5.15242e-10	0.0126206
5.15334e-10	0.0126049
5.15427e-10	0.0125892
5.15519e-10	0.0125735
5.15611e-10	0.0125576
5.15704e-10	0.0125418
5.15796e-10	0.0125259
5.15889e-10	0.0125099
5.15981e-10	0.0124939
5.16073e-10	0.0124779
5.16166e-10	0.0124617
5.16258e-10	0.0124456
5.16351e-10	0.0124294
5.16443e-10	0.0124131
5.16536e-10	0.0123968
5.16628e-10	0.0123805
5.1672e-10	0.0123641
5.16813e-10	0.0123476
5.16905e-10	0.0123312
5.16998e-10	0.0123146
5.1709e-10	0.012298
5.17182e-10	0.0122814
5.17275e-10	0.0122647
5.17367e-10	0.0122479
5.1746e-10	0.0122312
5.17552e-10	0.0122143
5.17644e-10	0.0121974
5.17737e-10	0.0121805
5.17829e-10	0.0121635
5.17922e-10	0.0121465
5.18014e-10	0.0121294
5.18106e-10	0.0121123
5.18199e-10	0.0120951
5.18291e-10	0.0120779
5.18384e-10	0.0120606
5.18476e-10	0.0120432
5.18568e-10	0.0120259
5.18661e-10	0.0120084
5.18753e-10	0.011991
5.18846e-10	0.0119734
5.18938e-10	0.0119559
5.1903e-10	0.0119382
5.19123e-10	0.0119205
5.19215e-10	0.0119028
5.19308e-10	0.011885
5.194e-10	0.0118672
5.19492e-10	0.0118493
5.19585e-10	0.0118314
5.19677e-10	0.0118134
5.1977e-10	0.0117954
5.19862e-10	0.0117773
5.19954e-10	0.0117592
5.20047e-10	0.011741
5.20139e-10	0.0117228
5.20232e-10	0.0117045
5.20324e-10	0.0116862
5.20416e-10	0.0116678
5.20509e-10	0.0116494
5.20601e-10	0.0116309
5.20694e-10	0.0116124
5.20786e-10	0.0115938
5.20878e-10	0.0115752
5.20971e-10	0.0115565
5.21063e-10	0.0115378
5.21156e-10	0.011519
5.21248e-10	0.0115002
5.2134e-10	0.0114813
5.21433e-10	0.0114624
5.21525e-10	0.0114434
5.21618e-10	0.0114244
5.2171e-10	0.0114053
5.21803e-10	0.0113862
5.21895e-10	0.011367
5.21987e-10	0.0113477
5.2208e-10	0.0113285
5.22172e-10	0.0113091
5.22265e-10	0.0112897
5.22357e-10	0.0112703
5.22449e-10	0.0112508
5.22542e-10	0.0112313
5.22634e-10	0.0112117
5.22727e-10	0.011192
5.22819e-10	0.0111723
5.22911e-10	0.0111526
5.23004e-10	0.0111328
5.23096e-10	0.011113
5.23189e-10	0.0110931
5.23281e-10	0.0110731
5.23373e-10	0.0110531
5.23466e-10	0.0110331
5.23558e-10	0.011013
5.23651e-10	0.0109928
5.23743e-10	0.0109726
5.23835e-10	0.0109524
5.23928e-10	0.0109321
5.2402e-10	0.0109117
5.24113e-10	0.0108913
5.24205e-10	0.0108708
5.24297e-10	0.0108503
5.2439e-10	0.0108298
5.24482e-10	0.0108091
5.24575e-10	0.0107885
5.24667e-10	0.0107677
5.24759e-10	0.010747
5.24852e-10	0.0107262
5.24944e-10	0.0107053
5.25037e-10	0.0106844
5.25129e-10	0.0106634
5.25221e-10	0.0106423
5.25314e-10	0.0106213
5.25406e-10	0.0106001
5.25499e-10	0.0105789
5.25591e-10	0.0105577
5.25683e-10	0.0105364
5.25776e-10	0.0105151
5.25868e-10	0.0104937
5.25961e-10	0.0104722
5.26053e-10	0.0104507
5.26145e-10	0.0104292
5.26238e-10	0.0104076
5.2633e-10	0.0103859
5.26423e-10	0.0103642
5.26515e-10	0.0103425
5.26607e-10	0.0103207
5.267e-10	0.0102988
5.26792e-10	0.0102769
5.26885e-10	0.0102549
5.26977e-10	0.0102329
5.2707e-10	0.0102108
5.27162e-10	0.0101887
5.27254e-10	0.0101665
5.27347e-10	0.0101443
5.27439e-10	0.010122
5.27532e-10	0.0100997
5.27624e-10	0.0100773
5.27716e-10	0.0100548
5.27809e-10	0.0100324
5.27901e-10	0.0100098
5.27994e-10	0.00998721
5.28086e-10	0.00996456
5.28178e-10	0.00994185
5.28271e-10	0.0099191
5.28363e-10	0.00989629
5.28456e-10	0.00987343
5.28548e-10	0.00985051
5.2864e-10	0.00982754
5.28733e-10	0.00980452
5.28825e-10	0.00978145
5.28918e-10	0.00975832
5.2901e-10	0.00973514
5.29102e-10	0.0097119
5.29195e-10	0.00968862
5.29287e-10	0.00966528
5.2938e-10	0.00964188
5.29472e-10	0.00961844
5.29564e-10	0.00959494
5.29657e-10	0.00957139
5.29749e-10	0.00954778
5.29842e-10	0.00952412
5.29934e-10	0.00950041
5.30026e-10	0.00947664
5.30119e-10	0.00945282
5.30211e-10	0.00942895
5.30304e-10	0.00940503
5.30396e-10	0.00938105
5.30488e-10	0.00935701
5.30581e-10	0.00933293
5.30673e-10	0.00930879
5.30766e-10	0.00928459
5.30858e-10	0.00926035
5.3095e-10	0.00923605
5.31043e-10	0.00921169
5.31135e-10	0.00918728
5.31228e-10	0.00916282
5.3132e-10	0.00913831
5.31412e-10	0.00911374
5.31505e-10	0.00908912
5.31597e-10	0.00906444
5.3169e-10	0.00903971
5.31782e-10	0.00901492
5.31874e-10	0.00899009
5.31967e-10	0.00896519
5.32059e-10	0.00894025
5.32152e-10	0.00891525
5.32244e-10	0.00889019
5.32336e-10	0.00886509
5.32429e-10	0.00883993
5.32521e-10	0.00881471
5.32614e-10	0.00878944
5.32706e-10	0.00876412
5.32799e-10	0.00873874
5.32891e-10	0.0087133
5.32983e-10	0.00868782
5.33076e-10	0.00866228
5.33168e-10	0.00863668
5.33261e-10	0.00861103
5.33353e-10	0.00858533
5.33445e-10	0.00855957
5.33538e-10	0.00853376
5.3363e-10	0.0085079
5.33723e-10	0.00848197
5.33815e-10	0.008456
5.33907e-10	0.00842997
5.34e-10	0.00840389
5.34092e-10	0.00837775
5.34185e-10	0.00835156
5.34277e-10	0.00832531
5.34369e-10	0.00829901
5.34462e-10	0.00827265
5.34554e-10	0.00824624
5.34647e-10	0.00821977
5.34739e-10	0.00819325
5.34831e-10	0.00816668
5.34924e-10	0.00814005
5.35016e-10	0.00811337
5.35109e-10	0.00808663
5.35201e-10	0.00805983
5.35293e-10	0.00803299
5.35386e-10	0.00800608
5.35478e-10	0.00797912
5.35571e-10	0.00795211
5.35663e-10	0.00792504
5.35755e-10	0.00789792
5.35848e-10	0.00787074
5.3594e-10	0.00784351
5.36033e-10	0.00781623
5.36125e-10	0.00778888
5.36217e-10	0.00776149
5.3631e-10	0.00773404
5.36402e-10	0.00770653
5.36495e-10	0.00767897
5.36587e-10	0.00765135
5.36679e-10	0.00762368
5.36772e-10	0.00759595
5.36864e-10	0.00756817
5.36957e-10	0.00754033
5.37049e-10	0.00751244
5.37141e-10	0.00748449
5.37234e-10	0.00745649
5.37326e-10	0.00742843
5.37419e-10	0.00740032
5.37511e-10	0.00737215
5.37603e-10	0.00734392
5.37696e-10	0.00731564
5.37788e-10	0.00728731
5.37881e-10	0.00725892
5.37973e-10	0.00723047
5.38066e-10	0.00720197
5.38158e-10	0.00717342
5.3825e-10	0.00714481
5.38343e-10	0.00711614
5.38435e-10	0.00708742
5.38528e-10	0.00705864
5.3862e-10	0.0070298
5.38712e-10	0.00700092
5.38805e-10	0.00697197
5.38897e-10	0.00694297
5.3899e-10	0.00691392
5.39082e-10	0.0068848
5.39174e-10	0.00685564
5.39267e-10	0.00682642
5.39359e-10	0.00679714
5.39452e-10	0.0067678
5.39544e-10	0.00673841
5.39636e-10	0.00670897
5.39729e-10	0.00667947
5.39821e-10	0.00664991
5.39914e-10	0.0066203
5.40006e-10	0.00659063
5.40098e-10	0.00656091
5.40191e-10	0.00653113
5.40283e-10	0.00650129
5.40376e-10	0.0064714
5.40468e-10	0.00644145
5.4056e-10	0.00641145
5.40653e-10	0.00638139
5.40745e-10	0.00635128
5.40838e-10	0.0063211
5.4093e-10	0.00629088
5.41022e-10	0.0062606
5.41115e-10	0.00623026
5.41207e-10	0.00619986
5.413e-10	0.00616941
5.41392e-10	0.0061389
5.41484e-10	0.00610834
5.41577e-10	0.00607772
5.41669e-10	0.00604705
5.41762e-10	0.00601632
5.41854e-10	0.00598553
5.41946e-10	0.00595469
5.42039e-10	0.00592379
5.42131e-10	0.00589283
5.42224e-10	0.00586182
5.42316e-10	0.00583075
5.42408e-10	0.00579963
5.42501e-10	0.00576845
5.42593e-10	0.00573721
5.42686e-10	0.00570592
5.42778e-10	0.00567457
5.4287e-10	0.00564316
5.42963e-10	0.0056117
5.43055e-10	0.00558018
5.43148e-10	0.00554861
5.4324e-10	0.00551698
5.43333e-10	0.00548529
5.43425e-10	0.00545354
5.43517e-10	0.00542174
5.4361e-10	0.00538989
5.43702e-10	0.00535798
5.43795e-10	0.00532601
5.43887e-10	0.00529398
5.43979e-10	0.0052619
5.44072e-10	0.00522976
5.44164e-10	0.00519756
5.44257e-10	0.00516531
5.44349e-10	0.00513301
5.44441e-10	0.00510064
5.44534e-10	0.00506822
5.44626e-10	0.00503574
5.44719e-10	0.00500321
5.44811e-10	0.00497062
5.44903e-10	0.00493797
5.44996e-10	0.00490527
5.45088e-10	0.0048725
5.45181e-10	0.00483969
5.45273e-10	0.00480681
5.45365e-10	0.00477388
5.45458e-10	0.0047409
5.4555e-10	0.00470785
5.45643e-10	0.00467475
5.45735e-10	0.00464159
5.45827e-10	0.00460838
5.4592e-10	0.00457511
5.46012e-10	0.00454178
5.46105e-10	0.0045084
5.46197e-10	0.00447496
5.46289e-10	0.00444146
5.46382e-10	0.00440791
5.46474e-10	0.00437429
5.46567e-10	0.00434063
5.46659e-10	0.0043069
5.46751e-10	0.00427312
5.46844e-10	0.00423928
5.46936e-10	0.00420539
5.47029e-10	0.00417143
5.47121e-10	0.00413742
5.47213e-10	0.00410336
5.47306e-10	0.00406924
5.47398e-10	0.00403506
5.47491e-10	0.00400082
5.47583e-10	0.00396653
5.47675e-10	0.00393217
5.47768e-10	0.00389777
5.4786e-10	0.0038633
5.47953e-10	0.00382878
5.48045e-10	0.0037942
5.48137e-10	0.00375957
5.4823e-10	0.00372488
5.48322e-10	0.00369013
5.48415e-10	0.00365532
5.48507e-10	0.00362046
5.486e-10	0.00358554
5.48692e-10	0.00355056
5.48784e-10	0.00351553
5.48877e-10	0.00348043
5.48969e-10	0.00344529
5.49062e-10	0.00341008
5.49154e-10	0.00337482
5.49246e-10	0.0033395
5.49339e-10	0.00330412
5.49431e-10	0.00326869
5.49524e-10	0.0032332
5.49616e-10	0.00319765
5.49708e-10	0.00316205
5.49801e-10	0.00312638
5.49893e-10	0.00309066
5.49986e-10	0.00305489
5.50078e-10	0.00301905
5.5017e-10	0.00298316
5.50263e-10	0.00294722
5.50355e-10	0.00291121
5.50448e-10	0.00287515
5.5054e-10	0.00283903
5.50632e-10	0.00280285
5.50725e-10	0.00276662
5.50817e-10	0.00273033
5.5091e-10	0.00269398
5.51002e-10	0.00265758
5.51094e-10	0.00262111
5.51187e-10	0.00258459
5.51279e-10	0.00254802
5.51372e-10	0.00251138
5.51464e-10	0.00247469
5.51556e-10	0.00243794
5.51649e-10	0.00240114
5.51741e-10	0.00236427
5.51834e-10	0.00232735
5.51926e-10	0.00229038
5.52018e-10	0.00225334
5.52111e-10	0.00221625
5.52203e-10	0.0021791
5.52296e-10	0.00214189
5.52388e-10	0.00210463
5.5248e-10	0.00206731
5.52573e-10	0.00202993
5.52665e-10	0.0019925
5.52758e-10	0.001955
5.5285e-10	0.00191745
5.52942e-10	0.00187984
5.53035e-10	0.00184218
5.53127e-10	0.00180446
5.5322e-10	0.00176668
5.53312e-10	0.00172884
5.53404e-10	0.00169095
5.53497e-10	0.001653
5.53589e-10	0.00161499
5.53682e-10	0.00157692
5.53774e-10	0.0015388
5.53867e-10	0.00150062
5.53959e-10	0.00146238
5.54051e-10	0.00142409
5.54144e-10	0.00138573
5.54236e-10	0.00134732
5.54329e-10	0.00130886
5.54421e-10	0.00127033
5.54513e-10	0.00123175
5.54606e-10	0.00119311
5.54698e-10	0.00115441
5.54791e-10	0.00111566
5.54883e-10	0.00107685
5.54975e-10	0.00103798
5.55068e-10	0.000999055
5.5516e-10	0.000960072
5.55253e-10	0.000921031
5.55345e-10	0.000881933
5.55437e-10	0.000842778
5.5553e-10	0.000803566
5.55622e-10	0.000764296
5.55715e-10	0.000724969
5.55807e-10	0.000685584
5.55899e-10	0.000646142
5.55992e-10	0.000606643
5.56084e-10	0.000567086
5.56177e-10	0.000527473
5.56269e-10	0.000487801
5.56361e-10	0.000448073
5.56454e-10	0.000408287
5.56546e-10	0.000368444
5.56639e-10	0.000328543
5.56731e-10	0.000288585
5.56823e-10	0.00024857
5.56916e-10	0.000208498
5.57008e-10	0.000168368
5.57101e-10	0.000128181
5.57193e-10	8.79363e-05
5.57285e-10	4.76346e-05
5.57378e-10	7.27547e-06
5.5747e-10	-3.31409e-05
5.57563e-10	-7.36146e-05
5.57655e-10	-0.000114146
5.57747e-10	-0.000154734
5.5784e-10	-0.00019538
5.57932e-10	-0.000236082
5.58025e-10	-0.000276843
5.58117e-10	-0.00031766
5.58209e-10	-0.000358535
5.58302e-10	-0.000399467
5.58394e-10	-0.000440456
5.58487e-10	-0.000481503
5.58579e-10	-0.000522607
5.58671e-10	-0.000563768
5.58764e-10	-0.000604987
5.58856e-10	-0.000646262
5.58949e-10	-0.000687595
5.59041e-10	-0.000728985
5.59134e-10	-0.000770433
5.59226e-10	-0.000811937
5.59318e-10	-0.000853499
5.59411e-10	-0.000895118
5.59503e-10	-0.000936795
5.59596e-10	-0.000978528
5.59688e-10	-0.00102032
5.5978e-10	-0.00106217
5.59873e-10	-0.00110407
5.59965e-10	-0.00114603
5.60058e-10	-0.00118805
5.6015e-10	-0.00123013
5.60242e-10	-0.00127227
5.60335e-10	-0.00131446
5.60427e-10	-0.0013567
5.6052e-10	-0.00139901
5.60612e-10	-0.00144137
5.60704e-10	-0.00148379
5.60797e-10	-0.00152627
5.60889e-10	-0.0015688
5.60982e-10	-0.00161139
5.61074e-10	-0.00165404
5.61166e-10	-0.00169675
5.61259e-10	-0.00173951
5.61351e-10	-0.00178233
5.61444e-10	-0.00182521
5.61536e-10	-0.00186814
5.61628e-10	-0.00191113
5.61721e-10	-0.00195418
5.61813e-10	-0.00199728
5.61906e-10	-0.00204045
5.61998e-10	-0.00208366
5.6209e-10	-0.00212694
5.62183e-10	-0.00217027
5.62275e-10	-0.00221366
5.62368e-10	-0.00225711
5.6246e-10	-0.00230062
5.62552e-10	-0.00234418
5.62645e-10	-0.00238779
5.62737e-10	-0.00243147
5.6283e-10	-0.0024752
5.62922e-10	-0.00251899
5.63014e-10	-0.00256284
5.63107e-10	-0.00260674
5.63199e-10	-0.0026507
5.63292e-10	-0.00269471
5.63384e-10	-0.00273879
5.63476e-10	-0.00278292
5.63569e-10	-0.00282711
5.63661e-10	-0.00287135
5.63754e-10	-0.00291565
5.63846e-10	-0.00296001
5.63938e-10	-0.00300442
5.64031e-10	-0.00304889
5.64123e-10	-0.00309342
5.64216e-10	-0.00313801
5.64308e-10	-0.00318265
5.64401e-10	-0.00322735
5.64493e-10	-0.0032721
5.64585e-10	-0.00331691
5.64678e-10	-0.00336178
5.6477e-10	-0.00340671
5.64863e-10	-0.00345169
5.64955e-10	-0.00349673
5.65047e-10	-0.00354182
5.6514e-10	-0.00358698
5.65232e-10	-0.00363219
5.65325e-10	-0.00367745
5.65417e-10	-0.00372277
5.65509e-10	-0.00376815
5.65602e-10	-0.00381359
5.65694e-10	-0.00385908
5.65787e-10	-0.00390463
5.65879e-10	-0.00395023
5.65971e-10	-0.00399589
5.66064e-10	-0.00404161
5.66156e-10	-0.00408739
5.66249e-10	-0.00413322
5.66341e-10	-0.0041791
5.66433e-10	-0.00422505
5.66526e-10	-0.00427105
5.66618e-10	-0.00431711
5.66711e-10	-0.00436322
5.66803e-10	-0.00440939
5.66895e-10	-0.00445561
5.66988e-10	-0.0045019
5.6708e-10	-0.00454824
5.67173e-10	-0.00459463
5.67265e-10	-0.00464108
5.67357e-10	-0.00468759
5.6745e-10	-0.00473415
5.67542e-10	-0.00478077
5.67635e-10	-0.00482745
5.67727e-10	-0.00487418
5.67819e-10	-0.00492097
5.67912e-10	-0.00496782
5.68004e-10	-0.00501472
5.68097e-10	-0.00506168
5.68189e-10	-0.00510869
5.68281e-10	-0.00515576
5.68374e-10	-0.00520289
5.68466e-10	-0.00525007
5.68559e-10	-0.00529731
5.68651e-10	-0.0053446
5.68743e-10	-0.00539195
5.68836e-10	-0.00543936
5.68928e-10	-0.00548682
5.69021e-10	-0.00553434
5.69113e-10	-0.00558191
5.69205e-10	-0.00562954
5.69298e-10	-0.00567723
5.6939e-10	-0.00572497
5.69483e-10	-0.00577277
5.69575e-10	-0.00582062
5.69668e-10	-0.00586853
5.6976e-10	-0.0059165
5.69852e-10	-0.00596452
5.69945e-10	-0.0060126
5.70037e-10	-0.00606073
5.7013e-10	-0.00610892
5.70222e-10	-0.00615716
5.70314e-10	-0.00620546
5.70407e-10	-0.00625382
5.70499e-10	-0.00630223
5.70592e-10	-0.0063507
5.70684e-10	-0.00639922
5.70776e-10	-0.0064478
5.70869e-10	-0.00649643
5.70961e-10	-0.00654512
5.71054e-10	-0.00659386
5.71146e-10	-0.00664266
5.71238e-10	-0.00669152
5.71331e-10	-0.00674043
5.71423e-10	-0.0067894
5.71516e-10	-0.00683842
5.71608e-10	-0.0068875
5.717e-10	-0.00693663
5.71793e-10	-0.00698582
5.71885e-10	-0.00703506
5.71978e-10	-0.00708436
5.7207e-10	-0.00713372
5.72162e-10	-0.00718313
5.72255e-10	-0.00723259
5.72347e-10	-0.00728211
5.7244e-10	-0.00733169
5.72532e-10	-0.00738132
5.72624e-10	-0.007431
5.72717e-10	-0.00748074
5.72809e-10	-0.00753054
5.72902e-10	-0.00758039
5.72994e-10	-0.00763029
5.73086e-10	-0.00768026
5.73179e-10	-0.00773027
5.73271e-10	-0.00778034
5.73364e-10	-0.00783047
5.73456e-10	-0.00788065
5.73548e-10	-0.00793088
5.73641e-10	-0.00798117
5.73733e-10	-0.00803152
5.73826e-10	-0.00808192
5.73918e-10	-0.00813237
5.7401e-10	-0.00818288
5.74103e-10	-0.00823345
5.74195e-10	-0.00828407
5.74288e-10	-0.00833474
5.7438e-10	-0.00838547
5.74472e-10	-0.00843625
5.74565e-10	-0.00848709
5.74657e-10	-0.00853798
5.7475e-10	-0.00858893
5.74842e-10	-0.00863993
5.74935e-10	-0.00869098
5.75027e-10	-0.00874209
5.75119e-10	-0.00879326
5.75212e-10	-0.00884448
5.75304e-10	-0.00889575
5.75397e-10	-0.00894708
5.75489e-10	-0.00899846
5.75581e-10	-0.00904989
5.75674e-10	-0.00910138
5.75766e-10	-0.00915293
5.75859e-10	-0.00920453
5.75951e-10	-0.00925618
5.76043e-10	-0.00930789
5.76136e-10	-0.00935965
5.76228e-10	-0.00941146
5.76321e-10	-0.00946333
5.76413e-10	-0.00951525
5.76505e-10	-0.00956723
5.76598e-10	-0.00961926
5.7669e-10	-0.00967135
5.76783e-10	-0.00972349
5.76875e-10	-0.00977568
5.76967e-10	-0.00982793
5.7706e-10	-0.00988023
5.77152e-10	-0.00993258
5.77245e-10	-0.00998499
5.77337e-10	-0.0100374
5.77429e-10	-0.01009
5.77522e-10	-0.0101425
5.77614e-10	-0.0101952
5.77707e-10	-0.0102478
5.77799e-10	-0.0103006
5.77891e-10	-0.0103533
5.77984e-10	-0.0104062
5.78076e-10	-0.0104591
5.78169e-10	-0.010512
5.78261e-10	-0.010565
5.78353e-10	-0.0106181
5.78446e-10	-0.0106712
5.78538e-10	-0.0107243
5.78631e-10	-0.0107775
5.78723e-10	-0.0108308
5.78815e-10	-0.0108841
5.78908e-10	-0.0109375
5.79e-10	-0.0109909
5.79093e-10	-0.0110444
5.79185e-10	-0.0110979
5.79277e-10	-0.0111515
5.7937e-10	-0.0112051
5.79462e-10	-0.0112588
5.79555e-10	-0.0113125
5.79647e-10	-0.0113663
5.79739e-10	-0.0114202
5.79832e-10	-0.0114741
5.79924e-10	-0.011528
5.80017e-10	-0.011582
5.80109e-10	-0.0116361
5.80202e-10	-0.0116902
5.80294e-10	-0.0117444
5.80386e-10	-0.0117986
5.80479e-10	-0.0118528
5.80571e-10	-0.0119072
5.80664e-10	-0.0119615
5.80756e-10	-0.012016
5.80848e-10	-0.0120704
5.80941e-10	-0.012125
5.81033e-10	-0.0121795
5.81126e-10	-0.0122342
5.81218e-10	-0.0122889
5.8131e-10	-0.0123436
5.81403e-10	-0.0123984
5.81495e-10	-0.0124532
5.81588e-10	-0.0125081
5.8168e-10	-0.0125631
5.81772e-10	-0.0126181
5.81865e-10	-0.0126731
5.81957e-10	-0.0127282
5.8205e-10	-0.0127834
5.82142e-10	-0.0128386
5.82234e-10	-0.0128938
5.82327e-10	-0.0129491
5.82419e-10	-0.0130045
5.82512e-10	-0.0130599
5.82604e-10	-0.0131154
5.82696e-10	-0.0131709
5.82789e-10	-0.0132265
5.82881e-10	-0.0132821
5.82974e-10	-0.0133377
5.83066e-10	-0.0133935
5.83158e-10	-0.0134492
5.83251e-10	-0.0135051
5.83343e-10	-0.0135609
5.83436e-10	-0.0136169
5.83528e-10	-0.0136728
5.8362e-10	-0.0137289
5.83713e-10	-0.013785
5.83805e-10	-0.0138411
5.83898e-10	-0.0138973
5.8399e-10	-0.0139535
5.84082e-10	-0.0140098
5.84175e-10	-0.0140661
5.84267e-10	-0.0141225
5.8436e-10	-0.0141789
5.84452e-10	-0.0142354
5.84544e-10	-0.014292
5.84637e-10	-0.0143485
5.84729e-10	-0.0144052
5.84822e-10	-0.0144619
5.84914e-10	-0.0145186
5.85006e-10	-0.0145754
5.85099e-10	-0.0146322
5.85191e-10	-0.0146891
5.85284e-10	-0.0147461
5.85376e-10	-0.0148031
5.85469e-10	-0.0148601
5.85561e-10	-0.0149172
5.85653e-10	-0.0149743
5.85746e-10	-0.0150315
5.85838e-10	-0.0150888
5.85931e-10	-0.0151461
5.86023e-10	-0.0152034
5.86115e-10	-0.0152608
5.86208e-10	-0.0153183
5.863e-10	-0.0153757
5.86393e-10	-0.0154333
5.86485e-10	-0.0154909
5.86577e-10	-0.0155485
5.8667e-10	-0.0156062
5.86762e-10	-0.015664
5.86855e-10	-0.0157217
5.86947e-10	-0.0157796
5.87039e-10	-0.0158375
5.87132e-10	-0.0158954
5.87224e-10	-0.0159534
5.87317e-10	-0.0160114
5.87409e-10	-0.0160695
5.87501e-10	-0.0161277
5.87594e-10	-0.0161858
5.87686e-10	-0.0162441
5.87779e-10	-0.0163024
5.87871e-10	-0.0163607
5.87963e-10	-0.0164191
5.88056e-10	-0.0164775
5.88148e-10	-0.016536
5.88241e-10	-0.0165945
5.88333e-10	-0.0166531
5.88425e-10	-0.0167117
5.88518e-10	-0.0167704
5.8861e-10	-0.0168291
5.88703e-10	-0.0168879
5.88795e-10	-0.0169467
5.88887e-10	-0.0170056
5.8898e-10	-0.0170645
5.89072e-10	-0.0171234
5.89165e-10	-0.0171825
5.89257e-10	-0.0172415
5.89349e-10	-0.0173006
5.89442e-10	-0.0173598
5.89534e-10	-0.017419
5.89627e-10	-0.0174782
5.89719e-10	-0.0175375
5.89811e-10	-0.0175969
5.89904e-10	-0.0176563
5.89996e-10	-0.0177157
5.90089e-10	-0.0177752
5.90181e-10	-0.0178348
5.90273e-10	-0.0178944
5.90366e-10	-0.017954
5.90458e-10	-0.0180137
5.90551e-10	-0.0180734
5.90643e-10	-0.0181332
5.90736e-10	-0.018193
5.90828e-10	-0.0182529
5.9092e-10	-0.0183128
5.91013e-10	-0.0183728
5.91105e-10	-0.0184328
5.91198e-10	-0.0184928
5.9129e-10	-0.0185529
5.91382e-10	-0.0186131
5.91475e-10	-0.0186733
5.91567e-10	-0.0187336
5.9166e-10	-0.0187938
5.91752e-10	-0.0188542
5.91844e-10	-0.0189146
5.91937e-10	-0.018975
5.92029e-10	-0.0190355
5.92122e-10	-0.019096
5.92214e-10	-0.0191566
5.92306e-10	-0.0192172
5.92399e-10	-0.0192779
5.92491e-10	-0.0193386
5.92584e-10	-0.0193994
5.92676e-10	-0.0194602
5.92768e-10	-0.019521
5.92861e-10	-0.0195819
5.92953e-10	-0.0196429
5.93046e-10	-0.0197039
5.93138e-10	-0.0197649
5.9323e-10	-0.019826
5.93323e-10	-0.0198871
5.93415e-10	-0.0199483
5.93508e-10	-0.0200095
5.936e-10	-0.0200708
5.93692e-10	-0.0201321
5.93785e-10	-0.0201934
5.93877e-10	-0.0202548
5.9397e-10	-0.0203163
5.94062e-10	-0.0203778
5.94154e-10	-0.0204393
5.94247e-10	-0.0205009
5.94339e-10	-0.0205625
5.94432e-10	-0.0206242
5.94524e-10	-0.0206859
5.94616e-10	-0.0207477
5.94709e-10	-0.0208095
5.94801e-10	-0.0208713
5.94894e-10	-0.0209332
5.94986e-10	-0.0209952
5.95078e-10	-0.0210572
5.95171e-10	-0.0211192
5.95263e-10	-0.0211813
5.95356e-10	-0.0212434
5.95448e-10	-0.0213055
5.9554e-10	-0.0213677
5.95633e-10	-0.02143
5.95725e-10	-0.0214923
5.95818e-10	-0.0215546
5.9591e-10	-0.021617
5.96003e-10	-0.0216794
5.96095e-10	-0.0217419
5.96187e-10	-0.0218044
5.9628e-10	-0.021867
5.96372e-10	-0.0219296
5.96465e-10	-0.0219922
5.96557e-10	-0.0220549
5.96649e-10	-0.0221177
5.96742e-10	-0.0221804
5.96834e-10	-0.0222433
5.96927e-10	-0.0223061
5.97019e-10	-0.022369
5.97111e-10	-0.022432
5.97204e-10	-0.022495
5.97296e-10	-0.022558
5.97389e-10	-0.0226211
5.97481e-10	-0.0226842
5.97573e-10	-0.0227474
5.97666e-10	-0.0228106
5.97758e-10	-0.0228738
5.97851e-10	-0.0229371
5.97943e-10	-0.0230005
5.98035e-10	-0.0230638
5.98128e-10	-0.0231273
5.9822e-10	-0.0231907
5.98313e-10	-0.0232542
5.98405e-10	-0.0233178
5.98497e-10	-0.0233814
5.9859e-10	-0.023445
5.98682e-10	-0.0235087
5.98775e-10	-0.0235724
5.98867e-10	-0.0236361
5.98959e-10	-0.0236999
5.99052e-10	-0.0237638
5.99144e-10	-0.0238277
5.99237e-10	-0.0238916
5.99329e-10	-0.0239555
5.99421e-10	-0.0240196
5.99514e-10	-0.0240836
5.99606e-10	-0.0241477
5.99699e-10	-0.0242118
5.99791e-10	-0.024276
5.99883e-10	-0.0243402
5.99976e-10	-0.0244045
6.00068e-10	-0.0244687
6.00161e-10	-0.0245331
6.00253e-10	-0.0245975
6.00345e-10	-0.0246619
6.00438e-10	-0.0247263
6.0053e-10	-0.0247908
6.00623e-10	-0.0248554
6.00715e-10	-0.0249199
6.00807e-10	-0.0249846
6.009e-10	-0.0250492
6.00992e-10	-0.0251139
6.01085e-10	-0.0251787
6.01177e-10	-0.0252434
6.0127e-10	-0.0253083
6.01362e-10	-0.0253731
6.01454e-10	-0.025438
6.01547e-10	-0.0255029
6.01639e-10	-0.0255679
6.01732e-10	-0.0256329
6.01824e-10	-0.025698
6.01916e-10	-0.0257631
6.02009e-10	-0.0258282
6.02101e-10	-0.0258934
6.02194e-10	-0.0259586
6.02286e-10	-0.0260239
6.02378e-10	-0.0260892
6.02471e-10	-0.0261545
6.02563e-10	-0.0262199
6.02656e-10	-0.0262853
6.02748e-10	-0.0263507
6.0284e-10	-0.0264162
6.02933e-10	-0.0264817
6.03025e-10	-0.0265473
6.03118e-10	-0.0266129
6.0321e-10	-0.0266785
6.03302e-10	-0.0267442
6.03395e-10	-0.0268099
6.03487e-10	-0.0268757
6.0358e-10	-0.0269415
6.03672e-10	-0.0270073
6.03764e-10	-0.0270732
6.03857e-10	-0.0271391
6.03949e-10	-0.027205
6.04042e-10	-0.027271
6.04134e-10	-0.027337
6.04226e-10	-0.0274031
6.04319e-10	-0.0274692
6.04411e-10	-0.0275353
6.04504e-10	-0.0276015
6.04596e-10	-0.0276677
6.04688e-10	-0.0277339
6.04781e-10	-0.0278002
6.04873e-10	-0.0278665
6.04966e-10	-0.0279329
6.05058e-10	-0.0279993
6.0515e-10	-0.0280657
6.05243e-10	-0.0281321
6.05335e-10	-0.0281986
6.05428e-10	-0.0282652
6.0552e-10	-0.0283318
6.05612e-10	-0.0283984
6.05705e-10	-0.028465
6.05797e-10	-0.0285317
6.0589e-10	-0.0285984
6.05982e-10	-0.0286652
6.06074e-10	-0.0287319
6.06167e-10	-0.0287988
6.06259e-10	-0.0288656
6.06352e-10	-0.0289325
6.06444e-10	-0.0289995
6.06537e-10	-0.0290664
6.06629e-10	-0.0291334
6.06721e-10	-0.0292005
6.06814e-10	-0.0292675
6.06906e-10	-0.0293346
6.06999e-10	-0.0294018
6.07091e-10	-0.0294689
6.07183e-10	-0.0295362
6.07276e-10	-0.0296034
6.07368e-10	-0.0296707
6.07461e-10	-0.029738
6.07553e-10	-0.0298053
6.07645e-10	-0.0298727
6.07738e-10	-0.0299402
6.0783e-10	-0.0300076
6.07923e-10	-0.0300751
6.08015e-10	-0.0301426
6.08107e-10	-0.0302102
6.082e-10	-0.0302778
6.08292e-10	-0.0303454
6.08385e-10	-0.030413
6.08477e-10	-0.0304807
6.08569e-10	-0.0305484
6.08662e-10	-0.0306162
6.08754e-10	-0.030684
6.08847e-10	-0.0307518
6.08939e-10	-0.0308197
6.09031e-10	-0.0308875
6.09124e-10	-0.0309555
6.09216e-10	-0.0310234
6.09309e-10	-0.0310914
6.09401e-10	-0.0311594
6.09493e-10	-0.0312275
6.09586e-10	-0.0312956
6.09678e-10	-0.0313637
6.09771e-10	-0.0314318
6.09863e-10	-0.0315
6.09955e-10	-0.0315682
6.10048e-10	-0.0316365
6.1014e-10	-0.0317047
6.10233e-10	-0.0317731
6.10325e-10	-0.0318414
6.10417e-10	-0.0319098
6.1051e-10	-0.0319782
6.10602e-10	-0.0320466
6.10695e-10	-0.0321151
6.10787e-10	-0.0321836
6.10879e-10	-0.0322521
6.10972e-10	-0.0323207
6.11064e-10	-0.0323893
6.11157e-10	-0.0324579
6.11249e-10	-0.0325265
6.11341e-10	-0.0325952
6.11434e-10	-0.0326639
6.11526e-10	-0.0327327
6.11619e-10	-0.0328014
6.11711e-10	-0.0328703
6.11803e-10	-0.0329391
6.11896e-10	-0.033008
6.11988e-10	-0.0330769
6.12081e-10	-0.0331458
6.12173e-10	-0.0332147
6.12266e-10	-0.0332837
6.12358e-10	-0.0333527
6.1245e-10	-0.0334218
6.12543e-10	-0.0334909
6.12635e-10	-0.03356
6.12728e-10	-0.0336291
6.1282e-10	-0.0336983
6.12912e-10	-0.0337674
6.13005e-10	-0.0338367
6.13097e-10	-0.0339059
6.1319e-10	-0.0339752
6.13282e-10	-0.0340445
6.13374e-10	-0.0341138
6.13467e-10	-0.0341832
6.13559e-10	-0.0342526
6.13652e-10	-0.034322
6.13744e-10	-0.0343915
6.13836e-10	-0.0344609
6.13929e-10	-0.0345304
6.14021e-10	-0.0346
6.14114e-10	-0.0346695
6.14206e-10	-0.0347391
6.14298e-10	-0.0348087
6.14391e-10	-0.0348784
6.14483e-10	-0.0349481
6.14576e-10	-0.0350178
6.14668e-10	-0.0350875
6.1476e-10	-0.0351572
6.14853e-10	-0.035227
6.14945e-10	-0.0352968
6.15038e-10	-0.0353666
6.1513e-10	-0.0354365
6.15222e-10	-0.0355064
6.15315e-10	-0.0355763
6.15407e-10	-0.0356462
6.155e-10	-0.0357162
6.15592e-10	-0.0357862
6.15684e-10	-0.0358562
6.15777e-10	-0.0359263
6.15869e-10	-0.0359963
6.15962e-10	-0.0360664
6.16054e-10	-0.0361366
6.16146e-10	-0.0362067
6.16239e-10	-0.0362769
6.16331e-10	-0.0363471
6.16424e-10	-0.0364173
6.16516e-10	-0.0364875
6.16608e-10	-0.0365578
6.16701e-10	-0.0366281
6.16793e-10	-0.0366984
6.16886e-10	-0.0367688
6.16978e-10	-0.0368392
6.1707e-10	-0.0369095
6.17163e-10	-0.03698
6.17255e-10	-0.0370504
6.17348e-10	-0.0371209
6.1744e-10	-0.0371914
6.17533e-10	-0.0372619
6.17625e-10	-0.0373324
6.17717e-10	-0.037403
6.1781e-10	-0.0374736
6.17902e-10	-0.0375442
6.17995e-10	-0.0376148
6.18087e-10	-0.0376855
6.18179e-10	-0.0377562
6.18272e-10	-0.0378269
6.18364e-10	-0.0378976
6.18457e-10	-0.0379684
6.18549e-10	-0.0380391
6.18641e-10	-0.0381099
6.18734e-10	-0.0381808
6.18826e-10	-0.0382516
6.18919e-10	-0.0383225
6.19011e-10	-0.0383934
6.19103e-10	-0.0384643
6.19196e-10	-0.0385352
6.19288e-10	-0.0386061
6.19381e-10	-0.0386771
6.19473e-10	-0.0387481
6.19565e-10	-0.0388191
6.19658e-10	-0.0388902
6.1975e-10	-0.0389612
6.19843e-10	-0.0390323
6.19935e-10	-0.0391034
6.20027e-10	-0.0391745
6.2012e-10	-0.0392457
6.20212e-10	-0.0393169
6.20305e-10	-0.039388
6.20397e-10	-0.0394593
6.20489e-10	-0.0395305
6.20582e-10	-0.0396017
6.20674e-10	-0.039673
6.20767e-10	-0.0397443
6.20859e-10	-0.0398156
6.20951e-10	-0.0398869
6.21044e-10	-0.0399583
6.21136e-10	-0.0400296
6.21229e-10	-0.040101
6.21321e-10	-0.0401724
6.21413e-10	-0.0402439
6.21506e-10	-0.0403153
6.21598e-10	-0.0403868
6.21691e-10	-0.0404583
6.21783e-10	-0.0405298
6.21875e-10	-0.0406013
6.21968e-10	-0.0406728
6.2206e-10	-0.0407444
6.22153e-10	-0.040816
6.22245e-10	-0.0408876
6.22337e-10	-0.0409592
6.2243e-10	-0.0410308
6.22522e-10	-0.0411025
6.22615e-10	-0.0411741
6.22707e-10	-0.0412458
6.228e-10	-0.0413175
6.22892e-10	-0.0413892
6.22984e-10	-0.041461
6.23077e-10	-0.0415327
6.23169e-10	-0.0416045
6.23262e-10	-0.0416763
6.23354e-10	-0.0417481
6.23446e-10	-0.0418199
6.23539e-10	-0.0418918
6.23631e-10	-0.0419636
6.23724e-10	-0.0420355
6.23816e-10	-0.0421074
6.23908e-10	-0.0421793
6.24001e-10	-0.0422512
6.24093e-10	-0.0423232
6.24186e-10	-0.0423951
6.24278e-10	-0.0424671
6.2437e-10	-0.0425391
6.24463e-10	-0.0426111
6.24555e-10	-0.0426831
6.24648e-10	-0.0427551
6.2474e-10	-0.0428272
6.24832e-10	-0.0428992
6.24925e-10	-0.0429713
6.25017e-10	-0.0430434
6.2511e-10	-0.0431155
6.25202e-10	-0.0431876
6.25294e-10	-0.0432598
6.25387e-10	-0.0433319
6.25479e-10	-0.0434041
6.25572e-10	-0.0434763
6.25664e-10	-0.0435485
6.25756e-10	-0.0436207
6.25849e-10	-0.0436929
6.25941e-10	-0.0437651
6.26034e-10	-0.0438374
6.26126e-10	-0.0439096
6.26218e-10	-0.0439819
6.26311e-10	-0.0440542
6.26403e-10	-0.0441265
6.26496e-10	-0.0441988
6.26588e-10	-0.0442711
6.2668e-10	-0.0443435
6.26773e-10	-0.0444158
6.26865e-10	-0.0444882
6.26958e-10	-0.0445605
6.2705e-10	-0.0446329
6.27142e-10	-0.0447053
6.27235e-10	-0.0447777
6.27327e-10	-0.0448502
6.2742e-10	-0.0449226
6.27512e-10	-0.044995
6.27604e-10	-0.0450675
6.27697e-10	-0.04514
6.27789e-10	-0.0452124
6.27882e-10	-0.0452849
6.27974e-10	-0.0453574
6.28067e-10	-0.04543
6.28159e-10	-0.0455025
6.28251e-10	-0.045575
6.28344e-10	-0.0456476
6.28436e-10	-0.0457201
6.28529e-10	-0.0457927
6.28621e-10	-0.0458652
6.28713e-10	-0.0459378
6.28806e-10	-0.0460104
6.28898e-10	-0.046083
6.28991e-10	-0.0461556
6.29083e-10	-0.0462283
6.29175e-10	-0.0463009
6.29268e-10	-0.0463735
6.2936e-10	-0.0464462
6.29453e-10	-0.0465188
6.29545e-10	-0.0465915
6.29637e-10	-0.0466642
6.2973e-10	-0.0467369
6.29822e-10	-0.0468095
6.29915e-10	-0.0468822
6.30007e-10	-0.0469549
6.30099e-10	-0.0470277
6.30192e-10	-0.0471004
6.30284e-10	-0.0471731
6.30377e-10	-0.0472459
6.30469e-10	-0.0473186
6.30561e-10	-0.0473914
6.30654e-10	-0.0474641
6.30746e-10	-0.0475369
6.30839e-10	-0.0476097
6.30931e-10	-0.0476824
6.31023e-10	-0.0477552
6.31116e-10	-0.047828
6.31208e-10	-0.0479008
6.31301e-10	-0.0479736
6.31393e-10	-0.0480464
6.31485e-10	-0.0481193
6.31578e-10	-0.0481921
6.3167e-10	-0.0482649
6.31763e-10	-0.0483377
6.31855e-10	-0.0484106
6.31947e-10	-0.0484834
6.3204e-10	-0.0485563
6.32132e-10	-0.0486291
6.32225e-10	-0.048702
6.32317e-10	-0.0487749
6.32409e-10	-0.0488477
6.32502e-10	-0.0489206
6.32594e-10	-0.0489935
6.32687e-10	-0.0490664
6.32779e-10	-0.0491392
6.32871e-10	-0.0492121
6.32964e-10	-0.049285
6.33056e-10	-0.0493579
6.33149e-10	-0.0494308
6.33241e-10	-0.0495037
6.33334e-10	-0.0495766
6.33426e-10	-0.0496496
6.33518e-10	-0.0497225
6.33611e-10	-0.0497954
6.33703e-10	-0.0498683
6.33796e-10	-0.0499412
6.33888e-10	-0.0500142
6.3398e-10	-0.0500871
6.34073e-10	-0.05016
6.34165e-10	-0.0502329
6.34258e-10	-0.0503059
6.3435e-10	-0.0503788
6.34442e-10	-0.0504517
6.34535e-10	-0.0505247
6.34627e-10	-0.0505976
6.3472e-10	-0.0506706
6.34812e-10	-0.0507435
6.34904e-10	-0.0508164
6.34997e-10	-0.0508894
6.35089e-10	-0.0509623
6.35182e-10	-0.0510353
6.35274e-10	-0.0511082
6.35366e-10	-0.0511812
6.35459e-10	-0.0512541
6.35551e-10	-0.0513271
6.35644e-10	-0.0514
6.35736e-10	-0.0514729
6.35828e-10	-0.0515459
6.35921e-10	-0.0516188
6.36013e-10	-0.0516918
6.36106e-10	-0.0517647
6.36198e-10	-0.0518377
6.3629e-10	-0.0519106
6.36383e-10	-0.0519835
6.36475e-10	-0.0520565
6.36568e-10	-0.0521294
6.3666e-10	-0.0522023
6.36752e-10	-0.0522753
6.36845e-10	-0.0523482
6.36937e-10	-0.0524211
6.3703e-10	-0.052494
6.37122e-10	-0.052567
6.37214e-10	-0.0526399
6.37307e-10	-0.0527128
6.37399e-10	-0.0527857
6.37492e-10	-0.0528586
6.37584e-10	-0.0529315
6.37676e-10	-0.0530044
6.37769e-10	-0.0530773
6.37861e-10	-0.0531502
6.37954e-10	-0.0532231
6.38046e-10	-0.053296
6.38138e-10	-0.0533689
6.38231e-10	-0.0534418
6.38323e-10	-0.0535146
6.38416e-10	-0.0535875
6.38508e-10	-0.0536604
6.38601e-10	-0.0537332
6.38693e-10	-0.0538061
6.38785e-10	-0.053879
6.38878e-10	-0.0539518
6.3897e-10	-0.0540246
6.39063e-10	-0.0540975
6.39155e-10	-0.0541703
6.39247e-10	-0.0542431
6.3934e-10	-0.054316
6.39432e-10	-0.0543888
6.39525e-10	-0.0544616
6.39617e-10	-0.0545344
6.39709e-10	-0.0546072
6.39802e-10	-0.0546799
6.39894e-10	-0.0547527
6.39987e-10	-0.0548255
6.40079e-10	-0.0548983
6.40171e-10	-0.054971
6.40264e-10	-0.0550438
6.40356e-10	-0.0551165
6.40449e-10	-0.0551892
6.40541e-10	-0.055262
6.40633e-10	-0.0553347
6.40726e-10	-0.0554074
6.40818e-10	-0.0554801
6.40911e-10	-0.0555528
6.41003e-10	-0.0556255
6.41095e-10	-0.0556982
6.41188e-10	-0.0557708
6.4128e-10	-0.0558435
6.41373e-10	-0.0559161
6.41465e-10	-0.0559888
6.41557e-10	-0.0560614
6.4165e-10	-0.056134
6.41742e-10	-0.0562066
6.41835e-10	-0.0562792
6.41927e-10	-0.0563518
6.42019e-10	-0.0564244
6.42112e-10	-0.056497
6.42204e-10	-0.0565695
6.42297e-10	-0.0566421
6.42389e-10	-0.0567146
6.42481e-10	-0.0567871
6.42574e-10	-0.0568597
6.42666e-10	-0.0569322
6.42759e-10	-0.0570047
6.42851e-10	-0.0570771
6.42943e-10	-0.0571496
6.43036e-10	-0.0572221
6.43128e-10	-0.0572945
6.43221e-10	-0.0573669
6.43313e-10	-0.0574394
6.43405e-10	-0.0575118
6.43498e-10	-0.0575842
6.4359e-10	-0.0576565
6.43683e-10	-0.0577289
6.43775e-10	-0.0578013
6.43868e-10	-0.0578736
6.4396e-10	-0.0579459
6.44052e-10	-0.0580182
6.44145e-10	-0.0580905
6.44237e-10	-0.0581628
6.4433e-10	-0.0582351
6.44422e-10	-0.0583074
6.44514e-10	-0.0583796
6.44607e-10	-0.0584518
6.44699e-10	-0.058524
6.44792e-10	-0.0585962
6.44884e-10	-0.0586684
6.44976e-10	-0.0587406
6.45069e-10	-0.0588127
6.45161e-10	-0.0588849
6.45254e-10	-0.058957
6.45346e-10	-0.0590291
6.45438e-10	-0.0591012
6.45531e-10	-0.0591733
6.45623e-10	-0.0592453
6.45716e-10	-0.0593174
6.45808e-10	-0.0593894
6.459e-10	-0.0594614
6.45993e-10	-0.0595334
6.46085e-10	-0.0596054
6.46178e-10	-0.0596773
6.4627e-10	-0.0597493
6.46362e-10	-0.0598212
6.46455e-10	-0.0598931
6.46547e-10	-0.059965
6.4664e-10	-0.0600368
6.46732e-10	-0.0601087
6.46824e-10	-0.0601805
6.46917e-10	-0.0602523
6.47009e-10	-0.0603241
6.47102e-10	-0.0603959
6.47194e-10	-0.0604677
6.47286e-10	-0.0605394
6.47379e-10	-0.0606111
6.47471e-10	-0.0606828
6.47564e-10	-0.0607545
6.47656e-10	-0.0608261
6.47748e-10	-0.0608978
6.47841e-10	-0.0609694
6.47933e-10	-0.061041
6.48026e-10	-0.0611126
6.48118e-10	-0.0611841
6.4821e-10	-0.0612557
6.48303e-10	-0.0613272
6.48395e-10	-0.0613987
6.48488e-10	-0.0614701
6.4858e-10	-0.0615416
6.48672e-10	-0.061613
6.48765e-10	-0.0616844
6.48857e-10	-0.0617558
6.4895e-10	-0.0618272
6.49042e-10	-0.0618985
6.49135e-10	-0.0619698
6.49227e-10	-0.0620411
6.49319e-10	-0.0621124
6.49412e-10	-0.0621836
6.49504e-10	-0.0622549
6.49597e-10	-0.0623261
6.49689e-10	-0.0623972
6.49781e-10	-0.0624684
6.49874e-10	-0.0625395
6.49966e-10	-0.0626106
6.50059e-10	-0.0626817
6.50151e-10	-0.0627528
6.50243e-10	-0.0628238
6.50336e-10	-0.0628948
6.50428e-10	-0.0629658
6.50521e-10	-0.0630368
6.50613e-10	-0.0631077
6.50705e-10	-0.0631786
6.50798e-10	-0.0632495
6.5089e-10	-0.0633204
6.50983e-10	-0.0633912
6.51075e-10	-0.063462
6.51167e-10	-0.0635328
6.5126e-10	-0.0636036
6.51352e-10	-0.0636743
6.51445e-10	-0.063745
6.51537e-10	-0.0638157
6.51629e-10	-0.0638863
6.51722e-10	-0.0639569
6.51814e-10	-0.0640275
6.51907e-10	-0.0640981
6.51999e-10	-0.0641686
6.52091e-10	-0.0642391
6.52184e-10	-0.0643096
6.52276e-10	-0.0643801
6.52369e-10	-0.0644505
6.52461e-10	-0.0645209
6.52553e-10	-0.0645913
6.52646e-10	-0.0646616
6.52738e-10	-0.0647319
6.52831e-10	-0.0648022
6.52923e-10	-0.0648725
6.53015e-10	-0.0649427
6.53108e-10	-0.0650129
6.532e-10	-0.065083
6.53293e-10	-0.0651532
6.53385e-10	-0.0652233
6.53477e-10	-0.0652934
6.5357e-10	-0.0653634
6.53662e-10	-0.0654334
6.53755e-10	-0.0655034
6.53847e-10	-0.0655733
6.53939e-10	-0.0656433
6.54032e-10	-0.0657132
6.54124e-10	-0.065783
6.54217e-10	-0.0658528
6.54309e-10	-0.0659226
6.54402e-10	-0.0659924
6.54494e-10	-0.0660621
6.54586e-10	-0.0661318
6.54679e-10	-0.0662015
6.54771e-10	-0.0662711
6.54864e-10	-0.0663407
6.54956e-10	-0.0664103
6.55048e-10	-0.0664798
6.55141e-10	-0.0665493
6.55233e-10	-0.0666188
6.55326e-10	-0.0666882
6.55418e-10	-0.0667576
6.5551e-10	-0.066827
6.55603e-10	-0.0668963
6.55695e-10	-0.0669656
6.55788e-10	-0.0670349
6.5588e-10	-0.0671041
6.55972e-10	-0.0671733
6.56065e-10	-0.0672424
6.56157e-10	-0.0673116
6.5625e-10	-0.0673806
6.56342e-10	-0.0674497
6.56434e-10	-0.0675187
6.56527e-10	-0.0675877
6.56619e-10	-0.0676566
6.56712e-10	-0.0677255
6.56804e-10	-0.0677944
6.56896e-10	-0.0678632
6.56989e-10	-0.067932
6.57081e-10	-0.0680008
6.57174e-10	-0.0680695
6.57266e-10	-0.0681382
6.57358e-10	-0.0682068
6.57451e-10	-0.0682754
6.57543e-10	-0.068344
6.57636e-10	-0.0684125
6.57728e-10	-0.068481
6.5782e-10	-0.0685495
6.57913e-10	-0.0686179
6.58005e-10	-0.0686863
6.58098e-10	-0.0687546
6.5819e-10	-0.0688229
6.58282e-10	-0.0688912
6.58375e-10	-0.0689594
6.58467e-10	-0.0690276
6.5856e-10	-0.0690957
6.58652e-10	-0.0691638
6.58744e-10	-0.0692319
6.58837e-10	-0.0692999
6.58929e-10	-0.0693679
6.59022e-10	-0.0694358
6.59114e-10	-0.0695037
6.59206e-10	-0.0695716
6.59299e-10	-0.0696394
6.59391e-10	-0.0697072
6.59484e-10	-0.0697749
6.59576e-10	-0.0698426
6.59669e-10	-0.0699102
6.59761e-10	-0.0699778
6.59853e-10	-0.0700454
6.59946e-10	-0.0701129
6.60038e-10	-0.0701804
6.60131e-10	-0.0702479
6.60223e-10	-0.0703152
6.60315e-10	-0.0703826
6.60408e-10	-0.0704499
6.605e-10	-0.0705172
6.60593e-10	-0.0705844
6.60685e-10	-0.0706516
6.60777e-10	-0.0707187
6.6087e-10	-0.0707858
6.60962e-10	-0.0708528
6.61055e-10	-0.0709198
6.61147e-10	-0.0709868
6.61239e-10	-0.0710537
6.61332e-10	-0.0711205
6.61424e-10	-0.0711873
6.61517e-10	-0.0712541
6.61609e-10	-0.0713208
6.61701e-10	-0.0713875
6.61794e-10	-0.0714541
6.61886e-10	-0.0715207
6.61979e-10	-0.0715873
6.62071e-10	-0.0716538
6.62163e-10	-0.0717202
6.62256e-10	-0.0717866
6.62348e-10	-0.071853
6.62441e-10	-0.0719193
6.62533e-10	-0.0719855
6.62625e-10	-0.0720517
6.62718e-10	-0.0721179
6.6281e-10	-0.072184
6.62903e-10	-0.0722501
6.62995e-10	-0.0723161
6.63087e-10	-0.072382
6.6318e-10	-0.072448
6.63272e-10	-0.0725138
6.63365e-10	-0.0725797
6.63457e-10	-0.0726454
6.63549e-10	-0.0727111
6.63642e-10	-0.0727768
6.63734e-10	-0.0728424
6.63827e-10	-0.072908
6.63919e-10	-0.0729735
6.64011e-10	-0.073039
6.64104e-10	-0.0731044
6.64196e-10	-0.0731698
6.64289e-10	-0.0732351
6.64381e-10	-0.0733004
6.64473e-10	-0.0733656
6.64566e-10	-0.0734307
6.64658e-10	-0.0734958
6.64751e-10	-0.0735609
6.64843e-10	-0.0736259
6.64936e-10	-0.0736909
6.65028e-10	-0.0737558
6.6512e-10	-0.0738206
6.65213e-10	-0.0738854
6.65305e-10	-0.0739501
6.65398e-10	-0.0740148
6.6549e-10	-0.0740795
6.65582e-10	-0.074144
6.65675e-10	-0.0742086
6.65767e-10	-0.074273
6.6586e-10	-0.0743375
6.65952e-10	-0.0744018
6.66044e-10	-0.0744661
6.66137e-10	-0.0745304
6.66229e-10	-0.0745946
6.66322e-10	-0.0746587
6.66414e-10	-0.0747228
6.66506e-10	-0.0747869
6.66599e-10	-0.0748508
6.66691e-10	-0.0749148
6.66784e-10	-0.0749786
6.66876e-10	-0.0750424
6.66968e-10	-0.0751062
6.67061e-10	-0.0751699
6.67153e-10	-0.0752335
6.67246e-10	-0.0752971
6.67338e-10	-0.0753606
6.6743e-10	-0.0754241
6.67523e-10	-0.0754875
6.67615e-10	-0.0755508
6.67708e-10	-0.0756141
6.678e-10	-0.0756774
6.67892e-10	-0.0757406
6.67985e-10	-0.0758037
6.68077e-10	-0.0758667
6.6817e-10	-0.0759297
6.68262e-10	-0.0759927
6.68354e-10	-0.0760555
6.68447e-10	-0.0761184
6.68539e-10	-0.0761811
6.68632e-10	-0.0762438
6.68724e-10	-0.0763065
6.68816e-10	-0.0763691
6.68909e-10	-0.0764316
6.69001e-10	-0.076494
6.69094e-10	-0.0765564
6.69186e-10	-0.0766188
6.69278e-10	-0.0766811
6.69371e-10	-0.0767433
6.69463e-10	-0.0768054
6.69556e-10	-0.0768675
6.69648e-10	-0.0769296
6.6974e-10	-0.0769915
6.69833e-10	-0.0770534
6.69925e-10	-0.0771153
6.70018e-10	-0.077177
6.7011e-10	-0.0772388
6.70203e-10	-0.0773004
6.70295e-10	-0.077362
6.70387e-10	-0.0774235
6.7048e-10	-0.077485
6.70572e-10	-0.0775464
6.70665e-10	-0.0776077
6.70757e-10	-0.077669
6.70849e-10	-0.0777302
6.70942e-10	-0.0777914
6.71034e-10	-0.0778524
6.71127e-10	-0.0779134
6.71219e-10	-0.0779744
6.71311e-10	-0.0780353
6.71404e-10	-0.0780961
6.71496e-10	-0.0781568
6.71589e-10	-0.0782175
6.71681e-10	-0.0782781
6.71773e-10	-0.0783387
6.71866e-10	-0.0783992
6.71958e-10	-0.0784596
6.72051e-10	-0.0785199
6.72143e-10	-0.0785802
6.72235e-10	-0.0786404
6.72328e-10	-0.0787006
6.7242e-10	-0.0787607
6.72513e-10	-0.0788207
6.72605e-10	-0.0788806
6.72697e-10	-0.0789405
6.7279e-10	-0.0790003
6.72882e-10	-0.07906
6.72975e-10	-0.0791197
6.73067e-10	-0.0791793
6.73159e-10	-0.0792388
6.73252e-10	-0.0792983
6.73344e-10	-0.0793577
6.73437e-10	-0.079417
6.73529e-10	-0.0794763
6.73621e-10	-0.0795354
6.73714e-10	-0.0795946
6.73806e-10	-0.0796536
6.73899e-10	-0.0797126
6.73991e-10	-0.0797715
6.74083e-10	-0.0798303
6.74176e-10	-0.079889
6.74268e-10	-0.0799477
6.74361e-10	-0.0800063
6.74453e-10	-0.0800649
6.74545e-10	-0.0801233
6.74638e-10	-0.0801817
6.7473e-10	-0.0802401
6.74823e-10	-0.0802983
6.74915e-10	-0.0803565
6.75007e-10	-0.0804146
6.751e-10	-0.0804726
6.75192e-10	-0.0805306
6.75285e-10	-0.0805885
6.75377e-10	-0.0806463
6.7547e-10	-0.080704
6.75562e-10	-0.0807616
6.75654e-10	-0.0808192
6.75747e-10	-0.0808767
6.75839e-10	-0.0809342
6.75932e-10	-0.0809915
6.76024e-10	-0.0810488
6.76116e-10	-0.081106
6.76209e-10	-0.0811632
6.76301e-10	-0.0812202
6.76394e-10	-0.0812772
6.76486e-10	-0.0813341
6.76578e-10	-0.0813909
6.76671e-10	-0.0814477
6.76763e-10	-0.0815044
6.76856e-10	-0.0815609
6.76948e-10	-0.0816175
6.7704e-10	-0.0816739
6.77133e-10	-0.0817303
6.77225e-10	-0.0817866
6.77318e-10	-0.0818428
6.7741e-10	-0.0818989
6.77502e-10	-0.0819549
6.77595e-10	-0.0820109
6.77687e-10	-0.0820668
6.7778e-10	-0.0821226
6.77872e-10	-0.0821783
6.77964e-10	-0.082234
6.78057e-10	-0.0822896
6.78149e-10	-0.0823451
6.78242e-10	-0.0824005
6.78334e-10	-0.0824558
6.78426e-10	-0.0825111
6.78519e-10	-0.0825662
6.78611e-10	-0.0826213
6.78704e-10	-0.0826763
6.78796e-10	-0.0827313
6.78888e-10	-0.0827861
6.78981e-10	-0.0828409
6.79073e-10	-0.0828956
6.79166e-10	-0.0829502
6.79258e-10	-0.0830047
6.7935e-10	-0.0830591
6.79443e-10	-0.0831135
6.79535e-10	-0.0831678
6.79628e-10	-0.0832219
6.7972e-10	-0.083276
6.79812e-10	-0.0833301
6.79905e-10	-0.083384
6.79997e-10	-0.0834379
6.8009e-10	-0.0834916
6.80182e-10	-0.0835453
6.80274e-10	-0.0835989
6.80367e-10	-0.0836524
6.80459e-10	-0.0837059
6.80552e-10	-0.0837592
6.80644e-10	-0.0838125
6.80737e-10	-0.0838656
6.80829e-10	-0.0839187
6.80921e-10	-0.0839717
6.81014e-10	-0.0840246
6.81106e-10	-0.0840775
6.81199e-10	-0.0841302
6.81291e-10	-0.0841829
6.81383e-10	-0.0842354
6.81476e-10	-0.0842879
6.81568e-10	-0.0843403
6.81661e-10	-0.0843926
6.81753e-10	-0.0844449
6.81845e-10	-0.084497
6.81938e-10	-0.084549
6.8203e-10	-0.084601
6.82123e-10	-0.0846528
6.82215e-10	-0.0847046
6.82307e-10	-0.0847563
6.824e-10	-0.0848079
6.82492e-10	-0.0848594
6.82585e-10	-0.0849108
6.82677e-10	-0.0849622
6.82769e-10	-0.0850134
6.82862e-10	-0.0850646
6.82954e-10	-0.0851156
6.83047e-10	-0.0851666
6.83139e-10	-0.0852175
6.83231e-10	-0.0852683
6.83324e-10	-0.085319
6.83416e-10	-0.0853696
6.83509e-10	-0.0854201
6.83601e-10	-0.0854705
6.83693e-10	-0.0855208
6.83786e-10	-0.0855711
6.83878e-10	-0.0856212
6.83971e-10	-0.0856713
6.84063e-10	-0.0857212
6.84155e-10	-0.0857711
6.84248e-10	-0.0858209
6.8434e-10	-0.0858706
6.84433e-10	-0.0859202
6.84525e-10	-0.0859696
6.84617e-10	-0.086019
6.8471e-10	-0.0860684
6.84802e-10	-0.0861176
6.84895e-10	-0.0861667
6.84987e-10	-0.0862157
6.85079e-10	-0.0862646
6.85172e-10	-0.0863135
6.85264e-10	-0.0863622
6.85357e-10	-0.0864108
6.85449e-10	-0.0864594
6.85541e-10	-0.0865078
6.85634e-10	-0.0865562
6.85726e-10	-0.0866044
6.85819e-10	-0.0866526
6.85911e-10	-0.0867007
6.86004e-10	-0.0867486
6.86096e-10	-0.0867965
6.86188e-10	-0.0868443
6.86281e-10	-0.0868919
6.86373e-10	-0.0869395
6.86466e-10	-0.086987
6.86558e-10	-0.0870344
6.8665e-10	-0.0870817
6.86743e-10	-0.0871288
6.86835e-10	-0.0871759
6.86928e-10	-0.0872229
6.8702e-10	-0.0872698
6.87112e-10	-0.0873166
6.87205e-10	-0.0873633
6.87297e-10	-0.0874098
6.8739e-10	-0.0874563
6.87482e-10	-0.0875027
6.87574e-10	-0.087549
6.87667e-10	-0.0875952
6.87759e-10	-0.0876413
6.87852e-10	-0.0876873
6.87944e-10	-0.0877331
6.88036e-10	-0.0877789
6.88129e-10	-0.0878246
6.88221e-10	-0.0878702
6.88314e-10	-0.0879156
6.88406e-10	-0.087961
6.88498e-10	-0.0880063
6.88591e-10	-0.0880514
6.88683e-10	-0.0880965
6.88776e-10	-0.0881415
6.88868e-10	-0.0881863
6.8896e-10	-0.0882311
6.89053e-10	-0.0882757
6.89145e-10	-0.0883203
6.89238e-10	-0.0883647
6.8933e-10	-0.0884091
6.89422e-10	-0.0884533
6.89515e-10	-0.0884974
6.89607e-10	-0.0885414
6.897e-10	-0.0885854
6.89792e-10	-0.0886292
6.89884e-10	-0.0886729
6.89977e-10	-0.0887165
6.90069e-10	-0.08876
6.90162e-10	-0.0888034
6.90254e-10	-0.0888466
6.90346e-10	-0.0888898
6.90439e-10	-0.0889329
6.90531e-10	-0.0889759
6.90624e-10	-0.0890187
6.90716e-10	-0.0890615
6.90808e-10	-0.0891041
6.90901e-10	-0.0891466
6.90993e-10	-0.0891891
6.91086e-10	-0.0892314
6.91178e-10	-0.0892736
6.9127e-10	-0.0893157
6.91363e-10	-0.0893577
6.91455e-10	-0.0893995
6.91548e-10	-0.0894413
6.9164e-10	-0.089483
6.91733e-10	-0.0895245
6.91825e-10	-0.089566
6.91917e-10	-0.0896073
6.9201e-10	-0.0896485
6.92102e-10	-0.0896896
6.92195e-10	-0.0897306
6.92287e-10	-0.0897715
6.92379e-10	-0.0898123
6.92472e-10	-0.089853
6.92564e-10	-0.0898935
6.92657e-10	-0.089934
6.92749e-10	-0.0899743
6.92841e-10	-0.0900145
6.92934e-10	-0.0900546
6.93026e-10	-0.0900946
6.93119e-10	-0.0901345
6.93211e-10	-0.0901743
6.93303e-10	-0.0902139
6.93396e-10	-0.0902535
6.93488e-10	-0.0902929
6.93581e-10	-0.0903322
6.93673e-10	-0.0903714
6.93765e-10	-0.0904105
6.93858e-10	-0.0904495
6.9395e-10	-0.0904884
6.94043e-10	-0.0905271
6.94135e-10	-0.0905657
6.94227e-10	-0.0906043
6.9432e-10	-0.0906427
6.94412e-10	-0.0906809
6.94505e-10	-0.0907191
6.94597e-10	-0.0907572
6.94689e-10	-0.0907951
6.94782e-10	-0.0908329
6.94874e-10	-0.0908706
6.94967e-10	-0.0909082
6.95059e-10	-0.0909457
6.95151e-10	-0.090983
6.95244e-10	-0.0910203
6.95336e-10	-0.0910574
6.95429e-10	-0.0910944
6.95521e-10	-0.0911312
6.95613e-10	-0.091168
6.95706e-10	-0.0912047
6.95798e-10	-0.0912412
6.95891e-10	-0.0912776
6.95983e-10	-0.0913139
6.96075e-10	-0.09135
6.96168e-10	-0.0913861
6.9626e-10	-0.091422
6.96353e-10	-0.0914578
6.96445e-10	-0.0914935
6.96537e-10	-0.0915291
6.9663e-10	-0.0915645
6.96722e-10	-0.0915999
6.96815e-10	-0.0916351
6.96907e-10	-0.0916702
6.97e-10	-0.0917051
6.97092e-10	-0.09174
6.97184e-10	-0.0917747
6.97277e-10	-0.0918093
6.97369e-10	-0.0918438
6.97462e-10	-0.0918781
6.97554e-10	-0.0919124
6.97646e-10	-0.0919465
6.97739e-10	-0.0919805
6.97831e-10	-0.0920143
6.97924e-10	-0.0920481
6.98016e-10	-0.0920817
6.98108e-10	-0.0921152
6.98201e-10	-0.0921485
6.98293e-10	-0.0921818
6.98386e-10	-0.0922149
6.98478e-10	-0.0922479
6.9857e-10	-0.0922808
6.98663e-10	-0.0923135
6.98755e-10	-0.0923461
6.98848e-10	-0.0923786
6.9894e-10	-0.092411
6.99032e-10	-0.0924433
6.99125e-10	-0.0924754
6.99217e-10	-0.0925074
6.9931e-10	-0.0925392
6.99402e-10	-0.092571
6.99494e-10	-0.0926026
6.99587e-10	-0.0926341
6.99679e-10	-0.0926654
6.99772e-10	-0.0926967
6.99864e-10	-0.0927278
6.99956e-10	-0.0927587
7.00049e-10	-0.0927896
7.00141e-10	-0.0928203
7.00234e-10	-0.0928509
7.00326e-10	-0.0928814
7.00418e-10	-0.0929117
7.00511e-10	-0.0929419
7.00603e-10	-0.092972
7.00696e-10	-0.0930019
7.00788e-10	-0.0930317
7.0088e-10	-0.0930614
7.00973e-10	-0.093091
7.01065e-10	-0.0931204
7.01158e-10	-0.0931497
7.0125e-10	-0.0931789
7.01342e-10	-0.0932079
7.01435e-10	-0.0932368
7.01527e-10	-0.0932656
7.0162e-10	-0.0932942
7.01712e-10	-0.0933227
7.01804e-10	-0.0933511
7.01897e-10	-0.0933793
7.01989e-10	-0.0934075
7.02082e-10	-0.0934354
7.02174e-10	-0.0934633
7.02267e-10	-0.093491
7.02359e-10	-0.0935186
7.02451e-10	-0.093546
7.02544e-10	-0.0935734
7.02636e-10	-0.0936005
7.02729e-10	-0.0936276
7.02821e-10	-0.0936545
7.02913e-10	-0.0936813
7.03006e-10	-0.0937079
7.03098e-10	-0.0937344
7.03191e-10	-0.0937608
7.03283e-10	-0.093787
7.03375e-10	-0.0938131
7.03468e-10	-0.0938391
7.0356e-10	-0.0938649
7.03653e-10	-0.0938906
7.03745e-10	-0.0939162
7.03837e-10	-0.0939416
7.0393e-10	-0.0939669
7.04022e-10	-0.0939921
7.04115e-10	-0.0940171
7.04207e-10	-0.094042
7.04299e-10	-0.0940667
7.04392e-10	-0.0940913
7.04484e-10	-0.0941158
7.04577e-10	-0.0941401
7.04669e-10	-0.0941643
7.04761e-10	-0.0941883
7.04854e-10	-0.0942122
7.04946e-10	-0.094236
7.05039e-10	-0.0942597
7.05131e-10	-0.0942832
7.05223e-10	-0.0943065
7.05316e-10	-0.0943297
7.05408e-10	-0.0943528
7.05501e-10	-0.0943757
7.05593e-10	-0.0943985
7.05685e-10	-0.0944212
7.05778e-10	-0.0944437
7.0587e-10	-0.0944661
7.05963e-10	-0.0944883
7.06055e-10	-0.0945104
7.06147e-10	-0.0945324
7.0624e-10	-0.0945542
7.06332e-10	-0.0945758
7.06425e-10	-0.0945974
7.06517e-10	-0.0946187
7.06609e-10	-0.09464
7.06702e-10	-0.0946611
7.06794e-10	-0.094682
7.06887e-10	-0.0947029
7.06979e-10	-0.0947235
7.07071e-10	-0.0947441
7.07164e-10	-0.0947644
7.07256e-10	-0.0947847
7.07349e-10	-0.0948048
7.07441e-10	-0.0948247
7.07534e-10	-0.0948445
7.07626e-10	-0.0948642
7.07718e-10	-0.0948837
7.07811e-10	-0.0949031
7.07903e-10	-0.0949223
7.07996e-10	-0.0949414
7.08088e-10	-0.0949603
7.0818e-10	-0.0949791
7.08273e-10	-0.0949978
7.08365e-10	-0.0950163
7.08458e-10	-0.0950346
7.0855e-10	-0.0950528
7.08642e-10	-0.0950709
7.08735e-10	-0.0950888
7.08827e-10	-0.0951066
7.0892e-10	-0.0951242
7.09012e-10	-0.0951417
7.09104e-10	-0.095159
7.09197e-10	-0.0951762
7.09289e-10	-0.0951932
7.09382e-10	-0.0952101
7.09474e-10	-0.0952268
7.09566e-10	-0.0952434
7.09659e-10	-0.0952598
7.09751e-10	-0.0952761
7.09844e-10	-0.0952922
7.09936e-10	-0.0953082
7.10028e-10	-0.095324
7.10121e-10	-0.0953397
7.10213e-10	-0.0953553
7.10306e-10	-0.0953707
7.10398e-10	-0.0953859
7.1049e-10	-0.095401
7.10583e-10	-0.0954159
7.10675e-10	-0.0954307
7.10768e-10	-0.0954453
7.1086e-10	-0.0954598
7.10952e-10	-0.0954741
7.11045e-10	-0.0954883
7.11137e-10	-0.0955023
7.1123e-10	-0.0955162
7.11322e-10	-0.0955299
7.11414e-10	-0.0955435
7.11507e-10	-0.0955569
7.11599e-10	-0.0955701
7.11692e-10	-0.0955833
7.11784e-10	-0.0955962
7.11876e-10	-0.095609
7.11969e-10	-0.0956216
7.12061e-10	-0.0956341
7.12154e-10	-0.0956465
7.12246e-10	-0.0956587
7.12338e-10	-0.0956707
7.12431e-10	-0.0956826
7.12523e-10	-0.0956943
7.12616e-10	-0.0957058
7.12708e-10	-0.0957173
7.12801e-10	-0.0957285
7.12893e-10	-0.0957396
7.12985e-10	-0.0957505
7.13078e-10	-0.0957613
7.1317e-10	-0.095772
7.13263e-10	-0.0957824
7.13355e-10	-0.0957927
7.13447e-10	-0.0958029
7.1354e-10	-0.0958129
7.13632e-10	-0.0958227
7.13725e-10	-0.0958324
7.13817e-10	-0.095842
7.13909e-10	-0.0958513
7.14002e-10	-0.0958605
7.14094e-10	-0.0958696
7.14187e-10	-0.0958785
7.14279e-10	-0.0958872
7.14371e-10	-0.0958958
7.14464e-10	-0.0959042
7.14556e-10	-0.0959125
7.14649e-10	-0.0959206
7.14741e-10	-0.0959285
7.14833e-10	-0.0959363
7.14926e-10	-0.0959439
7.15018e-10	-0.0959514
7.15111e-10	-0.0959587
7.15203e-10	-0.0959658
7.15295e-10	-0.0959728
7.15388e-10	-0.0959796
7.1548e-10	-0.0959863
7.15573e-10	-0.0959928
7.15665e-10	-0.0959991
7.15757e-10	-0.0960053
7.1585e-10	-0.0960113
7.15942e-10	-0.0960171
7.16035e-10	-0.0960228
7.16127e-10	-0.0960283
7.16219e-10	-0.0960337
7.16312e-10	-0.0960389
7.16404e-10	-0.0960439
7.16497e-10	-0.0960488
7.16589e-10	-0.0960535
7.16681e-10	-0.096058
7.16774e-10	-0.0960624
7.16866e-10	-0.0960666
7.16959e-10	-0.0960707
7.17051e-10	-0.0960746
7.17143e-10	-0.0960783
7.17236e-10	-0.0960819
7.17328e-10	-0.0960853
7.17421e-10	-0.0960885
7.17513e-10	-0.0960915
7.17605e-10	-0.0960944
7.17698e-10	-0.0960972
7.1779e-10	-0.0960997
7.17883e-10	-0.0961021
7.17975e-10	-0.0961044
7.18068e-10	-0.0961064
7.1816e-10	-0.0961083
7.18252e-10	-0.0961101
7.18345e-10	-0.0961116
7.18437e-10	-0.096113
7.1853e-10	-0.0961142
7.18622e-10	-0.0961153
7.18714e-10	-0.0961162
7.18807e-10	-0.0961169
7.18899e-10	-0.0961175
7.18992e-10	-0.0961179
7.19084e-10	-0.0961181
7.19176e-10	-0.0961181
7.19269e-10	-0.096118
7.19361e-10	-0.0961177
7.19454e-10	-0.0961173
7.19546e-10	-0.0961167
7.19638e-10	-0.0961159
7.19731e-10	-0.0961149
7.19823e-10	-0.0961138
7.19916e-10	-0.0961125
7.20008e-10	-0.096111
7.201e-10	-0.0961093
7.20193e-10	-0.0961075
7.20285e-10	-0.0961055
7.20378e-10	-0.0961034
7.2047e-10	-0.096101
7.20562e-10	-0.0960985
7.20655e-10	-0.0960959
7.20747e-10	-0.096093
7.2084e-10	-0.09609
7.20932e-10	-0.0960868
7.21024e-10	-0.0960835
7.21117e-10	-0.0960799
7.21209e-10	-0.0960762
7.21302e-10	-0.0960723
7.21394e-10	-0.0960683
7.21486e-10	-0.096064
7.21579e-10	-0.0960597
7.21671e-10	-0.0960551
7.21764e-10	-0.0960503
7.21856e-10	-0.0960454
7.21948e-10	-0.0960403
7.22041e-10	-0.096035
7.22133e-10	-0.0960296
7.22226e-10	-0.096024
7.22318e-10	-0.0960182
7.2241e-10	-0.0960122
7.22503e-10	-0.096006
7.22595e-10	-0.0959997
7.22688e-10	-0.0959932
7.2278e-10	-0.0959865
7.22872e-10	-0.0959797
7.22965e-10	-0.0959727
7.23057e-10	-0.0959655
7.2315e-10	-0.0959581
7.23242e-10	-0.0959505
7.23335e-10	-0.0959428
7.23427e-10	-0.0959349
7.23519e-10	-0.0959268
7.23612e-10	-0.0959185
7.23704e-10	-0.0959101
7.23797e-10	-0.0959015
7.23889e-10	-0.0958927
7.23981e-10	-0.0958837
7.24074e-10	-0.0958745
7.24166e-10	-0.0958652
7.24259e-10	-0.0958557
7.24351e-10	-0.095846
7.24443e-10	-0.0958361
7.24536e-10	-0.0958261
7.24628e-10	-0.0958158
7.24721e-10	-0.0958054
7.24813e-10	-0.0957948
7.24905e-10	-0.095784
7.24998e-10	-0.0957731
7.2509e-10	-0.095762
7.25183e-10	-0.0957506
7.25275e-10	-0.0957391
7.25367e-10	-0.0957275
7.2546e-10	-0.0957156
7.25552e-10	-0.0957036
7.25645e-10	-0.0956914
7.25737e-10	-0.095679
7.25829e-10	-0.0956664
7.25922e-10	-0.0956536
7.26014e-10	-0.0956407
7.26107e-10	-0.0956275
7.26199e-10	-0.0956142
7.26291e-10	-0.0956007
7.26384e-10	-0.095587
7.26476e-10	-0.0955732
7.26569e-10	-0.0955591
7.26661e-10	-0.0955449
7.26753e-10	-0.0955305
7.26846e-10	-0.0955159
7.26938e-10	-0.0955011
7.27031e-10	-0.0954862
7.27123e-10	-0.095471
7.27215e-10	-0.0954557
7.27308e-10	-0.0954402
7.274e-10	-0.0954245
7.27493e-10	-0.0954086
7.27585e-10	-0.0953925
7.27677e-10	-0.0953763
7.2777e-10	-0.0953598
7.27862e-10	-0.0953432
7.27955e-10	-0.0953264
7.28047e-10	-0.0953094
7.28139e-10	-0.0952922
7.28232e-10	-0.0952748
7.28324e-10	-0.0952572
7.28417e-10	-0.0952395
7.28509e-10	-0.0952216
7.28602e-10	-0.0952034
7.28694e-10	-0.0951851
7.28786e-10	-0.0951666
7.28879e-10	-0.095148
7.28971e-10	-0.0951291
7.29064e-10	-0.09511
7.29156e-10	-0.0950908
7.29248e-10	-0.0950713
7.29341e-10	-0.0950517
7.29433e-10	-0.0950319
7.29526e-10	-0.0950119
7.29618e-10	-0.0949917
7.2971e-10	-0.0949713
7.29803e-10	-0.0949508
7.29895e-10	-0.09493
7.29988e-10	-0.0949091
7.3008e-10	-0.0948879
7.30172e-10	-0.0948666
7.30265e-10	-0.0948451
7.30357e-10	-0.0948234
7.3045e-10	-0.0948015
7.30542e-10	-0.0947794
7.30634e-10	-0.0947571
7.30727e-10	-0.0947346
7.30819e-10	-0.094712
7.30912e-10	-0.0946891
7.31004e-10	-0.0946661
7.31096e-10	-0.0946428
7.31189e-10	-0.0946194
7.31281e-10	-0.0945958
7.31374e-10	-0.094572
7.31466e-10	-0.094548
7.31558e-10	-0.0945238
7.31651e-10	-0.0944994
7.31743e-10	-0.0944748
7.31836e-10	-0.09445
7.31928e-10	-0.0944251
7.3202e-10	-0.0943999
7.32113e-10	-0.0943745
7.32205e-10	-0.094349
7.32298e-10	-0.0943232
7.3239e-10	-0.0942973
7.32482e-10	-0.0942712
7.32575e-10	-0.0942449
7.32667e-10	-0.0942183
7.3276e-10	-0.0941916
7.32852e-10	-0.0941647
7.32944e-10	-0.0941376
7.33037e-10	-0.0941103
7.33129e-10	-0.0940828
7.33222e-10	-0.0940551
7.33314e-10	-0.0940272
7.33406e-10	-0.0939992
7.33499e-10	-0.0939709
7.33591e-10	-0.0939424
7.33684e-10	-0.0939137
7.33776e-10	-0.0938849
7.33869e-10	-0.0938558
7.33961e-10	-0.0938265
7.34053e-10	-0.0937971
7.34146e-10	-0.0937674
7.34238e-10	-0.0937376
7.34331e-10	-0.0937075
7.34423e-10	-0.0936773
7.34515e-10	-0.0936469
7.34608e-10	-0.0936162
7.347e-10	-0.0935854
7.34793e-10	-0.0935543
7.34885e-10	-0.0935231
7.34977e-10	-0.0934917
7.3507e-10	-0.09346
7.35162e-10	-0.0934282
7.35255e-10	-0.0933962
7.35347e-10	-0.093364
7.35439e-10	-0.0933315
7.35532e-10	-0.0932989
7.35624e-10	-0.0932661
7.35717e-10	-0.093233
7.35809e-10	-0.0931998
7.35901e-10	-0.0931664
7.35994e-10	-0.0931328
7.36086e-10	-0.0930989
7.36179e-10	-0.0930649
7.36271e-10	-0.0930307
7.36363e-10	-0.0929963
7.36456e-10	-0.0929616
7.36548e-10	-0.0929268
7.36641e-10	-0.0928918
7.36733e-10	-0.0928565
7.36825e-10	-0.0928211
7.36918e-10	-0.0927855
7.3701e-10	-0.0927496
7.37103e-10	-0.0927136
7.37195e-10	-0.0926773
7.37287e-10	-0.0926409
7.3738e-10	-0.0926042
7.37472e-10	-0.0925674
7.37565e-10	-0.0925303
7.37657e-10	-0.0924931
7.37749e-10	-0.0924556
7.37842e-10	-0.092418
7.37934e-10	-0.0923801
7.38027e-10	-0.092342
7.38119e-10	-0.0923038
7.38211e-10	-0.0922653
7.38304e-10	-0.0922266
7.38396e-10	-0.0921877
7.38489e-10	-0.0921486
7.38581e-10	-0.0921093
7.38673e-10	-0.0920698
7.38766e-10	-0.0920301
7.38858e-10	-0.0919902
7.38951e-10	-0.0919501
7.39043e-10	-0.0919098
7.39136e-10	-0.0918693
7.39228e-10	-0.0918286
7.3932e-10	-0.0917876
7.39413e-10	-0.0917465
7.39505e-10	-0.0917051
7.39598e-10	-0.0916636
7.3969e-10	-0.0916218
7.39782e-10	-0.0915799
7.39875e-10	-0.0915377
7.39967e-10	-0.0914953
7.4006e-10	-0.0914527
7.40152e-10	-0.09141
7.40244e-10	-0.091367
7.40337e-10	-0.0913238
7.40429e-10	-0.0912803
7.40522e-10	-0.0912367
7.40614e-10	-0.0911929
7.40706e-10	-0.0911489
7.40799e-10	-0.0911046
7.40891e-10	-0.0910602
7.40984e-10	-0.0910155
7.41076e-10	-0.0909707
7.41168e-10	-0.0909256
7.41261e-10	-0.0908803
7.41353e-10	-0.0908348
7.41446e-10	-0.0907891
7.41538e-10	-0.0907432
7.4163e-10	-0.0906971
7.41723e-10	-0.0906507
7.41815e-10	-0.0906042
7.41908e-10	-0.0905574
7.42e-10	-0.0905105
7.42092e-10	-0.0904633
7.42185e-10	-0.0904159
7.42277e-10	-0.0903684
7.4237e-10	-0.0903206
7.42462e-10	-0.0902726
7.42554e-10	-0.0902243
7.42647e-10	-0.0901759
7.42739e-10	-0.0901273
7.42832e-10	-0.0900784
7.42924e-10	-0.0900294
7.43016e-10	-0.0899801
7.43109e-10	-0.0899306
7.43201e-10	-0.0898809
7.43294e-10	-0.089831
7.43386e-10	-0.0897809
7.43478e-10	-0.0897305
7.43571e-10	-0.08968
7.43663e-10	-0.0896292
7.43756e-10	-0.0895783
7.43848e-10	-0.0895271
7.4394e-10	-0.0894757
7.44033e-10	-0.0894241
7.44125e-10	-0.0893723
7.44218e-10	-0.0893202
7.4431e-10	-0.089268
7.44403e-10	-0.0892155
7.44495e-10	-0.0891629
7.44587e-10	-0.08911
7.4468e-10	-0.0890569
7.44772e-10	-0.0890036
7.44865e-10	-0.0889501
7.44957e-10	-0.0888963
7.45049e-10	-0.0888424
7.45142e-10	-0.0887882
7.45234e-10	-0.0887338
7.45327e-10	-0.0886792
7.45419e-10	-0.0886244
7.45511e-10	-0.0885694
7.45604e-10	-0.0885141
7.45696e-10	-0.0884587
7.45789e-10	-0.088403
7.45881e-10	-0.0883471
7.45973e-10	-0.088291
7.46066e-10	-0.0882347
7.46158e-10	-0.0881782
7.46251e-10	-0.0881214
7.46343e-10	-0.0880645
7.46435e-10	-0.0880073
7.46528e-10	-0.0879499
7.4662e-10	-0.0878923
7.46713e-10	-0.0878344
7.46805e-10	-0.0877764
7.46897e-10	-0.0877181
7.4699e-10	-0.0876596
7.47082e-10	-0.0876009
7.47175e-10	-0.087542
7.47267e-10	-0.0874829
7.47359e-10	-0.0874235
7.47452e-10	-0.087364
7.47544e-10	-0.0873042
7.47637e-10	-0.0872442
7.47729e-10	-0.087184
7.47821e-10	-0.0871235
7.47914e-10	-0.0870629
7.48006e-10	-0.087002
7.48099e-10	-0.0869409
7.48191e-10	-0.0868796
7.48283e-10	-0.0868181
7.48376e-10	-0.0867563
7.48468e-10	-0.0866944
7.48561e-10	-0.0866322
7.48653e-10	-0.0865698
7.48745e-10	-0.0865071
7.48838e-10	-0.0864443
7.4893e-10	-0.0863812
7.49023e-10	-0.086318
7.49115e-10	-0.0862545
7.49207e-10	-0.0861907
7.493e-10	-0.0861268
7.49392e-10	-0.0860626
7.49485e-10	-0.0859983
7.49577e-10	-0.0859337
7.4967e-10	-0.0858689
7.49762e-10	-0.0858038
7.49854e-10	-0.0857385
7.49947e-10	-0.0856731
7.50039e-10	-0.0856074
7.50132e-10	-0.0855414
7.50224e-10	-0.0854753
7.50316e-10	-0.0854089
7.50409e-10	-0.0853423
7.50501e-10	-0.0852755
7.50594e-10	-0.0852085
7.50686e-10	-0.0851412
7.50778e-10	-0.0850738
7.50871e-10	-0.0850061
7.50963e-10	-0.0849382
7.51056e-10	-0.08487
7.51148e-10	-0.0848017
7.5124e-10	-0.0847331
7.51333e-10	-0.0846643
7.51425e-10	-0.0845953
7.51518e-10	-0.084526
7.5161e-10	-0.0844565
7.51702e-10	-0.0843868
7.51795e-10	-0.0843169
7.51887e-10	-0.0842468
7.5198e-10	-0.0841764
7.52072e-10	-0.0841058
7.52164e-10	-0.084035
7.52257e-10	-0.083964
7.52349e-10	-0.0838927
7.52442e-10	-0.0838213
7.52534e-10	-0.0837495
7.52626e-10	-0.0836776
7.52719e-10	-0.0836055
7.52811e-10	-0.0835331
7.52904e-10	-0.0834605
7.52996e-10	-0.0833877
7.53088e-10	-0.0833146
7.53181e-10	-0.0832413
7.53273e-10	-0.0831678
7.53366e-10	-0.0830941
7.53458e-10	-0.0830202
7.5355e-10	-0.082946
7.53643e-10	-0.0828716
7.53735e-10	-0.082797
7.53828e-10	-0.0827221
7.5392e-10	-0.0826471
7.54012e-10	-0.0825718
7.54105e-10	-0.0824962
7.54197e-10	-0.0824205
7.5429e-10	-0.0823445
7.54382e-10	-0.0822683
7.54474e-10	-0.0821919
7.54567e-10	-0.0821152
7.54659e-10	-0.0820384
7.54752e-10	-0.0819613
7.54844e-10	-0.0818839
7.54937e-10	-0.0818064
7.55029e-10	-0.0817286
7.55121e-10	-0.0816506
7.55214e-10	-0.0815724
7.55306e-10	-0.0814939
7.55399e-10	-0.0814152
7.55491e-10	-0.0813363
7.55583e-10	-0.0812571
7.55676e-10	-0.0811778
7.55768e-10	-0.0810982
7.55861e-10	-0.0810184
7.55953e-10	-0.0809383
7.56045e-10	-0.080858
7.56138e-10	-0.0807775
7.5623e-10	-0.0806968
7.56323e-10	-0.0806158
7.56415e-10	-0.0805346
7.56507e-10	-0.0804532
7.566e-10	-0.0803716
7.56692e-10	-0.0802897
7.56785e-10	-0.0802076
7.56877e-10	-0.0801253
7.56969e-10	-0.0800427
7.57062e-10	-0.0799599
7.57154e-10	-0.0798769
7.57247e-10	-0.0797936
7.57339e-10	-0.0797102
7.57431e-10	-0.0796265
7.57524e-10	-0.0795425
7.57616e-10	-0.0794584
7.57709e-10	-0.079374
7.57801e-10	-0.0792894
7.57893e-10	-0.0792045
7.57986e-10	-0.0791195
7.58078e-10	-0.0790341
7.58171e-10	-0.0789486
7.58263e-10	-0.0788628
7.58355e-10	-0.0787769
7.58448e-10	-0.0786906
7.5854e-10	-0.0786042
7.58633e-10	-0.0785175
7.58725e-10	-0.0784306
7.58817e-10	-0.0783434
7.5891e-10	-0.0782561
7.59002e-10	-0.0781685
7.59095e-10	-0.0780806
7.59187e-10	-0.0779926
7.59279e-10	-0.0779043
7.59372e-10	-0.0778157
7.59464e-10	-0.077727
7.59557e-10	-0.077638
7.59649e-10	-0.0775488
7.59741e-10	-0.0774593
7.59834e-10	-0.0773696
7.59926e-10	-0.0772797
7.60019e-10	-0.0771896
7.60111e-10	-0.0770992
7.60204e-10	-0.0770086
7.60296e-10	-0.0769178
7.60388e-10	-0.0768267
7.60481e-10	-0.0767354
7.60573e-10	-0.0766439
7.60666e-10	-0.0765521
7.60758e-10	-0.0764601
7.6085e-10	-0.0763679
7.60943e-10	-0.0762754
7.61035e-10	-0.0761827
7.61128e-10	-0.0760898
7.6122e-10	-0.0759967
7.61312e-10	-0.0759033
7.61405e-10	-0.0758097
7.61497e-10	-0.0757158
7.6159e-10	-0.0756217
7.61682e-10	-0.0755274
7.61774e-10	-0.0754329
7.61867e-10	-0.0753381
7.61959e-10	-0.0752431
7.62052e-10	-0.0751478
7.62144e-10	-0.0750523
7.62236e-10	-0.0749566
7.62329e-10	-0.0748607
7.62421e-10	-0.0747645
7.62514e-10	-0.0746681
7.62606e-10	-0.0745715
7.62698e-10	-0.0744746
7.62791e-10	-0.0743775
7.62883e-10	-0.0742801
7.62976e-10	-0.0741825
7.63068e-10	-0.0740847
7.6316e-10	-0.0739867
7.63253e-10	-0.0738884
7.63345e-10	-0.0737899
7.63438e-10	-0.0736912
7.6353e-10	-0.0735922
7.63622e-10	-0.073493
7.63715e-10	-0.0733935
7.63807e-10	-0.0732938
7.639e-10	-0.0731939
7.63992e-10	-0.0730938
7.64084e-10	-0.0729934
7.64177e-10	-0.0728928
7.64269e-10	-0.0727919
7.64362e-10	-0.0726908
7.64454e-10	-0.0725895
7.64546e-10	-0.072488
7.64639e-10	-0.0723862
7.64731e-10	-0.0722842
7.64824e-10	-0.0721819
7.64916e-10	-0.0720794
7.65008e-10	-0.0719767
7.65101e-10	-0.0718737
7.65193e-10	-0.0717705
7.65286e-10	-0.0716671
7.65378e-10	-0.0715634
7.65471e-10	-0.0714595
7.65563e-10	-0.0713554
7.65655e-10	-0.071251
7.65748e-10	-0.0711464
7.6584e-10	-0.0710416
7.65933e-10	-0.0709365
7.66025e-10	-0.0708312
7.66117e-10	-0.0707256
7.6621e-10	-0.0706198
7.66302e-10	-0.0705138
7.66395e-10	-0.0704076
7.66487e-10	-0.0703011
7.66579e-10	-0.0701944
7.66672e-10	-0.0700874
7.66764e-10	-0.0699802
7.66857e-10	-0.0698728
7.66949e-10	-0.0697651
7.67041e-10	-0.0696572
7.67134e-10	-0.0695491
7.67226e-10	-0.0694407
7.67319e-10	-0.0693321
7.67411e-10	-0.0692232
7.67503e-10	-0.0691141
7.67596e-10	-0.0690048
7.67688e-10	-0.0688953
7.67781e-10	-0.0687855
7.67873e-10	-0.0686754
7.67965e-10	-0.0685652
7.68058e-10	-0.0684547
7.6815e-10	-0.0683439
7.68243e-10	-0.0682329
7.68335e-10	-0.0681217
7.68427e-10	-0.0680103
7.6852e-10	-0.0678986
7.68612e-10	-0.0677867
7.68705e-10	-0.0676745
7.68797e-10	-0.0675621
7.68889e-10	-0.0674495
7.68982e-10	-0.0673366
7.69074e-10	-0.0672235
7.69167e-10	-0.0671102
7.69259e-10	-0.0669966
7.69351e-10	-0.0668828
7.69444e-10	-0.0667687
7.69536e-10	-0.0666544
7.69629e-10	-0.0665399
7.69721e-10	-0.0664251
7.69813e-10	-0.0663101
7.69906e-10	-0.0661949
7.69998e-10	-0.0660794
7.70091e-10	-0.0659637
7.70183e-10	-0.0658478
7.70275e-10	-0.0657316
7.70368e-10	-0.0656151
7.7046e-10	-0.0654985
7.70553e-10	-0.0653816
7.70645e-10	-0.0652644
7.70737e-10	-0.0651471
7.7083e-10	-0.0650295
7.70922e-10	-0.0649116
7.71015e-10	-0.0647935
7.71107e-10	-0.0646752
7.712e-10	-0.0645566
7.71292e-10	-0.0644378
7.71384e-10	-0.0643188
7.71477e-10	-0.0641995
7.71569e-10	-0.06408
7.71662e-10	-0.0639603
7.71754e-10	-0.0638403
7.71846e-10	-0.06372
7.71939e-10	-0.0635996
7.72031e-10	-0.0634789
7.72124e-10	-0.0633579
7.72216e-10	-0.0632368
7.72308e-10	-0.0631153
7.72401e-10	-0.0629937
7.72493e-10	-0.0628718
7.72586e-10	-0.0627497
7.72678e-10	-0.0626273
7.7277e-10	-0.0625047
7.72863e-10	-0.0623818
7.72955e-10	-0.0622588
7.73048e-10	-0.0621354
7.7314e-10	-0.0620119
7.73232e-10	-0.0618881
7.73325e-10	-0.061764
7.73417e-10	-0.0616398
7.7351e-10	-0.0615153
7.73602e-10	-0.0613905
7.73694e-10	-0.0612655
7.73787e-10	-0.0611403
7.73879e-10	-0.0610148
7.73972e-10	-0.0608891
7.74064e-10	-0.0607632
7.74156e-10	-0.060637
7.74249e-10	-0.0605106
7.74341e-10	-0.0603839
7.74434e-10	-0.060257
7.74526e-10	-0.0601299
7.74618e-10	-0.0600025
7.74711e-10	-0.0598749
7.74803e-10	-0.0597471
7.74896e-10	-0.059619
7.74988e-10	-0.0594907
7.7508e-10	-0.0593621
7.75173e-10	-0.0592333
7.75265e-10	-0.0591043
7.75358e-10	-0.058975
7.7545e-10	-0.0588455
7.75542e-10	-0.0587157
7.75635e-10	-0.0585857
7.75727e-10	-0.0584555
7.7582e-10	-0.058325
7.75912e-10	-0.0581943
7.76004e-10	-0.0580633
7.76097e-10	-0.0579322
7.76189e-10	-0.0578007
7.76282e-10	-0.0576691
7.76374e-10	-0.0575372
7.76467e-10	-0.057405
7.76559e-10	-0.0572726
7.76651e-10	-0.05714
7.76744e-10	-0.0570072
7.76836e-10	-0.0568741
7.76929e-10	-0.0567407
7.77021e-10	-0.0566072
7.77113e-10	-0.0564733
7.77206e-10	-0.0563393
7.77298e-10	-0.056205
7.77391e-10	-0.0560705
7.77483e-10	-0.0559357
7.77575e-10	-0.0558007
7.77668e-10	-0.0556655
7.7776e-10	-0.05553
7.77853e-10	-0.0553943
7.77945e-10	-0.0552583
7.78037e-10	-0.0551221
7.7813e-10	-0.0549857
7.78222e-10	-0.054849
7.78315e-10	-0.0547121
7.78407e-10	-0.0545749
7.78499e-10	-0.0544375
7.78592e-10	-0.0542999
7.78684e-10	-0.054162
7.78777e-10	-0.0540239
7.78869e-10	-0.0538856
7.78961e-10	-0.053747
7.79054e-10	-0.0536082
7.79146e-10	-0.0534691
7.79239e-10	-0.0533298
7.79331e-10	-0.0531903
7.79423e-10	-0.0530505
7.79516e-10	-0.0529105
7.79608e-10	-0.0527702
7.79701e-10	-0.0526297
7.79793e-10	-0.052489
7.79885e-10	-0.052348
7.79978e-10	-0.0522068
7.8007e-10	-0.0520654
7.80163e-10	-0.0519237
7.80255e-10	-0.0517818
7.80347e-10	-0.0516396
7.8044e-10	-0.0514972
7.80532e-10	-0.0513546
7.80625e-10	-0.0512117
7.80717e-10	-0.0510686
7.80809e-10	-0.0509253
7.80902e-10	-0.0507817
7.80994e-10	-0.0506378
7.81087e-10	-0.0504938
7.81179e-10	-0.0503495
7.81271e-10	-0.0502049
7.81364e-10	-0.0500601
7.81456e-10	-0.0499151
7.81549e-10	-0.0497699
7.81641e-10	-0.0496244
7.81734e-10	-0.0494786
7.81826e-10	-0.0493327
7.81918e-10	-0.0491865
7.82011e-10	-0.04904
7.82103e-10	-0.0488933
7.82196e-10	-0.0487464
7.82288e-10	-0.0485992
7.8238e-10	-0.0484518
7.82473e-10	-0.0483042
7.82565e-10	-0.0481563
7.82658e-10	-0.0480082
7.8275e-10	-0.0478599
7.82842e-10	-0.0477113
7.82935e-10	-0.0475624
7.83027e-10	-0.0474134
7.8312e-10	-0.0472641
7.83212e-10	-0.0471145
7.83304e-10	-0.0469648
7.83397e-10	-0.0468148
7.83489e-10	-0.0466645
7.83582e-10	-0.046514
7.83674e-10	-0.0463633
7.83766e-10	-0.0462123
7.83859e-10	-0.0460611
7.83951e-10	-0.0459097
7.84044e-10	-0.045758
7.84136e-10	-0.0456061
7.84228e-10	-0.0454539
7.84321e-10	-0.0453015
7.84413e-10	-0.0451489
7.84506e-10	-0.0449961
7.84598e-10	-0.044843
7.8469e-10	-0.0446896
7.84783e-10	-0.044536
7.84875e-10	-0.0443822
7.84968e-10	-0.0442282
7.8506e-10	-0.0440739
7.85152e-10	-0.0439194
7.85245e-10	-0.0437646
7.85337e-10	-0.0436096
7.8543e-10	-0.0434544
7.85522e-10	-0.0432989
7.85614e-10	-0.0431432
7.85707e-10	-0.0429873
7.85799e-10	-0.0428311
7.85892e-10	-0.0426747
7.85984e-10	-0.042518
7.86076e-10	-0.0423611
7.86169e-10	-0.042204
7.86261e-10	-0.0420466
7.86354e-10	-0.041889
7.86446e-10	-0.0417312
7.86538e-10	-0.0415731
7.86631e-10	-0.0414148
7.86723e-10	-0.0412563
7.86816e-10	-0.0410975
7.86908e-10	-0.0409385
7.87001e-10	-0.0407792
7.87093e-10	-0.0406198
7.87185e-10	-0.04046
7.87278e-10	-0.0403001
7.8737e-10	-0.0401399
7.87463e-10	-0.0399795
7.87555e-10	-0.0398188
7.87647e-10	-0.0396579
7.8774e-10	-0.0394967
7.87832e-10	-0.0393354
7.87925e-10	-0.0391738
7.88017e-10	-0.0390119
7.88109e-10	-0.0388498
7.88202e-10	-0.0386875
7.88294e-10	-0.038525
7.88387e-10	-0.0383622
7.88479e-10	-0.0381992
7.88571e-10	-0.0380359
7.88664e-10	-0.0378724
7.88756e-10	-0.0377087
7.88849e-10	-0.0375447
7.88941e-10	-0.0373805
7.89033e-10	-0.0372161
7.89126e-10	-0.0370515
7.89218e-10	-0.0368866
7.89311e-10	-0.0367214
7.89403e-10	-0.0365561
7.89495e-10	-0.0363904
7.89588e-10	-0.0362246
7.8968e-10	-0.0360585
7.89773e-10	-0.0358922
7.89865e-10	-0.0357257
7.89957e-10	-0.0355589
7.9005e-10	-0.0353919
7.90142e-10	-0.0352247
7.90235e-10	-0.0350572
7.90327e-10	-0.0348895
7.90419e-10	-0.0347215
7.90512e-10	-0.0345534
7.90604e-10	-0.0343849
7.90697e-10	-0.0342163
7.90789e-10	-0.0340474
7.90881e-10	-0.0338783
7.90974e-10	-0.033709
7.91066e-10	-0.0335394
7.91159e-10	-0.0333696
7.91251e-10	-0.0331995
7.91343e-10	-0.0330293
7.91436e-10	-0.0328587
7.91528e-10	-0.032688
7.91621e-10	-0.032517
7.91713e-10	-0.0323458
7.91805e-10	-0.0321744
7.91898e-10	-0.0320027
7.9199e-10	-0.0318308
7.92083e-10	-0.0316586
7.92175e-10	-0.0314863
7.92268e-10	-0.0313137
7.9236e-10	-0.0311408
7.92452e-10	-0.0309678
7.92545e-10	-0.0307945
7.92637e-10	-0.0306209
7.9273e-10	-0.0304472
7.92822e-10	-0.0302732
7.92914e-10	-0.0300989
7.93007e-10	-0.0299245
7.93099e-10	-0.0297498
7.93192e-10	-0.0295748
7.93284e-10	-0.0293997
7.93376e-10	-0.0292243
7.93469e-10	-0.0290487
7.93561e-10	-0.0288728
7.93654e-10	-0.0286968
7.93746e-10	-0.0285204
7.93838e-10	-0.0283439
7.93931e-10	-0.0281671
7.94023e-10	-0.0279901
7.94116e-10	-0.0278129
7.94208e-10	-0.0276354
7.943e-10	-0.0274577
7.94393e-10	-0.0272798
7.94485e-10	-0.0271016
7.94578e-10	-0.0269233
7.9467e-10	-0.0267446
7.94762e-10	-0.0265658
7.94855e-10	-0.0263867
7.94947e-10	-0.0262074
7.9504e-10	-0.0260279
7.95132e-10	-0.0258481
7.95224e-10	-0.0256681
7.95317e-10	-0.0254879
7.95409e-10	-0.0253074
7.95502e-10	-0.0251268
7.95594e-10	-0.0249458
7.95686e-10	-0.0247647
7.95779e-10	-0.0245833
7.95871e-10	-0.0244017
7.95964e-10	-0.0242199
7.96056e-10	-0.0240378
7.96148e-10	-0.0238556
7.96241e-10	-0.023673
7.96333e-10	-0.0234903
7.96426e-10	-0.0233073
7.96518e-10	-0.0231241
7.9661e-10	-0.0229407
7.96703e-10	-0.0227571
7.96795e-10	-0.0225732
7.96888e-10	-0.0223891
7.9698e-10	-0.0222047
7.97072e-10	-0.0220202
7.97165e-10	-0.0218354
7.97257e-10	-0.0216503
7.9735e-10	-0.0214651
7.97442e-10	-0.0212796
7.97535e-10	-0.0210939
7.97627e-10	-0.020908
7.97719e-10	-0.0207218
7.97812e-10	-0.0205355
7.97904e-10	-0.0203489
7.97997e-10	-0.020162
7.98089e-10	-0.019975
7.98181e-10	-0.0197877
7.98274e-10	-0.0196002
7.98366e-10	-0.0194124
7.98459e-10	-0.0192245
7.98551e-10	-0.0190363
7.98643e-10	-0.0188478
7.98736e-10	-0.0186592
7.98828e-10	-0.0184703
7.98921e-10	-0.0182812
7.99013e-10	-0.0180919
7.99105e-10	-0.0179024
7.99198e-10	-0.0177126
7.9929e-10	-0.0175226
7.99383e-10	-0.0173324
7.99475e-10	-0.017142
7.99567e-10	-0.0169513
7.9966e-10	-0.0167604
7.99752e-10	-0.0165693
7.99845e-10	-0.016378
7.99937e-10	-0.0161864
8.00029e-10	-0.0159946
8.00122e-10	-0.0158026
8.00214e-10	-0.0156104
8.00307e-10	-0.0154179
8.00399e-10	-0.0152252
8.00491e-10	-0.0150323
8.00584e-10	-0.0148392
8.00676e-10	-0.0146458
8.00769e-10	-0.0144523
8.00861e-10	-0.0142585
8.00953e-10	-0.0140645
8.01046e-10	-0.0138702
8.01138e-10	-0.0136758
8.01231e-10	-0.0134811
8.01323e-10	-0.0132862
8.01415e-10	-0.013091
8.01508e-10	-0.0128957
8.016e-10	-0.0127001
8.01693e-10	-0.0125043
8.01785e-10	-0.0123083
8.01877e-10	-0.0121121
8.0197e-10	-0.0119156
8.02062e-10	-0.0117189
8.02155e-10	-0.011522
8.02247e-10	-0.0113249
8.02339e-10	-0.0111276
8.02432e-10	-0.01093
8.02524e-10	-0.0107322
8.02617e-10	-0.0105342
8.02709e-10	-0.010336
8.02802e-10	-0.0101376
8.02894e-10	-0.00993891
8.02986e-10	-0.00974003
8.03079e-10	-0.00954093
8.03171e-10	-0.00934161
8.03264e-10	-0.00914207
8.03356e-10	-0.00894231
8.03448e-10	-0.00874233
8.03541e-10	-0.00854214
8.03633e-10	-0.00834172
8.03726e-10	-0.00814109
8.03818e-10	-0.00794024
8.0391e-10	-0.00773917
8.04003e-10	-0.00753788
8.04095e-10	-0.00733638
8.04188e-10	-0.00713466
8.0428e-10	-0.00693272
8.04372e-10	-0.00673056
8.04465e-10	-0.00652818
8.04557e-10	-0.00632559
8.0465e-10	-0.00612278
8.04742e-10	-0.00591976
8.04834e-10	-0.00571651
8.04927e-10	-0.00551306
8.05019e-10	-0.00530938
8.05112e-10	-0.00510549
8.05204e-10	-0.00490138
8.05296e-10	-0.00469706
8.05389e-10	-0.00449252
8.05481e-10	-0.00428776
8.05574e-10	-0.00408279
8.05666e-10	-0.00387761
8.05758e-10	-0.00367221
8.05851e-10	-0.00346659
8.05943e-10	-0.00326076
8.06036e-10	-0.00305472
8.06128e-10	-0.00284846
8.0622e-10	-0.00264198
8.06313e-10	-0.00243529
8.06405e-10	-0.00222839
8.06498e-10	-0.00202128
8.0659e-10	-0.00181395
8.06682e-10	-0.0016064
8.06775e-10	-0.00139865
8.06867e-10	-0.00119068
8.0696e-10	-0.000982494
8.07052e-10	-0.000774098
8.07144e-10	-0.00056549
8.07237e-10	-0.000356669
8.07329e-10	-0.000147636
8.07422e-10	6.16093e-05
8.07514e-10	0.000271067
8.07606e-10	0.000480736
8.07699e-10	0.000690617
8.07791e-10	0.000900709
8.07884e-10	0.00111101
8.07976e-10	0.00132153
8.08069e-10	0.00153225
8.08161e-10	0.00174319
8.08253e-10	0.00195434
8.08346e-10	0.0021657
8.08438e-10	0.00237726
8.08531e-10	0.00258904
8.08623e-10	0.00280103
8.08715e-10	0.00301323
8.08808e-10	0.00322564
8.089e-10	0.00343825
8.08993e-10	0.00365108
8.09085e-10	0.00386412
8.09177e-10	0.00407736
8.0927e-10	0.00429081
8.09362e-10	0.00450448
8.09455e-10	0.00471835
8.09547e-10	0.00493242
8.09639e-10	0.00514671
8.09732e-10	0.00536121
8.09824e-10	0.00557591
8.09917e-10	0.00579082
8.10009e-10	0.00600593
8.10101e-10	0.00622126
8.10194e-10	0.00643679
8.10286e-10	0.00665252
8.10379e-10	0.00686847
8.10471e-10	0.00708462
8.10563e-10	0.00730098
8.10656e-10	0.00751754
8.10748e-10	0.00773431
8.10841e-10	0.00795128
8.10933e-10	0.00816846
8.11025e-10	0.00838584
8.11118e-10	0.00860343
8.1121e-10	0.00882123
8.11303e-10	0.00903923
8.11395e-10	0.00925743
8.11487e-10	0.00947584
8.1158e-10	0.00969445
8.11672e-10	0.00991326
8.11765e-10	0.0101323
8.11857e-10	0.0103515
8.11949e-10	0.0105709
8.12042e-10	0.0107906
8.12134e-10	0.0110104
8.12227e-10	0.0112304
8.12319e-10	0.0114507
8.12411e-10	0.0116711
8.12504e-10	0.0118917
8.12596e-10	0.0121126
8.12689e-10	0.0123336
8.12781e-10	0.0125549
8.12873e-10	0.0127763
8.12966e-10	0.012998
8.13058e-10	0.0132198
8.13151e-10	0.0134419
8.13243e-10	0.0136641
8.13336e-10	0.0138866
8.13428e-10	0.0141092
8.1352e-10	0.0143321
8.13613e-10	0.0145551
8.13705e-10	0.0147784
8.13798e-10	0.0150018
8.1389e-10	0.0152255
8.13982e-10	0.0154493
8.14075e-10	0.0156734
8.14167e-10	0.0158976
8.1426e-10	0.0161221
8.14352e-10	0.0163467
8.14444e-10	0.0165716
8.14537e-10	0.0167966
8.14629e-10	0.0170218
8.14722e-10	0.0172473
8.14814e-10	0.0174729
8.14906e-10	0.0176987
8.14999e-10	0.0179247
8.15091e-10	0.018151
8.15184e-10	0.0183774
8.15276e-10	0.018604
8.15368e-10	0.0188308
8.15461e-10	0.0190578
8.15553e-10	0.019285
8.15646e-10	0.0195124
8.15738e-10	0.01974
8.1583e-10	0.0199678
8.15923e-10	0.0201957
8.16015e-10	0.0204239
8.16108e-10	0.0206523
8.162e-10	0.0208808
8.16292e-10	0.0211096
8.16385e-10	0.0213385
8.16477e-10	0.0215677
8.1657e-10	0.021797
8.16662e-10	0.0220265
8.16754e-10	0.0222562
8.16847e-10	0.0224861
8.16939e-10	0.0227162
8.17032e-10	0.0229465
8.17124e-10	0.023177
8.17216e-10	0.0234077
8.17309e-10	0.0236385
8.17401e-10	0.0238696
8.17494e-10	0.0241008
8.17586e-10	0.0243323
8.17678e-10	0.0245639
8.17771e-10	0.0247957
8.17863e-10	0.0250277
8.17956e-10	0.0252599
8.18048e-10	0.0254923
8.1814e-10	0.0257249
8.18233e-10	0.0259577
8.18325e-10	0.0261906
8.18418e-10	0.0264237
8.1851e-10	0.0266571
8.18603e-10	0.0268906
8.18695e-10	0.0271243
8.18787e-10	0.0273582
8.1888e-10	0.0275923
8.18972e-10	0.0278265
8.19065e-10	0.028061
8.19157e-10	0.0282956
8.19249e-10	0.0285304
8.19342e-10	0.0287654
8.19434e-10	0.0290006
8.19527e-10	0.029236
8.19619e-10	0.0294716
8.19711e-10	0.0297073
8.19804e-10	0.0299433
8.19896e-10	0.0301794
8.19989e-10	0.0304157
8.20081e-10	0.0306522
8.20173e-10	0.0308888
8.20266e-10	0.0311257
8.20358e-10	0.0313627
8.20451e-10	0.0316
8.20543e-10	0.0318374
8.20635e-10	0.0320749
8.20728e-10	0.0323127
8.2082e-10	0.0325507
8.20913e-10	0.0327888
8.21005e-10	0.0330271
8.21097e-10	0.0332656
8.2119e-10	0.0335043
8.21282e-10	0.0337431
8.21375e-10	0.0339822
8.21467e-10	0.0342214
8.21559e-10	0.0344608
8.21652e-10	0.0347004
8.21744e-10	0.0349401
8.21837e-10	0.0351801
8.21929e-10	0.0354202
8.22021e-10	0.0356605
8.22114e-10	0.0359009
8.22206e-10	0.0361416
8.22299e-10	0.0363824
8.22391e-10	0.0366234
8.22483e-10	0.0368646
8.22576e-10	0.0371059
8.22668e-10	0.0373475
8.22761e-10	0.0375892
8.22853e-10	0.0378311
8.22945e-10	0.0380731
8.23038e-10	0.0383154
8.2313e-10	0.0385578
8.23223e-10	0.0388004
8.23315e-10	0.0390432
8.23407e-10	0.0392861
8.235e-10	0.0395292
8.23592e-10	0.0397725
8.23685e-10	0.040016
8.23777e-10	0.0402596
8.2387e-10	0.0405034
8.23962e-10	0.0407474
8.24054e-10	0.0409916
8.24147e-10	0.0412359
8.24239e-10	0.0414804
8.24332e-10	0.0417251
8.24424e-10	0.0419699
8.24516e-10	0.0422149
8.24609e-10	0.0424601
8.24701e-10	0.0427055
8.24794e-10	0.042951
8.24886e-10	0.0431967
8.24978e-10	0.0434426
8.25071e-10	0.0436886
8.25163e-10	0.0439348
8.25256e-10	0.0441812
8.25348e-10	0.0444277
8.2544e-10	0.0446745
8.25533e-10	0.0449213
8.25625e-10	0.0451684
8.25718e-10	0.0454156
8.2581e-10	0.045663
8.25902e-10	0.0459106
8.25995e-10	0.0461583
8.26087e-10	0.0464062
8.2618e-10	0.0466542
8.26272e-10	0.0469025
8.26364e-10	0.0471509
8.26457e-10	0.0473994
8.26549e-10	0.0476481
8.26642e-10	0.047897
8.26734e-10	0.0481461
8.26826e-10	0.0483953
8.26919e-10	0.0486447
8.27011e-10	0.0488942
8.27104e-10	0.0491439
8.27196e-10	0.0493938
8.27288e-10	0.0496438
8.27381e-10	0.049894
8.27473e-10	0.0501444
8.27566e-10	0.0503949
8.27658e-10	0.0506456
8.2775e-10	0.0508964
8.27843e-10	0.0511474
8.27935e-10	0.0513986
8.28028e-10	0.0516499
8.2812e-10	0.0519014
8.28212e-10	0.052153
8.28305e-10	0.0524048
8.28397e-10	0.0526568
8.2849e-10	0.0529089
8.28582e-10	0.0531612
8.28674e-10	0.0534137
8.28767e-10	0.0536663
8.28859e-10	0.053919
8.28952e-10	0.0541719
8.29044e-10	0.054425
8.29137e-10	0.0546782
8.29229e-10	0.0549316
8.29321e-10	0.0551852
8.29414e-10	0.0554389
8.29506e-10	0.0556927
8.29599e-10	0.0559467
8.29691e-10	0.0562009
8.29783e-10	0.0564552
8.29876e-10	0.0567097
8.29968e-10	0.0569644
8.30061e-10	0.0572191
8.30153e-10	0.0574741
8.30245e-10	0.0577292
8.30338e-10	0.0579844
8.3043e-10	0.0582398
8.30523e-10	0.0584954
8.30615e-10	0.0587511
8.30707e-10	0.0590069
8.308e-10	0.0592629
8.30892e-10	0.0595191
8.30985e-10	0.0597754
8.31077e-10	0.0600319
8.31169e-10	0.0602885
8.31262e-10	0.0605453
8.31354e-10	0.0608022
8.31447e-10	0.0610592
8.31539e-10	0.0613164
8.31631e-10	0.0615738
8.31724e-10	0.0618313
8.31816e-10	0.062089
8.31909e-10	0.0623468
8.32001e-10	0.0626047
8.32093e-10	0.0628628
8.32186e-10	0.0631211
8.32278e-10	0.0633795
8.32371e-10	0.063638
8.32463e-10	0.0638967
8.32555e-10	0.0641555
8.32648e-10	0.0644145
8.3274e-10	0.0646736
8.32833e-10	0.0649329
8.32925e-10	0.0651923
8.33017e-10	0.0654518
8.3311e-10	0.0657115
8.33202e-10	0.0659714
8.33295e-10	0.0662314
8.33387e-10	0.0664915
8.33479e-10	0.0667517
8.33572e-10	0.0670122
8.33664e-10	0.0672727
8.33757e-10	0.0675334
8.33849e-10	0.0677942
8.33941e-10	0.0680552
8.34034e-10	0.0683163
8.34126e-10	0.0685776
8.34219e-10	0.068839
8.34311e-10	0.0691005
8.34404e-10	0.0693622
8.34496e-10	0.069624
8.34588e-10	0.069886
8.34681e-10	0.0701481
8.34773e-10	0.0704103
8.34866e-10	0.0706726
8.34958e-10	0.0709351
8.3505e-10	0.0711978
8.35143e-10	0.0714606
8.35235e-10	0.0717235
8.35328e-10	0.0719865
8.3542e-10	0.0722497
8.35512e-10	0.072513
8.35605e-10	0.0727765
8.35697e-10	0.0730401
8.3579e-10	0.0733038
8.35882e-10	0.0735676
8.35974e-10	0.0738316
8.36067e-10	0.0740957
8.36159e-10	0.07436
8.36252e-10	0.0746244
8.36344e-10	0.0748889
8.36436e-10	0.0751535
8.36529e-10	0.0754183
8.36621e-10	0.0756832
8.36714e-10	0.0759483
8.36806e-10	0.0762134
8.36898e-10	0.0764787
8.36991e-10	0.0767442
8.37083e-10	0.0770097
8.37176e-10	0.0772754
8.37268e-10	0.0775413
8.3736e-10	0.0778072
8.37453e-10	0.0780733
8.37545e-10	0.0783395
8.37638e-10	0.0786058
8.3773e-10	0.0788723
8.37822e-10	0.0791388
8.37915e-10	0.0794055
8.38007e-10	0.0796724
8.381e-10	0.0799393
8.38192e-10	0.0802064
8.38284e-10	0.0804736
8.38377e-10	0.080741
8.38469e-10	0.0810084
8.38562e-10	0.081276
8.38654e-10	0.0815437
8.38746e-10	0.0818115
8.38839e-10	0.0820795
8.38931e-10	0.0823475
8.39024e-10	0.0826157
8.39116e-10	0.0828841
8.39208e-10	0.0831525
8.39301e-10	0.083421
8.39393e-10	0.0836897
8.39486e-10	0.0839585
8.39578e-10	0.0842274
8.39671e-10	0.0844965
8.39763e-10	0.0847656
8.39855e-10	0.0850349
8.39948e-10	0.0853043
8.4004e-10	0.0855738
8.40133e-10	0.0858434
8.40225e-10	0.0861131
8.40317e-10	0.086383
8.4041e-10	0.086653
8.40502e-10	0.0869231
8.40595e-10	0.0871933
8.40687e-10	0.0874636
8.40779e-10	0.087734
8.40872e-10	0.0880046
8.40964e-10	0.0882752
8.41057e-10	0.088546
8.41149e-10	0.0888169
8.41241e-10	0.0890879
8.41334e-10	0.089359
8.41426e-10	0.0896303
8.41519e-10	0.0899016
8.41611e-10	0.0901731
8.41703e-10	0.0904446
8.41796e-10	0.0907163
8.41888e-10	0.0909881
8.41981e-10	0.09126
8.42073e-10	0.091532
8.42165e-10	0.0918041
8.42258e-10	0.0920763
8.4235e-10	0.0923486
8.42443e-10	0.0926211
8.42535e-10	0.0928936
8.42627e-10	0.0931663
8.4272e-10	0.093439
8.42812e-10	0.0937119
8.42905e-10	0.0939849
8.42997e-10	0.094258
8.43089e-10	0.0945311
8.43182e-10	0.0948044
8.43274e-10	0.0950778
8.43367e-10	0.0953513
8.43459e-10	0.0956249
8.43551e-10	0.0958986
8.43644e-10	0.0961724
8.43736e-10	0.0964463
8.43829e-10	0.0967203
8.43921e-10	0.0969945
8.44013e-10	0.0972687
8.44106e-10	0.097543
8.44198e-10	0.0978174
8.44291e-10	0.0980919
8.44383e-10	0.0983665
8.44475e-10	0.0986413
8.44568e-10	0.0989161
8.4466e-10	0.099191
8.44753e-10	0.099466
8.44845e-10	0.0997411
8.44938e-10	0.100016
8.4503e-10	0.100292
8.45122e-10	0.100567
8.45215e-10	0.100843
8.45307e-10	0.101118
8.454e-10	0.101394
8.45492e-10	0.10167
8.45584e-10	0.101945
8.45677e-10	0.102221
8.45769e-10	0.102498
8.45862e-10	0.102774
8.45954e-10	0.10305
8.46046e-10	0.103326
8.46139e-10	0.103603
8.46231e-10	0.103879
8.46324e-10	0.104156
8.46416e-10	0.104433
8.46508e-10	0.104709
8.46601e-10	0.104986
8.46693e-10	0.105263
8.46786e-10	0.10554
8.46878e-10	0.105818
8.4697e-10	0.106095
8.47063e-10	0.106372
8.47155e-10	0.10665
8.47248e-10	0.106927
8.4734e-10	0.107205
8.47432e-10	0.107482
8.47525e-10	0.10776
8.47617e-10	0.108038
8.4771e-10	0.108316
8.47802e-10	0.108594
8.47894e-10	0.108872
8.47987e-10	0.10915
8.48079e-10	0.109429
8.48172e-10	0.109707
8.48264e-10	0.109985
8.48356e-10	0.110264
8.48449e-10	0.110543
8.48541e-10	0.110821
8.48634e-10	0.1111
8.48726e-10	0.111379
8.48818e-10	0.111658
8.48911e-10	0.111937
8.49003e-10	0.112216
8.49096e-10	0.112495
8.49188e-10	0.112774
8.4928e-10	0.113054
8.49373e-10	0.113333
8.49465e-10	0.113613
8.49558e-10	0.113892
8.4965e-10	0.114172
8.49742e-10	0.114452
8.49835e-10	0.114731
8.49927e-10	0.115011
8.5002e-10	0.115291
8.50112e-10	0.115571
8.50205e-10	0.115851
8.50297e-10	0.116131
8.50389e-10	0.116412
8.50482e-10	0.116692
8.50574e-10	0.116972
8.50667e-10	0.117253
8.50759e-10	0.117533
8.50851e-10	0.117814
8.50944e-10	0.118095
8.51036e-10	0.118375
8.51129e-10	0.118656
8.51221e-10	0.118937
8.51313e-10	0.119218
8.51406e-10	0.119499
8.51498e-10	0.11978
8.51591e-10	0.120061
8.51683e-10	0.120343
8.51775e-10	0.120624
8.51868e-10	0.120905
8.5196e-10	0.121187
8.52053e-10	0.121468
8.52145e-10	0.12175
8.52237e-10	0.122031
8.5233e-10	0.122313
8.52422e-10	0.122595
8.52515e-10	0.122877
8.52607e-10	0.123158
8.52699e-10	0.12344
8.52792e-10	0.123722
8.52884e-10	0.124004
8.52977e-10	0.124287
8.53069e-10	0.124569
8.53161e-10	0.124851
8.53254e-10	0.125133
8.53346e-10	0.125416
8.53439e-10	0.125698
8.53531e-10	0.125981
8.53623e-10	0.126263
8.53716e-10	0.126546
8.53808e-10	0.126828
8.53901e-10	0.127111
8.53993e-10	0.127394
8.54085e-10	0.127677
8.54178e-10	0.12796
8.5427e-10	0.128242
8.54363e-10	0.128525
8.54455e-10	0.128809
8.54547e-10	0.129092
8.5464e-10	0.129375
8.54732e-10	0.129658
8.54825e-10	0.129941
8.54917e-10	0.130225
8.55009e-10	0.130508
8.55102e-10	0.130791
8.55194e-10	0.131075
8.55287e-10	0.131358
8.55379e-10	0.131642
8.55471e-10	0.131925
8.55564e-10	0.132209
8.55656e-10	0.132493
8.55749e-10	0.132777
8.55841e-10	0.13306
8.55934e-10	0.133344
8.56026e-10	0.133628
8.56118e-10	0.133912
8.56211e-10	0.134196
8.56303e-10	0.13448
8.56396e-10	0.134764
8.56488e-10	0.135048
8.5658e-10	0.135332
8.56673e-10	0.135617
8.56765e-10	0.135901
8.56858e-10	0.136185
8.5695e-10	0.136469
8.57042e-10	0.136754
8.57135e-10	0.137038
8.57227e-10	0.137323
8.5732e-10	0.137607
8.57412e-10	0.137892
8.57504e-10	0.138176
8.57597e-10	0.138461
8.57689e-10	0.138746
8.57782e-10	0.13903
8.57874e-10	0.139315
8.57966e-10	0.1396
8.58059e-10	0.139885
8.58151e-10	0.140169
8.58244e-10	0.140454
8.58336e-10	0.140739
8.58428e-10	0.141024
8.58521e-10	0.141309
8.58613e-10	0.141594
8.58706e-10	0.141879
8.58798e-10	0.142164
8.5889e-10	0.142449
8.58983e-10	0.142734
8.59075e-10	0.14302
8.59168e-10	0.143305
8.5926e-10	0.14359
8.59352e-10	0.143875
8.59445e-10	0.14416
8.59537e-10	0.144446
8.5963e-10	0.144731
8.59722e-10	0.145017
8.59814e-10	0.145302
8.59907e-10	0.145587
8.59999e-10	0.145873
8.60092e-10	0.146158
8.60184e-10	0.146444
8.60276e-10	0.146729
8.60369e-10	0.147015
8.60461e-10	0.1473
8.60554e-10	0.147586
8.60646e-10	0.147872
8.60738e-10	0.148157
8.60831e-10	0.148443
8.60923e-10	0.148729
8.61016e-10	0.149014
8.61108e-10	0.1493
8.61201e-10	0.149586
8.61293e-10	0.149872
8.61385e-10	0.150157
8.61478e-10	0.150443
8.6157e-10	0.150729
8.61663e-10	0.151015
8.61755e-10	0.151301
8.61847e-10	0.151587
8.6194e-10	0.151872
8.62032e-10	0.152158
8.62125e-10	0.152444
8.62217e-10	0.15273
8.62309e-10	0.153016
8.62402e-10	0.153302
8.62494e-10	0.153588
8.62587e-10	0.153874
8.62679e-10	0.15416
8.62771e-10	0.154446
8.62864e-10	0.154732
8.62956e-10	0.155018
8.63049e-10	0.155304
8.63141e-10	0.15559
8.63233e-10	0.155876
8.63326e-10	0.156163
8.63418e-10	0.156449
8.63511e-10	0.156735
8.63603e-10	0.157021
8.63695e-10	0.157307
8.63788e-10	0.157593
8.6388e-10	0.157879
8.63973e-10	0.158165
8.64065e-10	0.158451
8.64157e-10	0.158738
8.6425e-10	0.159024
8.64342e-10	0.15931
8.64435e-10	0.159596
8.64527e-10	0.159882
8.64619e-10	0.160168
8.64712e-10	0.160454
8.64804e-10	0.160741
8.64897e-10	0.161027
8.64989e-10	0.161313
8.65081e-10	0.161599
8.65174e-10	0.161885
8.65266e-10	0.162171
8.65359e-10	0.162458
8.65451e-10	0.162744
8.65543e-10	0.16303
8.65636e-10	0.163316
8.65728e-10	0.163602
8.65821e-10	0.163888
8.65913e-10	0.164174
8.66005e-10	0.16446
8.66098e-10	0.164747
8.6619e-10	0.165033
8.66283e-10	0.165319
8.66375e-10	0.165605
8.66468e-10	0.165891
8.6656e-10	0.166177
8.66652e-10	0.166463
8.66745e-10	0.166749
8.66837e-10	0.167035
8.6693e-10	0.167321
8.67022e-10	0.167607
8.67114e-10	0.167893
8.67207e-10	0.168179
8.67299e-10	0.168465
8.67392e-10	0.168751
8.67484e-10	0.169037
8.67576e-10	0.169323
8.67669e-10	0.169609
8.67761e-10	0.169895
8.67854e-10	0.170181
8.67946e-10	0.170467
8.68038e-10	0.170753
8.68131e-10	0.171039
8.68223e-10	0.171324
8.68316e-10	0.17161
8.68408e-10	0.171896
8.685e-10	0.172182
8.68593e-10	0.172468
8.68685e-10	0.172753
8.68778e-10	0.173039
8.6887e-10	0.173325
8.68962e-10	0.17361
8.69055e-10	0.173896
8.69147e-10	0.174182
8.6924e-10	0.174467
8.69332e-10	0.174753
8.69424e-10	0.175039
8.69517e-10	0.175324
8.69609e-10	0.17561
8.69702e-10	0.175895
8.69794e-10	0.17618
8.69886e-10	0.176466
8.69979e-10	0.176751
8.70071e-10	0.177037
8.70164e-10	0.177322
8.70256e-10	0.177607
8.70348e-10	0.177893
8.70441e-10	0.178178
8.70533e-10	0.178463
8.70626e-10	0.178748
8.70718e-10	0.179034
8.7081e-10	0.179319
8.70903e-10	0.179604
8.70995e-10	0.179889
8.71088e-10	0.180174
8.7118e-10	0.180459
8.71272e-10	0.180744
8.71365e-10	0.181029
8.71457e-10	0.181314
8.7155e-10	0.181598
8.71642e-10	0.181883
8.71735e-10	0.182168
8.71827e-10	0.182453
8.71919e-10	0.182738
8.72012e-10	0.183022
8.72104e-10	0.183307
8.72197e-10	0.183591
8.72289e-10	0.183876
8.72381e-10	0.18416
8.72474e-10	0.184445
8.72566e-10	0.184729
8.72659e-10	0.185014
8.72751e-10	0.185298
8.72843e-10	0.185582
8.72936e-10	0.185867
8.73028e-10	0.186151
8.73121e-10	0.186435
8.73213e-10	0.186719
8.73305e-10	0.187003
8.73398e-10	0.187287
8.7349e-10	0.187571
8.73583e-10	0.187855
8.73675e-10	0.188139
8.73767e-10	0.188423
8.7386e-10	0.188706
8.73952e-10	0.18899
8.74045e-10	0.189274
8.74137e-10	0.189557
8.74229e-10	0.189841
8.74322e-10	0.190125
8.74414e-10	0.190408
8.74507e-10	0.190691
8.74599e-10	0.190975
8.74691e-10	0.191258
8.74784e-10	0.191541
8.74876e-10	0.191825
8.74969e-10	0.192108
8.75061e-10	0.192391
8.75153e-10	0.192674
8.75246e-10	0.192957
8.75338e-10	0.19324
8.75431e-10	0.193522
8.75523e-10	0.193805
8.75615e-10	0.194088
8.75708e-10	0.194371
8.758e-10	0.194653
8.75893e-10	0.194936
8.75985e-10	0.195218
8.76077e-10	0.195501
8.7617e-10	0.195783
8.76262e-10	0.196065
8.76355e-10	0.196348
8.76447e-10	0.19663
8.76539e-10	0.196912
8.76632e-10	0.197194
8.76724e-10	0.197476
8.76817e-10	0.197758
8.76909e-10	0.198039
8.77002e-10	0.198321
8.77094e-10	0.198603
8.77186e-10	0.198885
8.77279e-10	0.199166
8.77371e-10	0.199448
8.77464e-10	0.199729
8.77556e-10	0.20001
8.77648e-10	0.200292
8.77741e-10	0.200573
8.77833e-10	0.200854
8.77926e-10	0.201135
8.78018e-10	0.201416
8.7811e-10	0.201697
8.78203e-10	0.201978
8.78295e-10	0.202258
8.78388e-10	0.202539
8.7848e-10	0.20282
8.78572e-10	0.2031
8.78665e-10	0.203381
8.78757e-10	0.203661
8.7885e-10	0.203941
8.78942e-10	0.204221
8.79034e-10	0.204501
8.79127e-10	0.204782
8.79219e-10	0.205061
8.79312e-10	0.205341
8.79404e-10	0.205621
8.79496e-10	0.205901
8.79589e-10	0.20618
8.79681e-10	0.20646
8.79774e-10	0.206739
8.79866e-10	0.207019
8.79958e-10	0.207298
8.80051e-10	0.207577
8.80143e-10	0.207856
8.80236e-10	0.208135
8.80328e-10	0.208414
8.8042e-10	0.208693
8.80513e-10	0.208972
8.80605e-10	0.209251
8.80698e-10	0.209529
8.8079e-10	0.209808
8.80882e-10	0.210086
8.80975e-10	0.210364
8.81067e-10	0.210643
8.8116e-10	0.210921
8.81252e-10	0.211199
8.81344e-10	0.211477
8.81437e-10	0.211755
8.81529e-10	0.212032
8.81622e-10	0.21231
8.81714e-10	0.212587
8.81806e-10	0.212865
8.81899e-10	0.213142
8.81991e-10	0.213419
8.82084e-10	0.213697
8.82176e-10	0.213974
8.82269e-10	0.214251
8.82361e-10	0.214527
8.82453e-10	0.214804
8.82546e-10	0.215081
8.82638e-10	0.215357
8.82731e-10	0.215634
8.82823e-10	0.21591
8.82915e-10	0.216186
8.83008e-10	0.216463
8.831e-10	0.216739
8.83193e-10	0.217015
8.83285e-10	0.21729
8.83377e-10	0.217566
8.8347e-10	0.217842
8.83562e-10	0.218117
8.83655e-10	0.218393
8.83747e-10	0.218668
8.83839e-10	0.218943
8.83932e-10	0.219218
8.84024e-10	0.219493
8.84117e-10	0.219768
8.84209e-10	0.220042
8.84301e-10	0.220317
8.84394e-10	0.220592
8.84486e-10	0.220866
8.84579e-10	0.22114
8.84671e-10	0.221414
8.84763e-10	0.221688
8.84856e-10	0.221962
8.84948e-10	0.222236
8.85041e-10	0.22251
8.85133e-10	0.222783
8.85225e-10	0.223057
8.85318e-10	0.22333
8.8541e-10	0.223603
8.85503e-10	0.223877
8.85595e-10	0.224149
8.85687e-10	0.224422
8.8578e-10	0.224695
8.85872e-10	0.224968
8.85965e-10	0.22524
8.86057e-10	0.225513
8.86149e-10	0.225785
8.86242e-10	0.226057
8.86334e-10	0.226329
8.86427e-10	0.226601
8.86519e-10	0.226872
8.86611e-10	0.227144
8.86704e-10	0.227416
8.86796e-10	0.227687
8.86889e-10	0.227958
8.86981e-10	0.228229
8.87073e-10	0.2285
8.87166e-10	0.228771
8.87258e-10	0.229042
8.87351e-10	0.229312
8.87443e-10	0.229583
8.87536e-10	0.229853
8.87628e-10	0.230123
8.8772e-10	0.230393
8.87813e-10	0.230663
8.87905e-10	0.230933
8.87998e-10	0.231203
8.8809e-10	0.231472
8.88182e-10	0.231741
8.88275e-10	0.232011
8.88367e-10	0.23228
8.8846e-10	0.232549
8.88552e-10	0.232818
8.88644e-10	0.233086
8.88737e-10	0.233355
8.88829e-10	0.233623
8.88922e-10	0.233891
8.89014e-10	0.234159
8.89106e-10	0.234427
8.89199e-10	0.234695
8.89291e-10	0.234963
8.89384e-10	0.23523
8.89476e-10	0.235498
8.89568e-10	0.235765
8.89661e-10	0.236032
8.89753e-10	0.236299
8.89846e-10	0.236566
8.89938e-10	0.236833
8.9003e-10	0.237099
8.90123e-10	0.237365
8.90215e-10	0.237632
8.90308e-10	0.237898
8.904e-10	0.238164
8.90492e-10	0.238429
8.90585e-10	0.238695
8.90677e-10	0.23896
8.9077e-10	0.239226
8.90862e-10	0.239491
8.90954e-10	0.239756
8.91047e-10	0.240021
8.91139e-10	0.240285
8.91232e-10	0.24055
8.91324e-10	0.240814
8.91416e-10	0.241078
8.91509e-10	0.241342
8.91601e-10	0.241606
8.91694e-10	0.24187
8.91786e-10	0.242134
8.91878e-10	0.242397
8.91971e-10	0.24266
8.92063e-10	0.242923
8.92156e-10	0.243186
8.92248e-10	0.243449
8.9234e-10	0.243712
8.92433e-10	0.243974
8.92525e-10	0.244236
8.92618e-10	0.244499
8.9271e-10	0.244761
8.92803e-10	0.245022
8.92895e-10	0.245284
8.92987e-10	0.245545
8.9308e-10	0.245807
8.93172e-10	0.246068
8.93265e-10	0.246329
8.93357e-10	0.246589
8.93449e-10	0.24685
8.93542e-10	0.247111
8.93634e-10	0.247371
8.93727e-10	0.247631
8.93819e-10	0.247891
8.93911e-10	0.248151
8.94004e-10	0.24841
8.94096e-10	0.248669
8.94189e-10	0.248929
8.94281e-10	0.249188
8.94373e-10	0.249447
8.94466e-10	0.249705
8.94558e-10	0.249964
8.94651e-10	0.250222
8.94743e-10	0.25048
8.94835e-10	0.250738
8.94928e-10	0.250996
8.9502e-10	0.251254
8.95113e-10	0.251511
8.95205e-10	0.251768
8.95297e-10	0.252025
8.9539e-10	0.252282
8.95482e-10	0.252539
8.95575e-10	0.252796
8.95667e-10	0.253052
8.95759e-10	0.253308
8.95852e-10	0.253564
8.95944e-10	0.25382
8.96037e-10	0.254075
8.96129e-10	0.254331
8.96221e-10	0.254586
8.96314e-10	0.254841
8.96406e-10	0.255096
8.96499e-10	0.255351
8.96591e-10	0.255605
8.96683e-10	0.255859
8.96776e-10	0.256113
8.96868e-10	0.256367
8.96961e-10	0.256621
8.97053e-10	0.256874
8.97145e-10	0.257128
8.97238e-10	0.257381
8.9733e-10	0.257634
8.97423e-10	0.257886
8.97515e-10	0.258139
8.97607e-10	0.258391
8.977e-10	0.258643
8.97792e-10	0.258895
8.97885e-10	0.259147
8.97977e-10	0.259399
8.9807e-10	0.25965
8.98162e-10	0.259901
8.98254e-10	0.260152
8.98347e-10	0.260403
8.98439e-10	0.260653
8.98532e-10	0.260904
8.98624e-10	0.261154
8.98716e-10	0.261404
8.98809e-10	0.261653
8.98901e-10	0.261903
8.98994e-10	0.262152
8.99086e-10	0.262401
8.99178e-10	0.26265
8.99271e-10	0.262899
8.99363e-10	0.263147
8.99456e-10	0.263396
8.99548e-10	0.263644
8.9964e-10	0.263891
8.99733e-10	0.264139
8.99825e-10	0.264386
8.99918e-10	0.264634
9.0001e-10	0.264881
9.00102e-10	0.265127
9.00195e-10	0.265374
9.00287e-10	0.26562
9.0038e-10	0.265867
9.00472e-10	0.266112
9.00564e-10	0.266358
9.00657e-10	0.266604
9.00749e-10	0.266849
9.00842e-10	0.267094
9.00934e-10	0.267339
9.01026e-10	0.267583
9.01119e-10	0.267828
9.01211e-10	0.268072
9.01304e-10	0.268316
9.01396e-10	0.26856
9.01488e-10	0.268803
9.01581e-10	0.269046
9.01673e-10	0.269289
9.01766e-10	0.269532
9.01858e-10	0.269775
9.0195e-10	0.270017
9.02043e-10	0.270259
9.02135e-10	0.270501
9.02228e-10	0.270743
9.0232e-10	0.270985
9.02412e-10	0.271226
9.02505e-10	0.271467
9.02597e-10	0.271708
9.0269e-10	0.271948
9.02782e-10	0.272189
9.02874e-10	0.272429
9.02967e-10	0.272669
9.03059e-10	0.272908
9.03152e-10	0.273148
9.03244e-10	0.273387
9.03337e-10	0.273626
9.03429e-10	0.273864
9.03521e-10	0.274103
9.03614e-10	0.274341
9.03706e-10	0.274579
9.03799e-10	0.274817
9.03891e-10	0.275054
9.03983e-10	0.275292
9.04076e-10	0.275529
9.04168e-10	0.275766
9.04261e-10	0.276002
9.04353e-10	0.276238
9.04445e-10	0.276474
9.04538e-10	0.27671
9.0463e-10	0.276946
9.04723e-10	0.277181
9.04815e-10	0.277416
9.04907e-10	0.277651
9.05e-10	0.277886
9.05092e-10	0.27812
9.05185e-10	0.278354
9.05277e-10	0.278588
9.05369e-10	0.278822
9.05462e-10	0.279055
9.05554e-10	0.279288
9.05647e-10	0.279521
9.05739e-10	0.279754
9.05831e-10	0.279986
9.05924e-10	0.280218
9.06016e-10	0.28045
9.06109e-10	0.280682
9.06201e-10	0.280913
9.06293e-10	0.281144
9.06386e-10	0.281375
9.06478e-10	0.281606
9.06571e-10	0.281836
9.06663e-10	0.282066
9.06755e-10	0.282296
9.06848e-10	0.282526
9.0694e-10	0.282755
9.07033e-10	0.282984
9.07125e-10	0.283213
9.07217e-10	0.283442
9.0731e-10	0.28367
9.07402e-10	0.283898
9.07495e-10	0.284126
9.07587e-10	0.284353
9.07679e-10	0.28458
9.07772e-10	0.284807
9.07864e-10	0.285034
9.07957e-10	0.28526
9.08049e-10	0.285487
9.08141e-10	0.285713
9.08234e-10	0.285938
9.08326e-10	0.286164
9.08419e-10	0.286389
9.08511e-10	0.286614
9.08604e-10	0.286838
9.08696e-10	0.287063
9.08788e-10	0.287287
9.08881e-10	0.28751
9.08973e-10	0.287734
9.09066e-10	0.287957
9.09158e-10	0.28818
9.0925e-10	0.288403
9.09343e-10	0.288625
9.09435e-10	0.288847
9.09528e-10	0.289069
9.0962e-10	0.289291
9.09712e-10	0.289512
9.09805e-10	0.289733
9.09897e-10	0.289954
9.0999e-10	0.290174
9.10082e-10	0.290395
9.10174e-10	0.290614
9.10267e-10	0.290834
9.10359e-10	0.291053
9.10452e-10	0.291273
9.10544e-10	0.291491
9.10636e-10	0.29171
9.10729e-10	0.291928
9.10821e-10	0.292146
9.10914e-10	0.292364
9.11006e-10	0.292581
9.11098e-10	0.292798
9.11191e-10	0.293015
9.11283e-10	0.293232
9.11376e-10	0.293448
9.11468e-10	0.293664
9.1156e-10	0.293879
9.11653e-10	0.294095
9.11745e-10	0.29431
9.11838e-10	0.294525
9.1193e-10	0.294739
9.12022e-10	0.294953
9.12115e-10	0.295167
9.12207e-10	0.295381
9.123e-10	0.295594
9.12392e-10	0.295807
9.12484e-10	0.29602
9.12577e-10	0.296232
9.12669e-10	0.296445
9.12762e-10	0.296657
9.12854e-10	0.296868
9.12946e-10	0.297079
9.13039e-10	0.29729
9.13131e-10	0.297501
9.13224e-10	0.297711
9.13316e-10	0.297921
9.13408e-10	0.298131
9.13501e-10	0.298341
9.13593e-10	0.29855
9.13686e-10	0.298759
9.13778e-10	0.298967
9.13871e-10	0.299176
9.13963e-10	0.299384
9.14055e-10	0.299591
9.14148e-10	0.299799
9.1424e-10	0.300006
9.14333e-10	0.300212
9.14425e-10	0.300419
9.14517e-10	0.300625
9.1461e-10	0.300831
9.14702e-10	0.301036
9.14795e-10	0.301241
9.14887e-10	0.301446
9.14979e-10	0.301651
9.15072e-10	0.301855
9.15164e-10	0.302059
9.15257e-10	0.302263
9.15349e-10	0.302466
9.15441e-10	0.302669
9.15534e-10	0.302872
9.15626e-10	0.303074
9.15719e-10	0.303276
9.15811e-10	0.303478
9.15903e-10	0.30368
9.15996e-10	0.303881
9.16088e-10	0.304082
9.16181e-10	0.304282
9.16273e-10	0.304482
9.16365e-10	0.304682
9.16458e-10	0.304882
9.1655e-10	0.305081
9.16643e-10	0.30528
9.16735e-10	0.305478
9.16827e-10	0.305677
9.1692e-10	0.305874
9.17012e-10	0.306072
9.17105e-10	0.306269
9.17197e-10	0.306466
9.17289e-10	0.306663
9.17382e-10	0.306859
9.17474e-10	0.307055
9.17567e-10	0.307251
9.17659e-10	0.307446
9.17751e-10	0.307641
9.17844e-10	0.307836
9.17936e-10	0.30803
9.18029e-10	0.308224
9.18121e-10	0.308418
9.18213e-10	0.308611
9.18306e-10	0.308804
9.18398e-10	0.308997
9.18491e-10	0.309189
9.18583e-10	0.309381
9.18675e-10	0.309573
9.18768e-10	0.309764
9.1886e-10	0.309955
9.18953e-10	0.310146
9.19045e-10	0.310336
9.19138e-10	0.310526
9.1923e-10	0.310716
9.19322e-10	0.310905
9.19415e-10	0.311094
9.19507e-10	0.311283
9.196e-10	0.311471
9.19692e-10	0.311659
9.19784e-10	0.311847
9.19877e-10	0.312034
9.19969e-10	0.312221
9.20062e-10	0.312408
9.20154e-10	0.312594
9.20246e-10	0.31278
9.20339e-10	0.312965
9.20431e-10	0.313151
9.20524e-10	0.313336
9.20616e-10	0.31352
9.20708e-10	0.313704
9.20801e-10	0.313888
9.20893e-10	0.314072
9.20986e-10	0.314255
9.21078e-10	0.314437
9.2117e-10	0.31462
9.21263e-10	0.314802
9.21355e-10	0.314984
9.21448e-10	0.315165
9.2154e-10	0.315346
9.21632e-10	0.315527
9.21725e-10	0.315707
9.21817e-10	0.315887
9.2191e-10	0.316067
9.22002e-10	0.316246
9.22094e-10	0.316425
9.22187e-10	0.316603
9.22279e-10	0.316782
9.22372e-10	0.316959
9.22464e-10	0.317137
9.22556e-10	0.317314
9.22649e-10	0.317491
9.22741e-10	0.317667
9.22834e-10	0.317843
9.22926e-10	0.318019
9.23018e-10	0.318194
9.23111e-10	0.318369
9.23203e-10	0.318544
9.23296e-10	0.318718
9.23388e-10	0.318892
9.2348e-10	0.319065
9.23573e-10	0.319238
9.23665e-10	0.319411
9.23758e-10	0.319584
9.2385e-10	0.319756
9.23942e-10	0.319927
9.24035e-10	0.320099
9.24127e-10	0.320269
9.2422e-10	0.32044
9.24312e-10	0.32061
9.24405e-10	0.32078
9.24497e-10	0.320949
9.24589e-10	0.321118
9.24682e-10	0.321287
9.24774e-10	0.321455
9.24867e-10	0.321623
9.24959e-10	0.321791
9.25051e-10	0.321958
9.25144e-10	0.322125
9.25236e-10	0.322291
9.25329e-10	0.322458
9.25421e-10	0.322623
9.25513e-10	0.322789
9.25606e-10	0.322953
9.25698e-10	0.323118
9.25791e-10	0.323282
9.25883e-10	0.323446
9.25975e-10	0.323609
9.26068e-10	0.323772
9.2616e-10	0.323935
9.26253e-10	0.324097
9.26345e-10	0.324259
9.26437e-10	0.324421
9.2653e-10	0.324582
9.26622e-10	0.324743
9.26715e-10	0.324903
9.26807e-10	0.325063
9.26899e-10	0.325223
9.26992e-10	0.325382
9.27084e-10	0.325541
9.27177e-10	0.325699
9.27269e-10	0.325857
9.27361e-10	0.326015
9.27454e-10	0.326172
9.27546e-10	0.326329
9.27639e-10	0.326485
9.27731e-10	0.326641
9.27823e-10	0.326797
9.27916e-10	0.326952
9.28008e-10	0.327107
9.28101e-10	0.327262
9.28193e-10	0.327416
9.28285e-10	0.32757
9.28378e-10	0.327723
9.2847e-10	0.327876
9.28563e-10	0.328028
9.28655e-10	0.328181
9.28747e-10	0.328332
9.2884e-10	0.328484
9.28932e-10	0.328635
9.29025e-10	0.328785
9.29117e-10	0.328935
9.29209e-10	0.329085
9.29302e-10	0.329234
9.29394e-10	0.329383
9.29487e-10	0.329532
9.29579e-10	0.32968
9.29672e-10	0.329828
9.29764e-10	0.329975
9.29856e-10	0.330122
9.29949e-10	0.330268
9.30041e-10	0.330414
9.30134e-10	0.33056
9.30226e-10	0.330705
9.30318e-10	0.33085
9.30411e-10	0.330995
9.30503e-10	0.331139
9.30596e-10	0.331283
9.30688e-10	0.331426
9.3078e-10	0.331569
9.30873e-10	0.331711
9.30965e-10	0.331853
9.31058e-10	0.331995
9.3115e-10	0.332136
9.31242e-10	0.332277
9.31335e-10	0.332417
9.31427e-10	0.332557
9.3152e-10	0.332697
9.31612e-10	0.332836
9.31704e-10	0.332974
9.31797e-10	0.333113
9.31889e-10	0.333251
9.31982e-10	0.333388
9.32074e-10	0.333525
9.32166e-10	0.333662
9.32259e-10	0.333798
9.32351e-10	0.333934
9.32444e-10	0.334069
9.32536e-10	0.334204
9.32628e-10	0.334339
9.32721e-10	0.334473
9.32813e-10	0.334606
9.32906e-10	0.33474
9.32998e-10	0.334872
9.3309e-10	0.335005
9.33183e-10	0.335137
9.33275e-10	0.335268
9.33368e-10	0.3354
9.3346e-10	0.33553
9.33552e-10	0.33566
9.33645e-10	0.33579
9.33737e-10	0.33592
9.3383e-10	0.336049
9.33922e-10	0.336177
9.34014e-10	0.336305
9.34107e-10	0.336433
9.34199e-10	0.33656
9.34292e-10	0.336687
9.34384e-10	0.336814
9.34476e-10	0.33694
9.34569e-10	0.337065
9.34661e-10	0.33719
9.34754e-10	0.337315
9.34846e-10	0.337439
9.34938e-10	0.337563
9.35031e-10	0.337686
9.35123e-10	0.337809
9.35216e-10	0.337932
9.35308e-10	0.338054
9.35401e-10	0.338176
9.35493e-10	0.338297
9.35585e-10	0.338418
9.35678e-10	0.338538
9.3577e-10	0.338658
9.35863e-10	0.338777
9.35955e-10	0.338896
9.36047e-10	0.339015
9.3614e-10	0.339133
9.36232e-10	0.33925
9.36325e-10	0.339368
9.36417e-10	0.339484
9.36509e-10	0.339601
9.36602e-10	0.339717
9.36694e-10	0.339832
9.36787e-10	0.339947
9.36879e-10	0.340062
9.36971e-10	0.340176
9.37064e-10	0.340289
9.37156e-10	0.340403
9.37249e-10	0.340515
9.37341e-10	0.340628
9.37433e-10	0.340739
9.37526e-10	0.340851
9.37618e-10	0.340962
9.37711e-10	0.341072
9.37803e-10	0.341182
9.37895e-10	0.341292
9.37988e-10	0.341401
9.3808e-10	0.34151
9.38173e-10	0.341618
9.38265e-10	0.341726
9.38357e-10	0.341833
9.3845e-10	0.34194
9.38542e-10	0.342046
9.38635e-10	0.342152
9.38727e-10	0.342258
9.38819e-10	0.342363
9.38912e-10	0.342468
9.39004e-10	0.342572
9.39097e-10	0.342675
9.39189e-10	0.342779
9.39281e-10	0.342881
9.39374e-10	0.342984
9.39466e-10	0.343085
9.39559e-10	0.343187
9.39651e-10	0.343288
9.39743e-10	0.343388
9.39836e-10	0.343488
9.39928e-10	0.343588
9.40021e-10	0.343687
9.40113e-10	0.343785
9.40205e-10	0.343883
9.40298e-10	0.343981
9.4039e-10	0.344078
9.40483e-10	0.344175
9.40575e-10	0.344271
9.40668e-10	0.344367
9.4076e-10	0.344462
9.40852e-10	0.344557
9.40945e-10	0.344652
9.41037e-10	0.344745
9.4113e-10	0.344839
9.41222e-10	0.344932
9.41314e-10	0.345024
9.41407e-10	0.345116
9.41499e-10	0.345208
9.41592e-10	0.345299
9.41684e-10	0.34539
9.41776e-10	0.34548
9.41869e-10	0.345569
9.41961e-10	0.345659
9.42054e-10	0.345747
9.42146e-10	0.345836
9.42238e-10	0.345923
9.42331e-10	0.346011
9.42423e-10	0.346097
9.42516e-10	0.346184
9.42608e-10	0.346269
9.427e-10	0.346355
9.42793e-10	0.34644
9.42885e-10	0.346524
9.42978e-10	0.346608
9.4307e-10	0.346691
9.43162e-10	0.346774
9.43255e-10	0.346857
9.43347e-10	0.346939
9.4344e-10	0.34702
9.43532e-10	0.347101
9.43624e-10	0.347182
9.43717e-10	0.347262
9.43809e-10	0.347342
9.43902e-10	0.347421
9.43994e-10	0.347499
9.44086e-10	0.347577
9.44179e-10	0.347655
9.44271e-10	0.347732
9.44364e-10	0.347809
9.44456e-10	0.347885
9.44548e-10	0.34796
9.44641e-10	0.348036
9.44733e-10	0.34811
9.44826e-10	0.348184
9.44918e-10	0.348258
9.4501e-10	0.348331
9.45103e-10	0.348404
9.45195e-10	0.348476
9.45288e-10	0.348548
9.4538e-10	0.348619
9.45472e-10	0.34869
9.45565e-10	0.34876
9.45657e-10	0.34883
9.4575e-10	0.348899
9.45842e-10	0.348968
9.45935e-10	0.349036
9.46027e-10	0.349104
9.46119e-10	0.349171
9.46212e-10	0.349238
9.46304e-10	0.349304
9.46397e-10	0.34937
9.46489e-10	0.349435
9.46581e-10	0.3495
9.46674e-10	0.349564
9.46766e-10	0.349628
9.46859e-10	0.349691
9.46951e-10	0.349754
9.47043e-10	0.349816
9.47136e-10	0.349878
9.47228e-10	0.349939
9.47321e-10	0.35
9.47413e-10	0.35006
9.47505e-10	0.35012
9.47598e-10	0.350179
9.4769e-10	0.350238
9.47783e-10	0.350296
9.47875e-10	0.350354
9.47967e-10	0.350411
9.4806e-10	0.350468
9.48152e-10	0.350524
9.48245e-10	0.35058
9.48337e-10	0.350635
9.48429e-10	0.35069
9.48522e-10	0.350744
9.48614e-10	0.350797
9.48707e-10	0.350851
9.48799e-10	0.350903
9.48891e-10	0.350955
9.48984e-10	0.351007
9.49076e-10	0.351058
9.49169e-10	0.351108
9.49261e-10	0.351159
9.49353e-10	0.351208
9.49446e-10	0.351257
9.49538e-10	0.351306
9.49631e-10	0.351354
9.49723e-10	0.351401
9.49815e-10	0.351448
9.49908e-10	0.351494
9.5e-10	0.35154
9.50093e-10	0.351586
9.50185e-10	0.351631
9.50277e-10	0.351675
9.5037e-10	0.351719
9.50462e-10	0.351762
9.50555e-10	0.351805
9.50647e-10	0.351847
9.50739e-10	0.351889
9.50832e-10	0.35193
9.50924e-10	0.351971
9.51017e-10	0.352011
9.51109e-10	0.352051
9.51202e-10	0.35209
9.51294e-10	0.352129
9.51386e-10	0.352167
9.51479e-10	0.352204
9.51571e-10	0.352241
9.51664e-10	0.352278
9.51756e-10	0.352314
9.51848e-10	0.352349
9.51941e-10	0.352384
9.52033e-10	0.352419
9.52126e-10	0.352452
9.52218e-10	0.352486
9.5231e-10	0.352519
9.52403e-10	0.352551
9.52495e-10	0.352583
9.52588e-10	0.352614
9.5268e-10	0.352645
9.52772e-10	0.352675
9.52865e-10	0.352704
9.52957e-10	0.352733
9.5305e-10	0.352762
9.53142e-10	0.35279
9.53234e-10	0.352818
9.53327e-10	0.352845
9.53419e-10	0.352871
9.53512e-10	0.352897
9.53604e-10	0.352922
9.53696e-10	0.352947
9.53789e-10	0.352971
9.53881e-10	0.352995
9.53974e-10	0.353018
9.54066e-10	0.353041
9.54158e-10	0.353063
9.54251e-10	0.353085
9.54343e-10	0.353106
9.54436e-10	0.353126
9.54528e-10	0.353146
9.5462e-10	0.353166
9.54713e-10	0.353185
9.54805e-10	0.353203
9.54898e-10	0.353221
9.5499e-10	0.353238
9.55082e-10	0.353255
9.55175e-10	0.353271
9.55267e-10	0.353287
9.5536e-10	0.353302
9.55452e-10	0.353316
9.55544e-10	0.35333
9.55637e-10	0.353344
9.55729e-10	0.353357
9.55822e-10	0.353369
9.55914e-10	0.353381
9.56006e-10	0.353392
9.56099e-10	0.353403
9.56191e-10	0.353413
9.56284e-10	0.353423
9.56376e-10	0.353432
9.56469e-10	0.353441
9.56561e-10	0.353449
9.56653e-10	0.353456
9.56746e-10	0.353463
9.56838e-10	0.353469
9.56931e-10	0.353475
9.57023e-10	0.35348
9.57115e-10	0.353485
9.57208e-10	0.353489
9.573e-10	0.353493
9.57393e-10	0.353496
9.57485e-10	0.353498
9.57577e-10	0.3535
9.5767e-10	0.353501
9.57762e-10	0.353502
9.57855e-10	0.353503
9.57947e-10	0.353502
9.58039e-10	0.353501
9.58132e-10	0.3535
9.58224e-10	0.353498
9.58317e-10	0.353496
9.58409e-10	0.353492
9.58501e-10	0.353489
9.58594e-10	0.353485
9.58686e-10	0.35348
9.58779e-10	0.353475
9.58871e-10	0.353469
9.58963e-10	0.353462
9.59056e-10	0.353455
9.59148e-10	0.353448
9.59241e-10	0.35344
9.59333e-10	0.353431
9.59425e-10	0.353422
9.59518e-10	0.353412
9.5961e-10	0.353402
9.59703e-10	0.353391
9.59795e-10	0.353379
9.59887e-10	0.353367
9.5998e-10	0.353355
9.60072e-10	0.353341
9.60165e-10	0.353328
9.60257e-10	0.353313
9.60349e-10	0.353298
9.60442e-10	0.353283
9.60534e-10	0.353267
9.60627e-10	0.35325
9.60719e-10	0.353233
9.60811e-10	0.353216
9.60904e-10	0.353197
9.60996e-10	0.353178
9.61089e-10	0.353159
9.61181e-10	0.353139
9.61273e-10	0.353119
9.61366e-10	0.353097
9.61458e-10	0.353076
9.61551e-10	0.353053
9.61643e-10	0.353031
9.61736e-10	0.353007
9.61828e-10	0.352983
9.6192e-10	0.352959
9.62013e-10	0.352934
9.62105e-10	0.352908
9.62198e-10	0.352882
9.6229e-10	0.352855
9.62382e-10	0.352827
9.62475e-10	0.352799
9.62567e-10	0.352771
9.6266e-10	0.352742
9.62752e-10	0.352712
9.62844e-10	0.352682
9.62937e-10	0.352651
9.63029e-10	0.352619
9.63122e-10	0.352587
9.63214e-10	0.352555
9.63306e-10	0.352521
9.63399e-10	0.352488
9.63491e-10	0.352453
9.63584e-10	0.352418
9.63676e-10	0.352383
9.63768e-10	0.352347
9.63861e-10	0.35231
9.63953e-10	0.352273
9.64046e-10	0.352235
9.64138e-10	0.352197
9.6423e-10	0.352158
9.64323e-10	0.352118
9.64415e-10	0.352078
9.64508e-10	0.352037
9.646e-10	0.351996
9.64692e-10	0.351954
9.64785e-10	0.351912
9.64877e-10	0.351869
9.6497e-10	0.351825
9.65062e-10	0.351781
9.65154e-10	0.351736
9.65247e-10	0.351691
9.65339e-10	0.351645
9.65432e-10	0.351598
9.65524e-10	0.351551
9.65616e-10	0.351503
9.65709e-10	0.351455
9.65801e-10	0.351406
9.65894e-10	0.351356
9.65986e-10	0.351306
9.66078e-10	0.351256
9.66171e-10	0.351204
9.66263e-10	0.351153
9.66356e-10	0.3511
9.66448e-10	0.351047
9.6654e-10	0.350993
9.66633e-10	0.350939
9.66725e-10	0.350884
9.66818e-10	0.350829
9.6691e-10	0.350773
9.67003e-10	0.350717
9.67095e-10	0.350659
9.67187e-10	0.350602
9.6728e-10	0.350543
9.67372e-10	0.350484
9.67465e-10	0.350425
9.67557e-10	0.350365
9.67649e-10	0.350304
9.67742e-10	0.350243
9.67834e-10	0.350181
9.67927e-10	0.350118
9.68019e-10	0.350055
9.68111e-10	0.349991
9.68204e-10	0.349927
9.68296e-10	0.349862
9.68389e-10	0.349797
9.68481e-10	0.349731
9.68573e-10	0.349664
9.68666e-10	0.349597
9.68758e-10	0.349529
9.68851e-10	0.34946
9.68943e-10	0.349391
9.69035e-10	0.349321
9.69128e-10	0.349251
9.6922e-10	0.34918
9.69313e-10	0.349109
9.69405e-10	0.349037
9.69497e-10	0.348964
9.6959e-10	0.348891
9.69682e-10	0.348817
9.69775e-10	0.348742
9.69867e-10	0.348667
9.69959e-10	0.348592
9.70052e-10	0.348515
9.70144e-10	0.348439
9.70237e-10	0.348361
9.70329e-10	0.348283
9.70421e-10	0.348204
9.70514e-10	0.348125
9.70606e-10	0.348045
9.70699e-10	0.347965
9.70791e-10	0.347883
9.70883e-10	0.347802
9.70976e-10	0.347719
9.71068e-10	0.347636
9.71161e-10	0.347553
9.71253e-10	0.347469
9.71345e-10	0.347384
9.71438e-10	0.347299
9.7153e-10	0.347213
9.71623e-10	0.347126
9.71715e-10	0.347039
9.71807e-10	0.346951
9.719e-10	0.346863
9.71992e-10	0.346774
9.72085e-10	0.346684
9.72177e-10	0.346594
9.7227e-10	0.346503
9.72362e-10	0.346412
9.72454e-10	0.34632
9.72547e-10	0.346227
9.72639e-10	0.346134
9.72732e-10	0.34604
9.72824e-10	0.345945
9.72916e-10	0.34585
9.73009e-10	0.345755
9.73101e-10	0.345658
9.73194e-10	0.345561
9.73286e-10	0.345464
9.73378e-10	0.345366
9.73471e-10	0.345267
9.73563e-10	0.345168
9.73656e-10	0.345068
9.73748e-10	0.344967
9.7384e-10	0.344866
9.73933e-10	0.344764
9.74025e-10	0.344662
9.74118e-10	0.344558
9.7421e-10	0.344455
9.74302e-10	0.34435
9.74395e-10	0.344246
9.74487e-10	0.34414
9.7458e-10	0.344034
9.74672e-10	0.343927
9.74764e-10	0.34382
9.74857e-10	0.343712
9.74949e-10	0.343603
9.75042e-10	0.343494
9.75134e-10	0.343384
9.75226e-10	0.343274
9.75319e-10	0.343163
9.75411e-10	0.343051
9.75504e-10	0.342939
9.75596e-10	0.342826
9.75688e-10	0.342712
9.75781e-10	0.342598
9.75873e-10	0.342483
9.75966e-10	0.342368
9.76058e-10	0.342252
9.7615e-10	0.342135
9.76243e-10	0.342018
9.76335e-10	0.3419
9.76428e-10	0.341781
9.7652e-10	0.341662
9.76612e-10	0.341543
9.76705e-10	0.341422
9.76797e-10	0.341301
9.7689e-10	0.34118
9.76982e-10	0.341057
9.77074e-10	0.340935
9.77167e-10	0.340811
9.77259e-10	0.340687
9.77352e-10	0.340562
9.77444e-10	0.340437
9.77537e-10	0.340311
9.77629e-10	0.340184
9.77721e-10	0.340057
9.77814e-10	0.339929
9.77906e-10	0.339801
9.77999e-10	0.339672
9.78091e-10	0.339542
9.78183e-10	0.339412
9.78276e-10	0.339281
9.78368e-10	0.339149
9.78461e-10	0.339017
9.78553e-10	0.338884
9.78645e-10	0.338751
9.78738e-10	0.338616
9.7883e-10	0.338482
9.78923e-10	0.338346
9.79015e-10	0.33821
9.79107e-10	0.338074
9.792e-10	0.337937
9.79292e-10	0.337799
9.79385e-10	0.33766
9.79477e-10	0.337521
9.79569e-10	0.337381
9.79662e-10	0.337241
9.79754e-10	0.3371
9.79847e-10	0.336958
9.79939e-10	0.336816
9.80031e-10	0.336673
9.80124e-10	0.33653
9.80216e-10	0.336386
9.80309e-10	0.336241
9.80401e-10	0.336095
9.80493e-10	0.335949
9.80586e-10	0.335803
9.80678e-10	0.335655
9.80771e-10	0.335507
9.80863e-10	0.335359
9.80955e-10	0.33521
9.81048e-10	0.33506
9.8114e-10	0.334909
9.81233e-10	0.334758
9.81325e-10	0.334607
9.81417e-10	0.334454
9.8151e-10	0.334301
9.81602e-10	0.334148
9.81695e-10	0.333993
9.81787e-10	0.333838
9.81879e-10	0.333683
9.81972e-10	0.333527
9.82064e-10	0.33337
9.82157e-10	0.333213
9.82249e-10	0.333055
9.82341e-10	0.332896
9.82434e-10	0.332737
9.82526e-10	0.332577
9.82619e-10	0.332416
9.82711e-10	0.332255
9.82804e-10	0.332093
9.82896e-10	0.33193
9.82988e-10	0.331767
9.83081e-10	0.331604
9.83173e-10	0.331439
9.83266e-10	0.331274
9.83358e-10	0.331109
9.8345e-10	0.330942
9.83543e-10	0.330775
9.83635e-10	0.330608
9.83728e-10	0.330439
9.8382e-10	0.330271
9.83912e-10	0.330101
9.84005e-10	0.329931
9.84097e-10	0.32976
9.8419e-10	0.329589
9.84282e-10	0.329417
9.84374e-10	0.329244
9.84467e-10	0.329071
9.84559e-10	0.328897
9.84652e-10	0.328722
9.84744e-10	0.328547
9.84836e-10	0.328371
9.84929e-10	0.328195
9.85021e-10	0.328018
9.85114e-10	0.32784
9.85206e-10	0.327661
9.85298e-10	0.327482
9.85391e-10	0.327303
9.85483e-10	0.327122
9.85576e-10	0.326941
9.85668e-10	0.32676
9.8576e-10	0.326577
9.85853e-10	0.326395
9.85945e-10	0.326211
9.86038e-10	0.326027
9.8613e-10	0.325842
9.86222e-10	0.325657
9.86315e-10	0.325471
9.86407e-10	0.325284
9.865e-10	0.325096
9.86592e-10	0.324908
9.86684e-10	0.32472
9.86777e-10	0.32453
9.86869e-10	0.324341
9.86962e-10	0.32415
9.87054e-10	0.323959
9.87146e-10	0.323767
9.87239e-10	0.323574
9.87331e-10	0.323381
9.87424e-10	0.323187
9.87516e-10	0.322993
9.87608e-10	0.322798
9.87701e-10	0.322602
9.87793e-10	0.322406
9.87886e-10	0.322209
9.87978e-10	0.322011
9.88071e-10	0.321813
9.88163e-10	0.321614
9.88255e-10	0.321414
9.88348e-10	0.321214
9.8844e-10	0.321013
9.88533e-10	0.320812
9.88625e-10	0.32061
9.88717e-10	0.320407
9.8881e-10	0.320203
9.88902e-10	0.319999
9.88995e-10	0.319795
9.89087e-10	0.319589
9.89179e-10	0.319383
9.89272e-10	0.319177
9.89364e-10	0.318969
9.89457e-10	0.318761
9.89549e-10	0.318553
9.89641e-10	0.318344
9.89734e-10	0.318134
9.89826e-10	0.317923
9.89919e-10	0.317712
9.90011e-10	0.3175
9.90103e-10	0.317288
9.90196e-10	0.317075
9.90288e-10	0.316861
9.90381e-10	0.316647
9.90473e-10	0.316432
9.90565e-10	0.316216
9.90658e-10	0.316
9.9075e-10	0.315783
9.90843e-10	0.315565
9.90935e-10	0.315347
9.91027e-10	0.315128
9.9112e-10	0.314908
9.91212e-10	0.314688
9.91305e-10	0.314467
9.91397e-10	0.314246
9.91489e-10	0.314024
9.91582e-10	0.313801
9.91674e-10	0.313577
9.91767e-10	0.313353
9.91859e-10	0.313129
9.91951e-10	0.312903
9.92044e-10	0.312677
9.92136e-10	0.312451
9.92229e-10	0.312223
9.92321e-10	0.311995
9.92413e-10	0.311767
9.92506e-10	0.311538
9.92598e-10	0.311308
9.92691e-10	0.311077
9.92783e-10	0.310846
9.92875e-10	0.310614
9.92968e-10	0.310382
9.9306e-10	0.310148
9.93153e-10	0.309915
9.93245e-10	0.30968
9.93338e-10	0.309445
9.9343e-10	0.309209
9.93522e-10	0.308973
9.93615e-10	0.308736
9.93707e-10	0.308498
9.938e-10	0.30826
9.93892e-10	0.308021
9.93984e-10	0.307782
9.94077e-10	0.307541
9.94169e-10	0.3073
9.94262e-10	0.307059
9.94354e-10	0.306817
9.94446e-10	0.306574
9.94539e-10	0.30633
9.94631e-10	0.306086
9.94724e-10	0.305842
9.94816e-10	0.305596
9.94908e-10	0.30535
9.95001e-10	0.305103
9.95093e-10	0.304856
9.95186e-10	0.304608
9.95278e-10	0.304359
9.9537e-10	0.30411
9.95463e-10	0.30386
9.95555e-10	0.303609
9.95648e-10	0.303358
9.9574e-10	0.303106
9.95832e-10	0.302854
9.95925e-10	0.3026
9.96017e-10	0.302347
9.9611e-10	0.302092
9.96202e-10	0.301837
9.96294e-10	0.301581
9.96387e-10	0.301325
9.96479e-10	0.301068
9.96572e-10	0.30081
9.96664e-10	0.300552
9.96756e-10	0.300293
9.96849e-10	0.300033
9.96941e-10	0.299773
9.97034e-10	0.299512
9.97126e-10	0.29925
9.97218e-10	0.298988
9.97311e-10	0.298725
9.97403e-10	0.298461
9.97496e-10	0.298197
9.97588e-10	0.297932
9.9768e-10	0.297667
9.97773e-10	0.2974
9.97865e-10	0.297134
9.97958e-10	0.296866
9.9805e-10	0.296598
9.98142e-10	0.296329
9.98235e-10	0.29606
9.98327e-10	0.29579
9.9842e-10	0.295519
9.98512e-10	0.295248
9.98605e-10	0.294976
9.98697e-10	0.294703
9.98789e-10	0.29443
9.98882e-10	0.294156
9.98974e-10	0.293881
9.99067e-10	0.293606
9.99159e-10	0.29333
9.99251e-10	0.293054
9.99344e-10	0.292777
9.99436e-10	0.292499
9.99529e-10	0.29222
9.99621e-10	0.291941
9.99713e-10	0.291661
9.99806e-10	0.291381
9.99898e-10	0.2911
9.99991e-10	0.290818
1.00008e-09	0.290536
1.00018e-09	0.290253
1.00027e-09	0.289969
1.00036e-09	0.289685
1.00045e-09	0.2894
1.00054e-09	0.289114
1.00064e-09	0.288828
1.00073e-09	0.288541
1.00082e-09	0.288254
1.00091e-09	0.287966
1.00101e-09	0.287677
1.0011e-09	0.287387
1.00119e-09	0.287097
1.00128e-09	0.286806
1.00138e-09	0.286515
1.00147e-09	0.286223
1.00156e-09	0.28593
1.00165e-09	0.285637
1.00175e-09	0.285343
1.00184e-09	0.285048
1.00193e-09	0.284753
1.00202e-09	0.284457
1.00212e-09	0.28416
1.00221e-09	0.283863
1.0023e-09	0.283565
1.00239e-09	0.283267
1.00249e-09	0.282968
1.00258e-09	0.282668
1.00267e-09	0.282367
1.00276e-09	0.282066
1.00286e-09	0.281765
1.00295e-09	0.281462
1.00304e-09	0.281159
1.00313e-09	0.280855
1.00322e-09	0.280551
1.00332e-09	0.280246
1.00341e-09	0.279941
1.0035e-09	0.279634
1.00359e-09	0.279327
1.00369e-09	0.27902
1.00378e-09	0.278712
1.00387e-09	0.278403
1.00396e-09	0.278093
1.00406e-09	0.277783
1.00415e-09	0.277472
1.00424e-09	0.277161
1.00433e-09	0.276849
1.00443e-09	0.276536
1.00452e-09	0.276223
1.00461e-09	0.275909
1.0047e-09	0.275594
1.0048e-09	0.275279
1.00489e-09	0.274963
1.00498e-09	0.274646
1.00507e-09	0.274329
1.00517e-09	0.274011
1.00526e-09	0.273693
1.00535e-09	0.273374
1.00544e-09	0.273054
1.00553e-09	0.272733
1.00563e-09	0.272412
1.00572e-09	0.272091
1.00581e-09	0.271768
1.0059e-09	0.271445
1.006e-09	0.271122
1.00609e-09	0.270797
1.00618e-09	0.270472
1.00627e-09	0.270147
1.00637e-09	0.269821
1.00646e-09	0.269494
1.00655e-09	0.269166
1.00664e-09	0.268838
1.00674e-09	0.268509
1.00683e-09	0.26818
1.00692e-09	0.26785
1.00701e-09	0.267519
1.00711e-09	0.267188
1.0072e-09	0.266856
1.00729e-09	0.266523
1.00738e-09	0.26619
1.00748e-09	0.265856
1.00757e-09	0.265521
1.00766e-09	0.265186
1.00775e-09	0.26485
1.00784e-09	0.264514
1.00794e-09	0.264177
1.00803e-09	0.263839
1.00812e-09	0.263501
1.00821e-09	0.263162
1.00831e-09	0.262822
1.0084e-09	0.262482
1.00849e-09	0.262141
1.00858e-09	0.261799
1.00868e-09	0.261457
1.00877e-09	0.261114
1.00886e-09	0.260771
1.00895e-09	0.260426
1.00905e-09	0.260082
1.00914e-09	0.259736
1.00923e-09	0.25939
1.00932e-09	0.259044
1.00942e-09	0.258696
1.00951e-09	0.258348
1.0096e-09	0.258
1.00969e-09	0.25765
1.00979e-09	0.257301
1.00988e-09	0.25695
1.00997e-09	0.256599
1.01006e-09	0.256247
1.01015e-09	0.255895
1.01025e-09	0.255542
1.01034e-09	0.255188
1.01043e-09	0.254834
1.01052e-09	0.254479
1.01062e-09	0.254123
1.01071e-09	0.253767
1.0108e-09	0.25341
1.01089e-09	0.253053
1.01099e-09	0.252694
1.01108e-09	0.252336
1.01117e-09	0.251976
1.01126e-09	0.251616
1.01136e-09	0.251256
1.01145e-09	0.250894
1.01154e-09	0.250532
1.01163e-09	0.25017
1.01173e-09	0.249807
1.01182e-09	0.249443
1.01191e-09	0.249078
1.012e-09	0.248713
1.0121e-09	0.248348
1.01219e-09	0.247981
1.01228e-09	0.247614
1.01237e-09	0.247247
1.01247e-09	0.246878
1.01256e-09	0.246509
1.01265e-09	0.24614
1.01274e-09	0.24577
1.01283e-09	0.245399
1.01293e-09	0.245028
1.01302e-09	0.244656
1.01311e-09	0.244283
1.0132e-09	0.24391
1.0133e-09	0.243536
1.01339e-09	0.243161
1.01348e-09	0.242786
1.01357e-09	0.24241
1.01367e-09	0.242034
1.01376e-09	0.241657
1.01385e-09	0.241279
1.01394e-09	0.240901
1.01404e-09	0.240522
1.01413e-09	0.240142
1.01422e-09	0.239762
1.01431e-09	0.239381
1.01441e-09	0.239
1.0145e-09	0.238618
1.01459e-09	0.238235
1.01468e-09	0.237852
1.01478e-09	0.237468
1.01487e-09	0.237083
1.01496e-09	0.236698
1.01505e-09	0.236312
1.01514e-09	0.235926
1.01524e-09	0.235539
1.01533e-09	0.235151
1.01542e-09	0.234762
1.01551e-09	0.234374
1.01561e-09	0.233984
1.0157e-09	0.233594
1.01579e-09	0.233203
1.01588e-09	0.232811
1.01598e-09	0.232419
1.01607e-09	0.232027
1.01616e-09	0.231633
1.01625e-09	0.231239
1.01635e-09	0.230845
1.01644e-09	0.23045
1.01653e-09	0.230054
1.01662e-09	0.229658
1.01672e-09	0.229261
1.01681e-09	0.228863
1.0169e-09	0.228465
1.01699e-09	0.228066
1.01709e-09	0.227666
1.01718e-09	0.227266
1.01727e-09	0.226865
1.01736e-09	0.226464
1.01745e-09	0.226062
1.01755e-09	0.225659
1.01764e-09	0.225256
1.01773e-09	0.224852
1.01782e-09	0.224448
1.01792e-09	0.224043
1.01801e-09	0.223637
1.0181e-09	0.223231
1.01819e-09	0.222824
1.01829e-09	0.222416
1.01838e-09	0.222008
1.01847e-09	0.221599
1.01856e-09	0.22119
1.01866e-09	0.22078
1.01875e-09	0.220369
1.01884e-09	0.219958
1.01893e-09	0.219546
1.01903e-09	0.219134
1.01912e-09	0.218721
1.01921e-09	0.218307
1.0193e-09	0.217893
1.0194e-09	0.217478
1.01949e-09	0.217062
1.01958e-09	0.216646
1.01967e-09	0.216229
1.01976e-09	0.215812
1.01986e-09	0.215394
1.01995e-09	0.214976
1.02004e-09	0.214556
1.02013e-09	0.214137
1.02023e-09	0.213716
1.02032e-09	0.213295
1.02041e-09	0.212874
1.0205e-09	0.212451
1.0206e-09	0.212028
1.02069e-09	0.211605
1.02078e-09	0.211181
1.02087e-09	0.210756
1.02097e-09	0.210331
1.02106e-09	0.209905
1.02115e-09	0.209479
1.02124e-09	0.209052
1.02134e-09	0.208624
1.02143e-09	0.208196
1.02152e-09	0.207767
1.02161e-09	0.207337
1.02171e-09	0.206907
1.0218e-09	0.206476
1.02189e-09	0.206045
1.02198e-09	0.205613
1.02207e-09	0.205181
1.02217e-09	0.204747
1.02226e-09	0.204314
1.02235e-09	0.203879
1.02244e-09	0.203444
1.02254e-09	0.203009
1.02263e-09	0.202573
1.02272e-09	0.202136
1.02281e-09	0.201699
1.02291e-09	0.201261
1.023e-09	0.200822
1.02309e-09	0.200383
1.02318e-09	0.199943
1.02328e-09	0.199503
1.02337e-09	0.199062
1.02346e-09	0.198621
1.02355e-09	0.198178
1.02365e-09	0.197736
1.02374e-09	0.197292
1.02383e-09	0.196848
1.02392e-09	0.196404
1.02402e-09	0.195959
1.02411e-09	0.195513
1.0242e-09	0.195067
1.02429e-09	0.19462
1.02439e-09	0.194172
1.02448e-09	0.193724
1.02457e-09	0.193276
1.02466e-09	0.192826
1.02475e-09	0.192377
1.02485e-09	0.191926
1.02494e-09	0.191475
1.02503e-09	0.191023
1.02512e-09	0.190571
1.02522e-09	0.190118
1.02531e-09	0.189665
1.0254e-09	0.189211
1.02549e-09	0.188756
1.02559e-09	0.188301
1.02568e-09	0.187845
1.02577e-09	0.187389
1.02586e-09	0.186932
1.02596e-09	0.186475
1.02605e-09	0.186016
1.02614e-09	0.185558
1.02623e-09	0.185098
1.02633e-09	0.184639
1.02642e-09	0.184178
1.02651e-09	0.183717
1.0266e-09	0.183255
1.0267e-09	0.182793
1.02679e-09	0.18233
1.02688e-09	0.181867
1.02697e-09	0.181403
1.02706e-09	0.180938
1.02716e-09	0.180473
1.02725e-09	0.180008
1.02734e-09	0.179541
1.02743e-09	0.179074
1.02753e-09	0.178607
1.02762e-09	0.178139
1.02771e-09	0.17767
1.0278e-09	0.177201
1.0279e-09	0.176731
1.02799e-09	0.176261
1.02808e-09	0.17579
1.02817e-09	0.175318
1.02827e-09	0.174846
1.02836e-09	0.174374
1.02845e-09	0.1739
1.02854e-09	0.173427
1.02864e-09	0.172952
1.02873e-09	0.172477
1.02882e-09	0.172002
1.02891e-09	0.171526
1.02901e-09	0.171049
1.0291e-09	0.170572
1.02919e-09	0.170094
1.02928e-09	0.169615
1.02937e-09	0.169136
1.02947e-09	0.168657
1.02956e-09	0.168177
1.02965e-09	0.167696
1.02974e-09	0.167215
1.02984e-09	0.166733
1.02993e-09	0.16625
1.03002e-09	0.165767
1.03011e-09	0.165284
1.03021e-09	0.1648
1.0303e-09	0.164315
1.03039e-09	0.16383
1.03048e-09	0.163344
1.03058e-09	0.162858
1.03067e-09	0.162371
1.03076e-09	0.161883
1.03085e-09	0.161395
1.03095e-09	0.160906
1.03104e-09	0.160417
1.03113e-09	0.159927
1.03122e-09	0.159437
1.03132e-09	0.158946
1.03141e-09	0.158455
1.0315e-09	0.157963
1.03159e-09	0.15747
1.03168e-09	0.156977
1.03178e-09	0.156483
1.03187e-09	0.155989
1.03196e-09	0.155494
1.03205e-09	0.154999
1.03215e-09	0.154503
1.03224e-09	0.154006
1.03233e-09	0.153509
1.03242e-09	0.153011
1.03252e-09	0.152513
1.03261e-09	0.152015
1.0327e-09	0.151515
1.03279e-09	0.151015
1.03289e-09	0.150515
1.03298e-09	0.150014
1.03307e-09	0.149513
1.03316e-09	0.14901
1.03326e-09	0.148508
1.03335e-09	0.148005
1.03344e-09	0.147501
1.03353e-09	0.146997
1.03363e-09	0.146492
1.03372e-09	0.145986
1.03381e-09	0.145481
1.0339e-09	0.144974
1.034e-09	0.144467
1.03409e-09	0.143959
1.03418e-09	0.143451
1.03427e-09	0.142943
1.03436e-09	0.142433
1.03446e-09	0.141924
1.03455e-09	0.141413
1.03464e-09	0.140903
1.03473e-09	0.140391
1.03483e-09	0.139879
1.03492e-09	0.139367
1.03501e-09	0.138854
1.0351e-09	0.13834
1.0352e-09	0.137826
1.03529e-09	0.137311
1.03538e-09	0.136796
1.03547e-09	0.13628
1.03557e-09	0.135764
1.03566e-09	0.135247
1.03575e-09	0.13473
1.03584e-09	0.134212
1.03594e-09	0.133694
1.03603e-09	0.133175
1.03612e-09	0.132655
1.03621e-09	0.132135
1.03631e-09	0.131615
1.0364e-09	0.131093
1.03649e-09	0.130572
1.03658e-09	0.13005
1.03667e-09	0.129527
1.03677e-09	0.129004
1.03686e-09	0.12848
1.03695e-09	0.127955
1.03704e-09	0.127431
1.03714e-09	0.126905
1.03723e-09	0.126379
1.03732e-09	0.125853
1.03741e-09	0.125326
1.03751e-09	0.124798
1.0376e-09	0.12427
1.03769e-09	0.123742
1.03778e-09	0.123213
1.03788e-09	0.122683
1.03797e-09	0.122153
1.03806e-09	0.121622
1.03815e-09	0.121091
1.03825e-09	0.12056
1.03834e-09	0.120027
1.03843e-09	0.119495
1.03852e-09	0.118961
1.03862e-09	0.118427
1.03871e-09	0.117893
1.0388e-09	0.117358
1.03889e-09	0.116823
1.03898e-09	0.116287
1.03908e-09	0.115751
1.03917e-09	0.115214
1.03926e-09	0.114676
1.03935e-09	0.114138
1.03945e-09	0.1136
1.03954e-09	0.113061
1.03963e-09	0.112521
1.03972e-09	0.111981
1.03982e-09	0.111441
1.03991e-09	0.1109
1.04e-09	0.110358
1.04009e-09	0.109816
1.04019e-09	0.109274
1.04028e-09	0.10873
1.04037e-09	0.108187
1.04046e-09	0.107643
1.04056e-09	0.107098
1.04065e-09	0.106553
1.04074e-09	0.106007
1.04083e-09	0.105461
1.04093e-09	0.104914
1.04102e-09	0.104367
1.04111e-09	0.10382
1.0412e-09	0.103271
1.04129e-09	0.102723
1.04139e-09	0.102174
1.04148e-09	0.101624
1.04157e-09	0.101074
1.04166e-09	0.100523
1.04176e-09	0.0999717
1.04185e-09	0.09942
1.04194e-09	0.0988678
1.04203e-09	0.0983151
1.04213e-09	0.0977619
1.04222e-09	0.0972081
1.04231e-09	0.0966539
1.0424e-09	0.0960992
1.0425e-09	0.095544
1.04259e-09	0.0949883
1.04268e-09	0.0944321
1.04277e-09	0.0938754
1.04287e-09	0.0933183
1.04296e-09	0.0927606
1.04305e-09	0.0922024
1.04314e-09	0.0916437
1.04324e-09	0.0910846
1.04333e-09	0.0905249
1.04342e-09	0.0899648
1.04351e-09	0.0894042
1.04361e-09	0.088843
1.0437e-09	0.0882814
1.04379e-09	0.0877193
1.04388e-09	0.0871567
1.04397e-09	0.0865937
1.04407e-09	0.0860301
1.04416e-09	0.085466
1.04425e-09	0.0849015
1.04434e-09	0.0843365
1.04444e-09	0.083771
1.04453e-09	0.083205
1.04462e-09	0.0826385
1.04471e-09	0.0820716
1.04481e-09	0.0815042
1.0449e-09	0.0809363
1.04499e-09	0.0803679
1.04508e-09	0.079799
1.04518e-09	0.0792296
1.04527e-09	0.0786598
1.04536e-09	0.0780895
1.04545e-09	0.0775187
1.04555e-09	0.0769475
1.04564e-09	0.0763757
1.04573e-09	0.0758035
1.04582e-09	0.0752309
1.04592e-09	0.0746577
1.04601e-09	0.0740841
1.0461e-09	0.07351
1.04619e-09	0.0729354
1.04628e-09	0.0723603
1.04638e-09	0.0717848
1.04647e-09	0.0712088
1.04656e-09	0.0706324
1.04665e-09	0.0700555
1.04675e-09	0.0694781
1.04684e-09	0.0689002
1.04693e-09	0.0683219
1.04702e-09	0.0677431
1.04712e-09	0.0671639
1.04721e-09	0.0665842
1.0473e-09	0.066004
1.04739e-09	0.0654233
1.04749e-09	0.0648422
1.04758e-09	0.0642607
1.04767e-09	0.0636786
1.04776e-09	0.0630962
1.04786e-09	0.0625132
1.04795e-09	0.0619298
1.04804e-09	0.0613459
1.04813e-09	0.0607616
1.04823e-09	0.0601768
1.04832e-09	0.0595916
1.04841e-09	0.0590059
1.0485e-09	0.0584198
1.04859e-09	0.0578332
1.04869e-09	0.0572461
1.04878e-09	0.0566586
1.04887e-09	0.0560707
1.04896e-09	0.0554823
1.04906e-09	0.0548934
1.04915e-09	0.0543041
1.04924e-09	0.0537144
1.04933e-09	0.0531242
1.04943e-09	0.0525335
1.04952e-09	0.0519424
1.04961e-09	0.0513509
1.0497e-09	0.0507589
1.0498e-09	0.0501665
1.04989e-09	0.0495736
1.04998e-09	0.0489803
1.05007e-09	0.0483865
1.05017e-09	0.0477923
1.05026e-09	0.0471977
1.05035e-09	0.0466026
1.05044e-09	0.0460071
1.05054e-09	0.0454111
1.05063e-09	0.0448147
1.05072e-09	0.0442179
1.05081e-09	0.0436206
1.0509e-09	0.0430229
1.051e-09	0.0424248
1.05109e-09	0.0418262
1.05118e-09	0.0412272
1.05127e-09	0.0406277
1.05137e-09	0.0400279
1.05146e-09	0.0394276
1.05155e-09	0.0388268
1.05164e-09	0.0382257
1.05174e-09	0.0376241
1.05183e-09	0.037022
1.05192e-09	0.0364196
1.05201e-09	0.0358167
1.05211e-09	0.0352134
1.0522e-09	0.0346096
1.05229e-09	0.0340055
1.05238e-09	0.0334009
1.05248e-09	0.0327959
1.05257e-09	0.0321905
1.05266e-09	0.0315846
1.05275e-09	0.0309783
1.05285e-09	0.0303717
1.05294e-09	0.0297645
1.05303e-09	0.029157
1.05312e-09	0.0285491
1.05321e-09	0.0279407
1.05331e-09	0.0273319
1.0534e-09	0.0267227
1.05349e-09	0.0261131
1.05358e-09	0.0255031
1.05368e-09	0.0248926
1.05377e-09	0.0242818
1.05386e-09	0.0236705
1.05395e-09	0.0230588
1.05405e-09	0.0224468
1.05414e-09	0.0218343
1.05423e-09	0.0212214
1.05432e-09	0.020608
1.05442e-09	0.0199943
1.05451e-09	0.0193802
1.0546e-09	0.0187657
1.05469e-09	0.0181507
1.05479e-09	0.0175354
1.05488e-09	0.0169196
1.05497e-09	0.0163035
1.05506e-09	0.0156869
1.05516e-09	0.01507
1.05525e-09	0.0144526
1.05534e-09	0.0138349
1.05543e-09	0.0132167
1.05553e-09	0.0125982
1.05562e-09	0.0119792
1.05571e-09	0.0113599
1.0558e-09	0.0107402
1.05589e-09	0.01012
1.05599e-09	0.00949951
1.05608e-09	0.00887859
1.05617e-09	0.00825727
1.05626e-09	0.00763557
1.05636e-09	0.00701348
1.05645e-09	0.00639099
1.05654e-09	0.00576812
1.05663e-09	0.00514486
1.05673e-09	0.00452121
1.05682e-09	0.00389717
1.05691e-09	0.00327275
1.057e-09	0.00264794
1.0571e-09	0.00202275
1.05719e-09	0.00139718
1.05728e-09	0.000771218
1.05737e-09	0.000144878
1.05747e-09	-0.000481844
1.05756e-09	-0.00110895
1.05765e-09	-0.00173643
1.05774e-09	-0.00236429
1.05784e-09	-0.00299252
1.05793e-09	-0.00362114
1.05802e-09	-0.00425013
1.05811e-09	-0.0048795
1.0582e-09	-0.00550924
1.0583e-09	-0.00613935
1.05839e-09	-0.00676984
1.05848e-09	-0.0074007
1.05857e-09	-0.00803193
1.05867e-09	-0.00866354
1.05876e-09	-0.00929551
1.05885e-09	-0.00992785
1.05894e-09	-0.0105606
1.05904e-09	-0.0111936
1.05913e-09	-0.0118271
1.05922e-09	-0.0124609
1.05931e-09	-0.0130951
1.05941e-09	-0.0137296
1.0595e-09	-0.0143645
1.05959e-09	-0.0149998
1.05968e-09	-0.0156354
1.05978e-09	-0.0162714
1.05987e-09	-0.0169077
1.05996e-09	-0.0175444
1.06005e-09	-0.0181815
1.06015e-09	-0.0188189
1.06024e-09	-0.0194567
1.06033e-09	-0.0200948
1.06042e-09	-0.0207333
1.06051e-09	-0.0213721
1.06061e-09	-0.0220113
1.0607e-09	-0.0226508
1.06079e-09	-0.0232907
1.06088e-09	-0.023931
1.06098e-09	-0.0245716
1.06107e-09	-0.0252125
1.06116e-09	-0.0258538
1.06125e-09	-0.0264954
1.06135e-09	-0.0271374
1.06144e-09	-0.0277798
1.06153e-09	-0.0284224
1.06162e-09	-0.0290654
1.06172e-09	-0.0297088
1.06181e-09	-0.0303525
1.0619e-09	-0.0309965
1.06199e-09	-0.0316409
1.06209e-09	-0.0322856
1.06218e-09	-0.0329307
1.06227e-09	-0.0335761
1.06236e-09	-0.0342218
1.06246e-09	-0.0348679
1.06255e-09	-0.0355143
1.06264e-09	-0.036161
1.06273e-09	-0.0368081
1.06282e-09	-0.0374555
1.06292e-09	-0.0381032
1.06301e-09	-0.0387513
1.0631e-09	-0.0393997
1.06319e-09	-0.0400484
1.06329e-09	-0.0406975
1.06338e-09	-0.0413469
1.06347e-09	-0.0419966
1.06356e-09	-0.0426466
1.06366e-09	-0.0432969
1.06375e-09	-0.0439476
1.06384e-09	-0.0445986
1.06393e-09	-0.0452499
1.06403e-09	-0.0459016
1.06412e-09	-0.0465535
1.06421e-09	-0.0472058
1.0643e-09	-0.0478584
1.0644e-09	-0.0485113
1.06449e-09	-0.0491646
1.06458e-09	-0.0498181
1.06467e-09	-0.050472
1.06477e-09	-0.0511262
1.06486e-09	-0.0517806
1.06495e-09	-0.0524354
1.06504e-09	-0.0530906
1.06514e-09	-0.053746
1.06523e-09	-0.0544017
1.06532e-09	-0.0550577
1.06541e-09	-0.0557141
1.0655e-09	-0.0563707
1.0656e-09	-0.0570277
1.06569e-09	-0.057685
1.06578e-09	-0.0583425
1.06587e-09	-0.0590004
1.06597e-09	-0.0596586
1.06606e-09	-0.060317
1.06615e-09	-0.0609758
1.06624e-09	-0.0616349
1.06634e-09	-0.0622943
1.06643e-09	-0.0629539
1.06652e-09	-0.0636139
1.06661e-09	-0.0642741
1.06671e-09	-0.0649347
1.0668e-09	-0.0655955
1.06689e-09	-0.0662567
1.06698e-09	-0.0669181
1.06708e-09	-0.0675798
1.06717e-09	-0.0682418
1.06726e-09	-0.0689041
1.06735e-09	-0.0695667
1.06745e-09	-0.0702296
1.06754e-09	-0.0708928
1.06763e-09	-0.0715562
1.06772e-09	-0.0722199
1.06781e-09	-0.0728839
1.06791e-09	-0.0735482
1.068e-09	-0.0742128
1.06809e-09	-0.0748777
1.06818e-09	-0.0755428
1.06828e-09	-0.0762082
1.06837e-09	-0.0768739
1.06846e-09	-0.0775399
1.06855e-09	-0.0782062
1.06865e-09	-0.0788727
1.06874e-09	-0.0795395
1.06883e-09	-0.0802065
1.06892e-09	-0.0808739
1.06902e-09	-0.0815415
1.06911e-09	-0.0822094
1.0692e-09	-0.0828775
1.06929e-09	-0.083546
1.06939e-09	-0.0842147
1.06948e-09	-0.0848836
1.06957e-09	-0.0855528
1.06966e-09	-0.0862223
1.06976e-09	-0.0868921
1.06985e-09	-0.0875621
1.06994e-09	-0.0882323
1.07003e-09	-0.0889029
1.07012e-09	-0.0895737
1.07022e-09	-0.0902447
1.07031e-09	-0.090916
1.0704e-09	-0.0915876
1.07049e-09	-0.0922594
1.07059e-09	-0.0929315
1.07068e-09	-0.0936038
1.07077e-09	-0.0942764
1.07086e-09	-0.0949493
1.07096e-09	-0.0956224
1.07105e-09	-0.0962957
1.07114e-09	-0.0969693
1.07123e-09	-0.0976431
1.07133e-09	-0.0983172
1.07142e-09	-0.0989915
1.07151e-09	-0.0996661
1.0716e-09	-0.100341
1.0717e-09	-0.101016
1.07179e-09	-0.101691
1.07188e-09	-0.102367
1.07197e-09	-0.103043
1.07207e-09	-0.103719
1.07216e-09	-0.104395
1.07225e-09	-0.105071
1.07234e-09	-0.105748
1.07243e-09	-0.106425
1.07253e-09	-0.107102
1.07262e-09	-0.10778
1.07271e-09	-0.108457
1.0728e-09	-0.109135
1.0729e-09	-0.109814
1.07299e-09	-0.110492
1.07308e-09	-0.111171
1.07317e-09	-0.111849
1.07327e-09	-0.112528
1.07336e-09	-0.113208
1.07345e-09	-0.113887
1.07354e-09	-0.114567
1.07364e-09	-0.115247
1.07373e-09	-0.115927
1.07382e-09	-0.116607
1.07391e-09	-0.117288
1.07401e-09	-0.117969
1.0741e-09	-0.11865
1.07419e-09	-0.119331
1.07428e-09	-0.120013
1.07438e-09	-0.120694
1.07447e-09	-0.121376
1.07456e-09	-0.122058
1.07465e-09	-0.122741
1.07474e-09	-0.123423
1.07484e-09	-0.124106
1.07493e-09	-0.124789
1.07502e-09	-0.125472
1.07511e-09	-0.126156
1.07521e-09	-0.126839
1.0753e-09	-0.127523
1.07539e-09	-0.128207
1.07548e-09	-0.128891
1.07558e-09	-0.129575
1.07567e-09	-0.13026
1.07576e-09	-0.130945
1.07585e-09	-0.13163
1.07595e-09	-0.132315
1.07604e-09	-0.133
1.07613e-09	-0.133686
1.07622e-09	-0.134372
1.07632e-09	-0.135058
1.07641e-09	-0.135744
1.0765e-09	-0.13643
1.07659e-09	-0.137117
1.07669e-09	-0.137804
1.07678e-09	-0.138491
1.07687e-09	-0.139178
1.07696e-09	-0.139865
1.07706e-09	-0.140552
1.07715e-09	-0.14124
1.07724e-09	-0.141928
1.07733e-09	-0.142616
1.07742e-09	-0.143304
1.07752e-09	-0.143993
1.07761e-09	-0.144681
1.0777e-09	-0.14537
1.07779e-09	-0.146059
1.07789e-09	-0.146748
1.07798e-09	-0.147437
1.07807e-09	-0.148127
1.07816e-09	-0.148816
1.07826e-09	-0.149506
1.07835e-09	-0.150196
1.07844e-09	-0.150886
1.07853e-09	-0.151577
1.07863e-09	-0.152267
1.07872e-09	-0.152958
1.07881e-09	-0.153649
1.0789e-09	-0.15434
1.079e-09	-0.155031
1.07909e-09	-0.155722
1.07918e-09	-0.156413
1.07927e-09	-0.157105
1.07937e-09	-0.157797
1.07946e-09	-0.158489
1.07955e-09	-0.159181
1.07964e-09	-0.159873
1.07973e-09	-0.160566
1.07983e-09	-0.161258
1.07992e-09	-0.161951
1.08001e-09	-0.162644
1.0801e-09	-0.163337
1.0802e-09	-0.16403
1.08029e-09	-0.164723
1.08038e-09	-0.165417
1.08047e-09	-0.16611
1.08057e-09	-0.166804
1.08066e-09	-0.167498
1.08075e-09	-0.168192
1.08084e-09	-0.168886
1.08094e-09	-0.169581
1.08103e-09	-0.170275
1.08112e-09	-0.17097
1.08121e-09	-0.171664
1.08131e-09	-0.172359
1.0814e-09	-0.173054
1.08149e-09	-0.17375
1.08158e-09	-0.174445
1.08168e-09	-0.17514
1.08177e-09	-0.175836
1.08186e-09	-0.176532
1.08195e-09	-0.177227
1.08204e-09	-0.177923
1.08214e-09	-0.178619
1.08223e-09	-0.179316
1.08232e-09	-0.180012
1.08241e-09	-0.180708
1.08251e-09	-0.181405
1.0826e-09	-0.182102
1.08269e-09	-0.182799
1.08278e-09	-0.183496
1.08288e-09	-0.184193
1.08297e-09	-0.18489
1.08306e-09	-0.185587
1.08315e-09	-0.186284
1.08325e-09	-0.186982
1.08334e-09	-0.18768
1.08343e-09	-0.188377
1.08352e-09	-0.189075
1.08362e-09	-0.189773
1.08371e-09	-0.190471
1.0838e-09	-0.19117
1.08389e-09	-0.191868
1.08399e-09	-0.192566
1.08408e-09	-0.193265
1.08417e-09	-0.193963
1.08426e-09	-0.194662
1.08435e-09	-0.195361
1.08445e-09	-0.19606
1.08454e-09	-0.196759
1.08463e-09	-0.197458
1.08472e-09	-0.198157
1.08482e-09	-0.198857
1.08491e-09	-0.199556
1.085e-09	-0.200256
1.08509e-09	-0.200955
1.08519e-09	-0.201655
1.08528e-09	-0.202355
1.08537e-09	-0.203054
1.08546e-09	-0.203754
1.08556e-09	-0.204454
1.08565e-09	-0.205155
1.08574e-09	-0.205855
1.08583e-09	-0.206555
1.08593e-09	-0.207256
1.08602e-09	-0.207956
1.08611e-09	-0.208657
1.0862e-09	-0.209357
1.0863e-09	-0.210058
1.08639e-09	-0.210759
1.08648e-09	-0.21146
1.08657e-09	-0.212161
1.08667e-09	-0.212862
1.08676e-09	-0.213563
1.08685e-09	-0.214264
1.08694e-09	-0.214965
1.08703e-09	-0.215666
1.08713e-09	-0.216368
1.08722e-09	-0.217069
1.08731e-09	-0.217771
1.0874e-09	-0.218472
1.0875e-09	-0.219174
1.08759e-09	-0.219876
1.08768e-09	-0.220577
1.08777e-09	-0.221279
1.08787e-09	-0.221981
1.08796e-09	-0.222683
1.08805e-09	-0.223385
1.08814e-09	-0.224087
1.08824e-09	-0.224789
1.08833e-09	-0.225491
1.08842e-09	-0.226194
1.08851e-09	-0.226896
1.08861e-09	-0.227598
1.0887e-09	-0.2283
1.08879e-09	-0.229003
1.08888e-09	-0.229705
1.08898e-09	-0.230408
1.08907e-09	-0.23111
1.08916e-09	-0.231813
1.08925e-09	-0.232516
1.08934e-09	-0.233218
1.08944e-09	-0.233921
1.08953e-09	-0.234624
1.08962e-09	-0.235327
1.08971e-09	-0.23603
1.08981e-09	-0.236732
1.0899e-09	-0.237435
1.08999e-09	-0.238138
1.09008e-09	-0.238841
1.09018e-09	-0.239544
1.09027e-09	-0.240247
1.09036e-09	-0.24095
1.09045e-09	-0.241654
1.09055e-09	-0.242357
1.09064e-09	-0.24306
1.09073e-09	-0.243763
1.09082e-09	-0.244466
1.09092e-09	-0.245169
1.09101e-09	-0.245873
1.0911e-09	-0.246576
1.09119e-09	-0.247279
1.09129e-09	-0.247983
1.09138e-09	-0.248686
1.09147e-09	-0.249389
1.09156e-09	-0.250093
1.09165e-09	-0.250796
1.09175e-09	-0.251499
1.09184e-09	-0.252203
1.09193e-09	-0.252906
1.09202e-09	-0.25361
1.09212e-09	-0.254313
1.09221e-09	-0.255016
1.0923e-09	-0.25572
1.09239e-09	-0.256423
1.09249e-09	-0.257127
1.09258e-09	-0.25783
1.09267e-09	-0.258534
1.09276e-09	-0.259237
1.09286e-09	-0.259941
1.09295e-09	-0.260644
1.09304e-09	-0.261347
1.09313e-09	-0.262051
1.09323e-09	-0.262754
1.09332e-09	-0.263458
1.09341e-09	-0.264161
1.0935e-09	-0.264865
1.0936e-09	-0.265568
1.09369e-09	-0.266271
1.09378e-09	-0.266975
1.09387e-09	-0.267678
1.09396e-09	-0.268381
1.09406e-09	-0.269085
1.09415e-09	-0.269788
1.09424e-09	-0.270491
1.09433e-09	-0.271195
1.09443e-09	-0.271898
1.09452e-09	-0.272601
1.09461e-09	-0.273304
1.0947e-09	-0.274007
1.0948e-09	-0.274711
1.09489e-09	-0.275414
1.09498e-09	-0.276117
1.09507e-09	-0.27682
1.09517e-09	-0.277523
1.09526e-09	-0.278226
1.09535e-09	-0.278929
1.09544e-09	-0.279632
1.09554e-09	-0.280335
1.09563e-09	-0.281038
1.09572e-09	-0.28174
1.09581e-09	-0.282443
1.09591e-09	-0.283146
1.096e-09	-0.283849
1.09609e-09	-0.284551
1.09618e-09	-0.285254
1.09627e-09	-0.285957
1.09637e-09	-0.286659
1.09646e-09	-0.287362
1.09655e-09	-0.288064
1.09664e-09	-0.288766
1.09674e-09	-0.289469
1.09683e-09	-0.290171
1.09692e-09	-0.290873
1.09701e-09	-0.291576
1.09711e-09	-0.292278
1.0972e-09	-0.29298
1.09729e-09	-0.293682
1.09738e-09	-0.294384
1.09748e-09	-0.295086
1.09757e-09	-0.295787
1.09766e-09	-0.296489
1.09775e-09	-0.297191
1.09785e-09	-0.297893
1.09794e-09	-0.298594
1.09803e-09	-0.299296
1.09812e-09	-0.299997
1.09822e-09	-0.300699
1.09831e-09	-0.3014
1.0984e-09	-0.302101
1.09849e-09	-0.302802
1.09859e-09	-0.303503
1.09868e-09	-0.304204
1.09877e-09	-0.304905
1.09886e-09	-0.305606
1.09895e-09	-0.306307
1.09905e-09	-0.307008
1.09914e-09	-0.307708
1.09923e-09	-0.308409
1.09932e-09	-0.309109
1.09942e-09	-0.30981
1.09951e-09	-0.31051
1.0996e-09	-0.31121
1.09969e-09	-0.31191
1.09979e-09	-0.31261
1.09988e-09	-0.31331
1.09997e-09	-0.31401
1.10006e-09	-0.31471
1.10016e-09	-0.31541
1.10025e-09	-0.316109
1.10034e-09	-0.316809
1.10043e-09	-0.317508
1.10053e-09	-0.318207
1.10062e-09	-0.318907
1.10071e-09	-0.319606
1.1008e-09	-0.320305
1.1009e-09	-0.321004
1.10099e-09	-0.321702
1.10108e-09	-0.322401
1.10117e-09	-0.3231
1.10126e-09	-0.323798
1.10136e-09	-0.324496
1.10145e-09	-0.325195
1.10154e-09	-0.325893
1.10163e-09	-0.326591
1.10173e-09	-0.327289
1.10182e-09	-0.327986
1.10191e-09	-0.328684
1.102e-09	-0.329382
1.1021e-09	-0.330079
1.10219e-09	-0.330776
1.10228e-09	-0.331473
1.10237e-09	-0.33217
1.10247e-09	-0.332867
1.10256e-09	-0.333564
1.10265e-09	-0.334261
1.10274e-09	-0.334957
1.10284e-09	-0.335654
1.10293e-09	-0.33635
1.10302e-09	-0.337046
1.10311e-09	-0.337742
1.10321e-09	-0.338438
1.1033e-09	-0.339134
1.10339e-09	-0.33983
1.10348e-09	-0.340525
1.10357e-09	-0.341221
1.10367e-09	-0.341916
1.10376e-09	-0.342611
1.10385e-09	-0.343306
1.10394e-09	-0.344001
1.10404e-09	-0.344695
1.10413e-09	-0.34539
1.10422e-09	-0.346084
1.10431e-09	-0.346778
1.10441e-09	-0.347472
1.1045e-09	-0.348166
1.10459e-09	-0.34886
1.10468e-09	-0.349554
1.10478e-09	-0.350247
1.10487e-09	-0.35094
1.10496e-09	-0.351634
1.10505e-09	-0.352327
1.10515e-09	-0.353019
1.10524e-09	-0.353712
1.10533e-09	-0.354405
1.10542e-09	-0.355097
1.10552e-09	-0.355789
1.10561e-09	-0.356481
1.1057e-09	-0.357173
1.10579e-09	-0.357865
1.10588e-09	-0.358556
1.10598e-09	-0.359248
1.10607e-09	-0.359939
1.10616e-09	-0.36063
1.10625e-09	-0.361321
1.10635e-09	-0.362011
1.10644e-09	-0.362702
1.10653e-09	-0.363392
1.10662e-09	-0.364082
1.10672e-09	-0.364772
1.10681e-09	-0.365462
1.1069e-09	-0.366151
1.10699e-09	-0.366841
1.10709e-09	-0.36753
1.10718e-09	-0.368219
1.10727e-09	-0.368908
1.10736e-09	-0.369597
1.10746e-09	-0.370285
1.10755e-09	-0.370973
1.10764e-09	-0.371661
1.10773e-09	-0.372349
1.10783e-09	-0.373037
1.10792e-09	-0.373725
1.10801e-09	-0.374412
1.1081e-09	-0.375099
1.1082e-09	-0.375786
1.10829e-09	-0.376473
1.10838e-09	-0.377159
1.10847e-09	-0.377845
1.10856e-09	-0.378532
1.10866e-09	-0.379218
1.10875e-09	-0.379903
1.10884e-09	-0.380589
1.10893e-09	-0.381274
1.10903e-09	-0.381959
1.10912e-09	-0.382644
1.10921e-09	-0.383329
1.1093e-09	-0.384013
1.1094e-09	-0.384697
1.10949e-09	-0.385381
1.10958e-09	-0.386065
1.10967e-09	-0.386749
1.10977e-09	-0.387432
1.10986e-09	-0.388115
1.10995e-09	-0.388798
1.11004e-09	-0.389481
1.11014e-09	-0.390163
1.11023e-09	-0.390845
1.11032e-09	-0.391527
1.11041e-09	-0.392209
1.11051e-09	-0.392891
1.1106e-09	-0.393572
1.11069e-09	-0.394253
1.11078e-09	-0.394934
1.11087e-09	-0.395615
1.11097e-09	-0.396295
1.11106e-09	-0.396975
1.11115e-09	-0.397655
1.11124e-09	-0.398335
1.11134e-09	-0.399014
1.11143e-09	-0.399693
1.11152e-09	-0.400372
1.11161e-09	-0.401051
1.11171e-09	-0.40173
1.1118e-09	-0.402408
1.11189e-09	-0.403086
1.11198e-09	-0.403764
1.11208e-09	-0.404441
1.11217e-09	-0.405118
1.11226e-09	-0.405795
1.11235e-09	-0.406472
1.11245e-09	-0.407148
1.11254e-09	-0.407825
1.11263e-09	-0.408501
1.11272e-09	-0.409176
1.11282e-09	-0.409852
1.11291e-09	-0.410527
1.113e-09	-0.411202
1.11309e-09	-0.411876
1.11318e-09	-0.412551
1.11328e-09	-0.413225
1.11337e-09	-0.413899
1.11346e-09	-0.414572
1.11355e-09	-0.415246
1.11365e-09	-0.415919
1.11374e-09	-0.416591
1.11383e-09	-0.417264
1.11392e-09	-0.417936
1.11402e-09	-0.418608
1.11411e-09	-0.41928
1.1142e-09	-0.419951
1.11429e-09	-0.420622
1.11439e-09	-0.421293
1.11448e-09	-0.421964
1.11457e-09	-0.422634
1.11466e-09	-0.423304
1.11476e-09	-0.423974
1.11485e-09	-0.424643
1.11494e-09	-0.425312
1.11503e-09	-0.425981
1.11513e-09	-0.42665
1.11522e-09	-0.427318
1.11531e-09	-0.427986
1.1154e-09	-0.428653
1.11549e-09	-0.429321
1.11559e-09	-0.429988
1.11568e-09	-0.430655
1.11577e-09	-0.431321
1.11586e-09	-0.431987
1.11596e-09	-0.432653
1.11605e-09	-0.433319
1.11614e-09	-0.433984
1.11623e-09	-0.434649
1.11633e-09	-0.435314
1.11642e-09	-0.435978
1.11651e-09	-0.436642
1.1166e-09	-0.437306
1.1167e-09	-0.437969
1.11679e-09	-0.438632
1.11688e-09	-0.439295
1.11697e-09	-0.439957
1.11707e-09	-0.44062
1.11716e-09	-0.441281
1.11725e-09	-0.441943
1.11734e-09	-0.442604
1.11744e-09	-0.443265
1.11753e-09	-0.443926
1.11762e-09	-0.444586
1.11771e-09	-0.445246
1.11781e-09	-0.445905
1.1179e-09	-0.446565
1.11799e-09	-0.447224
1.11808e-09	-0.447882
1.11817e-09	-0.44854
1.11827e-09	-0.449198
1.11836e-09	-0.449856
1.11845e-09	-0.450513
1.11854e-09	-0.45117
1.11864e-09	-0.451827
1.11873e-09	-0.452483
1.11882e-09	-0.453139
1.11891e-09	-0.453795
1.11901e-09	-0.45445
1.1191e-09	-0.455105
1.11919e-09	-0.455759
1.11928e-09	-0.456413
1.11938e-09	-0.457067
1.11947e-09	-0.457721
1.11956e-09	-0.458374
1.11965e-09	-0.459027
1.11975e-09	-0.459679
1.11984e-09	-0.460331
1.11993e-09	-0.460983
1.12002e-09	-0.461634
1.12012e-09	-0.462285
1.12021e-09	-0.462936
1.1203e-09	-0.463586
1.12039e-09	-0.464236
1.12048e-09	-0.464886
1.12058e-09	-0.465535
1.12067e-09	-0.466184
1.12076e-09	-0.466833
1.12085e-09	-0.467481
1.12095e-09	-0.468128
1.12104e-09	-0.468776
1.12113e-09	-0.469423
1.12122e-09	-0.47007
1.12132e-09	-0.470716
1.12141e-09	-0.471362
1.1215e-09	-0.472007
1.12159e-09	-0.472652
1.12169e-09	-0.473297
1.12178e-09	-0.473942
1.12187e-09	-0.474586
1.12196e-09	-0.475229
1.12206e-09	-0.475873
1.12215e-09	-0.476515
1.12224e-09	-0.477158
1.12233e-09	-0.4778
1.12243e-09	-0.478442
1.12252e-09	-0.479083
1.12261e-09	-0.479724
1.1227e-09	-0.480365
1.12279e-09	-0.481005
1.12289e-09	-0.481644
1.12298e-09	-0.482284
1.12307e-09	-0.482923
1.12316e-09	-0.483561
1.12326e-09	-0.4842
1.12335e-09	-0.484837
1.12344e-09	-0.485475
1.12353e-09	-0.486112
1.12363e-09	-0.486748
1.12372e-09	-0.487384
1.12381e-09	-0.48802
1.1239e-09	-0.488655
1.124e-09	-0.48929
1.12409e-09	-0.489925
1.12418e-09	-0.490559
1.12427e-09	-0.491193
1.12437e-09	-0.491826
1.12446e-09	-0.492459
1.12455e-09	-0.493091
1.12464e-09	-0.493723
1.12474e-09	-0.494355
1.12483e-09	-0.494986
1.12492e-09	-0.495617
1.12501e-09	-0.496247
1.1251e-09	-0.496877
1.1252e-09	-0.497507
1.12529e-09	-0.498136
1.12538e-09	-0.498765
1.12547e-09	-0.499393
1.12557e-09	-0.500021
1.12566e-09	-0.500648
1.12575e-09	-0.501275
1.12584e-09	-0.501902
1.12594e-09	-0.502528
1.12603e-09	-0.503153
1.12612e-09	-0.503778
1.12621e-09	-0.504403
1.12631e-09	-0.505028
1.1264e-09	-0.505651
1.12649e-09	-0.506275
1.12658e-09	-0.506898
1.12668e-09	-0.50752
1.12677e-09	-0.508143
1.12686e-09	-0.508764
1.12695e-09	-0.509385
1.12705e-09	-0.510006
1.12714e-09	-0.510627
1.12723e-09	-0.511246
1.12732e-09	-0.511866
1.12741e-09	-0.512485
1.12751e-09	-0.513103
1.1276e-09	-0.513721
1.12769e-09	-0.514339
1.12778e-09	-0.514956
1.12788e-09	-0.515573
1.12797e-09	-0.516189
1.12806e-09	-0.516805
1.12815e-09	-0.51742
1.12825e-09	-0.518035
1.12834e-09	-0.518649
1.12843e-09	-0.519263
1.12852e-09	-0.519877
1.12862e-09	-0.52049
1.12871e-09	-0.521102
1.1288e-09	-0.521714
1.12889e-09	-0.522326
1.12899e-09	-0.522937
1.12908e-09	-0.523547
1.12917e-09	-0.524157
1.12926e-09	-0.524767
1.12936e-09	-0.525376
1.12945e-09	-0.525985
1.12954e-09	-0.526593
1.12963e-09	-0.527201
1.12973e-09	-0.527808
1.12982e-09	-0.528415
1.12991e-09	-0.529021
1.13e-09	-0.529627
1.13009e-09	-0.530232
1.13019e-09	-0.530837
1.13028e-09	-0.531441
1.13037e-09	-0.532045
1.13046e-09	-0.532648
1.13056e-09	-0.533251
1.13065e-09	-0.533854
1.13074e-09	-0.534455
1.13083e-09	-0.535057
1.13093e-09	-0.535658
1.13102e-09	-0.536258
1.13111e-09	-0.536858
1.1312e-09	-0.537457
1.1313e-09	-0.538056
1.13139e-09	-0.538654
1.13148e-09	-0.539252
1.13157e-09	-0.539849
1.13167e-09	-0.540446
1.13176e-09	-0.541042
1.13185e-09	-0.541638
1.13194e-09	-0.542234
1.13204e-09	-0.542828
1.13213e-09	-0.543422
1.13222e-09	-0.544016
1.13231e-09	-0.544609
1.1324e-09	-0.545202
1.1325e-09	-0.545794
1.13259e-09	-0.546386
1.13268e-09	-0.546977
1.13277e-09	-0.547568
1.13287e-09	-0.548158
1.13296e-09	-0.548747
1.13305e-09	-0.549336
1.13314e-09	-0.549925
1.13324e-09	-0.550513
1.13333e-09	-0.5511
1.13342e-09	-0.551687
1.13351e-09	-0.552273
1.13361e-09	-0.552859
1.1337e-09	-0.553444
1.13379e-09	-0.554029
1.13388e-09	-0.554613
1.13398e-09	-0.555197
1.13407e-09	-0.55578
1.13416e-09	-0.556363
1.13425e-09	-0.556945
1.13435e-09	-0.557526
1.13444e-09	-0.558107
1.13453e-09	-0.558688
1.13462e-09	-0.559268
1.13471e-09	-0.559847
1.13481e-09	-0.560426
1.1349e-09	-0.561004
1.13499e-09	-0.561582
1.13508e-09	-0.562159
1.13518e-09	-0.562735
1.13527e-09	-0.563311
1.13536e-09	-0.563887
1.13545e-09	-0.564462
1.13555e-09	-0.565036
1.13564e-09	-0.56561
1.13573e-09	-0.566183
1.13582e-09	-0.566755
1.13592e-09	-0.567328
1.13601e-09	-0.567899
1.1361e-09	-0.56847
1.13619e-09	-0.56904
1.13629e-09	-0.56961
1.13638e-09	-0.570179
1.13647e-09	-0.570748
1.13656e-09	-0.571316
1.13666e-09	-0.571884
1.13675e-09	-0.572451
1.13684e-09	-0.573017
1.13693e-09	-0.573583
1.13702e-09	-0.574148
1.13712e-09	-0.574713
1.13721e-09	-0.575277
1.1373e-09	-0.57584
1.13739e-09	-0.576403
1.13749e-09	-0.576965
1.13758e-09	-0.577527
1.13767e-09	-0.578088
1.13776e-09	-0.578649
1.13786e-09	-0.579209
1.13795e-09	-0.579768
1.13804e-09	-0.580327
1.13813e-09	-0.580885
1.13823e-09	-0.581443
1.13832e-09	-0.582
1.13841e-09	-0.582556
1.1385e-09	-0.583112
1.1386e-09	-0.583667
1.13869e-09	-0.584222
1.13878e-09	-0.584776
1.13887e-09	-0.585329
1.13897e-09	-0.585882
1.13906e-09	-0.586434
1.13915e-09	-0.586986
1.13924e-09	-0.587537
1.13934e-09	-0.588087
1.13943e-09	-0.588637
1.13952e-09	-0.589186
1.13961e-09	-0.589734
1.1397e-09	-0.590282
1.1398e-09	-0.59083
1.13989e-09	-0.591376
1.13998e-09	-0.591922
1.14007e-09	-0.592468
1.14017e-09	-0.593013
1.14026e-09	-0.593557
1.14035e-09	-0.594101
1.14044e-09	-0.594644
1.14054e-09	-0.595186
1.14063e-09	-0.595728
1.14072e-09	-0.596269
1.14081e-09	-0.596809
1.14091e-09	-0.597349
1.141e-09	-0.597888
1.14109e-09	-0.598427
1.14118e-09	-0.598965
1.14128e-09	-0.599502
1.14137e-09	-0.600039
1.14146e-09	-0.600575
1.14155e-09	-0.601111
1.14165e-09	-0.601645
1.14174e-09	-0.60218
1.14183e-09	-0.602713
1.14192e-09	-0.603246
1.14201e-09	-0.603778
1.14211e-09	-0.60431
1.1422e-09	-0.604841
1.14229e-09	-0.605371
1.14238e-09	-0.605901
1.14248e-09	-0.60643
1.14257e-09	-0.606958
1.14266e-09	-0.607486
1.14275e-09	-0.608013
1.14285e-09	-0.608539
1.14294e-09	-0.609065
1.14303e-09	-0.60959
1.14312e-09	-0.610115
1.14322e-09	-0.610639
1.14331e-09	-0.611162
1.1434e-09	-0.611684
1.14349e-09	-0.612206
1.14359e-09	-0.612727
1.14368e-09	-0.613248
1.14377e-09	-0.613768
1.14386e-09	-0.614287
1.14396e-09	-0.614805
1.14405e-09	-0.615323
1.14414e-09	-0.61584
1.14423e-09	-0.616357
1.14432e-09	-0.616873
1.14442e-09	-0.617388
1.14451e-09	-0.617902
1.1446e-09	-0.618416
1.14469e-09	-0.618929
1.14479e-09	-0.619442
1.14488e-09	-0.619954
1.14497e-09	-0.620465
1.14506e-09	-0.620975
1.14516e-09	-0.621485
1.14525e-09	-0.621994
1.14534e-09	-0.622502
1.14543e-09	-0.62301
1.14553e-09	-0.623517
1.14562e-09	-0.624024
1.14571e-09	-0.624529
1.1458e-09	-0.625034
1.1459e-09	-0.625538
1.14599e-09	-0.626042
1.14608e-09	-0.626545
1.14617e-09	-0.627047
1.14627e-09	-0.627549
1.14636e-09	-0.62805
1.14645e-09	-0.62855
1.14654e-09	-0.629049
1.14663e-09	-0.629548
1.14673e-09	-0.630046
1.14682e-09	-0.630543
1.14691e-09	-0.63104
1.147e-09	-0.631536
1.1471e-09	-0.632031
1.14719e-09	-0.632526
1.14728e-09	-0.633019
1.14737e-09	-0.633512
1.14747e-09	-0.634005
1.14756e-09	-0.634497
1.14765e-09	-0.634988
1.14774e-09	-0.635478
1.14784e-09	-0.635967
1.14793e-09	-0.636456
1.14802e-09	-0.636944
1.14811e-09	-0.637432
1.14821e-09	-0.637919
1.1483e-09	-0.638405
1.14839e-09	-0.63889
1.14848e-09	-0.639374
1.14858e-09	-0.639858
1.14867e-09	-0.640341
1.14876e-09	-0.640824
1.14885e-09	-0.641305
1.14894e-09	-0.641786
1.14904e-09	-0.642266
1.14913e-09	-0.642746
1.14922e-09	-0.643225
1.14931e-09	-0.643703
1.14941e-09	-0.64418
1.1495e-09	-0.644657
1.14959e-09	-0.645132
1.14968e-09	-0.645607
1.14978e-09	-0.646082
1.14987e-09	-0.646555
1.14996e-09	-0.647028
1.15005e-09	-0.6475
1.15015e-09	-0.647972
1.15024e-09	-0.648443
1.15033e-09	-0.648912
1.15042e-09	-0.649382
1.15052e-09	-0.64985
1.15061e-09	-0.650318
1.1507e-09	-0.650785
1.15079e-09	-0.651251
1.15089e-09	-0.651716
1.15098e-09	-0.652181
1.15107e-09	-0.652645
1.15116e-09	-0.653108
1.15126e-09	-0.653571
1.15135e-09	-0.654032
1.15144e-09	-0.654493
1.15153e-09	-0.654953
1.15162e-09	-0.655413
1.15172e-09	-0.655872
1.15181e-09	-0.656329
1.1519e-09	-0.656787
1.15199e-09	-0.657243
1.15209e-09	-0.657699
1.15218e-09	-0.658153
1.15227e-09	-0.658608
1.15236e-09	-0.659061
1.15246e-09	-0.659513
1.15255e-09	-0.659965
1.15264e-09	-0.660416
1.15273e-09	-0.660867
1.15283e-09	-0.661316
1.15292e-09	-0.661765
1.15301e-09	-0.662213
1.1531e-09	-0.66266
1.1532e-09	-0.663106
1.15329e-09	-0.663552
1.15338e-09	-0.663997
1.15347e-09	-0.664441
1.15357e-09	-0.664884
1.15366e-09	-0.665327
1.15375e-09	-0.665768
1.15384e-09	-0.666209
1.15393e-09	-0.666649
1.15403e-09	-0.667089
1.15412e-09	-0.667527
1.15421e-09	-0.667965
1.1543e-09	-0.668402
1.1544e-09	-0.668839
1.15449e-09	-0.669274
1.15458e-09	-0.669709
1.15467e-09	-0.670142
1.15477e-09	-0.670576
1.15486e-09	-0.671008
1.15495e-09	-0.671439
1.15504e-09	-0.67187
1.15514e-09	-0.6723
1.15523e-09	-0.672729
1.15532e-09	-0.673157
1.15541e-09	-0.673585
1.15551e-09	-0.674011
1.1556e-09	-0.674437
1.15569e-09	-0.674862
1.15578e-09	-0.675287
1.15588e-09	-0.67571
1.15597e-09	-0.676133
1.15606e-09	-0.676555
1.15615e-09	-0.676976
1.15624e-09	-0.677396
1.15634e-09	-0.677815
1.15643e-09	-0.678234
1.15652e-09	-0.678652
1.15661e-09	-0.679069
1.15671e-09	-0.679485
1.1568e-09	-0.6799
1.15689e-09	-0.680315
1.15698e-09	-0.680729
1.15708e-09	-0.681142
1.15717e-09	-0.681554
1.15726e-09	-0.681965
1.15735e-09	-0.682375
1.15745e-09	-0.682785
1.15754e-09	-0.683194
1.15763e-09	-0.683602
1.15772e-09	-0.684009
1.15782e-09	-0.684415
1.15791e-09	-0.684821
1.158e-09	-0.685226
1.15809e-09	-0.685629
1.15819e-09	-0.686032
1.15828e-09	-0.686435
1.15837e-09	-0.686836
1.15846e-09	-0.687236
1.15855e-09	-0.687636
1.15865e-09	-0.688035
1.15874e-09	-0.688433
1.15883e-09	-0.68883
1.15892e-09	-0.689227
1.15902e-09	-0.689622
1.15911e-09	-0.690017
1.1592e-09	-0.690411
1.15929e-09	-0.690804
1.15939e-09	-0.691196
1.15948e-09	-0.691587
1.15957e-09	-0.691977
1.15966e-09	-0.692367
1.15976e-09	-0.692756
1.15985e-09	-0.693144
1.15994e-09	-0.693531
1.16003e-09	-0.693917
1.16013e-09	-0.694302
1.16022e-09	-0.694687
1.16031e-09	-0.69507
1.1604e-09	-0.695453
1.1605e-09	-0.695835
1.16059e-09	-0.696216
1.16068e-09	-0.696597
1.16077e-09	-0.696976
1.16087e-09	-0.697354
1.16096e-09	-0.697732
1.16105e-09	-0.698109
1.16114e-09	-0.698485
1.16123e-09	-0.69886
1.16133e-09	-0.699234
1.16142e-09	-0.699607
1.16151e-09	-0.69998
1.1616e-09	-0.700351
1.1617e-09	-0.700722
1.16179e-09	-0.701092
1.16188e-09	-0.701461
1.16197e-09	-0.701829
1.16207e-09	-0.702196
1.16216e-09	-0.702563
1.16225e-09	-0.702928
1.16234e-09	-0.703293
1.16244e-09	-0.703657
1.16253e-09	-0.70402
1.16262e-09	-0.704382
1.16271e-09	-0.704743
1.16281e-09	-0.705103
1.1629e-09	-0.705462
1.16299e-09	-0.705821
1.16308e-09	-0.706178
1.16318e-09	-0.706535
1.16327e-09	-0.706891
1.16336e-09	-0.707246
1.16345e-09	-0.7076
1.16354e-09	-0.707953
1.16364e-09	-0.708306
1.16373e-09	-0.708657
1.16382e-09	-0.709008
1.16391e-09	-0.709357
1.16401e-09	-0.709706
1.1641e-09	-0.710054
1.16419e-09	-0.710401
1.16428e-09	-0.710747
1.16438e-09	-0.711092
1.16447e-09	-0.711436
1.16456e-09	-0.71178
1.16465e-09	-0.712122
1.16475e-09	-0.712464
1.16484e-09	-0.712804
1.16493e-09	-0.713144
1.16502e-09	-0.713483
1.16512e-09	-0.713821
1.16521e-09	-0.714158
1.1653e-09	-0.714494
1.16539e-09	-0.714829
1.16549e-09	-0.715164
1.16558e-09	-0.715497
1.16567e-09	-0.71583
1.16576e-09	-0.716161
1.16585e-09	-0.716492
1.16595e-09	-0.716822
1.16604e-09	-0.717151
1.16613e-09	-0.717479
1.16622e-09	-0.717806
1.16632e-09	-0.718132
1.16641e-09	-0.718457
1.1665e-09	-0.718782
1.16659e-09	-0.719105
1.16669e-09	-0.719428
1.16678e-09	-0.719749
1.16687e-09	-0.72007
1.16696e-09	-0.72039
1.16706e-09	-0.720708
1.16715e-09	-0.721026
1.16724e-09	-0.721343
1.16733e-09	-0.721659
1.16743e-09	-0.721974
1.16752e-09	-0.722289
1.16761e-09	-0.722602
1.1677e-09	-0.722914
1.1678e-09	-0.723226
1.16789e-09	-0.723536
1.16798e-09	-0.723846
1.16807e-09	-0.724154
1.16816e-09	-0.724462
1.16826e-09	-0.724769
1.16835e-09	-0.725075
1.16844e-09	-0.725379
1.16853e-09	-0.725683
1.16863e-09	-0.725986
1.16872e-09	-0.726288
1.16881e-09	-0.72659
1.1689e-09	-0.72689
1.169e-09	-0.727189
1.16909e-09	-0.727487
1.16918e-09	-0.727785
1.16927e-09	-0.728081
1.16937e-09	-0.728377
1.16946e-09	-0.728671
1.16955e-09	-0.728965
1.16964e-09	-0.729258
1.16974e-09	-0.729549
1.16983e-09	-0.72984
1.16992e-09	-0.73013
1.17001e-09	-0.730419
1.17011e-09	-0.730707
1.1702e-09	-0.730994
1.17029e-09	-0.73128
1.17038e-09	-0.731565
1.17047e-09	-0.731849
1.17057e-09	-0.732132
1.17066e-09	-0.732414
1.17075e-09	-0.732696
1.17084e-09	-0.732976
1.17094e-09	-0.733255
1.17103e-09	-0.733534
1.17112e-09	-0.733811
1.17121e-09	-0.734087
1.17131e-09	-0.734363
1.1714e-09	-0.734637
1.17149e-09	-0.734911
1.17158e-09	-0.735184
1.17168e-09	-0.735455
1.17177e-09	-0.735726
1.17186e-09	-0.735996
1.17195e-09	-0.736264
1.17205e-09	-0.736532
1.17214e-09	-0.736799
1.17223e-09	-0.737065
1.17232e-09	-0.73733
1.17242e-09	-0.737594
1.17251e-09	-0.737857
1.1726e-09	-0.738119
1.17269e-09	-0.73838
1.17279e-09	-0.73864
1.17288e-09	-0.738899
1.17297e-09	-0.739157
1.17306e-09	-0.739414
1.17315e-09	-0.73967
1.17325e-09	-0.739925
1.17334e-09	-0.740179
1.17343e-09	-0.740432
1.17352e-09	-0.740685
1.17362e-09	-0.740936
1.17371e-09	-0.741186
1.1738e-09	-0.741435
1.17389e-09	-0.741683
1.17399e-09	-0.741931
1.17408e-09	-0.742177
1.17417e-09	-0.742422
1.17426e-09	-0.742667
1.17436e-09	-0.74291
1.17445e-09	-0.743152
1.17454e-09	-0.743394
1.17463e-09	-0.743634
1.17473e-09	-0.743873
1.17482e-09	-0.744112
1.17491e-09	-0.744349
1.175e-09	-0.744586
1.1751e-09	-0.744821
1.17519e-09	-0.745055
1.17528e-09	-0.745289
1.17537e-09	-0.745521
1.17546e-09	-0.745753
1.17556e-09	-0.745983
1.17565e-09	-0.746213
1.17574e-09	-0.746441
1.17583e-09	-0.746668
1.17593e-09	-0.746895
1.17602e-09	-0.74712
1.17611e-09	-0.747345
1.1762e-09	-0.747568
1.1763e-09	-0.747791
1.17639e-09	-0.748012
1.17648e-09	-0.748232
1.17657e-09	-0.748452
1.17667e-09	-0.74867
1.17676e-09	-0.748888
1.17685e-09	-0.749104
1.17694e-09	-0.749319
1.17704e-09	-0.749534
1.17713e-09	-0.749747
1.17722e-09	-0.749959
1.17731e-09	-0.750171
1.17741e-09	-0.750381
1.1775e-09	-0.75059
1.17759e-09	-0.750799
1.17768e-09	-0.751006
1.17777e-09	-0.751212
1.17787e-09	-0.751417
1.17796e-09	-0.751622
1.17805e-09	-0.751825
1.17814e-09	-0.752027
1.17824e-09	-0.752228
1.17833e-09	-0.752428
1.17842e-09	-0.752627
1.17851e-09	-0.752826
1.17861e-09	-0.753023
1.1787e-09	-0.753219
1.17879e-09	-0.753414
1.17888e-09	-0.753608
1.17898e-09	-0.753801
1.17907e-09	-0.753993
1.17916e-09	-0.754184
1.17925e-09	-0.754374
1.17935e-09	-0.754562
1.17944e-09	-0.75475
1.17953e-09	-0.754937
1.17962e-09	-0.755123
1.17972e-09	-0.755308
1.17981e-09	-0.755491
1.1799e-09	-0.755674
1.17999e-09	-0.755856
1.18008e-09	-0.756036
1.18018e-09	-0.756216
1.18027e-09	-0.756395
1.18036e-09	-0.756572
1.18045e-09	-0.756749
1.18055e-09	-0.756924
1.18064e-09	-0.757099
1.18073e-09	-0.757272
1.18082e-09	-0.757444
1.18092e-09	-0.757616
1.18101e-09	-0.757786
1.1811e-09	-0.757955
1.18119e-09	-0.758123
1.18129e-09	-0.75829
1.18138e-09	-0.758457
1.18147e-09	-0.758622
1.18156e-09	-0.758786
1.18166e-09	-0.758949
1.18175e-09	-0.759111
1.18184e-09	-0.759271
1.18193e-09	-0.759431
1.18203e-09	-0.75959
1.18212e-09	-0.759748
1.18221e-09	-0.759904
1.1823e-09	-0.76006
1.1824e-09	-0.760215
1.18249e-09	-0.760368
1.18258e-09	-0.760521
1.18267e-09	-0.760672
1.18276e-09	-0.760822
1.18286e-09	-0.760972
1.18295e-09	-0.76112
1.18304e-09	-0.761267
1.18313e-09	-0.761413
1.18323e-09	-0.761559
1.18332e-09	-0.761703
1.18341e-09	-0.761846
1.1835e-09	-0.761988
1.1836e-09	-0.762128
1.18369e-09	-0.762268
1.18378e-09	-0.762407
1.18387e-09	-0.762545
1.18397e-09	-0.762681
1.18406e-09	-0.762817
1.18415e-09	-0.762951
1.18424e-09	-0.763085
1.18434e-09	-0.763217
1.18443e-09	-0.763349
1.18452e-09	-0.763479
1.18461e-09	-0.763608
1.18471e-09	-0.763736
1.1848e-09	-0.763863
1.18489e-09	-0.763989
1.18498e-09	-0.764114
1.18507e-09	-0.764238
1.18517e-09	-0.764361
1.18526e-09	-0.764482
1.18535e-09	-0.764603
1.18544e-09	-0.764723
1.18554e-09	-0.764841
1.18563e-09	-0.764959
1.18572e-09	-0.765075
1.18581e-09	-0.76519
1.18591e-09	-0.765305
1.186e-09	-0.765418
1.18609e-09	-0.76553
1.18618e-09	-0.765641
1.18628e-09	-0.765751
1.18637e-09	-0.765859
1.18646e-09	-0.765967
1.18655e-09	-0.766074
1.18665e-09	-0.76618
1.18674e-09	-0.766284
1.18683e-09	-0.766387
1.18692e-09	-0.76649
1.18702e-09	-0.766591
1.18711e-09	-0.766691
1.1872e-09	-0.76679
1.18729e-09	-0.766888
1.18738e-09	-0.766985
1.18748e-09	-0.767081
1.18757e-09	-0.767176
1.18766e-09	-0.76727
1.18775e-09	-0.767362
1.18785e-09	-0.767454
1.18794e-09	-0.767544
1.18803e-09	-0.767634
1.18812e-09	-0.767722
1.18822e-09	-0.767809
1.18831e-09	-0.767895
1.1884e-09	-0.76798
1.18849e-09	-0.768064
1.18859e-09	-0.768147
1.18868e-09	-0.768229
1.18877e-09	-0.768309
1.18886e-09	-0.768389
1.18896e-09	-0.768467
1.18905e-09	-0.768545
1.18914e-09	-0.768621
1.18923e-09	-0.768696
1.18933e-09	-0.76877
1.18942e-09	-0.768843
1.18951e-09	-0.768915
1.1896e-09	-0.768986
1.18969e-09	-0.769056
1.18979e-09	-0.769124
1.18988e-09	-0.769192
1.18997e-09	-0.769258
1.19006e-09	-0.769324
1.19016e-09	-0.769388
1.19025e-09	-0.769451
1.19034e-09	-0.769513
1.19043e-09	-0.769574
1.19053e-09	-0.769634
1.19062e-09	-0.769692
1.19071e-09	-0.76975
1.1908e-09	-0.769806
1.1909e-09	-0.769862
1.19099e-09	-0.769916
1.19108e-09	-0.769969
1.19117e-09	-0.770021
1.19127e-09	-0.770072
1.19136e-09	-0.770122
1.19145e-09	-0.770171
1.19154e-09	-0.770219
1.19164e-09	-0.770265
1.19173e-09	-0.770311
1.19182e-09	-0.770355
1.19191e-09	-0.770398
1.19201e-09	-0.77044
1.1921e-09	-0.770481
1.19219e-09	-0.770521
1.19228e-09	-0.77056
1.19237e-09	-0.770598
1.19247e-09	-0.770634
1.19256e-09	-0.77067
1.19265e-09	-0.770704
1.19274e-09	-0.770737
1.19284e-09	-0.770769
1.19293e-09	-0.7708
1.19302e-09	-0.77083
1.19311e-09	-0.770859
1.19321e-09	-0.770887
1.1933e-09	-0.770913
1.19339e-09	-0.770939
1.19348e-09	-0.770963
1.19358e-09	-0.770986
1.19367e-09	-0.771008
1.19376e-09	-0.771029
1.19385e-09	-0.771049
1.19395e-09	-0.771068
1.19404e-09	-0.771086
1.19413e-09	-0.771102
1.19422e-09	-0.771117
1.19432e-09	-0.771132
1.19441e-09	-0.771145
1.1945e-09	-0.771157
1.19459e-09	-0.771168
1.19468e-09	-0.771177
1.19478e-09	-0.771186
1.19487e-09	-0.771194
1.19496e-09	-0.7712
1.19505e-09	-0.771205
1.19515e-09	-0.771209
1.19524e-09	-0.771212
1.19533e-09	-0.771214
1.19542e-09	-0.771215
1.19552e-09	-0.771215
1.19561e-09	-0.771213
1.1957e-09	-0.77121
1.19579e-09	-0.771207
1.19589e-09	-0.771202
1.19598e-09	-0.771196
1.19607e-09	-0.771189
1.19616e-09	-0.771181
1.19626e-09	-0.771171
1.19635e-09	-0.771161
1.19644e-09	-0.771149
1.19653e-09	-0.771136
1.19663e-09	-0.771122
1.19672e-09	-0.771107
1.19681e-09	-0.771091
1.1969e-09	-0.771074
1.19699e-09	-0.771055
1.19709e-09	-0.771036
1.19718e-09	-0.771015
1.19727e-09	-0.770993
1.19736e-09	-0.77097
1.19746e-09	-0.770946
1.19755e-09	-0.770921
1.19764e-09	-0.770895
1.19773e-09	-0.770867
1.19783e-09	-0.770838
1.19792e-09	-0.770809
1.19801e-09	-0.770778
1.1981e-09	-0.770746
1.1982e-09	-0.770712
1.19829e-09	-0.770678
1.19838e-09	-0.770643
1.19847e-09	-0.770606
1.19857e-09	-0.770568
1.19866e-09	-0.77053
1.19875e-09	-0.77049
1.19884e-09	-0.770448
1.19894e-09	-0.770406
1.19903e-09	-0.770363
1.19912e-09	-0.770318
1.19921e-09	-0.770272
1.1993e-09	-0.770225
1.1994e-09	-0.770177
1.19949e-09	-0.770128
1.19958e-09	-0.770078
1.19967e-09	-0.770027
1.19977e-09	-0.769974
1.19986e-09	-0.76992
1.19995e-09	-0.769865
1.20004e-09	-0.769809
1.20014e-09	-0.769752
1.20023e-09	-0.769694
1.20032e-09	-0.769635
1.20041e-09	-0.769574
1.20051e-09	-0.769512
1.2006e-09	-0.769449
1.20069e-09	-0.769385
1.20078e-09	-0.76932
1.20088e-09	-0.769254
1.20097e-09	-0.769186
1.20106e-09	-0.769118
1.20115e-09	-0.769048
1.20125e-09	-0.768977
1.20134e-09	-0.768905
1.20143e-09	-0.768832
1.20152e-09	-0.768758
1.20161e-09	-0.768682
1.20171e-09	-0.768605
1.2018e-09	-0.768528
1.20189e-09	-0.768449
1.20198e-09	-0.768369
1.20208e-09	-0.768287
1.20217e-09	-0.768205
1.20226e-09	-0.768121
1.20235e-09	-0.768037
1.20245e-09	-0.767951
1.20254e-09	-0.767864
1.20263e-09	-0.767776
1.20272e-09	-0.767686
1.20282e-09	-0.767596
1.20291e-09	-0.767504
1.203e-09	-0.767412
1.20309e-09	-0.767318
1.20319e-09	-0.767223
1.20328e-09	-0.767126
1.20337e-09	-0.767029
1.20346e-09	-0.76693
1.20356e-09	-0.766831
1.20365e-09	-0.76673
1.20374e-09	-0.766628
1.20383e-09	-0.766525
1.20393e-09	-0.76642
1.20402e-09	-0.766315
1.20411e-09	-0.766208
1.2042e-09	-0.766101
1.20429e-09	-0.765992
1.20439e-09	-0.765882
1.20448e-09	-0.76577
1.20457e-09	-0.765658
1.20466e-09	-0.765544
1.20476e-09	-0.76543
1.20485e-09	-0.765314
1.20494e-09	-0.765197
1.20503e-09	-0.765078
1.20513e-09	-0.764959
1.20522e-09	-0.764839
1.20531e-09	-0.764717
1.2054e-09	-0.764594
1.2055e-09	-0.76447
1.20559e-09	-0.764345
1.20568e-09	-0.764219
1.20577e-09	-0.764091
1.20587e-09	-0.763963
1.20596e-09	-0.763833
1.20605e-09	-0.763702
1.20614e-09	-0.76357
1.20624e-09	-0.763436
1.20633e-09	-0.763302
1.20642e-09	-0.763166
1.20651e-09	-0.76303
1.2066e-09	-0.762892
1.2067e-09	-0.762753
1.20679e-09	-0.762612
1.20688e-09	-0.762471
1.20697e-09	-0.762328
1.20707e-09	-0.762185
1.20716e-09	-0.76204
1.20725e-09	-0.761894
1.20734e-09	-0.761746
1.20744e-09	-0.761598
1.20753e-09	-0.761448
1.20762e-09	-0.761298
1.20771e-09	-0.761146
1.20781e-09	-0.760993
1.2079e-09	-0.760839
1.20799e-09	-0.760683
1.20808e-09	-0.760527
1.20818e-09	-0.760369
1.20827e-09	-0.76021
1.20836e-09	-0.76005
1.20845e-09	-0.759889
1.20855e-09	-0.759727
1.20864e-09	-0.759563
1.20873e-09	-0.759398
1.20882e-09	-0.759232
1.20891e-09	-0.759065
1.20901e-09	-0.758897
1.2091e-09	-0.758728
1.20919e-09	-0.758557
1.20928e-09	-0.758386
1.20938e-09	-0.758213
1.20947e-09	-0.758039
1.20956e-09	-0.757864
1.20965e-09	-0.757687
1.20975e-09	-0.75751
1.20984e-09	-0.757331
1.20993e-09	-0.757151
1.21002e-09	-0.75697
1.21012e-09	-0.756788
1.21021e-09	-0.756605
1.2103e-09	-0.75642
1.21039e-09	-0.756234
1.21049e-09	-0.756048
1.21058e-09	-0.755859
1.21067e-09	-0.75567
1.21076e-09	-0.75548
1.21086e-09	-0.755288
1.21095e-09	-0.755096
1.21104e-09	-0.754902
1.21113e-09	-0.754707
1.21122e-09	-0.754511
1.21132e-09	-0.754313
1.21141e-09	-0.754115
1.2115e-09	-0.753915
1.21159e-09	-0.753714
1.21169e-09	-0.753512
1.21178e-09	-0.753309
1.21187e-09	-0.753104
1.21196e-09	-0.752899
1.21206e-09	-0.752692
1.21215e-09	-0.752484
1.21224e-09	-0.752275
1.21233e-09	-0.752065
1.21243e-09	-0.751853
1.21252e-09	-0.751641
1.21261e-09	-0.751427
1.2127e-09	-0.751212
1.2128e-09	-0.750996
1.21289e-09	-0.750779
1.21298e-09	-0.75056
1.21307e-09	-0.750341
1.21317e-09	-0.75012
1.21326e-09	-0.749898
1.21335e-09	-0.749675
1.21344e-09	-0.749451
1.21354e-09	-0.749225
1.21363e-09	-0.748999
1.21372e-09	-0.748771
1.21381e-09	-0.748542
1.2139e-09	-0.748312
1.214e-09	-0.748081
1.21409e-09	-0.747848
1.21418e-09	-0.747614
1.21427e-09	-0.74738
1.21437e-09	-0.747144
1.21446e-09	-0.746907
1.21455e-09	-0.746668
1.21464e-09	-0.746429
1.21474e-09	-0.746188
1.21483e-09	-0.745946
1.21492e-09	-0.745703
1.21501e-09	-0.745459
1.21511e-09	-0.745214
1.2152e-09	-0.744967
1.21529e-09	-0.74472
1.21538e-09	-0.744471
1.21548e-09	-0.744221
1.21557e-09	-0.74397
1.21566e-09	-0.743717
1.21575e-09	-0.743464
1.21585e-09	-0.743209
1.21594e-09	-0.742953
1.21603e-09	-0.742696
1.21612e-09	-0.742438
1.21621e-09	-0.742178
1.21631e-09	-0.741918
1.2164e-09	-0.741656
1.21649e-09	-0.741393
1.21658e-09	-0.741129
1.21668e-09	-0.740864
1.21677e-09	-0.740597
1.21686e-09	-0.74033
1.21695e-09	-0.740061
1.21705e-09	-0.739791
1.21714e-09	-0.73952
1.21723e-09	-0.739248
1.21732e-09	-0.738975
1.21742e-09	-0.7387
1.21751e-09	-0.738424
1.2176e-09	-0.738147
1.21769e-09	-0.737869
1.21779e-09	-0.73759
1.21788e-09	-0.737309
1.21797e-09	-0.737028
1.21806e-09	-0.736745
1.21816e-09	-0.736461
1.21825e-09	-0.736176
1.21834e-09	-0.73589
1.21843e-09	-0.735602
1.21852e-09	-0.735314
1.21862e-09	-0.735024
1.21871e-09	-0.734733
1.2188e-09	-0.734441
1.21889e-09	-0.734147
1.21899e-09	-0.733853
1.21908e-09	-0.733557
1.21917e-09	-0.73326
1.21926e-09	-0.732962
1.21936e-09	-0.732663
1.21945e-09	-0.732363
1.21954e-09	-0.732062
1.21963e-09	-0.731759
1.21973e-09	-0.731455
1.21982e-09	-0.73115
1.21991e-09	-0.730844
1.22e-09	-0.730537
1.2201e-09	-0.730228
1.22019e-09	-0.729918
1.22028e-09	-0.729608
1.22037e-09	-0.729296
1.22047e-09	-0.728983
1.22056e-09	-0.728668
1.22065e-09	-0.728353
1.22074e-09	-0.728036
1.22083e-09	-0.727718
1.22093e-09	-0.727399
1.22102e-09	-0.727079
1.22111e-09	-0.726758
1.2212e-09	-0.726435
1.2213e-09	-0.726112
1.22139e-09	-0.725787
1.22148e-09	-0.725461
1.22157e-09	-0.725134
1.22167e-09	-0.724805
1.22176e-09	-0.724476
1.22185e-09	-0.724145
1.22194e-09	-0.723813
1.22204e-09	-0.72348
1.22213e-09	-0.723146
1.22222e-09	-0.722811
1.22231e-09	-0.722475
1.22241e-09	-0.722137
1.2225e-09	-0.721798
1.22259e-09	-0.721458
1.22268e-09	-0.721117
1.22278e-09	-0.720775
1.22287e-09	-0.720431
1.22296e-09	-0.720087
1.22305e-09	-0.719741
1.22314e-09	-0.719394
1.22324e-09	-0.719046
1.22333e-09	-0.718697
1.22342e-09	-0.718346
1.22351e-09	-0.717995
1.22361e-09	-0.717642
1.2237e-09	-0.717288
1.22379e-09	-0.716933
1.22388e-09	-0.716577
1.22398e-09	-0.716219
1.22407e-09	-0.715861
1.22416e-09	-0.715501
1.22425e-09	-0.71514
1.22435e-09	-0.714778
1.22444e-09	-0.714415
1.22453e-09	-0.714051
1.22462e-09	-0.713685
1.22472e-09	-0.713318
1.22481e-09	-0.712951
1.2249e-09	-0.712582
1.22499e-09	-0.712211
1.22509e-09	-0.71184
1.22518e-09	-0.711468
1.22527e-09	-0.711094
1.22536e-09	-0.710719
1.22546e-09	-0.710343
1.22555e-09	-0.709966
1.22564e-09	-0.709588
1.22573e-09	-0.709209
1.22582e-09	-0.708828
1.22592e-09	-0.708446
1.22601e-09	-0.708063
1.2261e-09	-0.707679
1.22619e-09	-0.707294
1.22629e-09	-0.706908
1.22638e-09	-0.70652
1.22647e-09	-0.706132
1.22656e-09	-0.705742
1.22666e-09	-0.705351
1.22675e-09	-0.704959
1.22684e-09	-0.704566
1.22693e-09	-0.704171
1.22703e-09	-0.703776
1.22712e-09	-0.703379
1.22721e-09	-0.702981
1.2273e-09	-0.702582
1.2274e-09	-0.702182
1.22749e-09	-0.70178
1.22758e-09	-0.701378
1.22767e-09	-0.700974
1.22777e-09	-0.700569
1.22786e-09	-0.700163
1.22795e-09	-0.699756
1.22804e-09	-0.699348
1.22813e-09	-0.698939
1.22823e-09	-0.698528
1.22832e-09	-0.698116
1.22841e-09	-0.697704
1.2285e-09	-0.69729
1.2286e-09	-0.696874
1.22869e-09	-0.696458
1.22878e-09	-0.696041
1.22887e-09	-0.695622
1.22897e-09	-0.695202
1.22906e-09	-0.694782
1.22915e-09	-0.69436
1.22924e-09	-0.693936
1.22934e-09	-0.693512
1.22943e-09	-0.693087
1.22952e-09	-0.69266
1.22961e-09	-0.692232
1.22971e-09	-0.691803
1.2298e-09	-0.691373
1.22989e-09	-0.690942
1.22998e-09	-0.69051
1.23008e-09	-0.690076
1.23017e-09	-0.689642
1.23026e-09	-0.689206
1.23035e-09	-0.688769
1.23044e-09	-0.688331
1.23054e-09	-0.687892
1.23063e-09	-0.687451
1.23072e-09	-0.68701
1.23081e-09	-0.686567
1.23091e-09	-0.686124
1.231e-09	-0.685679
1.23109e-09	-0.685233
1.23118e-09	-0.684785
1.23128e-09	-0.684337
1.23137e-09	-0.683888
1.23146e-09	-0.683437
1.23155e-09	-0.682985
1.23165e-09	-0.682533
1.23174e-09	-0.682079
1.23183e-09	-0.681623
1.23192e-09	-0.681167
1.23202e-09	-0.68071
1.23211e-09	-0.680251
1.2322e-09	-0.679792
1.23229e-09	-0.679331
1.23239e-09	-0.678869
1.23248e-09	-0.678406
1.23257e-09	-0.677941
1.23266e-09	-0.677476
1.23275e-09	-0.67701
1.23285e-09	-0.676542
1.23294e-09	-0.676073
1.23303e-09	-0.675603
1.23312e-09	-0.675132
1.23322e-09	-0.67466
1.23331e-09	-0.674187
1.2334e-09	-0.673713
1.23349e-09	-0.673237
1.23359e-09	-0.67276
1.23368e-09	-0.672283
1.23377e-09	-0.671804
1.23386e-09	-0.671324
1.23396e-09	-0.670842
1.23405e-09	-0.67036
1.23414e-09	-0.669877
1.23423e-09	-0.669392
1.23433e-09	-0.668907
1.23442e-09	-0.66842
1.23451e-09	-0.667932
1.2346e-09	-0.667443
1.2347e-09	-0.666953
1.23479e-09	-0.666461
1.23488e-09	-0.665969
1.23497e-09	-0.665475
1.23507e-09	-0.664981
1.23516e-09	-0.664485
1.23525e-09	-0.663988
1.23534e-09	-0.66349
1.23543e-09	-0.662991
1.23553e-09	-0.66249
1.23562e-09	-0.661989
1.23571e-09	-0.661487
1.2358e-09	-0.660983
1.2359e-09	-0.660478
1.23599e-09	-0.659972
1.23608e-09	-0.659465
1.23617e-09	-0.658957
1.23627e-09	-0.658448
1.23636e-09	-0.657938
1.23645e-09	-0.657426
1.23654e-09	-0.656914
1.23664e-09	-0.6564
1.23673e-09	-0.655885
1.23682e-09	-0.655369
1.23691e-09	-0.654852
1.23701e-09	-0.654334
1.2371e-09	-0.653815
1.23719e-09	-0.653295
1.23728e-09	-0.652773
1.23738e-09	-0.652251
1.23747e-09	-0.651727
1.23756e-09	-0.651202
1.23765e-09	-0.650676
1.23774e-09	-0.650149
1.23784e-09	-0.649621
1.23793e-09	-0.649092
1.23802e-09	-0.648561
1.23811e-09	-0.64803
1.23821e-09	-0.647497
1.2383e-09	-0.646964
1.23839e-09	-0.646429
1.23848e-09	-0.645893
1.23858e-09	-0.645356
1.23867e-09	-0.644818
1.23876e-09	-0.644279
1.23885e-09	-0.643739
1.23895e-09	-0.643197
1.23904e-09	-0.642655
1.23913e-09	-0.642111
1.23922e-09	-0.641567
1.23932e-09	-0.641021
1.23941e-09	-0.640474
1.2395e-09	-0.639926
1.23959e-09	-0.639377
1.23969e-09	-0.638827
1.23978e-09	-0.638275
1.23987e-09	-0.637723
1.23996e-09	-0.63717
1.24005e-09	-0.636615
1.24015e-09	-0.636059
1.24024e-09	-0.635503
1.24033e-09	-0.634945
1.24042e-09	-0.634386
1.24052e-09	-0.633826
1.24061e-09	-0.633265
1.2407e-09	-0.632703
1.24079e-09	-0.632139
1.24089e-09	-0.631575
1.24098e-09	-0.631009
1.24107e-09	-0.630443
1.24116e-09	-0.629875
1.24126e-09	-0.629306
1.24135e-09	-0.628737
1.24144e-09	-0.628166
1.24153e-09	-0.627594
1.24163e-09	-0.627021
1.24172e-09	-0.626446
1.24181e-09	-0.625871
1.2419e-09	-0.625295
1.242e-09	-0.624717
1.24209e-09	-0.624139
1.24218e-09	-0.623559
1.24227e-09	-0.622979
1.24236e-09	-0.622397
1.24246e-09	-0.621814
1.24255e-09	-0.62123
1.24264e-09	-0.620645
1.24273e-09	-0.620059
1.24283e-09	-0.619472
1.24292e-09	-0.618884
1.24301e-09	-0.618294
1.2431e-09	-0.617704
1.2432e-09	-0.617113
1.24329e-09	-0.61652
1.24338e-09	-0.615927
1.24347e-09	-0.615332
1.24357e-09	-0.614736
1.24366e-09	-0.614139
1.24375e-09	-0.613541
1.24384e-09	-0.612943
1.24394e-09	-0.612342
1.24403e-09	-0.611741
1.24412e-09	-0.611139
1.24421e-09	-0.610536
1.24431e-09	-0.609932
1.2444e-09	-0.609326
1.24449e-09	-0.60872
1.24458e-09	-0.608112
1.24467e-09	-0.607504
1.24477e-09	-0.606894
1.24486e-09	-0.606284
1.24495e-09	-0.605672
1.24504e-09	-0.605059
1.24514e-09	-0.604445
1.24523e-09	-0.60383
1.24532e-09	-0.603214
1.24541e-09	-0.602597
1.24551e-09	-0.601979
1.2456e-09	-0.60136
1.24569e-09	-0.60074
1.24578e-09	-0.600118
1.24588e-09	-0.599496
1.24597e-09	-0.598873
1.24606e-09	-0.598248
1.24615e-09	-0.597623
1.24625e-09	-0.596996
1.24634e-09	-0.596368
1.24643e-09	-0.59574
1.24652e-09	-0.59511
1.24662e-09	-0.594479
1.24671e-09	-0.593848
1.2468e-09	-0.593215
1.24689e-09	-0.592581
1.24699e-09	-0.591946
1.24708e-09	-0.59131
1.24717e-09	-0.590673
1.24726e-09	-0.590035
1.24735e-09	-0.589396
1.24745e-09	-0.588755
1.24754e-09	-0.588114
1.24763e-09	-0.587472
1.24772e-09	-0.586829
1.24782e-09	-0.586184
1.24791e-09	-0.585539
1.248e-09	-0.584892
1.24809e-09	-0.584245
1.24819e-09	-0.583596
1.24828e-09	-0.582947
1.24837e-09	-0.582296
1.24846e-09	-0.581645
1.24856e-09	-0.580992
1.24865e-09	-0.580338
1.24874e-09	-0.579684
1.24883e-09	-0.579028
1.24893e-09	-0.578371
1.24902e-09	-0.577713
1.24911e-09	-0.577054
1.2492e-09	-0.576394
1.2493e-09	-0.575734
1.24939e-09	-0.575072
1.24948e-09	-0.574409
1.24957e-09	-0.573745
1.24966e-09	-0.57308
1.24976e-09	-0.572414
1.24985e-09	-0.571746
1.24994e-09	-0.571078
1.25003e-09	-0.570409
1.25013e-09	-0.569739
1.25022e-09	-0.569068
1.25031e-09	-0.568396
1.2504e-09	-0.567723
1.2505e-09	-0.567048
1.25059e-09	-0.566373
1.25068e-09	-0.565697
1.25077e-09	-0.56502
1.25087e-09	-0.564341
1.25096e-09	-0.563662
1.25105e-09	-0.562982
1.25114e-09	-0.5623
1.25124e-09	-0.561618
1.25133e-09	-0.560935
1.25142e-09	-0.56025
1.25151e-09	-0.559565
1.25161e-09	-0.558879
1.2517e-09	-0.558191
1.25179e-09	-0.557503
1.25188e-09	-0.556813
1.25197e-09	-0.556123
1.25207e-09	-0.555431
1.25216e-09	-0.554739
1.25225e-09	-0.554046
1.25234e-09	-0.553351
1.25244e-09	-0.552656
1.25253e-09	-0.551959
1.25262e-09	-0.551262
1.25271e-09	-0.550563
1.25281e-09	-0.549864
1.2529e-09	-0.549164
1.25299e-09	-0.548462
1.25308e-09	-0.54776
1.25318e-09	-0.547056
1.25327e-09	-0.546352
1.25336e-09	-0.545646
1.25345e-09	-0.54494
1.25355e-09	-0.544233
1.25364e-09	-0.543524
1.25373e-09	-0.542815
1.25382e-09	-0.542104
1.25392e-09	-0.541393
1.25401e-09	-0.540681
1.2541e-09	-0.539967
1.25419e-09	-0.539253
1.25428e-09	-0.538538
1.25438e-09	-0.537822
1.25447e-09	-0.537104
1.25456e-09	-0.536386
1.25465e-09	-0.535667
1.25475e-09	-0.534947
1.25484e-09	-0.534225
1.25493e-09	-0.533503
1.25502e-09	-0.53278
1.25512e-09	-0.532056
1.25521e-09	-0.531331
1.2553e-09	-0.530605
1.25539e-09	-0.529878
1.25549e-09	-0.52915
1.25558e-09	-0.528421
1.25567e-09	-0.527691
1.25576e-09	-0.52696
1.25586e-09	-0.526228
1.25595e-09	-0.525495
1.25604e-09	-0.524761
1.25613e-09	-0.524026
1.25623e-09	-0.52329
1.25632e-09	-0.522554
1.25641e-09	-0.521816
1.2565e-09	-0.521077
1.2566e-09	-0.520338
1.25669e-09	-0.519597
1.25678e-09	-0.518855
1.25687e-09	-0.518113
1.25696e-09	-0.517369
1.25706e-09	-0.516625
1.25715e-09	-0.51588
1.25724e-09	-0.515133
1.25733e-09	-0.514386
1.25743e-09	-0.513638
1.25752e-09	-0.512888
1.25761e-09	-0.512138
1.2577e-09	-0.511387
1.2578e-09	-0.510635
1.25789e-09	-0.509882
1.25798e-09	-0.509128
1.25807e-09	-0.508373
1.25817e-09	-0.507617
1.25826e-09	-0.50686
1.25835e-09	-0.506103
1.25844e-09	-0.505344
1.25854e-09	-0.504584
1.25863e-09	-0.503824
1.25872e-09	-0.503062
1.25881e-09	-0.502299
1.25891e-09	-0.501536
1.259e-09	-0.500772
1.25909e-09	-0.500006
1.25918e-09	-0.49924
1.25927e-09	-0.498473
1.25937e-09	-0.497705
1.25946e-09	-0.496936
1.25955e-09	-0.496166
1.25964e-09	-0.495395
1.25974e-09	-0.494623
1.25983e-09	-0.49385
1.25992e-09	-0.493077
1.26001e-09	-0.492302
1.26011e-09	-0.491527
1.2602e-09	-0.49075
1.26029e-09	-0.489973
1.26038e-09	-0.489194
1.26048e-09	-0.488415
1.26057e-09	-0.487635
1.26066e-09	-0.486854
1.26075e-09	-0.486072
1.26085e-09	-0.485289
1.26094e-09	-0.484505
1.26103e-09	-0.48372
1.26112e-09	-0.482935
1.26122e-09	-0.482148
1.26131e-09	-0.48136
1.2614e-09	-0.480572
1.26149e-09	-0.479783
1.26158e-09	-0.478992
1.26168e-09	-0.478201
1.26177e-09	-0.477409
1.26186e-09	-0.476616
1.26195e-09	-0.475822
1.26205e-09	-0.475028
1.26214e-09	-0.474232
1.26223e-09	-0.473435
1.26232e-09	-0.472638
1.26242e-09	-0.471839
1.26251e-09	-0.47104
1.2626e-09	-0.47024
1.26269e-09	-0.469439
1.26279e-09	-0.468637
1.26288e-09	-0.467834
1.26297e-09	-0.46703
1.26306e-09	-0.466226
1.26316e-09	-0.46542
1.26325e-09	-0.464614
1.26334e-09	-0.463806
1.26343e-09	-0.462998
1.26353e-09	-0.462189
1.26362e-09	-0.461379
1.26371e-09	-0.460568
1.2638e-09	-0.459756
1.26389e-09	-0.458943
1.26399e-09	-0.45813
1.26408e-09	-0.457315
1.26417e-09	-0.4565
1.26426e-09	-0.455684
1.26436e-09	-0.454867
1.26445e-09	-0.454049
1.26454e-09	-0.45323
1.26463e-09	-0.45241
1.26473e-09	-0.45159
1.26482e-09	-0.450768
1.26491e-09	-0.449946
1.265e-09	-0.449123
1.2651e-09	-0.448298
1.26519e-09	-0.447474
1.26528e-09	-0.446648
1.26537e-09	-0.445821
1.26547e-09	-0.444993
1.26556e-09	-0.444165
1.26565e-09	-0.443336
1.26574e-09	-0.442506
1.26584e-09	-0.441675
1.26593e-09	-0.440843
1.26602e-09	-0.44001
1.26611e-09	-0.439176
1.26621e-09	-0.438342
1.2663e-09	-0.437507
1.26639e-09	-0.43667
1.26648e-09	-0.435833
1.26657e-09	-0.434996
1.26667e-09	-0.434157
1.26676e-09	-0.433317
1.26685e-09	-0.432477
1.26694e-09	-0.431636
1.26704e-09	-0.430793
1.26713e-09	-0.42995
1.26722e-09	-0.429107
1.26731e-09	-0.428262
1.26741e-09	-0.427416
1.2675e-09	-0.42657
1.26759e-09	-0.425723
1.26768e-09	-0.424875
1.26778e-09	-0.424026
1.26787e-09	-0.423176
1.26796e-09	-0.422326
1.26805e-09	-0.421474
1.26815e-09	-0.420622
1.26824e-09	-0.419769
1.26833e-09	-0.418915
1.26842e-09	-0.418061
1.26852e-09	-0.417205
1.26861e-09	-0.416349
1.2687e-09	-0.415491
1.26879e-09	-0.414633
1.26888e-09	-0.413775
1.26898e-09	-0.412915
1.26907e-09	-0.412054
1.26916e-09	-0.411193
1.26925e-09	-0.410331
1.26935e-09	-0.409468
1.26944e-09	-0.408604
1.26953e-09	-0.40774
1.26962e-09	-0.406874
1.26972e-09	-0.406008
1.26981e-09	-0.405141
1.2699e-09	-0.404273
1.26999e-09	-0.403405
1.27009e-09	-0.402535
1.27018e-09	-0.401665
1.27027e-09	-0.400794
1.27036e-09	-0.399922
1.27046e-09	-0.399049
1.27055e-09	-0.398176
1.27064e-09	-0.397301
1.27073e-09	-0.396426
1.27083e-09	-0.39555
1.27092e-09	-0.394674
1.27101e-09	-0.393796
1.2711e-09	-0.392918
1.27119e-09	-0.392039
1.27129e-09	-0.391159
1.27138e-09	-0.390278
1.27147e-09	-0.389397
1.27156e-09	-0.388514
1.27166e-09	-0.387631
1.27175e-09	-0.386747
1.27184e-09	-0.385863
1.27193e-09	-0.384977
1.27203e-09	-0.384091
1.27212e-09	-0.383204
1.27221e-09	-0.382316
1.2723e-09	-0.381428
1.2724e-09	-0.380539
1.27249e-09	-0.379649
1.27258e-09	-0.378758
1.27267e-09	-0.377866
1.27277e-09	-0.376974
1.27286e-09	-0.37608
1.27295e-09	-0.375186
1.27304e-09	-0.374292
1.27314e-09	-0.373396
1.27323e-09	-0.3725
1.27332e-09	-0.371603
1.27341e-09	-0.370705
1.2735e-09	-0.369806
1.2736e-09	-0.368907
1.27369e-09	-0.368007
1.27378e-09	-0.367106
1.27387e-09	-0.366204
1.27397e-09	-0.365302
1.27406e-09	-0.364399
1.27415e-09	-0.363495
1.27424e-09	-0.36259
1.27434e-09	-0.361685
1.27443e-09	-0.360779
1.27452e-09	-0.359872
1.27461e-09	-0.358964
1.27471e-09	-0.358056
1.2748e-09	-0.357146
1.27489e-09	-0.356236
1.27498e-09	-0.355326
1.27508e-09	-0.354414
1.27517e-09	-0.353502
1.27526e-09	-0.352589
1.27535e-09	-0.351676
1.27545e-09	-0.350761
1.27554e-09	-0.349846
1.27563e-09	-0.34893
1.27572e-09	-0.348014
1.27581e-09	-0.347096
1.27591e-09	-0.346178
1.276e-09	-0.34526
1.27609e-09	-0.34434
1.27618e-09	-0.34342
1.27628e-09	-0.342499
1.27637e-09	-0.341577
1.27646e-09	-0.340655
1.27655e-09	-0.339732
1.27665e-09	-0.338808
1.27674e-09	-0.337883
1.27683e-09	-0.336958
1.27692e-09	-0.336032
1.27702e-09	-0.335105
1.27711e-09	-0.334178
1.2772e-09	-0.333249
1.27729e-09	-0.332321
1.27739e-09	-0.331391
1.27748e-09	-0.330461
1.27757e-09	-0.32953
1.27766e-09	-0.328598
1.27776e-09	-0.327666
1.27785e-09	-0.326732
1.27794e-09	-0.325799
1.27803e-09	-0.324864
1.27813e-09	-0.323929
1.27822e-09	-0.322993
1.27831e-09	-0.322056
1.2784e-09	-0.321119
1.27849e-09	-0.320181
1.27859e-09	-0.319242
1.27868e-09	-0.318303
1.27877e-09	-0.317363
1.27886e-09	-0.316422
1.27896e-09	-0.31548
1.27905e-09	-0.314538
1.27914e-09	-0.313595
1.27923e-09	-0.312652
1.27933e-09	-0.311707
1.27942e-09	-0.310762
1.27951e-09	-0.309817
1.2796e-09	-0.308871
1.2797e-09	-0.307924
1.27979e-09	-0.306976
1.27988e-09	-0.306028
1.27997e-09	-0.305079
1.28007e-09	-0.304129
1.28016e-09	-0.303179
1.28025e-09	-0.302228
1.28034e-09	-0.301276
1.28044e-09	-0.300324
1.28053e-09	-0.299371
1.28062e-09	-0.298417
1.28071e-09	-0.297463
1.2808e-09	-0.296508
1.2809e-09	-0.295552
1.28099e-09	-0.294596
1.28108e-09	-0.293639
1.28117e-09	-0.292681
1.28127e-09	-0.291723
1.28136e-09	-0.290764
1.28145e-09	-0.289804
1.28154e-09	-0.288844
1.28164e-09	-0.287883
1.28173e-09	-0.286921
1.28182e-09	-0.285959
1.28191e-09	-0.284996
1.28201e-09	-0.284033
1.2821e-09	-0.283069
1.28219e-09	-0.282104
1.28228e-09	-0.281138
1.28238e-09	-0.280172
1.28247e-09	-0.279206
1.28256e-09	-0.278238
1.28265e-09	-0.27727
1.28275e-09	-0.276302
1.28284e-09	-0.275332
1.28293e-09	-0.274363
1.28302e-09	-0.273392
1.28311e-09	-0.272421
1.28321e-09	-0.271449
1.2833e-09	-0.270477
1.28339e-09	-0.269504
1.28348e-09	-0.26853
1.28358e-09	-0.267556
1.28367e-09	-0.266581
1.28376e-09	-0.265606
1.28385e-09	-0.26463
1.28395e-09	-0.263653
1.28404e-09	-0.262675
1.28413e-09	-0.261698
1.28422e-09	-0.260719
1.28432e-09	-0.25974
1.28441e-09	-0.25876
1.2845e-09	-0.25778
1.28459e-09	-0.256799
1.28469e-09	-0.255817
1.28478e-09	-0.254835
1.28487e-09	-0.253852
1.28496e-09	-0.252869
1.28506e-09	-0.251885
1.28515e-09	-0.2509
1.28524e-09	-0.249915
1.28533e-09	-0.248929
1.28542e-09	-0.247943
1.28552e-09	-0.246956
1.28561e-09	-0.245968
1.2857e-09	-0.24498
1.28579e-09	-0.243991
1.28589e-09	-0.243002
1.28598e-09	-0.242012
1.28607e-09	-0.241022
1.28616e-09	-0.240031
1.28626e-09	-0.239039
1.28635e-09	-0.238047
1.28644e-09	-0.237054
1.28653e-09	-0.236061
1.28663e-09	-0.235067
1.28672e-09	-0.234072
1.28681e-09	-0.233077
1.2869e-09	-0.232081
1.287e-09	-0.231085
1.28709e-09	-0.230088
1.28718e-09	-0.229091
1.28727e-09	-0.228093
1.28737e-09	-0.227094
1.28746e-09	-0.226095
1.28755e-09	-0.225096
1.28764e-09	-0.224096
1.28774e-09	-0.223095
1.28783e-09	-0.222094
1.28792e-09	-0.221092
1.28801e-09	-0.220089
1.2881e-09	-0.219086
1.2882e-09	-0.218083
1.28829e-09	-0.217079
1.28838e-09	-0.216074
1.28847e-09	-0.215069
1.28857e-09	-0.214063
1.28866e-09	-0.213057
1.28875e-09	-0.21205
1.28884e-09	-0.211043
1.28894e-09	-0.210035
1.28903e-09	-0.209027
1.28912e-09	-0.208018
1.28921e-09	-0.207009
1.28931e-09	-0.205999
1.2894e-09	-0.204988
1.28949e-09	-0.203977
1.28958e-09	-0.202966
1.28968e-09	-0.201953
1.28977e-09	-0.200941
1.28986e-09	-0.199928
1.28995e-09	-0.198914
1.29005e-09	-0.1979
1.29014e-09	-0.196885
1.29023e-09	-0.19587
1.29032e-09	-0.194854
1.29041e-09	-0.193838
1.29051e-09	-0.192821
1.2906e-09	-0.191804
1.29069e-09	-0.190786
1.29078e-09	-0.189768
1.29088e-09	-0.188749
1.29097e-09	-0.18773
1.29106e-09	-0.18671
1.29115e-09	-0.18569
1.29125e-09	-0.184669
1.29134e-09	-0.183648
1.29143e-09	-0.182626
1.29152e-09	-0.181604
1.29162e-09	-0.180581
1.29171e-09	-0.179558
1.2918e-09	-0.178534
1.29189e-09	-0.17751
1.29199e-09	-0.176485
1.29208e-09	-0.17546
1.29217e-09	-0.174434
1.29226e-09	-0.173408
1.29236e-09	-0.172381
1.29245e-09	-0.171354
1.29254e-09	-0.170326
1.29263e-09	-0.169298
1.29272e-09	-0.168269
1.29282e-09	-0.16724
1.29291e-09	-0.166211
1.293e-09	-0.165181
1.29309e-09	-0.16415
1.29319e-09	-0.163119
1.29328e-09	-0.162088
1.29337e-09	-0.161056
1.29346e-09	-0.160024
1.29356e-09	-0.158991
1.29365e-09	-0.157958
1.29374e-09	-0.156924
1.29383e-09	-0.15589
1.29393e-09	-0.154855
1.29402e-09	-0.15382
1.29411e-09	-0.152784
1.2942e-09	-0.151748
1.2943e-09	-0.150712
1.29439e-09	-0.149675
1.29448e-09	-0.148638
1.29457e-09	-0.1476
1.29467e-09	-0.146562
1.29476e-09	-0.145523
1.29485e-09	-0.144484
1.29494e-09	-0.143444
1.29503e-09	-0.142404
1.29513e-09	-0.141364
1.29522e-09	-0.140323
1.29531e-09	-0.139282
1.2954e-09	-0.13824
1.2955e-09	-0.137198
1.29559e-09	-0.136155
1.29568e-09	-0.135112
1.29577e-09	-0.134069
1.29587e-09	-0.133025
1.29596e-09	-0.131981
1.29605e-09	-0.130936
1.29614e-09	-0.129891
1.29624e-09	-0.128845
1.29633e-09	-0.127799
1.29642e-09	-0.126753
1.29651e-09	-0.125706
1.29661e-09	-0.124659
1.2967e-09	-0.123611
1.29679e-09	-0.122563
1.29688e-09	-0.121515
1.29698e-09	-0.120466
1.29707e-09	-0.119417
1.29716e-09	-0.118367
1.29725e-09	-0.117317
1.29734e-09	-0.116267
1.29744e-09	-0.115216
1.29753e-09	-0.114165
1.29762e-09	-0.113113
1.29771e-09	-0.112061
1.29781e-09	-0.111008
1.2979e-09	-0.109956
1.29799e-09	-0.108903
1.29808e-09	-0.107849
1.29818e-09	-0.106795
1.29827e-09	-0.105741
1.29836e-09	-0.104686
1.29845e-09	-0.103631
1.29855e-09	-0.102575
1.29864e-09	-0.10152
1.29873e-09	-0.100463
1.29882e-09	-0.0994067
1.29892e-09	-0.0983498
1.29901e-09	-0.0972924
1.2991e-09	-0.0962347
1.29919e-09	-0.0951767
1.29929e-09	-0.0941182
1.29938e-09	-0.0930594
1.29947e-09	-0.0920003
1.29956e-09	-0.0909407
1.29966e-09	-0.0898808
1.29975e-09	-0.0888206
1.29984e-09	-0.08776
1.29993e-09	-0.0866991
1.30002e-09	-0.0856378
1.30012e-09	-0.0845761
1.30021e-09	-0.0835141
1.3003e-09	-0.0824518
1.30039e-09	-0.0813891
1.30049e-09	-0.080326
1.30058e-09	-0.0792627
1.30067e-09	-0.0781989
1.30076e-09	-0.0771349
1.30086e-09	-0.0760705
1.30095e-09	-0.0750057
1.30104e-09	-0.0739407
1.30113e-09	-0.0728753
1.30123e-09	-0.0718095
1.30132e-09	-0.0707435
1.30141e-09	-0.0696771
1.3015e-09	-0.0686104
1.3016e-09	-0.0675433
1.30169e-09	-0.066476
1.30178e-09	-0.0654083
1.30187e-09	-0.0643403
1.30197e-09	-0.0632719
1.30206e-09	-0.0622033
1.30215e-09	-0.0611343
1.30224e-09	-0.0600651
1.30233e-09	-0.0589955
1.30243e-09	-0.0579256
1.30252e-09	-0.0568554
1.30261e-09	-0.0557849
1.3027e-09	-0.0547141
1.3028e-09	-0.053643
1.30289e-09	-0.0525715
1.30298e-09	-0.0514998
1.30307e-09	-0.0504278
1.30317e-09	-0.0493555
1.30326e-09	-0.0482829
1.30335e-09	-0.04721
1.30344e-09	-0.0461368
1.30354e-09	-0.0450633
1.30363e-09	-0.0439895
1.30372e-09	-0.0429155
1.30381e-09	-0.0418411
1.30391e-09	-0.0407665
1.304e-09	-0.0396916
1.30409e-09	-0.0386164
1.30418e-09	-0.0375409
1.30428e-09	-0.0364651
1.30437e-09	-0.0353891
1.30446e-09	-0.0343128
1.30455e-09	-0.0332362
1.30464e-09	-0.0321594
1.30474e-09	-0.0310823
1.30483e-09	-0.0300049
1.30492e-09	-0.0289272
1.30501e-09	-0.0278493
1.30511e-09	-0.0267711
1.3052e-09	-0.0256927
1.30529e-09	-0.024614
1.30538e-09	-0.0235351
1.30548e-09	-0.0224558
1.30557e-09	-0.0213764
1.30566e-09	-0.0202967
1.30575e-09	-0.0192167
1.30585e-09	-0.0181365
1.30594e-09	-0.017056
1.30603e-09	-0.0159753
1.30612e-09	-0.0148944
1.30622e-09	-0.0138132
1.30631e-09	-0.0127317
1.3064e-09	-0.01165
1.30649e-09	-0.0105681
1.30659e-09	-0.00948598
1.30668e-09	-0.00840359
1.30677e-09	-0.00732098
1.30686e-09	-0.00623813
1.30695e-09	-0.00515505
1.30705e-09	-0.00407174
1.30714e-09	-0.00298821
1.30723e-09	-0.00190445
1.30732e-09	-0.000820474
1.30742e-09	0.000263726
1.30751e-09	0.00134815
1.3076e-09	0.00243278
1.30769e-09	0.00351764
1.30779e-09	0.0046027
1.30788e-09	0.00568798
1.30797e-09	0.00677348
1.30806e-09	0.00785918
1.30816e-09	0.00894508
1.30825e-09	0.0100312
1.30834e-09	0.0111175
1.30843e-09	0.012204
1.30853e-09	0.0132908
1.30862e-09	0.0143777
1.30871e-09	0.0154648
1.3088e-09	0.0165521
1.3089e-09	0.0176396
1.30899e-09	0.0187273
1.30908e-09	0.0198152
1.30917e-09	0.0209033
1.30927e-09	0.0219916
1.30936e-09	0.02308
1.30945e-09	0.0241687
1.30954e-09	0.0252575
1.30963e-09	0.0263465
1.30973e-09	0.0274357
1.30982e-09	0.028525
1.30991e-09	0.0296145
1.31e-09	0.0307043
1.3101e-09	0.0317941
1.31019e-09	0.0328842
1.31028e-09	0.0339744
1.31037e-09	0.0350648
1.31047e-09	0.0361553
1.31056e-09	0.0372461
1.31065e-09	0.0383369
1.31074e-09	0.039428
1.31084e-09	0.0405192
1.31093e-09	0.0416105
1.31102e-09	0.042702
1.31111e-09	0.0437937
1.31121e-09	0.0448855
1.3113e-09	0.0459775
1.31139e-09	0.0470696
1.31148e-09	0.0481618
1.31158e-09	0.0492542
1.31167e-09	0.0503468
1.31176e-09	0.0514395
1.31185e-09	0.0525323
1.31194e-09	0.0536253
1.31204e-09	0.0547184
1.31213e-09	0.0558116
1.31222e-09	0.056905
1.31231e-09	0.0579985
1.31241e-09	0.0590921
1.3125e-09	0.0601859
1.31259e-09	0.0612798
1.31268e-09	0.0623738
1.31278e-09	0.0634679
1.31287e-09	0.0645622
1.31296e-09	0.0656566
1.31305e-09	0.0667511
1.31315e-09	0.0678457
1.31324e-09	0.0689404
1.31333e-09	0.0700353
1.31342e-09	0.0711302
1.31352e-09	0.0722253
1.31361e-09	0.0733204
1.3137e-09	0.0744157
1.31379e-09	0.0755111
1.31389e-09	0.0766066
1.31398e-09	0.0777021
1.31407e-09	0.0787978
1.31416e-09	0.0798936
1.31425e-09	0.0809895
1.31435e-09	0.0820854
1.31444e-09	0.0831815
1.31453e-09	0.0842776
1.31462e-09	0.0853739
1.31472e-09	0.0864702
1.31481e-09	0.0875666
1.3149e-09	0.0886631
1.31499e-09	0.0897597
1.31509e-09	0.0908563
1.31518e-09	0.0919531
1.31527e-09	0.0930499
1.31536e-09	0.0941468
1.31546e-09	0.0952437
1.31555e-09	0.0963408
1.31564e-09	0.0974379
1.31573e-09	0.098535
1.31583e-09	0.0996323
1.31592e-09	0.10073
1.31601e-09	0.101827
1.3161e-09	0.102924
1.3162e-09	0.104022
1.31629e-09	0.105119
1.31638e-09	0.106217
1.31647e-09	0.107315
1.31656e-09	0.108412
1.31666e-09	0.10951
1.31675e-09	0.110608
1.31684e-09	0.111706
1.31693e-09	0.112804
1.31703e-09	0.113902
1.31712e-09	0.115
1.31721e-09	0.116098
1.3173e-09	0.117196
1.3174e-09	0.118294
1.31749e-09	0.119392
1.31758e-09	0.12049
1.31767e-09	0.121588
1.31777e-09	0.122686
1.31786e-09	0.123785
1.31795e-09	0.124883
1.31804e-09	0.125981
1.31814e-09	0.12708
1.31823e-09	0.128178
1.31832e-09	0.129276
1.31841e-09	0.130375
1.31851e-09	0.131473
1.3186e-09	0.132572
1.31869e-09	0.13367
1.31878e-09	0.134769
1.31887e-09	0.135867
1.31897e-09	0.136965
1.31906e-09	0.138064
1.31915e-09	0.139162
1.31924e-09	0.140261
1.31934e-09	0.141359
1.31943e-09	0.142458
1.31952e-09	0.143556
1.31961e-09	0.144655
1.31971e-09	0.145753
1.3198e-09	0.146852
1.31989e-09	0.14795
1.31998e-09	0.149049
1.32008e-09	0.150147
1.32017e-09	0.151245
1.32026e-09	0.152344
1.32035e-09	0.153442
1.32045e-09	0.154541
1.32054e-09	0.155639
1.32063e-09	0.156737
1.32072e-09	0.157835
1.32082e-09	0.158934
1.32091e-09	0.160032
1.321e-09	0.16113
1.32109e-09	0.162228
1.32119e-09	0.163326
1.32128e-09	0.164424
1.32137e-09	0.165523
1.32146e-09	0.166621
1.32155e-09	0.167719
1.32165e-09	0.168816
1.32174e-09	0.169914
1.32183e-09	0.171012
1.32192e-09	0.17211
1.32202e-09	0.173208
1.32211e-09	0.174305
1.3222e-09	0.175403
1.32229e-09	0.176501
1.32239e-09	0.177598
1.32248e-09	0.178696
1.32257e-09	0.179793
1.32266e-09	0.18089
1.32276e-09	0.181988
1.32285e-09	0.183085
1.32294e-09	0.184182
1.32303e-09	0.185279
1.32313e-09	0.186376
1.32322e-09	0.187473
1.32331e-09	0.18857
1.3234e-09	0.189667
1.3235e-09	0.190763
1.32359e-09	0.19186
1.32368e-09	0.192957
1.32377e-09	0.194053
1.32386e-09	0.195149
1.32396e-09	0.196246
1.32405e-09	0.197342
1.32414e-09	0.198438
1.32423e-09	0.199534
1.32433e-09	0.20063
1.32442e-09	0.201726
1.32451e-09	0.202822
1.3246e-09	0.203917
1.3247e-09	0.205013
1.32479e-09	0.206108
1.32488e-09	0.207204
1.32497e-09	0.208299
1.32507e-09	0.209394
1.32516e-09	0.210489
1.32525e-09	0.211584
1.32534e-09	0.212679
1.32544e-09	0.213773
1.32553e-09	0.214868
1.32562e-09	0.215962
1.32571e-09	0.217057
1.32581e-09	0.218151
1.3259e-09	0.219245
1.32599e-09	0.220339
1.32608e-09	0.221433
1.32617e-09	0.222526
1.32627e-09	0.22362
1.32636e-09	0.224713
1.32645e-09	0.225807
1.32654e-09	0.2269
1.32664e-09	0.227993
1.32673e-09	0.229086
1.32682e-09	0.230179
1.32691e-09	0.231271
1.32701e-09	0.232364
1.3271e-09	0.233456
1.32719e-09	0.234548
1.32728e-09	0.23564
1.32738e-09	0.236732
1.32747e-09	0.237824
1.32756e-09	0.238915
1.32765e-09	0.240007
1.32775e-09	0.241098
1.32784e-09	0.242189
1.32793e-09	0.24328
1.32802e-09	0.244371
1.32812e-09	0.245461
1.32821e-09	0.246552
1.3283e-09	0.247642
1.32839e-09	0.248732
1.32848e-09	0.249822
1.32858e-09	0.250912
1.32867e-09	0.252001
1.32876e-09	0.253091
1.32885e-09	0.25418
1.32895e-09	0.255269
1.32904e-09	0.256358
1.32913e-09	0.257447
1.32922e-09	0.258535
1.32932e-09	0.259623
1.32941e-09	0.260712
1.3295e-09	0.2618
1.32959e-09	0.262887
1.32969e-09	0.263975
1.32978e-09	0.265062
1.32987e-09	0.266149
1.32996e-09	0.267236
1.33006e-09	0.268323
1.33015e-09	0.269409
1.33024e-09	0.270496
1.33033e-09	0.271582
1.33043e-09	0.272668
1.33052e-09	0.273753
1.33061e-09	0.274839
1.3307e-09	0.275924
1.3308e-09	0.277009
1.33089e-09	0.278094
1.33098e-09	0.279179
1.33107e-09	0.280263
1.33116e-09	0.281347
1.33126e-09	0.282431
1.33135e-09	0.283515
1.33144e-09	0.284599
1.33153e-09	0.285682
1.33163e-09	0.286765
1.33172e-09	0.287848
1.33181e-09	0.28893
1.3319e-09	0.290013
1.332e-09	0.291095
1.33209e-09	0.292177
1.33218e-09	0.293258
1.33227e-09	0.294339
1.33237e-09	0.295421
1.33246e-09	0.296501
1.33255e-09	0.297582
1.33264e-09	0.298663
1.33274e-09	0.299743
1.33283e-09	0.300822
1.33292e-09	0.301902
1.33301e-09	0.302981
1.33311e-09	0.304061
1.3332e-09	0.305139
1.33329e-09	0.306218
1.33338e-09	0.307296
1.33347e-09	0.308374
1.33357e-09	0.309452
1.33366e-09	0.31053
1.33375e-09	0.311607
1.33384e-09	0.312684
1.33394e-09	0.313761
1.33403e-09	0.314837
1.33412e-09	0.315913
1.33421e-09	0.316989
1.33431e-09	0.318064
1.3344e-09	0.31914
1.33449e-09	0.320215
1.33458e-09	0.321289
1.33468e-09	0.322364
1.33477e-09	0.323438
1.33486e-09	0.324512
1.33495e-09	0.325585
1.33505e-09	0.326659
1.33514e-09	0.327732
1.33523e-09	0.328804
1.33532e-09	0.329877
1.33542e-09	0.330949
1.33551e-09	0.33202
1.3356e-09	0.333092
1.33569e-09	0.334163
1.33578e-09	0.335234
1.33588e-09	0.336304
1.33597e-09	0.337375
1.33606e-09	0.338444
1.33615e-09	0.339514
1.33625e-09	0.340583
1.33634e-09	0.341652
1.33643e-09	0.342721
1.33652e-09	0.343789
1.33662e-09	0.344857
1.33671e-09	0.345925
1.3368e-09	0.346992
1.33689e-09	0.348059
1.33699e-09	0.349126
1.33708e-09	0.350192
1.33717e-09	0.351258
1.33726e-09	0.352323
1.33736e-09	0.353389
1.33745e-09	0.354454
1.33754e-09	0.355518
1.33763e-09	0.356583
1.33773e-09	0.357646
1.33782e-09	0.35871
1.33791e-09	0.359773
1.338e-09	0.360836
1.33809e-09	0.361899
1.33819e-09	0.362961
1.33828e-09	0.364023
1.33837e-09	0.365084
1.33846e-09	0.366145
1.33856e-09	0.367206
1.33865e-09	0.368266
1.33874e-09	0.369326
1.33883e-09	0.370386
1.33893e-09	0.371445
1.33902e-09	0.372504
1.33911e-09	0.373563
1.3392e-09	0.374621
1.3393e-09	0.375678
1.33939e-09	0.376736
1.33948e-09	0.377793
1.33957e-09	0.37885
1.33967e-09	0.379906
1.33976e-09	0.380962
1.33985e-09	0.382017
1.33994e-09	0.383072
1.34004e-09	0.384127
1.34013e-09	0.385181
1.34022e-09	0.386235
1.34031e-09	0.387289
1.34041e-09	0.388342
1.3405e-09	0.389395
1.34059e-09	0.390447
1.34068e-09	0.391499
1.34077e-09	0.39255
1.34087e-09	0.393601
1.34096e-09	0.394652
1.34105e-09	0.395702
1.34114e-09	0.396752
1.34124e-09	0.397802
1.34133e-09	0.398851
1.34142e-09	0.3999
1.34151e-09	0.400948
1.34161e-09	0.401996
1.3417e-09	0.403043
1.34179e-09	0.40409
1.34188e-09	0.405137
1.34198e-09	0.406183
1.34207e-09	0.407228
1.34216e-09	0.408274
1.34225e-09	0.409319
1.34235e-09	0.410363
1.34244e-09	0.411407
1.34253e-09	0.41245
1.34262e-09	0.413494
1.34272e-09	0.414536
1.34281e-09	0.415579
1.3429e-09	0.41662
1.34299e-09	0.417662
1.34308e-09	0.418703
1.34318e-09	0.419743
1.34327e-09	0.420783
1.34336e-09	0.421823
1.34345e-09	0.422862
1.34355e-09	0.4239
1.34364e-09	0.424938
1.34373e-09	0.425976
1.34382e-09	0.427013
1.34392e-09	0.42805
1.34401e-09	0.429087
1.3441e-09	0.430123
1.34419e-09	0.431158
1.34429e-09	0.432193
1.34438e-09	0.433227
1.34447e-09	0.434261
1.34456e-09	0.435295
1.34466e-09	0.436328
1.34475e-09	0.437361
1.34484e-09	0.438393
1.34493e-09	0.439424
1.34503e-09	0.440455
1.34512e-09	0.441486
1.34521e-09	0.442516
1.3453e-09	0.443546
1.34539e-09	0.444575
1.34549e-09	0.445604
1.34558e-09	0.446632
1.34567e-09	0.44766
1.34576e-09	0.448687
1.34586e-09	0.449714
1.34595e-09	0.45074
1.34604e-09	0.451766
1.34613e-09	0.452791
1.34623e-09	0.453816
1.34632e-09	0.45484
1.34641e-09	0.455864
1.3465e-09	0.456887
1.3466e-09	0.45791
1.34669e-09	0.458932
1.34678e-09	0.459953
1.34687e-09	0.460975
1.34697e-09	0.461995
1.34706e-09	0.463015
1.34715e-09	0.464035
1.34724e-09	0.465054
1.34734e-09	0.466073
1.34743e-09	0.467091
1.34752e-09	0.468108
1.34761e-09	0.469125
1.3477e-09	0.470142
1.3478e-09	0.471158
1.34789e-09	0.472173
1.34798e-09	0.473188
1.34807e-09	0.474202
1.34817e-09	0.475216
1.34826e-09	0.476229
1.34835e-09	0.477242
1.34844e-09	0.478254
1.34854e-09	0.479266
1.34863e-09	0.480277
1.34872e-09	0.481287
1.34881e-09	0.482297
1.34891e-09	0.483307
1.349e-09	0.484315
1.34909e-09	0.485324
1.34918e-09	0.486331
1.34928e-09	0.487339
1.34937e-09	0.488345
1.34946e-09	0.489351
1.34955e-09	0.490357
1.34965e-09	0.491362
1.34974e-09	0.492366
1.34983e-09	0.49337
1.34992e-09	0.494373
1.35001e-09	0.495376
1.35011e-09	0.496378
1.3502e-09	0.497379
1.35029e-09	0.49838
1.35038e-09	0.499381
1.35048e-09	0.50038
1.35057e-09	0.50138
1.35066e-09	0.502378
1.35075e-09	0.503376
1.35085e-09	0.504374
1.35094e-09	0.505371
1.35103e-09	0.506367
1.35112e-09	0.507362
1.35122e-09	0.508358
1.35131e-09	0.509352
1.3514e-09	0.510346
1.35149e-09	0.511339
1.35159e-09	0.512332
1.35168e-09	0.513324
1.35177e-09	0.514315
1.35186e-09	0.515306
1.35196e-09	0.516297
1.35205e-09	0.517286
1.35214e-09	0.518275
1.35223e-09	0.519264
1.35233e-09	0.520252
1.35242e-09	0.521239
1.35251e-09	0.522225
1.3526e-09	0.523211
1.35269e-09	0.524197
1.35279e-09	0.525181
1.35288e-09	0.526166
1.35297e-09	0.527149
1.35306e-09	0.528132
1.35316e-09	0.529114
1.35325e-09	0.530096
1.35334e-09	0.531077
1.35343e-09	0.532057
1.35353e-09	0.533037
1.35362e-09	0.534016
1.35371e-09	0.534994
1.3538e-09	0.535972
1.3539e-09	0.536949
1.35399e-09	0.537926
1.35408e-09	0.538902
1.35417e-09	0.539877
1.35427e-09	0.540852
1.35436e-09	0.541826
1.35445e-09	0.542799
1.35454e-09	0.543771
1.35464e-09	0.544743
1.35473e-09	0.545715
1.35482e-09	0.546685
1.35491e-09	0.547655
1.355e-09	0.548625
1.3551e-09	0.549593
1.35519e-09	0.550561
1.35528e-09	0.551529
1.35537e-09	0.552496
1.35547e-09	0.553462
1.35556e-09	0.554427
1.35565e-09	0.555392
1.35574e-09	0.556356
1.35584e-09	0.557319
1.35593e-09	0.558282
1.35602e-09	0.559244
1.35611e-09	0.560205
1.35621e-09	0.561166
1.3563e-09	0.562126
1.35639e-09	0.563085
1.35648e-09	0.564043
1.35658e-09	0.565001
1.35667e-09	0.565958
1.35676e-09	0.566915
1.35685e-09	0.567871
1.35695e-09	0.568826
1.35704e-09	0.56978
1.35713e-09	0.570734
1.35722e-09	0.571687
1.35731e-09	0.572639
1.35741e-09	0.573591
1.3575e-09	0.574542
1.35759e-09	0.575492
1.35768e-09	0.576442
1.35778e-09	0.577391
1.35787e-09	0.578339
1.35796e-09	0.579286
1.35805e-09	0.580233
1.35815e-09	0.581179
1.35824e-09	0.582124
1.35833e-09	0.583069
1.35842e-09	0.584012
1.35852e-09	0.584955
1.35861e-09	0.585898
1.3587e-09	0.586839
1.35879e-09	0.58778
1.35889e-09	0.588721
1.35898e-09	0.58966
1.35907e-09	0.590599
1.35916e-09	0.591537
1.35926e-09	0.592474
1.35935e-09	0.593411
1.35944e-09	0.594346
1.35953e-09	0.595282
1.35962e-09	0.596216
1.35972e-09	0.597149
1.35981e-09	0.598082
1.3599e-09	0.599014
1.35999e-09	0.599946
1.36009e-09	0.600876
1.36018e-09	0.601806
1.36027e-09	0.602735
1.36036e-09	0.603664
1.36046e-09	0.604591
1.36055e-09	0.605518
1.36064e-09	0.606444
1.36073e-09	0.60737
1.36083e-09	0.608294
1.36092e-09	0.609218
1.36101e-09	0.610141
1.3611e-09	0.611063
1.3612e-09	0.611985
1.36129e-09	0.612906
1.36138e-09	0.613826
1.36147e-09	0.614745
1.36157e-09	0.615663
1.36166e-09	0.616581
1.36175e-09	0.617498
1.36184e-09	0.618414
1.36194e-09	0.61933
1.36203e-09	0.620244
1.36212e-09	0.621158
1.36221e-09	0.622071
1.3623e-09	0.622983
1.3624e-09	0.623895
1.36249e-09	0.624805
1.36258e-09	0.625715
1.36267e-09	0.626624
1.36277e-09	0.627533
1.36286e-09	0.62844
1.36295e-09	0.629347
1.36304e-09	0.630253
1.36314e-09	0.631158
1.36323e-09	0.632062
1.36332e-09	0.632966
1.36341e-09	0.633868
1.36351e-09	0.63477
1.3636e-09	0.635671
1.36369e-09	0.636572
1.36378e-09	0.637471
1.36388e-09	0.63837
1.36397e-09	0.639268
1.36406e-09	0.640165
1.36415e-09	0.641061
1.36425e-09	0.641956
1.36434e-09	0.642851
1.36443e-09	0.643745
1.36452e-09	0.644638
1.36461e-09	0.64553
1.36471e-09	0.646421
1.3648e-09	0.647312
1.36489e-09	0.648202
1.36498e-09	0.64909
1.36508e-09	0.649978
1.36517e-09	0.650866
1.36526e-09	0.651752
1.36535e-09	0.652637
1.36545e-09	0.653522
1.36554e-09	0.654406
1.36563e-09	0.655289
1.36572e-09	0.656171
1.36582e-09	0.657053
1.36591e-09	0.657933
1.366e-09	0.658813
1.36609e-09	0.659692
1.36619e-09	0.66057
1.36628e-09	0.661447
1.36637e-09	0.662323
1.36646e-09	0.663198
1.36656e-09	0.664073
1.36665e-09	0.664947
1.36674e-09	0.66582
1.36683e-09	0.666692
1.36692e-09	0.667563
1.36702e-09	0.668433
1.36711e-09	0.669302
1.3672e-09	0.670171
1.36729e-09	0.671039
1.36739e-09	0.671905
1.36748e-09	0.672771
1.36757e-09	0.673636
1.36766e-09	0.674501
1.36776e-09	0.675364
1.36785e-09	0.676227
1.36794e-09	0.677088
1.36803e-09	0.677949
1.36813e-09	0.678809
1.36822e-09	0.679668
1.36831e-09	0.680526
1.3684e-09	0.681383
1.3685e-09	0.682239
1.36859e-09	0.683095
1.36868e-09	0.683949
1.36877e-09	0.684803
1.36887e-09	0.685656
1.36896e-09	0.686508
1.36905e-09	0.687359
1.36914e-09	0.688209
1.36923e-09	0.689058
1.36933e-09	0.689906
1.36942e-09	0.690754
1.36951e-09	0.6916
1.3696e-09	0.692446
1.3697e-09	0.693291
1.36979e-09	0.694135
1.36988e-09	0.694978
1.36997e-09	0.69582
1.37007e-09	0.696661
1.37016e-09	0.697501
1.37025e-09	0.69834
1.37034e-09	0.699179
1.37044e-09	0.700016
1.37053e-09	0.700853
1.37062e-09	0.701688
1.37071e-09	0.702523
1.37081e-09	0.703357
1.3709e-09	0.70419
1.37099e-09	0.705022
1.37108e-09	0.705853
1.37118e-09	0.706683
1.37127e-09	0.707512
1.37136e-09	0.70834
1.37145e-09	0.709167
1.37154e-09	0.709994
1.37164e-09	0.710819
1.37173e-09	0.711644
1.37182e-09	0.712468
1.37191e-09	0.71329
1.37201e-09	0.714112
1.3721e-09	0.714933
1.37219e-09	0.715753
1.37228e-09	0.716572
1.37238e-09	0.71739
1.37247e-09	0.718207
1.37256e-09	0.719023
1.37265e-09	0.719838
1.37275e-09	0.720652
1.37284e-09	0.721465
1.37293e-09	0.722278
1.37302e-09	0.723089
1.37312e-09	0.723899
1.37321e-09	0.724709
1.3733e-09	0.725517
1.37339e-09	0.726325
1.37349e-09	0.727131
1.37358e-09	0.727937
1.37367e-09	0.728742
1.37376e-09	0.729545
1.37386e-09	0.730348
1.37395e-09	0.73115
1.37404e-09	0.731951
1.37413e-09	0.73275
1.37422e-09	0.733549
1.37432e-09	0.734347
1.37441e-09	0.735144
1.3745e-09	0.73594
1.37459e-09	0.736735
1.37469e-09	0.737529
1.37478e-09	0.738322
1.37487e-09	0.739114
1.37496e-09	0.739905
1.37506e-09	0.740695
1.37515e-09	0.741484
1.37524e-09	0.742272
1.37533e-09	0.74306
1.37543e-09	0.743846
1.37552e-09	0.744631
1.37561e-09	0.745415
1.3757e-09	0.746198
1.3758e-09	0.74698
1.37589e-09	0.747761
1.37598e-09	0.748542
1.37607e-09	0.749321
1.37617e-09	0.750099
1.37626e-09	0.750876
1.37635e-09	0.751652
1.37644e-09	0.752428
1.37653e-09	0.753202
1.37663e-09	0.753975
1.37672e-09	0.754747
1.37681e-09	0.755518
1.3769e-09	0.756289
1.377e-09	0.757058
1.37709e-09	0.757826
1.37718e-09	0.758593
1.37727e-09	0.759359
1.37737e-09	0.760124
1.37746e-09	0.760889
1.37755e-09	0.761652
1.37764e-09	0.762414
1.37774e-09	0.763175
1.37783e-09	0.763935
1.37792e-09	0.764694
1.37801e-09	0.765452
1.37811e-09	0.766209
1.3782e-09	0.766965
1.37829e-09	0.76772
1.37838e-09	0.768473
1.37848e-09	0.769226
1.37857e-09	0.769978
1.37866e-09	0.770729
1.37875e-09	0.771479
1.37884e-09	0.772227
1.37894e-09	0.772975
1.37903e-09	0.773722
1.37912e-09	0.774467
1.37921e-09	0.775212
1.37931e-09	0.775955
1.3794e-09	0.776698
1.37949e-09	0.777439
1.37958e-09	0.77818
1.37968e-09	0.778919
1.37977e-09	0.779658
1.37986e-09	0.780395
1.37995e-09	0.781131
1.38005e-09	0.781866
1.38014e-09	0.7826
1.38023e-09	0.783333
1.38032e-09	0.784065
1.38042e-09	0.784796
1.38051e-09	0.785526
1.3806e-09	0.786255
1.38069e-09	0.786983
1.38079e-09	0.78771
1.38088e-09	0.788435
1.38097e-09	0.78916
1.38106e-09	0.789883
1.38115e-09	0.790606
1.38125e-09	0.791327
1.38134e-09	0.792048
1.38143e-09	0.792767
1.38152e-09	0.793485
1.38162e-09	0.794202
1.38171e-09	0.794918
1.3818e-09	0.795633
1.38189e-09	0.796347
1.38199e-09	0.79706
1.38208e-09	0.797772
1.38217e-09	0.798482
1.38226e-09	0.799192
1.38236e-09	0.7999
1.38245e-09	0.800608
1.38254e-09	0.801314
1.38263e-09	0.802019
1.38273e-09	0.802723
1.38282e-09	0.803427
1.38291e-09	0.804129
1.383e-09	0.804829
1.3831e-09	0.805529
1.38319e-09	0.806228
1.38328e-09	0.806926
1.38337e-09	0.807622
1.38347e-09	0.808318
1.38356e-09	0.809012
1.38365e-09	0.809705
1.38374e-09	0.810397
1.38383e-09	0.811088
1.38393e-09	0.811778
1.38402e-09	0.812467
1.38411e-09	0.813155
1.3842e-09	0.813841
1.3843e-09	0.814527
1.38439e-09	0.815211
1.38448e-09	0.815895
1.38457e-09	0.816577
1.38467e-09	0.817258
1.38476e-09	0.817938
1.38485e-09	0.818617
1.38494e-09	0.819295
1.38504e-09	0.819971
1.38513e-09	0.820647
1.38522e-09	0.821321
1.38531e-09	0.821994
1.38541e-09	0.822667
1.3855e-09	0.823338
1.38559e-09	0.824008
1.38568e-09	0.824676
1.38578e-09	0.825344
1.38587e-09	0.826011
1.38596e-09	0.826676
1.38605e-09	0.82734
1.38614e-09	0.828003
1.38624e-09	0.828665
1.38633e-09	0.829326
1.38642e-09	0.829986
1.38651e-09	0.830645
1.38661e-09	0.831302
1.3867e-09	0.831959
1.38679e-09	0.832614
1.38688e-09	0.833268
1.38698e-09	0.833921
1.38707e-09	0.834573
1.38716e-09	0.835223
1.38725e-09	0.835873
1.38735e-09	0.836521
1.38744e-09	0.837169
1.38753e-09	0.837815
1.38762e-09	0.83846
1.38772e-09	0.839103
1.38781e-09	0.839746
1.3879e-09	0.840388
1.38799e-09	0.841028
1.38809e-09	0.841667
1.38818e-09	0.842305
1.38827e-09	0.842942
1.38836e-09	0.843578
1.38845e-09	0.844212
1.38855e-09	0.844846
1.38864e-09	0.845478
1.38873e-09	0.846109
1.38882e-09	0.846739
1.38892e-09	0.847368
1.38901e-09	0.847996
1.3891e-09	0.848622
1.38919e-09	0.849247
1.38929e-09	0.849872
1.38938e-09	0.850494
1.38947e-09	0.851116
1.38956e-09	0.851737
1.38966e-09	0.852356
1.38975e-09	0.852975
1.38984e-09	0.853592
1.38993e-09	0.854208
1.39003e-09	0.854822
1.39012e-09	0.855436
1.39021e-09	0.856048
1.3903e-09	0.85666
1.3904e-09	0.85727
1.39049e-09	0.857879
1.39058e-09	0.858486
1.39067e-09	0.859093
1.39076e-09	0.859698
1.39086e-09	0.860302
1.39095e-09	0.860905
1.39104e-09	0.861507
1.39113e-09	0.862108
1.39123e-09	0.862707
1.39132e-09	0.863305
1.39141e-09	0.863902
1.3915e-09	0.864498
1.3916e-09	0.865093
1.39169e-09	0.865686
1.39178e-09	0.866278
1.39187e-09	0.866869
1.39197e-09	0.867459
1.39206e-09	0.868048
1.39215e-09	0.868635
1.39224e-09	0.869222
1.39234e-09	0.869807
1.39243e-09	0.870391
1.39252e-09	0.870973
1.39261e-09	0.871555
1.39271e-09	0.872135
1.3928e-09	0.872714
1.39289e-09	0.873292
1.39298e-09	0.873869
1.39307e-09	0.874444
1.39317e-09	0.875018
1.39326e-09	0.875591
1.39335e-09	0.876163
1.39344e-09	0.876734
1.39354e-09	0.877303
1.39363e-09	0.877871
1.39372e-09	0.878438
1.39381e-09	0.879004
1.39391e-09	0.879568
1.394e-09	0.880132
1.39409e-09	0.880694
1.39418e-09	0.881255
1.39428e-09	0.881814
1.39437e-09	0.882373
1.39446e-09	0.88293
1.39455e-09	0.883486
1.39465e-09	0.884041
1.39474e-09	0.884594
1.39483e-09	0.885146
1.39492e-09	0.885698
1.39502e-09	0.886247
1.39511e-09	0.886796
1.3952e-09	0.887343
1.39529e-09	0.88789
1.39539e-09	0.888435
1.39548e-09	0.888978
1.39557e-09	0.889521
1.39566e-09	0.890062
1.39575e-09	0.890602
1.39585e-09	0.891141
1.39594e-09	0.891678
1.39603e-09	0.892214
1.39612e-09	0.892749
1.39622e-09	0.893283
1.39631e-09	0.893816
1.3964e-09	0.894347
1.39649e-09	0.894877
1.39659e-09	0.895406
1.39668e-09	0.895934
1.39677e-09	0.89646
1.39686e-09	0.896985
1.39696e-09	0.897509
1.39705e-09	0.898032
1.39714e-09	0.898553
1.39723e-09	0.899073
1.39733e-09	0.899592
1.39742e-09	0.900109
1.39751e-09	0.900626
1.3976e-09	0.901141
1.3977e-09	0.901655
1.39779e-09	0.902167
1.39788e-09	0.902679
1.39797e-09	0.903189
1.39806e-09	0.903697
1.39816e-09	0.904205
1.39825e-09	0.904711
1.39834e-09	0.905216
1.39843e-09	0.90572
1.39853e-09	0.906223
1.39862e-09	0.906724
1.39871e-09	0.907224
1.3988e-09	0.907723
1.3989e-09	0.90822
1.39899e-09	0.908716
1.39908e-09	0.909211
1.39917e-09	0.909705
1.39927e-09	0.910197
1.39936e-09	0.910688
1.39945e-09	0.911178
1.39954e-09	0.911667
1.39964e-09	0.912154
1.39973e-09	0.91264
1.39982e-09	0.913125
1.39991e-09	0.913608
1.40001e-09	0.914091
1.4001e-09	0.914571
1.40019e-09	0.915051
1.40028e-09	0.915529
1.40037e-09	0.916007
1.40047e-09	0.916482
1.40056e-09	0.916957
1.40065e-09	0.91743
1.40074e-09	0.917902
1.40084e-09	0.918373
1.40093e-09	0.918842
1.40102e-09	0.91931
1.40111e-09	0.919777
1.40121e-09	0.920243
1.4013e-09	0.920707
1.40139e-09	0.92117
1.40148e-09	0.921632
1.40158e-09	0.922092
1.40167e-09	0.922551
1.40176e-09	0.923009
1.40185e-09	0.923465
1.40195e-09	0.923921
1.40204e-09	0.924375
1.40213e-09	0.924827
1.40222e-09	0.925279
1.40232e-09	0.925729
1.40241e-09	0.926177
1.4025e-09	0.926625
1.40259e-09	0.927071
1.40268e-09	0.927516
1.40278e-09	0.92796
1.40287e-09	0.928402
1.40296e-09	0.928843
1.40305e-09	0.929282
1.40315e-09	0.929721
1.40324e-09	0.930158
1.40333e-09	0.930594
1.40342e-09	0.931028
1.40352e-09	0.931461
1.40361e-09	0.931893
1.4037e-09	0.932324
1.40379e-09	0.932753
1.40389e-09	0.933181
1.40398e-09	0.933607
1.40407e-09	0.934033
1.40416e-09	0.934457
1.40426e-09	0.934879
1.40435e-09	0.935301
1.40444e-09	0.935721
1.40453e-09	0.936139
1.40463e-09	0.936557
1.40472e-09	0.936973
1.40481e-09	0.937388
1.4049e-09	0.937801
1.405e-09	0.938213
1.40509e-09	0.938624
1.40518e-09	0.939034
1.40527e-09	0.939442
1.40536e-09	0.939849
1.40546e-09	0.940254
1.40555e-09	0.940659
1.40564e-09	0.941062
1.40573e-09	0.941463
1.40583e-09	0.941863
1.40592e-09	0.942262
1.40601e-09	0.94266
1.4061e-09	0.943056
1.4062e-09	0.943451
1.40629e-09	0.943845
1.40638e-09	0.944237
1.40647e-09	0.944628
1.40657e-09	0.945018
1.40666e-09	0.945406
1.40675e-09	0.945793
1.40684e-09	0.946179
1.40694e-09	0.946563
1.40703e-09	0.946946
1.40712e-09	0.947328
1.40721e-09	0.947708
1.40731e-09	0.948087
1.4074e-09	0.948465
1.40749e-09	0.948842
1.40758e-09	0.949217
1.40767e-09	0.94959
1.40777e-09	0.949963
1.40786e-09	0.950334
1.40795e-09	0.950703
1.40804e-09	0.951072
1.40814e-09	0.951439
1.40823e-09	0.951804
1.40832e-09	0.952168
1.40841e-09	0.952531
1.40851e-09	0.952893
1.4086e-09	0.953253
1.40869e-09	0.953612
1.40878e-09	0.95397
1.40888e-09	0.954326
1.40897e-09	0.954681
1.40906e-09	0.955035
1.40915e-09	0.955387
1.40925e-09	0.955738
1.40934e-09	0.956087
1.40943e-09	0.956435
1.40952e-09	0.956782
1.40962e-09	0.957128
1.40971e-09	0.957472
1.4098e-09	0.957815
1.40989e-09	0.958156
1.40998e-09	0.958496
1.41008e-09	0.958835
1.41017e-09	0.959172
1.41026e-09	0.959508
1.41035e-09	0.959843
1.41045e-09	0.960176
1.41054e-09	0.960508
1.41063e-09	0.960839
1.41072e-09	0.961168
1.41082e-09	0.961496
1.41091e-09	0.961822
1.411e-09	0.962147
1.41109e-09	0.962471
1.41119e-09	0.962794
1.41128e-09	0.963115
1.41137e-09	0.963435
1.41146e-09	0.963753
1.41156e-09	0.96407
1.41165e-09	0.964386
1.41174e-09	0.9647
1.41183e-09	0.965013
1.41193e-09	0.965324
1.41202e-09	0.965635
1.41211e-09	0.965943
1.4122e-09	0.966251
1.41229e-09	0.966557
1.41239e-09	0.966862
1.41248e-09	0.967165
1.41257e-09	0.967467
1.41266e-09	0.967768
1.41276e-09	0.968067
1.41285e-09	0.968365
1.41294e-09	0.968661
1.41303e-09	0.968956
1.41313e-09	0.96925
1.41322e-09	0.969543
1.41331e-09	0.969834
1.4134e-09	0.970123
1.4135e-09	0.970412
1.41359e-09	0.970699
1.41368e-09	0.970984
1.41377e-09	0.971268
1.41387e-09	0.971551
1.41396e-09	0.971833
1.41405e-09	0.972113
1.41414e-09	0.972391
1.41424e-09	0.972669
1.41433e-09	0.972945
1.41442e-09	0.973219
1.41451e-09	0.973492
1.41461e-09	0.973764
1.4147e-09	0.974034
1.41479e-09	0.974304
1.41488e-09	0.974571
1.41497e-09	0.974837
1.41507e-09	0.975102
1.41516e-09	0.975366
1.41525e-09	0.975628
1.41534e-09	0.975889
1.41544e-09	0.976148
1.41553e-09	0.976406
1.41562e-09	0.976663
1.41571e-09	0.976918
1.41581e-09	0.977172
1.4159e-09	0.977424
1.41599e-09	0.977675
1.41608e-09	0.977925
1.41618e-09	0.978173
1.41627e-09	0.97842
1.41636e-09	0.978666
1.41645e-09	0.97891
1.41655e-09	0.979153
1.41664e-09	0.979394
1.41673e-09	0.979634
1.41682e-09	0.979873
1.41692e-09	0.98011
1.41701e-09	0.980346
1.4171e-09	0.98058
1.41719e-09	0.980813
1.41728e-09	0.981045
1.41738e-09	0.981275
1.41747e-09	0.981504
1.41756e-09	0.981731
1.41765e-09	0.981958
1.41775e-09	0.982182
1.41784e-09	0.982406
1.41793e-09	0.982627
1.41802e-09	0.982848
1.41812e-09	0.983067
1.41821e-09	0.983285
1.4183e-09	0.983501
1.41839e-09	0.983716
1.41849e-09	0.98393
1.41858e-09	0.984142
1.41867e-09	0.984352
1.41876e-09	0.984562
1.41886e-09	0.98477
1.41895e-09	0.984976
1.41904e-09	0.985182
1.41913e-09	0.985385
1.41923e-09	0.985588
1.41932e-09	0.985789
1.41941e-09	0.985988
1.4195e-09	0.986186
1.41959e-09	0.986383
1.41969e-09	0.986578
1.41978e-09	0.986772
1.41987e-09	0.986965
1.41996e-09	0.987156
1.42006e-09	0.987346
1.42015e-09	0.987534
1.42024e-09	0.987721
1.42033e-09	0.987907
1.42043e-09	0.988091
1.42052e-09	0.988274
1.42061e-09	0.988455
1.4207e-09	0.988635
1.4208e-09	0.988814
1.42089e-09	0.988991
1.42098e-09	0.989166
1.42107e-09	0.989341
1.42117e-09	0.989514
1.42126e-09	0.989685
1.42135e-09	0.989855
1.42144e-09	0.990024
1.42154e-09	0.990191
1.42163e-09	0.990357
1.42172e-09	0.990522
1.42181e-09	0.990685
1.4219e-09	0.990846
1.422e-09	0.991007
1.42209e-09	0.991166
1.42218e-09	0.991323
1.42227e-09	0.991479
1.42237e-09	0.991634
1.42246e-09	0.991787
1.42255e-09	0.991939
1.42264e-09	0.992089
1.42274e-09	0.992238
1.42283e-09	0.992386
1.42292e-09	0.992532
1.42301e-09	0.992677
1.42311e-09	0.99282
1.4232e-09	0.992962
1.42329e-09	0.993103
1.42338e-09	0.993242
1.42348e-09	0.993379
1.42357e-09	0.993516
1.42366e-09	0.993651
1.42375e-09	0.993784
1.42385e-09	0.993916
1.42394e-09	0.994047
1.42403e-09	0.994176
1.42412e-09	0.994304
1.42421e-09	0.99443
1.42431e-09	0.994555
1.4244e-09	0.994679
1.42449e-09	0.994801
1.42458e-09	0.994922
1.42468e-09	0.995041
1.42477e-09	0.995159
1.42486e-09	0.995275
1.42495e-09	0.995391
1.42505e-09	0.995504
1.42514e-09	0.995616
1.42523e-09	0.995727
1.42532e-09	0.995837
1.42542e-09	0.995945
1.42551e-09	0.996051
1.4256e-09	0.996157
1.42569e-09	0.99626
1.42579e-09	0.996363
1.42588e-09	0.996464
1.42597e-09	0.996563
1.42606e-09	0.996661
1.42616e-09	0.996758
1.42625e-09	0.996853
1.42634e-09	0.996947
1.42643e-09	0.997039
1.42653e-09	0.99713
1.42662e-09	0.99722
1.42671e-09	0.997308
1.4268e-09	0.997395
1.42689e-09	0.99748
1.42699e-09	0.997564
1.42708e-09	0.997647
1.42717e-09	0.997728
1.42726e-09	0.997807
1.42736e-09	0.997886
1.42745e-09	0.997963
1.42754e-09	0.998038
1.42763e-09	0.998112
1.42773e-09	0.998184
1.42782e-09	0.998256
1.42791e-09	0.998325
1.428e-09	0.998394
1.4281e-09	0.99846
1.42819e-09	0.998526
1.42828e-09	0.99859
1.42837e-09	0.998653
1.42847e-09	0.998714
1.42856e-09	0.998774
1.42865e-09	0.998832
1.42874e-09	0.998889
1.42884e-09	0.998944
1.42893e-09	0.998998
1.42902e-09	0.999051
1.42911e-09	0.999102
1.4292e-09	0.999152
1.4293e-09	0.999201
1.42939e-09	0.999248
1.42948e-09	0.999293
1.42957e-09	0.999337
1.42967e-09	0.99938
1.42976e-09	0.999421
1.42985e-09	0.999461
1.42994e-09	0.9995
1.43004e-09	0.999537
1.43013e-09	0.999572
1.43022e-09	0.999606
1.43031e-09	0.999639
1.43041e-09	0.999671
1.4305e-09	0.9997
1.43059e-09	0.999729
1.43068e-09	0.999756
1.43078e-09	0.999782
1.43087e-09	0.999806
1.43096e-09	0.999829
1.43105e-09	0.99985
1.43115e-09	0.99987
1.43124e-09	0.999888
1.43133e-09	0.999906
1.43142e-09	0.999921
1.43151e-09	0.999936
1.43161e-09	0.999948
1.4317e-09	0.99996
1.43179e-09	0.99997
1.43188e-09	0.999978
1.43198e-09	0.999985
1.43207e-09	0.999991
1.43216e-09	0.999995
1.43225e-09	0.999998
1.43235e-09	1
1.43244e-09	1
1.43253e-09	0.999998
1.43262e-09	0.999996
1.43272e-09	0.999991
1.43281e-09	0.999986
1.4329e-09	0.999979
1.43299e-09	0.99997
1.43309e-09	0.99996
1.43318e-09	0.999949
1.43327e-09	0.999936
1.43336e-09	0.999922
1.43346e-09	0.999906
1.43355e-09	0.999889
1.43364e-09	0.999871
1.43373e-09	0.999851
1.43382e-09	0.999829
1.43392e-09	0.999807
1.43401e-09	0.999783
1.4341e-09	0.999757
1.43419e-09	0.99973
1.43429e-09	0.999702
1.43438e-09	0.999672
1.43447e-09	0.99964
1.43456e-09	0.999608
1.43466e-09	0.999574
1.43475e-09	0.999538
1.43484e-09	0.999501
1.43493e-09	0.999463
1.43503e-09	0.999423
1.43512e-09	0.999382
1.43521e-09	0.999339
1.4353e-09	0.999295
1.4354e-09	0.999249
1.43549e-09	0.999202
1.43558e-09	0.999154
1.43567e-09	0.999104
1.43577e-09	0.999053
1.43586e-09	0.999001
1.43595e-09	0.998946
1.43604e-09	0.998891
1.43614e-09	0.998834
1.43623e-09	0.998776
1.43632e-09	0.998716
1.43641e-09	0.998655
1.4365e-09	0.998592
1.4366e-09	0.998528
1.43669e-09	0.998463
1.43678e-09	0.998396
1.43687e-09	0.998328
1.43697e-09	0.998258
1.43706e-09	0.998187
1.43715e-09	0.998115
1.43724e-09	0.998041
1.43734e-09	0.997966
1.43743e-09	0.997889
1.43752e-09	0.997811
1.43761e-09	0.997731
1.43771e-09	0.99765
1.4378e-09	0.997567
1.43789e-09	0.997484
1.43798e-09	0.997398
1.43808e-09	0.997312
1.43817e-09	0.997224
1.43826e-09	0.997134
1.43835e-09	0.997043
1.43845e-09	0.996951
1.43854e-09	0.996857
1.43863e-09	0.996762
1.43872e-09	0.996665
1.43881e-09	0.996567
1.43891e-09	0.996468
1.439e-09	0.996367
1.43909e-09	0.996264
1.43918e-09	0.996161
1.43928e-09	0.996056
1.43937e-09	0.995949
1.43946e-09	0.995841
1.43955e-09	0.995732
1.43965e-09	0.995621
1.43974e-09	0.995509
1.43983e-09	0.995395
1.43992e-09	0.99528
1.44002e-09	0.995164
1.44011e-09	0.995046
1.4402e-09	0.994926
1.44029e-09	0.994806
1.44039e-09	0.994684
1.44048e-09	0.99456
1.44057e-09	0.994435
1.44066e-09	0.994309
1.44076e-09	0.994181
1.44085e-09	0.994052
1.44094e-09	0.993921
1.44103e-09	0.993789
1.44112e-09	0.993656
1.44122e-09	0.993521
1.44131e-09	0.993385
1.4414e-09	0.993247
1.44149e-09	0.993108
1.44159e-09	0.992967
1.44168e-09	0.992826
1.44177e-09	0.992682
1.44186e-09	0.992538
1.44196e-09	0.992391
1.44205e-09	0.992244
1.44214e-09	0.992095
1.44223e-09	0.991945
1.44233e-09	0.991793
1.44242e-09	0.99164
1.44251e-09	0.991485
1.4426e-09	0.991329
1.4427e-09	0.991172
1.44279e-09	0.991013
1.44288e-09	0.990853
1.44297e-09	0.990691
1.44307e-09	0.990528
1.44316e-09	0.990364
1.44325e-09	0.990198
1.44334e-09	0.990031
1.44343e-09	0.989862
1.44353e-09	0.989692
1.44362e-09	0.98952
1.44371e-09	0.989348
1.4438e-09	0.989173
1.4439e-09	0.988998
1.44399e-09	0.98882
1.44408e-09	0.988642
1.44417e-09	0.988462
1.44427e-09	0.988281
1.44436e-09	0.988098
1.44445e-09	0.987914
1.44454e-09	0.987729
1.44464e-09	0.987542
1.44473e-09	0.987353
1.44482e-09	0.987164
1.44491e-09	0.986973
1.44501e-09	0.98678
1.4451e-09	0.986586
1.44519e-09	0.986391
1.44528e-09	0.986194
1.44538e-09	0.985996
1.44547e-09	0.985796
1.44556e-09	0.985596
1.44565e-09	0.985393
1.44574e-09	0.985189
1.44584e-09	0.984984
1.44593e-09	0.984778
1.44602e-09	0.98457
1.44611e-09	0.984361
1.44621e-09	0.98415
1.4463e-09	0.983938
1.44639e-09	0.983724
1.44648e-09	0.98351
1.44658e-09	0.983293
1.44667e-09	0.983076
1.44676e-09	0.982857
1.44685e-09	0.982636
1.44695e-09	0.982414
1.44704e-09	0.982191
1.44713e-09	0.981966
1.44722e-09	0.98174
1.44732e-09	0.981513
1.44741e-09	0.981284
1.4475e-09	0.981054
1.44759e-09	0.980822
1.44769e-09	0.980589
1.44778e-09	0.980355
1.44787e-09	0.980119
1.44796e-09	0.979882
1.44806e-09	0.979643
1.44815e-09	0.979404
1.44824e-09	0.979162
1.44833e-09	0.97892
1.44842e-09	0.978675
1.44852e-09	0.97843
1.44861e-09	0.978183
1.4487e-09	0.977935
1.44879e-09	0.977685
1.44889e-09	0.977434
1.44898e-09	0.977182
1.44907e-09	0.976928
1.44916e-09	0.976673
1.44926e-09	0.976416
1.44935e-09	0.976158
1.44944e-09	0.975899
1.44953e-09	0.975638
1.44963e-09	0.975376
1.44972e-09	0.975113
1.44981e-09	0.974848
1.4499e-09	0.974582
1.45e-09	0.974314
1.45009e-09	0.974045
1.45018e-09	0.973775
1.45027e-09	0.973503
1.45037e-09	0.97323
1.45046e-09	0.972955
1.45055e-09	0.972679
1.45064e-09	0.972402
1.45073e-09	0.972124
1.45083e-09	0.971844
1.45092e-09	0.971562
1.45101e-09	0.971279
1.4511e-09	0.970995
1.4512e-09	0.97071
1.45129e-09	0.970423
1.45138e-09	0.970135
1.45147e-09	0.969845
1.45157e-09	0.969554
1.45166e-09	0.969262
1.45175e-09	0.968968
1.45184e-09	0.968673
1.45194e-09	0.968376
1.45203e-09	0.968079
1.45212e-09	0.967779
1.45221e-09	0.967479
1.45231e-09	0.967177
1.4524e-09	0.966874
1.45249e-09	0.966569
1.45258e-09	0.966263
1.45268e-09	0.965955
1.45277e-09	0.965647
1.45286e-09	0.965336
1.45295e-09	0.965025
1.45304e-09	0.964712
1.45314e-09	0.964398
1.45323e-09	0.964082
1.45332e-09	0.963765
1.45341e-09	0.963447
1.45351e-09	0.963127
1.4536e-09	0.962806
1.45369e-09	0.962484
1.45378e-09	0.96216
1.45388e-09	0.961835
1.45397e-09	0.961509
1.45406e-09	0.961181
1.45415e-09	0.960852
1.45425e-09	0.960521
1.45434e-09	0.960189
1.45443e-09	0.959856
1.45452e-09	0.959521
1.45462e-09	0.959185
1.45471e-09	0.958848
1.4548e-09	0.958509
1.45489e-09	0.958169
1.45499e-09	0.957828
1.45508e-09	0.957485
1.45517e-09	0.957141
1.45526e-09	0.956796
1.45535e-09	0.956449
1.45545e-09	0.956101
1.45554e-09	0.955751
1.45563e-09	0.955401
1.45572e-09	0.955048
1.45582e-09	0.954695
1.45591e-09	0.95434
1.456e-09	0.953984
1.45609e-09	0.953626
1.45619e-09	0.953267
1.45628e-09	0.952907
1.45637e-09	0.952546
1.45646e-09	0.952183
1.45656e-09	0.951818
1.45665e-09	0.951453
1.45674e-09	0.951086
1.45683e-09	0.950718
1.45693e-09	0.950348
1.45702e-09	0.949977
1.45711e-09	0.949605
1.4572e-09	0.949231
1.4573e-09	0.948856
1.45739e-09	0.94848
1.45748e-09	0.948102
1.45757e-09	0.947723
1.45767e-09	0.947343
1.45776e-09	0.946961
1.45785e-09	0.946578
1.45794e-09	0.946194
1.45803e-09	0.945808
1.45813e-09	0.945422
1.45822e-09	0.945033
1.45831e-09	0.944644
1.4584e-09	0.944253
1.4585e-09	0.94386
1.45859e-09	0.943467
1.45868e-09	0.943072
1.45877e-09	0.942676
1.45887e-09	0.942278
1.45896e-09	0.941879
1.45905e-09	0.941479
1.45914e-09	0.941077
1.45924e-09	0.940674
1.45933e-09	0.94027
1.45942e-09	0.939865
1.45951e-09	0.939458
1.45961e-09	0.93905
1.4597e-09	0.93864
1.45979e-09	0.938229
1.45988e-09	0.937817
1.45998e-09	0.937404
1.46007e-09	0.936989
1.46016e-09	0.936573
1.46025e-09	0.936156
1.46034e-09	0.935737
1.46044e-09	0.935317
1.46053e-09	0.934896
1.46062e-09	0.934473
1.46071e-09	0.934049
1.46081e-09	0.933624
1.4609e-09	0.933197
1.46099e-09	0.93277
1.46108e-09	0.93234
1.46118e-09	0.93191
1.46127e-09	0.931478
1.46136e-09	0.931045
1.46145e-09	0.930611
1.46155e-09	0.930175
1.46164e-09	0.929738
1.46173e-09	0.9293
1.46182e-09	0.92886
1.46192e-09	0.928419
1.46201e-09	0.927977
1.4621e-09	0.927533
1.46219e-09	0.927088
1.46229e-09	0.926642
1.46238e-09	0.926195
1.46247e-09	0.925746
1.46256e-09	0.925296
1.46265e-09	0.924845
1.46275e-09	0.924392
1.46284e-09	0.923938
1.46293e-09	0.923483
1.46302e-09	0.923027
1.46312e-09	0.922569
1.46321e-09	0.92211
1.4633e-09	0.92165
1.46339e-09	0.921188
1.46349e-09	0.920725
1.46358e-09	0.920261
1.46367e-09	0.919795
1.46376e-09	0.919329
1.46386e-09	0.91886
1.46395e-09	0.918391
1.46404e-09	0.917921
1.46413e-09	0.917449
1.46423e-09	0.916975
1.46432e-09	0.916501
1.46441e-09	0.916025
1.4645e-09	0.915548
1.4646e-09	0.91507
1.46469e-09	0.91459
1.46478e-09	0.914109
1.46487e-09	0.913627
1.46496e-09	0.913144
1.46506e-09	0.912659
1.46515e-09	0.912173
1.46524e-09	0.911686
1.46533e-09	0.911197
1.46543e-09	0.910707
1.46552e-09	0.910216
1.46561e-09	0.909724
1.4657e-09	0.90923
1.4658e-09	0.908736
1.46589e-09	0.908239
1.46598e-09	0.907742
1.46607e-09	0.907243
1.46617e-09	0.906743
1.46626e-09	0.906242
1.46635e-09	0.90574
1.46644e-09	0.905236
1.46654e-09	0.904731
1.46663e-09	0.904225
1.46672e-09	0.903717
1.46681e-09	0.903209
1.46691e-09	0.902699
1.467e-09	0.902187
1.46709e-09	0.901675
1.46718e-09	0.901161
1.46727e-09	0.900646
1.46737e-09	0.90013
1.46746e-09	0.899612
1.46755e-09	0.899093
1.46764e-09	0.898573
1.46774e-09	0.898052
1.46783e-09	0.897529
1.46792e-09	0.897006
1.46801e-09	0.896481
1.46811e-09	0.895954
1.4682e-09	0.895427
1.46829e-09	0.894898
1.46838e-09	0.894368
1.46848e-09	0.893837
1.46857e-09	0.893304
1.46866e-09	0.89277
1.46875e-09	0.892235
1.46885e-09	0.891699
1.46894e-09	0.891162
1.46903e-09	0.890623
1.46912e-09	0.890083
1.46922e-09	0.889542
1.46931e-09	0.888999
1.4694e-09	0.888456
1.46949e-09	0.887911
1.46959e-09	0.887365
1.46968e-09	0.886817
1.46977e-09	0.886269
1.46986e-09	0.885719
1.46995e-09	0.885168
1.47005e-09	0.884616
1.47014e-09	0.884062
1.47023e-09	0.883508
1.47032e-09	0.882952
1.47042e-09	0.882395
1.47051e-09	0.881836
1.4706e-09	0.881277
1.47069e-09	0.880716
1.47079e-09	0.880154
1.47088e-09	0.87959
1.47097e-09	0.879026
1.47106e-09	0.87846
1.47116e-09	0.877893
1.47125e-09	0.877325
1.47134e-09	0.876756
1.47143e-09	0.876185
1.47153e-09	0.875614
1.47162e-09	0.875041
1.47171e-09	0.874466
1.4718e-09	0.873891
1.4719e-09	0.873314
1.47199e-09	0.872737
1.47208e-09	0.872158
1.47217e-09	0.871578
1.47226e-09	0.870996
1.47236e-09	0.870413
1.47245e-09	0.86983
1.47254e-09	0.869245
1.47263e-09	0.868658
1.47273e-09	0.868071
1.47282e-09	0.867482
1.47291e-09	0.866893
1.473e-09	0.866302
1.4731e-09	0.865709
1.47319e-09	0.865116
1.47328e-09	0.864521
1.47337e-09	0.863926
1.47347e-09	0.863329
1.47356e-09	0.86273
1.47365e-09	0.862131
1.47374e-09	0.86153
1.47384e-09	0.860929
1.47393e-09	0.860326
1.47402e-09	0.859722
1.47411e-09	0.859116
1.47421e-09	0.85851
1.4743e-09	0.857902
1.47439e-09	0.857294
1.47448e-09	0.856683
1.47457e-09	0.856072
1.47467e-09	0.85546
1.47476e-09	0.854846
1.47485e-09	0.854232
1.47494e-09	0.853616
1.47504e-09	0.852999
1.47513e-09	0.852381
1.47522e-09	0.851761
1.47531e-09	0.851141
1.47541e-09	0.850519
1.4755e-09	0.849896
1.47559e-09	0.849272
1.47568e-09	0.848647
1.47578e-09	0.84802
1.47587e-09	0.847393
1.47596e-09	0.846764
1.47605e-09	0.846134
1.47615e-09	0.845503
1.47624e-09	0.844871
1.47633e-09	0.844237
1.47642e-09	0.843603
1.47652e-09	0.842967
1.47661e-09	0.84233
1.4767e-09	0.841692
1.47679e-09	0.841053
1.47688e-09	0.840413
1.47698e-09	0.839771
1.47707e-09	0.839129
1.47716e-09	0.838485
1.47725e-09	0.83784
1.47735e-09	0.837194
1.47744e-09	0.836547
1.47753e-09	0.835898
1.47762e-09	0.835249
1.47772e-09	0.834598
1.47781e-09	0.833946
1.4779e-09	0.833294
1.47799e-09	0.83264
1.47809e-09	0.831984
1.47818e-09	0.831328
1.47827e-09	0.830671
1.47836e-09	0.830012
1.47846e-09	0.829352
1.47855e-09	0.828691
1.47864e-09	0.828029
1.47873e-09	0.827366
1.47883e-09	0.826702
1.47892e-09	0.826037
1.47901e-09	0.82537
1.4791e-09	0.824703
1.4792e-09	0.824034
1.47929e-09	0.823364
1.47938e-09	0.822693
1.47947e-09	0.822021
1.47956e-09	0.821347
1.47966e-09	0.820673
1.47975e-09	0.819998
1.47984e-09	0.819321
1.47993e-09	0.818643
1.48003e-09	0.817965
1.48012e-09	0.817285
1.48021e-09	0.816604
1.4803e-09	0.815921
1.4804e-09	0.815238
1.48049e-09	0.814554
1.48058e-09	0.813868
1.48067e-09	0.813182
1.48077e-09	0.812494
1.48086e-09	0.811805
1.48095e-09	0.811115
1.48104e-09	0.810424
1.48114e-09	0.809732
1.48123e-09	0.809039
1.48132e-09	0.808345
1.48141e-09	0.807649
1.48151e-09	0.806953
1.4816e-09	0.806255
1.48169e-09	0.805557
1.48178e-09	0.804857
1.48187e-09	0.804156
1.48197e-09	0.803454
1.48206e-09	0.802751
1.48215e-09	0.802047
1.48224e-09	0.801342
1.48234e-09	0.800635
1.48243e-09	0.799928
1.48252e-09	0.799219
1.48261e-09	0.79851
1.48271e-09	0.797799
1.4828e-09	0.797088
1.48289e-09	0.796375
1.48298e-09	0.795661
1.48308e-09	0.794946
1.48317e-09	0.79423
1.48326e-09	0.793513
1.48335e-09	0.792795
1.48345e-09	0.792076
1.48354e-09	0.791355
1.48363e-09	0.790634
1.48372e-09	0.789912
1.48382e-09	0.789188
1.48391e-09	0.788464
1.484e-09	0.787738
1.48409e-09	0.787011
1.48418e-09	0.786283
1.48428e-09	0.785555
1.48437e-09	0.784825
1.48446e-09	0.784094
1.48455e-09	0.783362
1.48465e-09	0.782629
1.48474e-09	0.781895
1.48483e-09	0.78116
1.48492e-09	0.780424
1.48502e-09	0.779686
1.48511e-09	0.778948
1.4852e-09	0.778209
1.48529e-09	0.777468
1.48539e-09	0.776727
1.48548e-09	0.775985
1.48557e-09	0.775241
1.48566e-09	0.774496
1.48576e-09	0.773751
1.48585e-09	0.773004
1.48594e-09	0.772257
1.48603e-09	0.771508
1.48613e-09	0.770758
1.48622e-09	0.770007
1.48631e-09	0.769256
1.4864e-09	0.768503
1.48649e-09	0.767749
1.48659e-09	0.766994
1.48668e-09	0.766238
1.48677e-09	0.765481
1.48686e-09	0.764723
1.48696e-09	0.763964
1.48705e-09	0.763204
1.48714e-09	0.762443
1.48723e-09	0.761681
1.48733e-09	0.760918
1.48742e-09	0.760154
1.48751e-09	0.759389
1.4876e-09	0.758623
1.4877e-09	0.757856
1.48779e-09	0.757088
1.48788e-09	0.756319
1.48797e-09	0.755549
1.48807e-09	0.754777
1.48816e-09	0.754005
1.48825e-09	0.753232
1.48834e-09	0.752458
1.48844e-09	0.751683
1.48853e-09	0.750907
1.48862e-09	0.75013
1.48871e-09	0.749351
1.48881e-09	0.748572
1.4889e-09	0.747792
1.48899e-09	0.747011
1.48908e-09	0.746229
1.48917e-09	0.745446
1.48927e-09	0.744661
1.48936e-09	0.743876
1.48945e-09	0.74309
1.48954e-09	0.742303
1.48964e-09	0.741515
1.48973e-09	0.740726
1.48982e-09	0.739936
1.48991e-09	0.739145
1.49001e-09	0.738353
1.4901e-09	0.73756
1.49019e-09	0.736766
1.49028e-09	0.735971
1.49038e-09	0.735175
1.49047e-09	0.734378
1.49056e-09	0.73358
1.49065e-09	0.732782
1.49075e-09	0.731982
1.49084e-09	0.731181
1.49093e-09	0.730379
1.49102e-09	0.729577
1.49112e-09	0.728773
1.49121e-09	0.727968
1.4913e-09	0.727163
1.49139e-09	0.726356
1.49148e-09	0.725549
1.49158e-09	0.72474
1.49167e-09	0.723931
1.49176e-09	0.723121
1.49185e-09	0.722309
1.49195e-09	0.721497
1.49204e-09	0.720684
1.49213e-09	0.71987
1.49222e-09	0.719055
1.49232e-09	0.718238
1.49241e-09	0.717421
1.4925e-09	0.716604
1.49259e-09	0.715785
1.49269e-09	0.714965
1.49278e-09	0.714144
1.49287e-09	0.713322
1.49296e-09	0.7125
1.49306e-09	0.711676
1.49315e-09	0.710852
1.49324e-09	0.710026
1.49333e-09	0.7092
1.49343e-09	0.708373
1.49352e-09	0.707544
1.49361e-09	0.706715
1.4937e-09	0.705885
1.49379e-09	0.705054
1.49389e-09	0.704222
1.49398e-09	0.703389
1.49407e-09	0.702556
1.49416e-09	0.701721
1.49426e-09	0.700885
1.49435e-09	0.700049
1.49444e-09	0.699211
1.49453e-09	0.698373
1.49463e-09	0.697534
1.49472e-09	0.696694
1.49481e-09	0.695852
1.4949e-09	0.69501
1.495e-09	0.694168
1.49509e-09	0.693324
1.49518e-09	0.692479
1.49527e-09	0.691634
1.49537e-09	0.690787
1.49546e-09	0.68994
1.49555e-09	0.689091
1.49564e-09	0.688242
1.49574e-09	0.687392
1.49583e-09	0.686541
1.49592e-09	0.685689
1.49601e-09	0.684836
1.4961e-09	0.683983
1.4962e-09	0.683128
1.49629e-09	0.682273
1.49638e-09	0.681417
1.49647e-09	0.680559
1.49657e-09	0.679701
1.49666e-09	0.678842
1.49675e-09	0.677983
1.49684e-09	0.677122
1.49694e-09	0.67626
1.49703e-09	0.675398
1.49712e-09	0.674534
1.49721e-09	0.67367
1.49731e-09	0.672805
1.4974e-09	0.671939
1.49749e-09	0.671073
1.49758e-09	0.670205
1.49768e-09	0.669336
1.49777e-09	0.668467
1.49786e-09	0.667597
1.49795e-09	0.666726
1.49805e-09	0.665854
1.49814e-09	0.664981
1.49823e-09	0.664107
1.49832e-09	0.663233
1.49841e-09	0.662357
1.49851e-09	0.661481
1.4986e-09	0.660604
1.49869e-09	0.659726
1.49878e-09	0.658847
1.49888e-09	0.657968
1.49897e-09	0.657087
1.49906e-09	0.656206
1.49915e-09	0.655324
1.49925e-09	0.654441
1.49934e-09	0.653557
1.49943e-09	0.652672
1.49952e-09	0.651787
1.49962e-09	0.6509
1.49971e-09	0.650013
1.4998e-09	0.649125
1.49989e-09	0.648236
1.49999e-09	0.647347
1.50008e-09	0.646456
1.50017e-09	0.645565
1.50026e-09	0.644673
1.50036e-09	0.64378
1.50045e-09	0.642886
1.50054e-09	0.641991
1.50063e-09	0.641096
1.50073e-09	0.6402
1.50082e-09	0.639303
1.50091e-09	0.638405
1.501e-09	0.637506
1.50109e-09	0.636607
1.50119e-09	0.635707
1.50128e-09	0.634806
1.50137e-09	0.633904
1.50146e-09	0.633001
1.50156e-09	0.632097
1.50165e-09	0.631193
1.50174e-09	0.630288
1.50183e-09	0.629382
1.50193e-09	0.628476
1.50202e-09	0.627568
1.50211e-09	0.62666
1.5022e-09	0.625751
1.5023e-09	0.624841
1.50239e-09	0.62393
1.50248e-09	0.623019
1.50257e-09	0.622107
1.50267e-09	0.621194
1.50276e-09	0.62028
1.50285e-09	0.619365
1.50294e-09	0.61845
1.50304e-09	0.617534
1.50313e-09	0.616617
1.50322e-09	0.615699
1.50331e-09	0.614781
1.5034e-09	0.613862
1.5035e-09	0.612942
1.50359e-09	0.612021
1.50368e-09	0.6111
1.50377e-09	0.610177
1.50387e-09	0.609254
1.50396e-09	0.60833
1.50405e-09	0.607406
1.50414e-09	0.606481
1.50424e-09	0.605554
1.50433e-09	0.604628
1.50442e-09	0.6037
1.50451e-09	0.602772
1.50461e-09	0.601843
1.5047e-09	0.600913
1.50479e-09	0.599982
1.50488e-09	0.599051
1.50498e-09	0.598119
1.50507e-09	0.597186
1.50516e-09	0.596252
1.50525e-09	0.595318
1.50535e-09	0.594383
1.50544e-09	0.593447
1.50553e-09	0.592511
1.50562e-09	0.591573
1.50571e-09	0.590636
1.50581e-09	0.589697
1.5059e-09	0.588757
1.50599e-09	0.587817
1.50608e-09	0.586876
1.50618e-09	0.585935
1.50627e-09	0.584992
1.50636e-09	0.584049
1.50645e-09	0.583105
1.50655e-09	0.582161
1.50664e-09	0.581216
1.50673e-09	0.58027
1.50682e-09	0.579323
1.50692e-09	0.578376
1.50701e-09	0.577428
1.5071e-09	0.576479
1.50719e-09	0.575529
1.50729e-09	0.574579
1.50738e-09	0.573628
1.50747e-09	0.572677
1.50756e-09	0.571724
1.50766e-09	0.570771
1.50775e-09	0.569818
1.50784e-09	0.568863
1.50793e-09	0.567908
1.50802e-09	0.566952
1.50812e-09	0.565996
1.50821e-09	0.565039
1.5083e-09	0.564081
1.50839e-09	0.563122
1.50849e-09	0.562163
1.50858e-09	0.561203
1.50867e-09	0.560243
1.50876e-09	0.559281
1.50886e-09	0.558319
1.50895e-09	0.557357
1.50904e-09	0.556393
1.50913e-09	0.555429
1.50923e-09	0.554465
1.50932e-09	0.553499
1.50941e-09	0.552533
1.5095e-09	0.551567
1.5096e-09	0.550599
1.50969e-09	0.549631
1.50978e-09	0.548663
1.50987e-09	0.547693
1.50997e-09	0.546723
1.51006e-09	0.545753
1.51015e-09	0.544781
1.51024e-09	0.543809
1.51034e-09	0.542837
1.51043e-09	0.541864
1.51052e-09	0.54089
1.51061e-09	0.539915
1.5107e-09	0.53894
1.5108e-09	0.537964
1.51089e-09	0.536988
1.51098e-09	0.53601
1.51107e-09	0.535033
1.51117e-09	0.534054
1.51126e-09	0.533075
1.51135e-09	0.532095
1.51144e-09	0.531115
1.51154e-09	0.530134
1.51163e-09	0.529153
1.51172e-09	0.52817
1.51181e-09	0.527188
1.51191e-09	0.526204
1.512e-09	0.52522
1.51209e-09	0.524235
1.51218e-09	0.52325
1.51228e-09	0.522264
1.51237e-09	0.521277
1.51246e-09	0.52029
1.51255e-09	0.519302
1.51265e-09	0.518314
1.51274e-09	0.517325
1.51283e-09	0.516335
1.51292e-09	0.515345
1.51301e-09	0.514354
1.51311e-09	0.513363
1.5132e-09	0.512371
1.51329e-09	0.511378
1.51338e-09	0.510385
1.51348e-09	0.509391
1.51357e-09	0.508396
1.51366e-09	0.507401
1.51375e-09	0.506406
1.51385e-09	0.50541
1.51394e-09	0.504413
1.51403e-09	0.503415
1.51412e-09	0.502417
1.51422e-09	0.501419
1.51431e-09	0.500419
1.5144e-09	0.49942
1.51449e-09	0.498419
1.51459e-09	0.497419
1.51468e-09	0.496417
1.51477e-09	0.495415
1.51486e-09	0.494412
1.51496e-09	0.493409
1.51505e-09	0.492405
1.51514e-09	0.491401
1.51523e-09	0.490396
1.51532e-09	0.489391
1.51542e-09	0.488385
1.51551e-09	0.487378
1.5156e-09	0.486371
1.51569e-09	0.485363
1.51579e-09	0.484355
1.51588e-09	0.483346
1.51597e-09	0.482337
1.51606e-09	0.481327
1.51616e-09	0.480316
1.51625e-09	0.479305
1.51634e-09	0.478294
1.51643e-09	0.477281
1.51653e-09	0.476269
1.51662e-09	0.475256
1.51671e-09	0.474242
1.5168e-09	0.473227
1.5169e-09	0.472213
1.51699e-09	0.471197
1.51708e-09	0.470181
1.51717e-09	0.469165
1.51727e-09	0.468148
1.51736e-09	0.467131
1.51745e-09	0.466112
1.51754e-09	0.465094
1.51763e-09	0.464075
1.51773e-09	0.463055
1.51782e-09	0.462035
1.51791e-09	0.461015
1.518e-09	0.459993
1.5181e-09	0.458972
1.51819e-09	0.45795
1.51828e-09	0.456927
1.51837e-09	0.455904
1.51847e-09	0.45488
1.51856e-09	0.453856
1.51865e-09	0.452831
1.51874e-09	0.451806
1.51884e-09	0.45078
1.51893e-09	0.449754
1.51902e-09	0.448727
1.51911e-09	0.4477
1.51921e-09	0.446672
1.5193e-09	0.445644
1.51939e-09	0.444615
1.51948e-09	0.443586
1.51958e-09	0.442557
1.51967e-09	0.441526
1.51976e-09	0.440496
1.51985e-09	0.439465
1.51994e-09	0.438433
1.52004e-09	0.437401
1.52013e-09	0.436368
1.52022e-09	0.435335
1.52031e-09	0.434302
1.52041e-09	0.433268
1.5205e-09	0.432233
1.52059e-09	0.431198
1.52068e-09	0.430163
1.52078e-09	0.429127
1.52087e-09	0.428091
1.52096e-09	0.427054
1.52105e-09	0.426017
1.52115e-09	0.424979
1.52124e-09	0.423941
1.52133e-09	0.422902
1.52142e-09	0.421863
1.52152e-09	0.420824
1.52161e-09	0.419784
1.5217e-09	0.418743
1.52179e-09	0.417702
1.52189e-09	0.416661
1.52198e-09	0.415619
1.52207e-09	0.414577
1.52216e-09	0.413534
1.52226e-09	0.412491
1.52235e-09	0.411448
1.52244e-09	0.410404
1.52253e-09	0.409359
1.52262e-09	0.408315
1.52272e-09	0.407269
1.52281e-09	0.406224
1.5229e-09	0.405178
1.52299e-09	0.404131
1.52309e-09	0.403084
1.52318e-09	0.402037
1.52327e-09	0.400989
1.52336e-09	0.399941
1.52346e-09	0.398892
1.52355e-09	0.397843
1.52364e-09	0.396793
1.52373e-09	0.395744
1.52383e-09	0.394693
1.52392e-09	0.393643
1.52401e-09	0.392591
1.5241e-09	0.39154
1.5242e-09	0.390488
1.52429e-09	0.389436
1.52438e-09	0.388383
1.52447e-09	0.38733
1.52457e-09	0.386276
1.52466e-09	0.385222
1.52475e-09	0.384168
1.52484e-09	0.383113
1.52493e-09	0.382058
1.52503e-09	0.381003
1.52512e-09	0.379947
1.52521e-09	0.378891
1.5253e-09	0.377834
1.5254e-09	0.376777
1.52549e-09	0.37572
1.52558e-09	0.374662
1.52567e-09	0.373604
1.52577e-09	0.372545
1.52586e-09	0.371487
1.52595e-09	0.370427
1.52604e-09	0.369368
1.52614e-09	0.368308
1.52623e-09	0.367247
1.52632e-09	0.366187
1.52641e-09	0.365126
1.52651e-09	0.364064
1.5266e-09	0.363002
1.52669e-09	0.36194
1.52678e-09	0.360878
1.52688e-09	0.359815
1.52697e-09	0.358752
1.52706e-09	0.357688
1.52715e-09	0.356624
1.52724e-09	0.35556
1.52734e-09	0.354495
1.52743e-09	0.35343
1.52752e-09	0.352365
1.52761e-09	0.351299
1.52771e-09	0.350234
1.5278e-09	0.349167
1.52789e-09	0.348101
1.52798e-09	0.347034
1.52808e-09	0.345966
1.52817e-09	0.344899
1.52826e-09	0.343831
1.52835e-09	0.342763
1.52845e-09	0.341694
1.52854e-09	0.340625
1.52863e-09	0.339556
1.52872e-09	0.338486
1.52882e-09	0.337416
1.52891e-09	0.336346
1.529e-09	0.335276
1.52909e-09	0.334205
1.52919e-09	0.333134
1.52928e-09	0.332062
1.52937e-09	0.330991
1.52946e-09	0.329919
1.52955e-09	0.328846
1.52965e-09	0.327774
1.52974e-09	0.326701
1.52983e-09	0.325627
1.52992e-09	0.324554
1.53002e-09	0.32348
1.53011e-09	0.322406
1.5302e-09	0.321332
1.53029e-09	0.320257
1.53039e-09	0.319182
1.53048e-09	0.318107
1.53057e-09	0.317031
1.53066e-09	0.315955
1.53076e-09	0.314879
1.53085e-09	0.313803
1.53094e-09	0.312726
1.53103e-09	0.311649
1.53113e-09	0.310572
1.53122e-09	0.309494
1.53131e-09	0.308416
1.5314e-09	0.307338
1.5315e-09	0.30626
1.53159e-09	0.305182
1.53168e-09	0.304103
1.53177e-09	0.303024
1.53187e-09	0.301944
1.53196e-09	0.300865
1.53205e-09	0.299785
1.53214e-09	0.298705
1.53223e-09	0.297624
1.53233e-09	0.296544
1.53242e-09	0.295463
1.53251e-09	0.294382
1.5326e-09	0.2933
1.5327e-09	0.292219
1.53279e-09	0.291137
1.53288e-09	0.290055
1.53297e-09	0.288973
1.53307e-09	0.28789
1.53316e-09	0.286807
1.53325e-09	0.285724
1.53334e-09	0.284641
1.53344e-09	0.283557
1.53353e-09	0.282474
1.53362e-09	0.28139
1.53371e-09	0.280306
1.53381e-09	0.279221
1.5339e-09	0.278137
1.53399e-09	0.277052
1.53408e-09	0.275967
1.53418e-09	0.274881
1.53427e-09	0.273796
1.53436e-09	0.27271
1.53445e-09	0.271624
1.53454e-09	0.270538
1.53464e-09	0.269452
1.53473e-09	0.268365
1.53482e-09	0.267279
1.53491e-09	0.266192
1.53501e-09	0.265105
1.5351e-09	0.264017
1.53519e-09	0.26293
1.53528e-09	0.261842
1.53538e-09	0.260754
1.53547e-09	0.259666
1.53556e-09	0.258578
1.53565e-09	0.257489
1.53575e-09	0.256401
1.53584e-09	0.255312
1.53593e-09	0.254223
1.53602e-09	0.253134
1.53612e-09	0.252044
1.53621e-09	0.250955
1.5363e-09	0.249865
1.53639e-09	0.248775
1.53649e-09	0.247685
1.53658e-09	0.246595
1.53667e-09	0.245504
1.53676e-09	0.244413
1.53685e-09	0.243323
1.53695e-09	0.242232
1.53704e-09	0.241141
1.53713e-09	0.240049
1.53722e-09	0.238958
1.53732e-09	0.237867
1.53741e-09	0.236775
1.5375e-09	0.235683
1.53759e-09	0.234591
1.53769e-09	0.233499
1.53778e-09	0.232406
1.53787e-09	0.231314
1.53796e-09	0.230221
1.53806e-09	0.229129
1.53815e-09	0.228036
1.53824e-09	0.226943
1.53833e-09	0.22585
1.53843e-09	0.224756
1.53852e-09	0.223663
1.53861e-09	0.222569
1.5387e-09	0.221476
1.5388e-09	0.220382
1.53889e-09	0.219288
1.53898e-09	0.218194
1.53907e-09	0.217099
1.53916e-09	0.216005
1.53926e-09	0.214911
1.53935e-09	0.213816
1.53944e-09	0.212721
1.53953e-09	0.211627
1.53963e-09	0.210532
1.53972e-09	0.209437
1.53981e-09	0.208342
1.5399e-09	0.207246
1.54e-09	0.206151
1.54009e-09	0.205056
1.54018e-09	0.20396
1.54027e-09	0.202864
1.54037e-09	0.201769
1.54046e-09	0.200673
1.54055e-09	0.199577
1.54064e-09	0.198481
1.54074e-09	0.197385
1.54083e-09	0.196289
1.54092e-09	0.195192
1.54101e-09	0.194096
1.54111e-09	0.192999
1.5412e-09	0.191903
1.54129e-09	0.190806
1.54138e-09	0.18971
1.54147e-09	0.188613
1.54157e-09	0.187516
1.54166e-09	0.186419
1.54175e-09	0.185322
1.54184e-09	0.184225
1.54194e-09	0.183128
1.54203e-09	0.182031
1.54212e-09	0.180933
1.54221e-09	0.179836
1.54231e-09	0.178739
1.5424e-09	0.177641
1.54249e-09	0.176544
1.54258e-09	0.175446
1.54268e-09	0.174348
1.54277e-09	0.173251
1.54286e-09	0.172153
1.54295e-09	0.171055
1.54305e-09	0.169957
1.54314e-09	0.168859
1.54323e-09	0.167761
1.54332e-09	0.166663
1.54342e-09	0.165565
1.54351e-09	0.164467
1.5436e-09	0.163369
1.54369e-09	0.162271
1.54379e-09	0.161173
1.54388e-09	0.160075
1.54397e-09	0.158977
1.54406e-09	0.157878
1.54415e-09	0.15678
1.54425e-09	0.155682
1.54434e-09	0.154583
1.54443e-09	0.153485
1.54452e-09	0.152387
1.54462e-09	0.151288
1.54471e-09	0.15019
1.5448e-09	0.149092
1.54489e-09	0.147993
1.54499e-09	0.146895
1.54508e-09	0.145796
1.54517e-09	0.144698
1.54526e-09	0.143599
1.54536e-09	0.142501
1.54545e-09	0.141402
1.54554e-09	0.140304
1.54563e-09	0.139205
1.54573e-09	0.138107
1.54582e-09	0.137008
1.54591e-09	0.13591
1.546e-09	0.134811
1.5461e-09	0.133713
1.54619e-09	0.132615
1.54628e-09	0.131516
1.54637e-09	0.130418
1.54646e-09	0.129319
1.54656e-09	0.128221
1.54665e-09	0.127123
1.54674e-09	0.126024
1.54683e-09	0.124926
1.54693e-09	0.123828
1.54702e-09	0.122729
1.54711e-09	0.121631
1.5472e-09	0.120533
1.5473e-09	0.119435
1.54739e-09	0.118337
1.54748e-09	0.117239
1.54757e-09	0.116141
1.54767e-09	0.115042
1.54776e-09	0.113945
1.54785e-09	0.112847
1.54794e-09	0.111749
1.54804e-09	0.110651
1.54813e-09	0.109553
1.54822e-09	0.108455
1.54831e-09	0.107358
1.54841e-09	0.10626
1.5485e-09	0.105162
1.54859e-09	0.104065
1.54868e-09	0.102967
1.54877e-09	0.10187
1.54887e-09	0.100772
1.54896e-09	0.0996752
1.54905e-09	0.0985779
1.54914e-09	0.0974808
1.54924e-09	0.0963836
1.54933e-09	0.0952866
1.54942e-09	0.0941897
1.54951e-09	0.0930928
1.54961e-09	0.091996
1.5497e-09	0.0908992
1.54979e-09	0.0898026
1.54988e-09	0.088706
1.54998e-09	0.0876095
1.55007e-09	0.0865131
1.55016e-09	0.0854167
1.55025e-09	0.0843205
1.55035e-09	0.0832243
1.55044e-09	0.0821283
1.55053e-09	0.0810323
1.55062e-09	0.0799364
1.55072e-09	0.0788407
1.55081e-09	0.077745
1.5509e-09	0.0766494
1.55099e-09	0.0755539
1.55108e-09	0.0744585
1.55118e-09	0.0733633
1.55127e-09	0.0722681
1.55136e-09	0.071173
1.55145e-09	0.0700781
1.55155e-09	0.0689832
1.55164e-09	0.0678885
1.55173e-09	0.0667939
1.55182e-09	0.0656994
1.55192e-09	0.064605
1.55201e-09	0.0635107
1.5521e-09	0.0624166
1.55219e-09	0.0613226
1.55229e-09	0.0602287
1.55238e-09	0.0591349
1.55247e-09	0.0580413
1.55256e-09	0.0569478
1.55266e-09	0.0558544
1.55275e-09	0.0547611
1.55284e-09	0.053668
1.55293e-09	0.052575
1.55303e-09	0.0514822
1.55312e-09	0.0503895
1.55321e-09	0.049297
1.5533e-09	0.0482046
1.5534e-09	0.0471123
1.55349e-09	0.0460202
1.55358e-09	0.0449282
1.55367e-09	0.0438364
1.55376e-09	0.0427447
1.55386e-09	0.0416532
1.55395e-09	0.0405618
1.55404e-09	0.0394706
1.55413e-09	0.0383796
1.55423e-09	0.0372887
1.55432e-09	0.036198
1.55441e-09	0.0351074
1.5545e-09	0.034017
1.5546e-09	0.0329268
1.55469e-09	0.0318368
1.55478e-09	0.0307469
1.55487e-09	0.0296572
1.55497e-09	0.0285676
1.55506e-09	0.0274782
1.55515e-09	0.0263891
1.55524e-09	0.0253001
1.55534e-09	0.0242112
1.55543e-09	0.0231226
1.55552e-09	0.0220341
1.55561e-09	0.0209458
1.55571e-09	0.0198578
1.5558e-09	0.0187699
1.55589e-09	0.0176821
1.55598e-09	0.0165946
1.55607e-09	0.0155073
1.55617e-09	0.0144202
1.55626e-09	0.0133333
1.55635e-09	0.0122465
1.55644e-09	0.01116
1.55654e-09	0.0100737
1.55663e-09	0.00898755
1.55672e-09	0.00790163
1.55681e-09	0.00681592
1.55691e-09	0.00573042
1.557e-09	0.00464513
1.55709e-09	0.00356006
1.55718e-09	0.0024752
1.55728e-09	0.00139055
1.55737e-09	0.000306122
1.55746e-09	-0.000778087
1.55755e-09	-0.00186207
1.55765e-09	-0.00294584
1.55774e-09	-0.00402938
1.55783e-09	-0.0051127
1.55792e-09	-0.00619578
1.55802e-09	-0.00727864
1.55811e-09	-0.00836127
1.5582e-09	-0.00944366
1.55829e-09	-0.0105258
1.55838e-09	-0.0116077
1.55848e-09	-0.0126894
1.55857e-09	-0.0137709
1.55866e-09	-0.0148521
1.55875e-09	-0.0159331
1.55885e-09	-0.0170138
1.55894e-09	-0.0180942
1.55903e-09	-0.0191745
1.55912e-09	-0.0202544
1.55922e-09	-0.0213342
1.55931e-09	-0.0224136
1.5594e-09	-0.0234929
1.55949e-09	-0.0245718
1.55959e-09	-0.0256505
1.55968e-09	-0.026729
1.55977e-09	-0.0278072
1.55986e-09	-0.0288851
1.55996e-09	-0.0299628
1.56005e-09	-0.0310401
1.56014e-09	-0.0321173
1.56023e-09	-0.0331941
1.56033e-09	-0.0342707
1.56042e-09	-0.035347
1.56051e-09	-0.0364231
1.5606e-09	-0.0374988
1.56069e-09	-0.0385743
1.56079e-09	-0.0396495
1.56088e-09	-0.0407244
1.56097e-09	-0.0417991
1.56106e-09	-0.0428735
1.56116e-09	-0.0439475
1.56125e-09	-0.0450213
1.56134e-09	-0.0460948
1.56143e-09	-0.047168
1.56153e-09	-0.0482409
1.56162e-09	-0.0493136
1.56171e-09	-0.0503859
1.5618e-09	-0.0514579
1.5619e-09	-0.0525296
1.56199e-09	-0.0536011
1.56208e-09	-0.0546722
1.56217e-09	-0.055743
1.56227e-09	-0.0568136
1.56236e-09	-0.0578838
1.56245e-09	-0.0589537
1.56254e-09	-0.0600233
1.56264e-09	-0.0610925
1.56273e-09	-0.0621615
1.56282e-09	-0.0632302
1.56291e-09	-0.0642985
1.56301e-09	-0.0653665
1.5631e-09	-0.0664342
1.56319e-09	-0.0675016
1.56328e-09	-0.0685687
1.56337e-09	-0.0696354
1.56347e-09	-0.0707018
1.56356e-09	-0.0717679
1.56365e-09	-0.0728336
1.56374e-09	-0.073899
1.56384e-09	-0.0749641
1.56393e-09	-0.0760289
1.56402e-09	-0.0770933
1.56411e-09	-0.0781573
1.56421e-09	-0.0792211
1.5643e-09	-0.0802845
1.56439e-09	-0.0813475
1.56448e-09	-0.0824102
1.56458e-09	-0.0834726
1.56467e-09	-0.0845346
1.56476e-09	-0.0855963
1.56485e-09	-0.0866576
1.56495e-09	-0.0877185
1.56504e-09	-0.0887792
1.56513e-09	-0.0898394
1.56522e-09	-0.0908993
1.56532e-09	-0.0919588
1.56541e-09	-0.093018
1.5655e-09	-0.0940768
1.56559e-09	-0.0951353
1.56568e-09	-0.0961934
1.56578e-09	-0.0972511
1.56587e-09	-0.0983084
1.56596e-09	-0.0993654
1.56605e-09	-0.100422
1.56615e-09	-0.101478
1.56624e-09	-0.102534
1.56633e-09	-0.10359
1.56642e-09	-0.104645
1.56652e-09	-0.105699
1.56661e-09	-0.106754
1.5667e-09	-0.107808
1.56679e-09	-0.108861
1.56689e-09	-0.109915
1.56698e-09	-0.110967
1.56707e-09	-0.11202
1.56716e-09	-0.113072
1.56726e-09	-0.114123
1.56735e-09	-0.115175
1.56744e-09	-0.116226
1.56753e-09	-0.117276
1.56763e-09	-0.118326
1.56772e-09	-0.119376
1.56781e-09	-0.120425
1.5679e-09	-0.121474
1.56799e-09	-0.122522
1.56809e-09	-0.12357
1.56818e-09	-0.124618
1.56827e-09	-0.125665
1.56836e-09	-0.126712
1.56846e-09	-0.127758
1.56855e-09	-0.128804
1.56864e-09	-0.12985
1.56873e-09	-0.130895
1.56883e-09	-0.13194
1.56892e-09	-0.132984
1.56901e-09	-0.134028
1.5691e-09	-0.135071
1.5692e-09	-0.136114
1.56929e-09	-0.137157
1.56938e-09	-0.138199
1.56947e-09	-0.139241
1.56957e-09	-0.140282
1.56966e-09	-0.141323
1.56975e-09	-0.142364
1.56984e-09	-0.143404
1.56994e-09	-0.144443
1.57003e-09	-0.145482
1.57012e-09	-0.146521
1.57021e-09	-0.147559
1.5703e-09	-0.148597
1.5704e-09	-0.149635
1.57049e-09	-0.150671
1.57058e-09	-0.151708
1.57067e-09	-0.152744
1.57077e-09	-0.15378
1.57086e-09	-0.154815
1.57095e-09	-0.155849
1.57104e-09	-0.156884
1.57114e-09	-0.157917
1.57123e-09	-0.158951
1.57132e-09	-0.159983
1.57141e-09	-0.161016
1.57151e-09	-0.162048
1.5716e-09	-0.163079
1.57169e-09	-0.16411
1.57178e-09	-0.165141
1.57188e-09	-0.166171
1.57197e-09	-0.1672
1.57206e-09	-0.168229
1.57215e-09	-0.169258
1.57225e-09	-0.170286
1.57234e-09	-0.171314
1.57243e-09	-0.172341
1.57252e-09	-0.173368
1.57261e-09	-0.174394
1.57271e-09	-0.17542
1.5728e-09	-0.176445
1.57289e-09	-0.17747
1.57298e-09	-0.178494
1.57308e-09	-0.179518
1.57317e-09	-0.180541
1.57326e-09	-0.181564
1.57335e-09	-0.182586
1.57345e-09	-0.183608
1.57354e-09	-0.184629
1.57363e-09	-0.18565
1.57372e-09	-0.18667
1.57382e-09	-0.18769
1.57391e-09	-0.188709
1.574e-09	-0.189728
1.57409e-09	-0.190746
1.57419e-09	-0.191764
1.57428e-09	-0.192782
1.57437e-09	-0.193798
1.57446e-09	-0.194815
1.57456e-09	-0.19583
1.57465e-09	-0.196846
1.57474e-09	-0.19786
1.57483e-09	-0.198874
1.57493e-09	-0.199888
1.57502e-09	-0.200901
1.57511e-09	-0.201914
1.5752e-09	-0.202926
1.57529e-09	-0.203938
1.57539e-09	-0.204949
1.57548e-09	-0.205959
1.57557e-09	-0.206969
1.57566e-09	-0.207979
1.57576e-09	-0.208988
1.57585e-09	-0.209996
1.57594e-09	-0.211004
1.57603e-09	-0.212011
1.57613e-09	-0.213018
1.57622e-09	-0.214024
1.57631e-09	-0.21503
1.5764e-09	-0.216035
1.5765e-09	-0.21704
1.57659e-09	-0.218044
1.57668e-09	-0.219047
1.57677e-09	-0.22005
1.57687e-09	-0.221053
1.57696e-09	-0.222054
1.57705e-09	-0.223056
1.57714e-09	-0.224056
1.57724e-09	-0.225057
1.57733e-09	-0.226056
1.57742e-09	-0.227055
1.57751e-09	-0.228054
1.5776e-09	-0.229052
1.5777e-09	-0.230049
1.57779e-09	-0.231046
1.57788e-09	-0.232042
1.57797e-09	-0.233038
1.57807e-09	-0.234033
1.57816e-09	-0.235028
1.57825e-09	-0.236022
1.57834e-09	-0.237015
1.57844e-09	-0.238008
1.57853e-09	-0.239
1.57862e-09	-0.239992
1.57871e-09	-0.240983
1.57881e-09	-0.241973
1.5789e-09	-0.242963
1.57899e-09	-0.243953
1.57908e-09	-0.244941
1.57918e-09	-0.24593
1.57927e-09	-0.246917
1.57936e-09	-0.247904
1.57945e-09	-0.248891
1.57955e-09	-0.249876
1.57964e-09	-0.250862
1.57973e-09	-0.251846
1.57982e-09	-0.25283
1.57991e-09	-0.253814
1.58001e-09	-0.254796
1.5801e-09	-0.255779
1.58019e-09	-0.25676
1.58028e-09	-0.257741
1.58038e-09	-0.258722
1.58047e-09	-0.259702
1.58056e-09	-0.260681
1.58065e-09	-0.261659
1.58075e-09	-0.262637
1.58084e-09	-0.263615
1.58093e-09	-0.264591
1.58102e-09	-0.265567
1.58112e-09	-0.266543
1.58121e-09	-0.267518
1.5813e-09	-0.268492
1.58139e-09	-0.269466
1.58149e-09	-0.270439
1.58158e-09	-0.271411
1.58167e-09	-0.272383
1.58176e-09	-0.273354
1.58186e-09	-0.274325
1.58195e-09	-0.275295
1.58204e-09	-0.276264
1.58213e-09	-0.277232
1.58222e-09	-0.2782
1.58232e-09	-0.279168
1.58241e-09	-0.280135
1.5825e-09	-0.281101
1.58259e-09	-0.282066
1.58269e-09	-0.283031
1.58278e-09	-0.283995
1.58287e-09	-0.284959
1.58296e-09	-0.285921
1.58306e-09	-0.286884
1.58315e-09	-0.287845
1.58324e-09	-0.288806
1.58333e-09	-0.289766
1.58343e-09	-0.290726
1.58352e-09	-0.291685
1.58361e-09	-0.292643
1.5837e-09	-0.293601
1.5838e-09	-0.294558
1.58389e-09	-0.295514
1.58398e-09	-0.29647
1.58407e-09	-0.297425
1.58417e-09	-0.29838
1.58426e-09	-0.299333
1.58435e-09	-0.300286
1.58444e-09	-0.301239
1.58454e-09	-0.30219
1.58463e-09	-0.303141
1.58472e-09	-0.304092
1.58481e-09	-0.305041
1.5849e-09	-0.305991
1.585e-09	-0.306939
1.58509e-09	-0.307887
1.58518e-09	-0.308834
1.58527e-09	-0.30978
1.58537e-09	-0.310725
1.58546e-09	-0.31167
1.58555e-09	-0.312615
1.58564e-09	-0.313558
1.58574e-09	-0.314501
1.58583e-09	-0.315443
1.58592e-09	-0.316385
1.58601e-09	-0.317326
1.58611e-09	-0.318266
1.5862e-09	-0.319205
1.58629e-09	-0.320144
1.58638e-09	-0.321082
1.58648e-09	-0.32202
1.58657e-09	-0.322956
1.58666e-09	-0.323892
1.58675e-09	-0.324827
1.58685e-09	-0.325762
1.58694e-09	-0.326696
1.58703e-09	-0.327629
1.58712e-09	-0.328561
1.58721e-09	-0.329493
1.58731e-09	-0.330424
1.5874e-09	-0.331355
1.58749e-09	-0.332284
1.58758e-09	-0.333213
1.58768e-09	-0.334141
1.58777e-09	-0.335069
1.58786e-09	-0.335996
1.58795e-09	-0.336922
1.58805e-09	-0.337847
1.58814e-09	-0.338772
1.58823e-09	-0.339696
1.58832e-09	-0.340619
1.58842e-09	-0.341541
1.58851e-09	-0.342463
1.5886e-09	-0.343384
1.58869e-09	-0.344304
1.58879e-09	-0.345224
1.58888e-09	-0.346142
1.58897e-09	-0.347061
1.58906e-09	-0.347978
1.58916e-09	-0.348895
1.58925e-09	-0.34981
1.58934e-09	-0.350726
1.58943e-09	-0.35164
1.58952e-09	-0.352554
1.58962e-09	-0.353467
1.58971e-09	-0.354379
1.5898e-09	-0.35529
1.58989e-09	-0.356201
1.58999e-09	-0.357111
1.59008e-09	-0.35802
1.59017e-09	-0.358928
1.59026e-09	-0.359836
1.59036e-09	-0.360743
1.59045e-09	-0.361649
1.59054e-09	-0.362555
1.59063e-09	-0.363459
1.59073e-09	-0.364363
1.59082e-09	-0.365267
1.59091e-09	-0.366169
1.591e-09	-0.367071
1.5911e-09	-0.367972
1.59119e-09	-0.368872
1.59128e-09	-0.369771
1.59137e-09	-0.37067
1.59147e-09	-0.371568
1.59156e-09	-0.372465
1.59165e-09	-0.373361
1.59174e-09	-0.374257
1.59183e-09	-0.375151
1.59193e-09	-0.376045
1.59202e-09	-0.376939
1.59211e-09	-0.377831
1.5922e-09	-0.378723
1.5923e-09	-0.379614
1.59239e-09	-0.380504
1.59248e-09	-0.381393
1.59257e-09	-0.382282
1.59267e-09	-0.38317
1.59276e-09	-0.384057
1.59285e-09	-0.384943
1.59294e-09	-0.385828
1.59304e-09	-0.386713
1.59313e-09	-0.387597
1.59322e-09	-0.38848
1.59331e-09	-0.389362
1.59341e-09	-0.390244
1.5935e-09	-0.391124
1.59359e-09	-0.392004
1.59368e-09	-0.392883
1.59378e-09	-0.393762
1.59387e-09	-0.394639
1.59396e-09	-0.395516
1.59405e-09	-0.396392
1.59414e-09	-0.397267
1.59424e-09	-0.398141
1.59433e-09	-0.399015
1.59442e-09	-0.399888
1.59451e-09	-0.40076
1.59461e-09	-0.401631
1.5947e-09	-0.402501
1.59479e-09	-0.40337
1.59488e-09	-0.404239
1.59498e-09	-0.405107
1.59507e-09	-0.405974
1.59516e-09	-0.40684
1.59525e-09	-0.407706
1.59535e-09	-0.40857
1.59544e-09	-0.409434
1.59553e-09	-0.410297
1.59562e-09	-0.411159
1.59572e-09	-0.412021
1.59581e-09	-0.412881
1.5959e-09	-0.413741
1.59599e-09	-0.4146
1.59609e-09	-0.415458
1.59618e-09	-0.416315
1.59627e-09	-0.417172
1.59636e-09	-0.418027
1.59646e-09	-0.418882
1.59655e-09	-0.419736
1.59664e-09	-0.420589
1.59673e-09	-0.421441
1.59682e-09	-0.422292
1.59692e-09	-0.423143
1.59701e-09	-0.423993
1.5971e-09	-0.424842
1.59719e-09	-0.42569
1.59729e-09	-0.426537
1.59738e-09	-0.427383
1.59747e-09	-0.428229
1.59756e-09	-0.429074
1.59766e-09	-0.429917
1.59775e-09	-0.43076
1.59784e-09	-0.431603
1.59793e-09	-0.432444
1.59803e-09	-0.433284
1.59812e-09	-0.434124
1.59821e-09	-0.434963
1.5983e-09	-0.435801
1.5984e-09	-0.436638
1.59849e-09	-0.437474
1.59858e-09	-0.438309
1.59867e-09	-0.439144
1.59877e-09	-0.439977
1.59886e-09	-0.44081
1.59895e-09	-0.441642
1.59904e-09	-0.442473
1.59913e-09	-0.443303
1.59923e-09	-0.444133
1.59932e-09	-0.444961
1.59941e-09	-0.445789
1.5995e-09	-0.446615
1.5996e-09	-0.447441
1.59969e-09	-0.448266
1.59978e-09	-0.44909
1.59987e-09	-0.449914
1.59997e-09	-0.450736
1.60006e-09	-0.451558
1.60015e-09	-0.452378
1.60024e-09	-0.453198
1.60034e-09	-0.454017
1.60043e-09	-0.454835
1.60052e-09	-0.455652
1.60061e-09	-0.456468
1.60071e-09	-0.457284
1.6008e-09	-0.458098
1.60089e-09	-0.458912
1.60098e-09	-0.459724
1.60108e-09	-0.460536
1.60117e-09	-0.461347
1.60126e-09	-0.462157
1.60135e-09	-0.462966
1.60144e-09	-0.463775
1.60154e-09	-0.464582
1.60163e-09	-0.465388
1.60172e-09	-0.466194
1.60181e-09	-0.466999
1.60191e-09	-0.467803
1.602e-09	-0.468606
1.60209e-09	-0.469408
1.60218e-09	-0.470209
1.60228e-09	-0.471009
1.60237e-09	-0.471808
1.60246e-09	-0.472607
1.60255e-09	-0.473404
1.60265e-09	-0.474201
1.60274e-09	-0.474997
1.60283e-09	-0.475791
1.60292e-09	-0.476585
1.60302e-09	-0.477378
1.60311e-09	-0.47817
1.6032e-09	-0.478962
1.60329e-09	-0.479752
1.60339e-09	-0.480541
1.60348e-09	-0.48133
1.60357e-09	-0.482117
1.60366e-09	-0.482904
1.60375e-09	-0.48369
1.60385e-09	-0.484474
1.60394e-09	-0.485258
1.60403e-09	-0.486041
1.60412e-09	-0.486823
1.60422e-09	-0.487604
1.60431e-09	-0.488385
1.6044e-09	-0.489164
1.60449e-09	-0.489942
1.60459e-09	-0.49072
1.60468e-09	-0.491496
1.60477e-09	-0.492272
1.60486e-09	-0.493046
1.60496e-09	-0.49382
1.60505e-09	-0.494593
1.60514e-09	-0.495365
1.60523e-09	-0.496136
1.60533e-09	-0.496906
1.60542e-09	-0.497675
1.60551e-09	-0.498443
1.6056e-09	-0.49921
1.6057e-09	-0.499976
1.60579e-09	-0.500742
1.60588e-09	-0.501506
1.60597e-09	-0.50227
1.60607e-09	-0.503032
1.60616e-09	-0.503794
1.60625e-09	-0.504554
1.60634e-09	-0.505314
1.60643e-09	-0.506073
1.60653e-09	-0.506831
1.60662e-09	-0.507587
1.60671e-09	-0.508343
1.6068e-09	-0.509098
1.6069e-09	-0.509852
1.60699e-09	-0.510605
1.60708e-09	-0.511358
1.60717e-09	-0.512109
1.60727e-09	-0.512859
1.60736e-09	-0.513608
1.60745e-09	-0.514357
1.60754e-09	-0.515104
1.60764e-09	-0.51585
1.60773e-09	-0.516596
1.60782e-09	-0.51734
1.60791e-09	-0.518084
1.60801e-09	-0.518826
1.6081e-09	-0.519568
1.60819e-09	-0.520309
1.60828e-09	-0.521048
1.60838e-09	-0.521787
1.60847e-09	-0.522525
1.60856e-09	-0.523262
1.60865e-09	-0.523997
1.60874e-09	-0.524732
1.60884e-09	-0.525466
1.60893e-09	-0.526199
1.60902e-09	-0.526931
1.60911e-09	-0.527662
1.60921e-09	-0.528392
1.6093e-09	-0.529121
1.60939e-09	-0.529849
1.60948e-09	-0.530576
1.60958e-09	-0.531302
1.60967e-09	-0.532028
1.60976e-09	-0.532752
1.60985e-09	-0.533475
1.60995e-09	-0.534197
1.61004e-09	-0.534918
1.61013e-09	-0.535639
1.61022e-09	-0.536358
1.61032e-09	-0.537076
1.61041e-09	-0.537794
1.6105e-09	-0.53851
1.61059e-09	-0.539225
1.61069e-09	-0.53994
1.61078e-09	-0.540653
1.61087e-09	-0.541365
1.61096e-09	-0.542077
1.61105e-09	-0.542787
1.61115e-09	-0.543497
1.61124e-09	-0.544205
1.61133e-09	-0.544912
1.61142e-09	-0.545619
1.61152e-09	-0.546324
1.61161e-09	-0.547029
1.6117e-09	-0.547732
1.61179e-09	-0.548435
1.61189e-09	-0.549136
1.61198e-09	-0.549837
1.61207e-09	-0.550536
1.61216e-09	-0.551235
1.61226e-09	-0.551932
1.61235e-09	-0.552629
1.61244e-09	-0.553324
1.61253e-09	-0.554018
1.61263e-09	-0.554712
1.61272e-09	-0.555404
1.61281e-09	-0.556096
1.6129e-09	-0.556786
1.613e-09	-0.557476
1.61309e-09	-0.558164
1.61318e-09	-0.558852
1.61327e-09	-0.559538
1.61336e-09	-0.560224
1.61346e-09	-0.560908
1.61355e-09	-0.561591
1.61364e-09	-0.562274
1.61373e-09	-0.562955
1.61383e-09	-0.563635
1.61392e-09	-0.564315
1.61401e-09	-0.564993
1.6141e-09	-0.56567
1.6142e-09	-0.566347
1.61429e-09	-0.567022
1.61438e-09	-0.567696
1.61447e-09	-0.56837
1.61457e-09	-0.569042
1.61466e-09	-0.569713
1.61475e-09	-0.570383
1.61484e-09	-0.571052
1.61494e-09	-0.57172
1.61503e-09	-0.572388
1.61512e-09	-0.573054
1.61521e-09	-0.573719
1.61531e-09	-0.574383
1.6154e-09	-0.575046
1.61549e-09	-0.575708
1.61558e-09	-0.576369
1.61568e-09	-0.577029
1.61577e-09	-0.577687
1.61586e-09	-0.578345
1.61595e-09	-0.579002
1.61604e-09	-0.579658
1.61614e-09	-0.580313
1.61623e-09	-0.580966
1.61632e-09	-0.581619
1.61641e-09	-0.582271
1.61651e-09	-0.582921
1.6166e-09	-0.583571
1.61669e-09	-0.58422
1.61678e-09	-0.584867
1.61688e-09	-0.585514
1.61697e-09	-0.586159
1.61706e-09	-0.586803
1.61715e-09	-0.587447
1.61725e-09	-0.588089
1.61734e-09	-0.58873
1.61743e-09	-0.58937
1.61752e-09	-0.59001
1.61762e-09	-0.590648
1.61771e-09	-0.591285
1.6178e-09	-0.591921
1.61789e-09	-0.592556
1.61799e-09	-0.59319
1.61808e-09	-0.593823
1.61817e-09	-0.594455
1.61826e-09	-0.595085
1.61835e-09	-0.595715
1.61845e-09	-0.596344
1.61854e-09	-0.596972
1.61863e-09	-0.597598
1.61872e-09	-0.598224
1.61882e-09	-0.598848
1.61891e-09	-0.599472
1.619e-09	-0.600094
1.61909e-09	-0.600715
1.61919e-09	-0.601336
1.61928e-09	-0.601955
1.61937e-09	-0.602573
1.61946e-09	-0.60319
1.61956e-09	-0.603806
1.61965e-09	-0.604421
1.61974e-09	-0.605035
1.61983e-09	-0.605648
1.61993e-09	-0.60626
1.62002e-09	-0.60687
1.62011e-09	-0.60748
1.6202e-09	-0.608089
1.6203e-09	-0.608696
1.62039e-09	-0.609303
1.62048e-09	-0.609908
1.62057e-09	-0.610512
1.62066e-09	-0.611116
1.62076e-09	-0.611718
1.62085e-09	-0.612319
1.62094e-09	-0.612919
1.62103e-09	-0.613518
1.62113e-09	-0.614116
1.62122e-09	-0.614713
1.62131e-09	-0.615309
1.6214e-09	-0.615903
1.6215e-09	-0.616497
1.62159e-09	-0.61709
1.62168e-09	-0.617681
1.62177e-09	-0.618271
1.62187e-09	-0.618861
1.62196e-09	-0.619449
1.62205e-09	-0.620036
1.62214e-09	-0.620622
1.62224e-09	-0.621207
1.62233e-09	-0.621791
1.62242e-09	-0.622374
1.62251e-09	-0.622956
1.62261e-09	-0.623537
1.6227e-09	-0.624116
1.62279e-09	-0.624695
1.62288e-09	-0.625272
1.62297e-09	-0.625849
1.62307e-09	-0.626424
1.62316e-09	-0.626998
1.62325e-09	-0.627571
1.62334e-09	-0.628143
1.62344e-09	-0.628714
1.62353e-09	-0.629284
1.62362e-09	-0.629853
1.62371e-09	-0.630421
1.62381e-09	-0.630987
1.6239e-09	-0.631553
1.62399e-09	-0.632117
1.62408e-09	-0.632681
1.62418e-09	-0.633243
1.62427e-09	-0.633804
1.62436e-09	-0.634364
1.62445e-09	-0.634923
1.62455e-09	-0.635481
1.62464e-09	-0.636038
1.62473e-09	-0.636593
1.62482e-09	-0.637148
1.62492e-09	-0.637701
1.62501e-09	-0.638254
1.6251e-09	-0.638805
1.62519e-09	-0.639355
1.62528e-09	-0.639904
1.62538e-09	-0.640453
1.62547e-09	-0.640999
1.62556e-09	-0.641545
1.62565e-09	-0.64209
1.62575e-09	-0.642634
1.62584e-09	-0.643176
1.62593e-09	-0.643718
1.62602e-09	-0.644258
1.62612e-09	-0.644797
1.62621e-09	-0.645335
1.6263e-09	-0.645872
1.62639e-09	-0.646408
1.62649e-09	-0.646943
1.62658e-09	-0.647477
1.62667e-09	-0.648009
1.62676e-09	-0.648541
1.62686e-09	-0.649071
1.62695e-09	-0.6496
1.62704e-09	-0.650128
1.62713e-09	-0.650656
1.62723e-09	-0.651181
1.62732e-09	-0.651706
1.62741e-09	-0.65223
1.6275e-09	-0.652753
1.6276e-09	-0.653274
1.62769e-09	-0.653795
1.62778e-09	-0.654314
1.62787e-09	-0.654832
1.62796e-09	-0.655349
1.62806e-09	-0.655865
1.62815e-09	-0.65638
1.62824e-09	-0.656894
1.62833e-09	-0.657406
1.62843e-09	-0.657918
1.62852e-09	-0.658428
1.62861e-09	-0.658937
1.6287e-09	-0.659445
1.6288e-09	-0.659953
1.62889e-09	-0.660458
1.62898e-09	-0.660963
1.62907e-09	-0.661467
1.62917e-09	-0.661969
1.62926e-09	-0.662471
1.62935e-09	-0.662971
1.62944e-09	-0.66347
1.62954e-09	-0.663968
1.62963e-09	-0.664465
1.62972e-09	-0.664961
1.62981e-09	-0.665456
1.62991e-09	-0.66595
1.63e-09	-0.666442
1.63009e-09	-0.666933
1.63018e-09	-0.667424
1.63027e-09	-0.667913
1.63037e-09	-0.668401
1.63046e-09	-0.668887
1.63055e-09	-0.669373
1.63064e-09	-0.669858
1.63074e-09	-0.670341
1.63083e-09	-0.670824
1.63092e-09	-0.671305
1.63101e-09	-0.671785
1.63111e-09	-0.672264
1.6312e-09	-0.672742
1.63129e-09	-0.673218
1.63138e-09	-0.673694
1.63148e-09	-0.674168
1.63157e-09	-0.674642
1.63166e-09	-0.675114
1.63175e-09	-0.675585
1.63185e-09	-0.676055
1.63194e-09	-0.676524
1.63203e-09	-0.676991
1.63212e-09	-0.677458
1.63222e-09	-0.677923
1.63231e-09	-0.678388
1.6324e-09	-0.678851
1.63249e-09	-0.679313
1.63258e-09	-0.679774
1.63268e-09	-0.680233
1.63277e-09	-0.680692
1.63286e-09	-0.681149
1.63295e-09	-0.681606
1.63305e-09	-0.682061
1.63314e-09	-0.682515
1.63323e-09	-0.682968
1.63332e-09	-0.68342
1.63342e-09	-0.68387
1.63351e-09	-0.68432
1.6336e-09	-0.684768
1.63369e-09	-0.685215
1.63379e-09	-0.685661
1.63388e-09	-0.686106
1.63397e-09	-0.68655
1.63406e-09	-0.686993
1.63416e-09	-0.687434
1.63425e-09	-0.687875
1.63434e-09	-0.688314
1.63443e-09	-0.688752
1.63453e-09	-0.689189
1.63462e-09	-0.689625
1.63471e-09	-0.690059
1.6348e-09	-0.690493
1.63489e-09	-0.690925
1.63499e-09	-0.691356
1.63508e-09	-0.691787
1.63517e-09	-0.692215
1.63526e-09	-0.692643
1.63536e-09	-0.69307
1.63545e-09	-0.693495
1.63554e-09	-0.69392
1.63563e-09	-0.694343
1.63573e-09	-0.694765
1.63582e-09	-0.695186
1.63591e-09	-0.695606
1.636e-09	-0.696024
1.6361e-09	-0.696442
1.63619e-09	-0.696858
1.63628e-09	-0.697273
1.63637e-09	-0.697687
1.63647e-09	-0.6981
1.63656e-09	-0.698512
1.63665e-09	-0.698923
1.63674e-09	-0.699332
1.63684e-09	-0.69974
1.63693e-09	-0.700148
1.63702e-09	-0.700554
1.63711e-09	-0.700958
1.63721e-09	-0.701362
1.6373e-09	-0.701765
1.63739e-09	-0.702166
1.63748e-09	-0.702566
1.63757e-09	-0.702965
1.63767e-09	-0.703363
1.63776e-09	-0.70376
1.63785e-09	-0.704156
1.63794e-09	-0.70455
1.63804e-09	-0.704943
1.63813e-09	-0.705336
1.63822e-09	-0.705727
1.63831e-09	-0.706116
1.63841e-09	-0.706505
1.6385e-09	-0.706893
1.63859e-09	-0.707279
1.63868e-09	-0.707664
1.63878e-09	-0.708048
1.63887e-09	-0.708431
1.63896e-09	-0.708813
1.63905e-09	-0.709194
1.63915e-09	-0.709573
1.63924e-09	-0.709951
1.63933e-09	-0.710329
1.63942e-09	-0.710705
1.63952e-09	-0.711079
1.63961e-09	-0.711453
1.6397e-09	-0.711826
1.63979e-09	-0.712197
1.63988e-09	-0.712567
1.63998e-09	-0.712936
1.64007e-09	-0.713304
1.64016e-09	-0.713671
1.64025e-09	-0.714036
1.64035e-09	-0.714401
1.64044e-09	-0.714764
1.64053e-09	-0.715126
1.64062e-09	-0.715487
1.64072e-09	-0.715847
1.64081e-09	-0.716205
1.6409e-09	-0.716563
1.64099e-09	-0.716919
1.64109e-09	-0.717274
1.64118e-09	-0.717628
1.64127e-09	-0.717981
1.64136e-09	-0.718333
1.64146e-09	-0.718683
1.64155e-09	-0.719032
1.64164e-09	-0.71938
1.64173e-09	-0.719727
1.64183e-09	-0.720073
1.64192e-09	-0.720418
1.64201e-09	-0.720761
1.6421e-09	-0.721104
1.64219e-09	-0.721445
1.64229e-09	-0.721785
1.64238e-09	-0.722124
1.64247e-09	-0.722461
1.64256e-09	-0.722798
1.64266e-09	-0.723133
1.64275e-09	-0.723467
1.64284e-09	-0.7238
1.64293e-09	-0.724132
1.64303e-09	-0.724463
1.64312e-09	-0.724793
1.64321e-09	-0.725121
1.6433e-09	-0.725448
1.6434e-09	-0.725774
1.64349e-09	-0.726099
1.64358e-09	-0.726423
1.64367e-09	-0.726745
1.64377e-09	-0.727067
1.64386e-09	-0.727387
1.64395e-09	-0.727706
1.64404e-09	-0.728024
1.64414e-09	-0.72834
1.64423e-09	-0.728656
1.64432e-09	-0.72897
1.64441e-09	-0.729283
1.6445e-09	-0.729595
1.6446e-09	-0.729906
1.64469e-09	-0.730216
1.64478e-09	-0.730525
1.64487e-09	-0.730832
1.64497e-09	-0.731138
1.64506e-09	-0.731443
1.64515e-09	-0.731747
1.64524e-09	-0.73205
1.64534e-09	-0.732351
1.64543e-09	-0.732652
1.64552e-09	-0.732951
1.64561e-09	-0.733249
1.64571e-09	-0.733546
1.6458e-09	-0.733841
1.64589e-09	-0.734136
1.64598e-09	-0.734429
1.64608e-09	-0.734721
1.64617e-09	-0.735012
1.64626e-09	-0.735302
1.64635e-09	-0.735591
1.64645e-09	-0.735878
1.64654e-09	-0.736165
1.64663e-09	-0.73645
1.64672e-09	-0.736734
1.64681e-09	-0.737017
1.64691e-09	-0.737298
1.647e-09	-0.737579
1.64709e-09	-0.737858
1.64718e-09	-0.738136
1.64728e-09	-0.738413
1.64737e-09	-0.738689
1.64746e-09	-0.738964
1.64755e-09	-0.739237
1.64765e-09	-0.73951
1.64774e-09	-0.739781
1.64783e-09	-0.740051
1.64792e-09	-0.740319
1.64802e-09	-0.740587
1.64811e-09	-0.740853
1.6482e-09	-0.741119
1.64829e-09	-0.741383
1.64839e-09	-0.741646
1.64848e-09	-0.741908
1.64857e-09	-0.742168
1.64866e-09	-0.742428
1.64876e-09	-0.742686
1.64885e-09	-0.742943
1.64894e-09	-0.743199
1.64903e-09	-0.743454
1.64913e-09	-0.743707
1.64922e-09	-0.74396
1.64931e-09	-0.744211
1.6494e-09	-0.744461
1.64949e-09	-0.74471
1.64959e-09	-0.744958
1.64968e-09	-0.745204
1.64977e-09	-0.745449
1.64986e-09	-0.745694
1.64996e-09	-0.745937
1.65005e-09	-0.746179
1.65014e-09	-0.746419
1.65023e-09	-0.746659
1.65033e-09	-0.746897
1.65042e-09	-0.747134
1.65051e-09	-0.74737
1.6506e-09	-0.747605
1.6507e-09	-0.747839
1.65079e-09	-0.748071
1.65088e-09	-0.748303
1.65097e-09	-0.748533
1.65107e-09	-0.748762
1.65116e-09	-0.74899
1.65125e-09	-0.749216
1.65134e-09	-0.749442
1.65144e-09	-0.749666
1.65153e-09	-0.749889
1.65162e-09	-0.750111
1.65171e-09	-0.750332
1.6518e-09	-0.750552
1.6519e-09	-0.75077
1.65199e-09	-0.750988
1.65208e-09	-0.751204
1.65217e-09	-0.751419
1.65227e-09	-0.751633
1.65236e-09	-0.751845
1.65245e-09	-0.752057
1.65254e-09	-0.752267
1.65264e-09	-0.752476
1.65273e-09	-0.752684
1.65282e-09	-0.752891
1.65291e-09	-0.753096
1.65301e-09	-0.753301
1.6531e-09	-0.753504
1.65319e-09	-0.753706
1.65328e-09	-0.753907
1.65338e-09	-0.754107
1.65347e-09	-0.754305
1.65356e-09	-0.754503
1.65365e-09	-0.754699
1.65375e-09	-0.754894
1.65384e-09	-0.755088
1.65393e-09	-0.755281
1.65402e-09	-0.755472
1.65411e-09	-0.755663
1.65421e-09	-0.755852
1.6543e-09	-0.75604
1.65439e-09	-0.756227
1.65448e-09	-0.756413
1.65458e-09	-0.756597
1.65467e-09	-0.756781
1.65476e-09	-0.756963
1.65485e-09	-0.757144
1.65495e-09	-0.757324
1.65504e-09	-0.757503
1.65513e-09	-0.75768
1.65522e-09	-0.757857
1.65532e-09	-0.758032
1.65541e-09	-0.758206
1.6555e-09	-0.758379
1.65559e-09	-0.758551
1.65569e-09	-0.758721
1.65578e-09	-0.758891
1.65587e-09	-0.759059
1.65596e-09	-0.759226
1.65606e-09	-0.759392
1.65615e-09	-0.759557
1.65624e-09	-0.75972
1.65633e-09	-0.759883
1.65642e-09	-0.760044
1.65652e-09	-0.760204
1.65661e-09	-0.760363
1.6567e-09	-0.760521
1.65679e-09	-0.760677
1.65689e-09	-0.760833
1.65698e-09	-0.760987
1.65707e-09	-0.76114
1.65716e-09	-0.761292
1.65726e-09	-0.761443
1.65735e-09	-0.761592
1.65744e-09	-0.761741
1.65753e-09	-0.761888
1.65763e-09	-0.762034
1.65772e-09	-0.762179
1.65781e-09	-0.762323
1.6579e-09	-0.762465
1.658e-09	-0.762607
1.65809e-09	-0.762747
1.65818e-09	-0.762886
1.65827e-09	-0.763024
1.65837e-09	-0.763161
1.65846e-09	-0.763297
1.65855e-09	-0.763431
1.65864e-09	-0.763564
1.65874e-09	-0.763697
1.65883e-09	-0.763828
1.65892e-09	-0.763957
1.65901e-09	-0.764086
1.6591e-09	-0.764214
1.6592e-09	-0.76434
1.65929e-09	-0.764465
1.65938e-09	-0.764589
1.65947e-09	-0.764712
1.65957e-09	-0.764834
1.65966e-09	-0.764954
1.65975e-09	-0.765074
1.65984e-09	-0.765192
1.65994e-09	-0.765309
1.66003e-09	-0.765425
1.66012e-09	-0.76554
1.66021e-09	-0.765653
1.66031e-09	-0.765766
1.6604e-09	-0.765877
1.66049e-09	-0.765987
1.66058e-09	-0.766096
1.66068e-09	-0.766204
1.66077e-09	-0.766311
1.66086e-09	-0.766416
1.66095e-09	-0.766521
1.66105e-09	-0.766624
1.66114e-09	-0.766726
1.66123e-09	-0.766827
1.66132e-09	-0.766927
1.66141e-09	-0.767025
1.66151e-09	-0.767123
1.6616e-09	-0.767219
1.66169e-09	-0.767314
1.66178e-09	-0.767408
1.66188e-09	-0.767501
1.66197e-09	-0.767592
1.66206e-09	-0.767683
1.66215e-09	-0.767772
1.66225e-09	-0.76786
1.66234e-09	-0.767947
1.66243e-09	-0.768033
1.66252e-09	-0.768118
1.66262e-09	-0.768202
1.66271e-09	-0.768284
1.6628e-09	-0.768365
1.66289e-09	-0.768446
1.66299e-09	-0.768525
1.66308e-09	-0.768602
1.66317e-09	-0.768679
1.66326e-09	-0.768755
1.66336e-09	-0.768829
1.66345e-09	-0.768902
1.66354e-09	-0.768974
1.66363e-09	-0.769045
1.66372e-09	-0.769115
1.66382e-09	-0.769184
1.66391e-09	-0.769251
1.664e-09	-0.769318
1.66409e-09	-0.769383
1.66419e-09	-0.769447
1.66428e-09	-0.76951
1.66437e-09	-0.769572
1.66446e-09	-0.769632
1.66456e-09	-0.769692
1.66465e-09	-0.76975
1.66474e-09	-0.769807
1.66483e-09	-0.769863
1.66493e-09	-0.769918
1.66502e-09	-0.769972
1.66511e-09	-0.770025
1.6652e-09	-0.770076
1.6653e-09	-0.770126
1.66539e-09	-0.770176
1.66548e-09	-0.770224
1.66557e-09	-0.770271
1.66567e-09	-0.770316
1.66576e-09	-0.770361
1.66585e-09	-0.770404
1.66594e-09	-0.770447
1.66603e-09	-0.770488
1.66613e-09	-0.770528
1.66622e-09	-0.770567
1.66631e-09	-0.770605
1.6664e-09	-0.770641
1.6665e-09	-0.770677
1.66659e-09	-0.770711
1.66668e-09	-0.770744
1.66677e-09	-0.770777
1.66687e-09	-0.770808
1.66696e-09	-0.770837
1.66705e-09	-0.770866
1.66714e-09	-0.770894
1.66724e-09	-0.77092
1.66733e-09	-0.770945
1.66742e-09	-0.770969
1.66751e-09	-0.770992
1.66761e-09	-0.771014
1.6677e-09	-0.771035
1.66779e-09	-0.771055
1.66788e-09	-0.771073
1.66798e-09	-0.77109
1.66807e-09	-0.771107
1.66816e-09	-0.771122
1.66825e-09	-0.771136
1.66834e-09	-0.771149
1.66844e-09	-0.77116
1.66853e-09	-0.771171
1.66862e-09	-0.77118
1.66871e-09	-0.771188
1.66881e-09	-0.771196
1.6689e-09	-0.771202
1.66899e-09	-0.771207
1.66908e-09	-0.77121
1.66918e-09	-0.771213
1.66927e-09	-0.771215
1.66936e-09	-0.771215
1.66945e-09	-0.771214
1.66955e-09	-0.771212
1.66964e-09	-0.771209
1.66973e-09	-0.771205
1.66982e-09	-0.7712
1.66992e-09	-0.771194
1.67001e-09	-0.771186
1.6701e-09	-0.771178
1.67019e-09	-0.771168
1.67029e-09	-0.771157
1.67038e-09	-0.771145
1.67047e-09	-0.771132
1.67056e-09	-0.771118
1.67066e-09	-0.771103
1.67075e-09	-0.771086
1.67084e-09	-0.771069
1.67093e-09	-0.77105
1.67102e-09	-0.77103
1.67112e-09	-0.771009
1.67121e-09	-0.770987
1.6713e-09	-0.770964
1.67139e-09	-0.77094
1.67149e-09	-0.770914
1.67158e-09	-0.770888
1.67167e-09	-0.77086
1.67176e-09	-0.770832
1.67186e-09	-0.770802
1.67195e-09	-0.770771
1.67204e-09	-0.770739
1.67213e-09	-0.770705
1.67223e-09	-0.770671
1.67232e-09	-0.770636
1.67241e-09	-0.770599
1.6725e-09	-0.770562
1.6726e-09	-0.770523
1.67269e-09	-0.770483
1.67278e-09	-0.770442
1.67287e-09	-0.7704
1.67297e-09	-0.770357
1.67306e-09	-0.770312
1.67315e-09	-0.770267
1.67324e-09	-0.770221
1.67333e-09	-0.770173
1.67343e-09	-0.770124
1.67352e-09	-0.770074
1.67361e-09	-0.770023
1.6737e-09	-0.769971
1.6738e-09	-0.769918
1.67389e-09	-0.769864
1.67398e-09	-0.769809
1.67407e-09	-0.769752
1.67417e-09	-0.769695
1.67426e-09	-0.769636
1.67435e-09	-0.769576
1.67444e-09	-0.769515
1.67454e-09	-0.769453
1.67463e-09	-0.76939
1.67472e-09	-0.769326
1.67481e-09	-0.769261
1.67491e-09	-0.769194
1.675e-09	-0.769127
1.67509e-09	-0.769058
1.67518e-09	-0.768989
1.67528e-09	-0.768918
1.67537e-09	-0.768846
1.67546e-09	-0.768773
1.67555e-09	-0.768699
1.67564e-09	-0.768624
1.67574e-09	-0.768548
1.67583e-09	-0.76847
1.67592e-09	-0.768392
1.67601e-09	-0.768313
1.67611e-09	-0.768232
1.6762e-09	-0.76815
1.67629e-09	-0.768067
1.67638e-09	-0.767984
1.67648e-09	-0.767899
1.67657e-09	-0.767813
1.67666e-09	-0.767725
1.67675e-09	-0.767637
1.67685e-09	-0.767548
1.67694e-09	-0.767457
1.67703e-09	-0.767366
1.67712e-09	-0.767273
1.67722e-09	-0.76718
1.67731e-09	-0.767085
1.6774e-09	-0.766989
1.67749e-09	-0.766892
1.67759e-09	-0.766794
1.67768e-09	-0.766695
1.67777e-09	-0.766595
1.67786e-09	-0.766494
1.67795e-09	-0.766392
1.67805e-09	-0.766288
1.67814e-09	-0.766184
1.67823e-09	-0.766078
1.67832e-09	-0.765971
1.67842e-09	-0.765864
1.67851e-09	-0.765755
1.6786e-09	-0.765645
1.67869e-09	-0.765534
1.67879e-09	-0.765422
1.67888e-09	-0.765309
1.67897e-09	-0.765195
1.67906e-09	-0.76508
1.67916e-09	-0.764963
1.67925e-09	-0.764846
1.67934e-09	-0.764727
1.67943e-09	-0.764608
1.67953e-09	-0.764487
1.67962e-09	-0.764366
1.67971e-09	-0.764243
1.6798e-09	-0.764119
1.6799e-09	-0.763994
1.67999e-09	-0.763868
1.68008e-09	-0.763741
1.68017e-09	-0.763613
1.68027e-09	-0.763484
1.68036e-09	-0.763354
1.68045e-09	-0.763222
1.68054e-09	-0.76309
1.68063e-09	-0.762957
1.68073e-09	-0.762822
1.68082e-09	-0.762687
1.68091e-09	-0.76255
1.681e-09	-0.762412
1.6811e-09	-0.762274
1.68119e-09	-0.762134
1.68128e-09	-0.761993
1.68137e-09	-0.761851
1.68147e-09	-0.761708
1.68156e-09	-0.761564
1.68165e-09	-0.761419
1.68174e-09	-0.761273
1.68184e-09	-0.761126
1.68193e-09	-0.760978
1.68202e-09	-0.760828
1.68211e-09	-0.760678
1.68221e-09	-0.760527
1.6823e-09	-0.760374
1.68239e-09	-0.760221
1.68248e-09	-0.760066
1.68258e-09	-0.759911
1.68267e-09	-0.759754
1.68276e-09	-0.759596
1.68285e-09	-0.759437
1.68294e-09	-0.759278
1.68304e-09	-0.759117
1.68313e-09	-0.758955
1.68322e-09	-0.758792
1.68331e-09	-0.758628
1.68341e-09	-0.758463
1.6835e-09	-0.758297
1.68359e-09	-0.75813
1.68368e-09	-0.757962
1.68378e-09	-0.757793
1.68387e-09	-0.757622
1.68396e-09	-0.757451
1.68405e-09	-0.757279
1.68415e-09	-0.757105
1.68424e-09	-0.756931
1.68433e-09	-0.756756
1.68442e-09	-0.756579
1.68452e-09	-0.756402
1.68461e-09	-0.756223
1.6847e-09	-0.756043
1.68479e-09	-0.755863
1.68489e-09	-0.755681
1.68498e-09	-0.755499
1.68507e-09	-0.755315
1.68516e-09	-0.75513
1.68525e-09	-0.754944
1.68535e-09	-0.754758
1.68544e-09	-0.75457
1.68553e-09	-0.754381
1.68562e-09	-0.754191
1.68572e-09	-0.754
1.68581e-09	-0.753808
1.6859e-09	-0.753615
1.68599e-09	-0.753421
1.68609e-09	-0.753226
1.68618e-09	-0.75303
1.68627e-09	-0.752833
1.68636e-09	-0.752635
1.68646e-09	-0.752436
1.68655e-09	-0.752236
1.68664e-09	-0.752035
1.68673e-09	-0.751833
1.68683e-09	-0.75163
1.68692e-09	-0.751425
1.68701e-09	-0.75122
1.6871e-09	-0.751014
1.6872e-09	-0.750807
1.68729e-09	-0.750598
1.68738e-09	-0.750389
1.68747e-09	-0.750179
1.68756e-09	-0.749968
1.68766e-09	-0.749755
1.68775e-09	-0.749542
1.68784e-09	-0.749328
1.68793e-09	-0.749112
1.68803e-09	-0.748896
1.68812e-09	-0.748679
1.68821e-09	-0.74846
1.6883e-09	-0.748241
1.6884e-09	-0.748021
1.68849e-09	-0.747799
1.68858e-09	-0.747577
1.68867e-09	-0.747353
1.68877e-09	-0.747129
1.68886e-09	-0.746904
1.68895e-09	-0.746677
1.68904e-09	-0.74645
1.68914e-09	-0.746221
1.68923e-09	-0.745992
1.68932e-09	-0.745762
1.68941e-09	-0.74553
1.68951e-09	-0.745298
1.6896e-09	-0.745065
1.68969e-09	-0.74483
1.68978e-09	-0.744595
1.68988e-09	-0.744358
1.68997e-09	-0.744121
1.69006e-09	-0.743883
1.69015e-09	-0.743643
1.69024e-09	-0.743403
1.69034e-09	-0.743162
1.69043e-09	-0.74292
1.69052e-09	-0.742676
1.69061e-09	-0.742432
1.69071e-09	-0.742187
1.6908e-09	-0.74194
1.69089e-09	-0.741693
1.69098e-09	-0.741445
1.69108e-09	-0.741196
1.69117e-09	-0.740946
1.69126e-09	-0.740694
1.69135e-09	-0.740442
1.69145e-09	-0.740189
1.69154e-09	-0.739935
1.69163e-09	-0.73968
1.69172e-09	-0.739424
1.69182e-09	-0.739167
1.69191e-09	-0.738909
1.692e-09	-0.73865
1.69209e-09	-0.73839
1.69219e-09	-0.738129
1.69228e-09	-0.737867
1.69237e-09	-0.737604
1.69246e-09	-0.73734
1.69255e-09	-0.737075
1.69265e-09	-0.736809
1.69274e-09	-0.736543
1.69283e-09	-0.736275
1.69292e-09	-0.736006
1.69302e-09	-0.735737
1.69311e-09	-0.735466
1.6932e-09	-0.735194
1.69329e-09	-0.734922
1.69339e-09	-0.734648
1.69348e-09	-0.734374
1.69357e-09	-0.734098
1.69366e-09	-0.733822
1.69376e-09	-0.733544
1.69385e-09	-0.733266
1.69394e-09	-0.732987
1.69403e-09	-0.732706
1.69413e-09	-0.732425
1.69422e-09	-0.732143
1.69431e-09	-0.73186
1.6944e-09	-0.731576
1.6945e-09	-0.731291
1.69459e-09	-0.731005
1.69468e-09	-0.730718
1.69477e-09	-0.73043
1.69486e-09	-0.730141
1.69496e-09	-0.729851
1.69505e-09	-0.729561
1.69514e-09	-0.729269
1.69523e-09	-0.728976
1.69533e-09	-0.728683
1.69542e-09	-0.728388
1.69551e-09	-0.728093
1.6956e-09	-0.727796
1.6957e-09	-0.727499
1.69579e-09	-0.727201
1.69588e-09	-0.726902
1.69597e-09	-0.726601
1.69607e-09	-0.7263
1.69616e-09	-0.725998
1.69625e-09	-0.725695
1.69634e-09	-0.725391
1.69644e-09	-0.725087
1.69653e-09	-0.724781
1.69662e-09	-0.724474
1.69671e-09	-0.724166
1.69681e-09	-0.723858
1.6969e-09	-0.723548
1.69699e-09	-0.723238
1.69708e-09	-0.722926
1.69717e-09	-0.722614
1.69727e-09	-0.722301
1.69736e-09	-0.721987
1.69745e-09	-0.721672
1.69754e-09	-0.721356
1.69764e-09	-0.721039
1.69773e-09	-0.720721
1.69782e-09	-0.720402
1.69791e-09	-0.720082
1.69801e-09	-0.719762
1.6981e-09	-0.71944
1.69819e-09	-0.719118
1.69828e-09	-0.718794
1.69838e-09	-0.71847
1.69847e-09	-0.718145
1.69856e-09	-0.717819
1.69865e-09	-0.717492
1.69875e-09	-0.717164
1.69884e-09	-0.716835
1.69893e-09	-0.716505
1.69902e-09	-0.716174
1.69912e-09	-0.715843
1.69921e-09	-0.71551
1.6993e-09	-0.715177
1.69939e-09	-0.714842
1.69948e-09	-0.714507
1.69958e-09	-0.714171
1.69967e-09	-0.713834
1.69976e-09	-0.713496
1.69985e-09	-0.713157
1.69995e-09	-0.712818
1.70004e-09	-0.712477
1.70013e-09	-0.712135
1.70022e-09	-0.711793
1.70032e-09	-0.71145
1.70041e-09	-0.711105
1.7005e-09	-0.71076
1.70059e-09	-0.710414
1.70069e-09	-0.710067
1.70078e-09	-0.70972
1.70087e-09	-0.709371
1.70096e-09	-0.709021
1.70106e-09	-0.708671
1.70115e-09	-0.708319
1.70124e-09	-0.707967
1.70133e-09	-0.707614
1.70143e-09	-0.70726
1.70152e-09	-0.706905
1.70161e-09	-0.706549
1.7017e-09	-0.706192
1.7018e-09	-0.705835
1.70189e-09	-0.705476
1.70198e-09	-0.705117
1.70207e-09	-0.704757
1.70216e-09	-0.704396
1.70226e-09	-0.704034
1.70235e-09	-0.703671
1.70244e-09	-0.703307
1.70253e-09	-0.702943
1.70263e-09	-0.702577
1.70272e-09	-0.702211
1.70281e-09	-0.701844
1.7029e-09	-0.701475
1.703e-09	-0.701106
1.70309e-09	-0.700737
1.70318e-09	-0.700366
1.70327e-09	-0.699994
1.70337e-09	-0.699622
1.70346e-09	-0.699249
1.70355e-09	-0.698874
1.70364e-09	-0.698499
1.70374e-09	-0.698124
1.70383e-09	-0.697747
1.70392e-09	-0.697369
1.70401e-09	-0.696991
1.70411e-09	-0.696611
1.7042e-09	-0.696231
1.70429e-09	-0.69585
1.70438e-09	-0.695468
1.70447e-09	-0.695085
1.70457e-09	-0.694702
1.70466e-09	-0.694317
1.70475e-09	-0.693932
1.70484e-09	-0.693546
1.70494e-09	-0.693159
1.70503e-09	-0.692771
1.70512e-09	-0.692382
1.70521e-09	-0.691993
1.70531e-09	-0.691602
1.7054e-09	-0.691211
1.70549e-09	-0.690819
1.70558e-09	-0.690426
1.70568e-09	-0.690032
1.70577e-09	-0.689638
1.70586e-09	-0.689242
1.70595e-09	-0.688846
1.70605e-09	-0.688449
1.70614e-09	-0.688051
1.70623e-09	-0.687652
1.70632e-09	-0.687252
1.70642e-09	-0.686852
1.70651e-09	-0.68645
1.7066e-09	-0.686048
1.70669e-09	-0.685645
1.70678e-09	-0.685241
1.70688e-09	-0.684837
1.70697e-09	-0.684431
1.70706e-09	-0.684025
1.70715e-09	-0.683618
1.70725e-09	-0.68321
1.70734e-09	-0.682801
1.70743e-09	-0.682391
1.70752e-09	-0.681981
1.70762e-09	-0.68157
1.70771e-09	-0.681158
1.7078e-09	-0.680745
1.70789e-09	-0.680331
1.70799e-09	-0.679917
1.70808e-09	-0.679501
1.70817e-09	-0.679085
1.70826e-09	-0.678668
1.70836e-09	-0.67825
1.70845e-09	-0.677832
1.70854e-09	-0.677412
1.70863e-09	-0.676992
1.70873e-09	-0.676571
1.70882e-09	-0.676149
1.70891e-09	-0.675727
1.709e-09	-0.675303
1.70909e-09	-0.674879
1.70919e-09	-0.674454
1.70928e-09	-0.674028
1.70937e-09	-0.673601
1.70946e-09	-0.673174
1.70956e-09	-0.672746
1.70965e-09	-0.672317
1.70974e-09	-0.671887
1.70983e-09	-0.671456
1.70993e-09	-0.671025
1.71002e-09	-0.670592
1.71011e-09	-0.670159
1.7102e-09	-0.669726
1.7103e-09	-0.669291
1.71039e-09	-0.668856
1.71048e-09	-0.668419
1.71057e-09	-0.667982
1.71067e-09	-0.667545
1.71076e-09	-0.667106
1.71085e-09	-0.666667
1.71094e-09	-0.666227
1.71104e-09	-0.665786
1.71113e-09	-0.665344
1.71122e-09	-0.664901
1.71131e-09	-0.664458
1.71141e-09	-0.664014
1.7115e-09	-0.663569
1.71159e-09	-0.663124
1.71168e-09	-0.662677
1.71177e-09	-0.66223
1.71187e-09	-0.661782
1.71196e-09	-0.661334
1.71205e-09	-0.660884
1.71214e-09	-0.660434
1.71224e-09	-0.659983
1.71233e-09	-0.659531
1.71242e-09	-0.659079
1.71251e-09	-0.658625
1.71261e-09	-0.658171
1.7127e-09	-0.657716
1.71279e-09	-0.657261
1.71288e-09	-0.656805
1.71298e-09	-0.656347
1.71307e-09	-0.655889
1.71316e-09	-0.655431
1.71325e-09	-0.654971
1.71335e-09	-0.654511
1.71344e-09	-0.65405
1.71353e-09	-0.653589
1.71362e-09	-0.653126
1.71372e-09	-0.652663
1.71381e-09	-0.652199
1.7139e-09	-0.651735
1.71399e-09	-0.651269
1.71408e-09	-0.650803
1.71418e-09	-0.650336
1.71427e-09	-0.649868
1.71436e-09	-0.6494
1.71445e-09	-0.648931
1.71455e-09	-0.648461
1.71464e-09	-0.64799
1.71473e-09	-0.647519
1.71482e-09	-0.647047
1.71492e-09	-0.646574
1.71501e-09	-0.6461
1.7151e-09	-0.645626
1.71519e-09	-0.645151
1.71529e-09	-0.644675
1.71538e-09	-0.644199
1.71547e-09	-0.643721
1.71556e-09	-0.643243
1.71566e-09	-0.642765
1.71575e-09	-0.642285
1.71584e-09	-0.641805
1.71593e-09	-0.641324
1.71603e-09	-0.640842
1.71612e-09	-0.64036
1.71621e-09	-0.639877
1.7163e-09	-0.639393
1.71639e-09	-0.638909
1.71649e-09	-0.638424
1.71658e-09	-0.637938
1.71667e-09	-0.637451
1.71676e-09	-0.636963
1.71686e-09	-0.636475
1.71695e-09	-0.635987
1.71704e-09	-0.635497
1.71713e-09	-0.635007
1.71723e-09	-0.634516
1.71732e-09	-0.634024
1.71741e-09	-0.633532
1.7175e-09	-0.633039
1.7176e-09	-0.632545
1.71769e-09	-0.63205
1.71778e-09	-0.631555
1.71787e-09	-0.631059
1.71797e-09	-0.630563
1.71806e-09	-0.630065
1.71815e-09	-0.629567
1.71824e-09	-0.629069
1.71834e-09	-0.628569
1.71843e-09	-0.628069
1.71852e-09	-0.627568
1.71861e-09	-0.627067
1.7187e-09	-0.626565
1.7188e-09	-0.626062
1.71889e-09	-0.625558
1.71898e-09	-0.625054
1.71907e-09	-0.624549
1.71917e-09	-0.624043
1.71926e-09	-0.623537
1.71935e-09	-0.62303
1.71944e-09	-0.622522
1.71954e-09	-0.622014
1.71963e-09	-0.621505
1.71972e-09	-0.620995
1.71981e-09	-0.620485
1.71991e-09	-0.619974
1.72e-09	-0.619462
1.72009e-09	-0.618949
1.72018e-09	-0.618436
1.72028e-09	-0.617922
1.72037e-09	-0.617408
1.72046e-09	-0.616893
1.72055e-09	-0.616377
1.72065e-09	-0.615861
1.72074e-09	-0.615343
1.72083e-09	-0.614825
1.72092e-09	-0.614307
1.72101e-09	-0.613788
1.72111e-09	-0.613268
1.7212e-09	-0.612748
1.72129e-09	-0.612226
1.72138e-09	-0.611705
1.72148e-09	-0.611182
1.72157e-09	-0.610659
1.72166e-09	-0.610135
1.72175e-09	-0.609611
1.72185e-09	-0.609086
1.72194e-09	-0.60856
1.72203e-09	-0.608034
1.72212e-09	-0.607507
1.72222e-09	-0.606979
1.72231e-09	-0.60645
1.7224e-09	-0.605921
1.72249e-09	-0.605392
1.72259e-09	-0.604862
1.72268e-09	-0.604331
1.72277e-09	-0.603799
1.72286e-09	-0.603267
1.72296e-09	-0.602734
1.72305e-09	-0.6022
1.72314e-09	-0.601666
1.72323e-09	-0.601131
1.72333e-09	-0.600596
1.72342e-09	-0.60006
1.72351e-09	-0.599523
1.7236e-09	-0.598986
1.72369e-09	-0.598448
1.72379e-09	-0.59791
1.72388e-09	-0.59737
1.72397e-09	-0.59683
1.72406e-09	-0.59629
1.72416e-09	-0.595749
1.72425e-09	-0.595207
1.72434e-09	-0.594665
1.72443e-09	-0.594122
1.72453e-09	-0.593578
1.72462e-09	-0.593034
1.72471e-09	-0.592489
1.7248e-09	-0.591944
1.7249e-09	-0.591398
1.72499e-09	-0.590851
1.72508e-09	-0.590304
1.72517e-09	-0.589756
1.72527e-09	-0.589207
1.72536e-09	-0.588658
1.72545e-09	-0.588108
1.72554e-09	-0.587558
1.72564e-09	-0.587007
1.72573e-09	-0.586456
1.72582e-09	-0.585903
1.72591e-09	-0.585351
1.726e-09	-0.584797
1.7261e-09	-0.584243
1.72619e-09	-0.583689
1.72628e-09	-0.583134
1.72637e-09	-0.582578
1.72647e-09	-0.582021
1.72656e-09	-0.581464
1.72665e-09	-0.580907
1.72674e-09	-0.580349
1.72684e-09	-0.57979
1.72693e-09	-0.579231
1.72702e-09	-0.578671
1.72711e-09	-0.57811
1.72721e-09	-0.577549
1.7273e-09	-0.576987
1.72739e-09	-0.576425
1.72748e-09	-0.575862
1.72758e-09	-0.575299
1.72767e-09	-0.574735
1.72776e-09	-0.57417
1.72785e-09	-0.573605
1.72795e-09	-0.573039
1.72804e-09	-0.572473
1.72813e-09	-0.571906
1.72822e-09	-0.571338
1.72831e-09	-0.57077
1.72841e-09	-0.570202
1.7285e-09	-0.569632
1.72859e-09	-0.569063
1.72868e-09	-0.568492
1.72878e-09	-0.567921
1.72887e-09	-0.56735
1.72896e-09	-0.566778
1.72905e-09	-0.566205
1.72915e-09	-0.565632
1.72924e-09	-0.565058
1.72933e-09	-0.564484
1.72942e-09	-0.563909
1.72952e-09	-0.563334
1.72961e-09	-0.562758
1.7297e-09	-0.562181
1.72979e-09	-0.561604
1.72989e-09	-0.561026
1.72998e-09	-0.560448
1.73007e-09	-0.55987
1.73016e-09	-0.55929
1.73026e-09	-0.55871
1.73035e-09	-0.55813
1.73044e-09	-0.557549
1.73053e-09	-0.556968
1.73062e-09	-0.556386
1.73072e-09	-0.555803
1.73081e-09	-0.55522
1.7309e-09	-0.554636
1.73099e-09	-0.554052
1.73109e-09	-0.553467
1.73118e-09	-0.552882
1.73127e-09	-0.552296
1.73136e-09	-0.55171
1.73146e-09	-0.551123
1.73155e-09	-0.550536
1.73164e-09	-0.549948
1.73173e-09	-0.549359
1.73183e-09	-0.54877
1.73192e-09	-0.548181
1.73201e-09	-0.547591
1.7321e-09	-0.547
1.7322e-09	-0.546409
1.73229e-09	-0.545817
1.73238e-09	-0.545225
1.73247e-09	-0.544633
1.73257e-09	-0.544039
1.73266e-09	-0.543446
1.73275e-09	-0.542852
1.73284e-09	-0.542257
1.73294e-09	-0.541662
1.73303e-09	-0.541066
1.73312e-09	-0.54047
1.73321e-09	-0.539873
1.7333e-09	-0.539275
1.7334e-09	-0.538678
1.73349e-09	-0.538079
1.73358e-09	-0.537481
1.73367e-09	-0.536881
1.73377e-09	-0.536281
1.73386e-09	-0.535681
1.73395e-09	-0.53508
1.73404e-09	-0.534479
1.73414e-09	-0.533877
1.73423e-09	-0.533275
1.73432e-09	-0.532672
1.73441e-09	-0.532069
1.73451e-09	-0.531465
1.7346e-09	-0.530861
1.73469e-09	-0.530256
1.73478e-09	-0.529651
1.73488e-09	-0.529045
1.73497e-09	-0.528439
1.73506e-09	-0.527832
1.73515e-09	-0.527225
1.73525e-09	-0.526617
1.73534e-09	-0.526009
1.73543e-09	-0.5254
1.73552e-09	-0.524791
1.73561e-09	-0.524181
1.73571e-09	-0.523571
1.7358e-09	-0.522961
1.73589e-09	-0.52235
1.73598e-09	-0.521738
1.73608e-09	-0.521126
1.73617e-09	-0.520514
1.73626e-09	-0.519901
1.73635e-09	-0.519287
1.73645e-09	-0.518673
1.73654e-09	-0.518059
1.73663e-09	-0.517444
1.73672e-09	-0.516829
1.73682e-09	-0.516213
1.73691e-09	-0.515597
1.737e-09	-0.51498
1.73709e-09	-0.514363
1.73719e-09	-0.513746
1.73728e-09	-0.513128
1.73737e-09	-0.512509
1.73746e-09	-0.51189
1.73756e-09	-0.511271
1.73765e-09	-0.510651
1.73774e-09	-0.510031
1.73783e-09	-0.50941
1.73792e-09	-0.508789
1.73802e-09	-0.508167
1.73811e-09	-0.507545
1.7382e-09	-0.506922
1.73829e-09	-0.506299
1.73839e-09	-0.505676
1.73848e-09	-0.505052
1.73857e-09	-0.504428
1.73866e-09	-0.503803
1.73876e-09	-0.503178
1.73885e-09	-0.502552
1.73894e-09	-0.501926
1.73903e-09	-0.5013
1.73913e-09	-0.500673
1.73922e-09	-0.500045
1.73931e-09	-0.499417
1.7394e-09	-0.498789
1.7395e-09	-0.498161
1.73959e-09	-0.497531
1.73968e-09	-0.496902
1.73977e-09	-0.496272
1.73987e-09	-0.495642
1.73996e-09	-0.495011
1.74005e-09	-0.49438
1.74014e-09	-0.493748
1.74023e-09	-0.493116
1.74033e-09	-0.492484
1.74042e-09	-0.491851
1.74051e-09	-0.491217
1.7406e-09	-0.490584
1.7407e-09	-0.48995
1.74079e-09	-0.489315
1.74088e-09	-0.48868
1.74097e-09	-0.488045
1.74107e-09	-0.487409
1.74116e-09	-0.486773
1.74125e-09	-0.486137
1.74134e-09	-0.4855
1.74144e-09	-0.484862
1.74153e-09	-0.484224
1.74162e-09	-0.483586
1.74171e-09	-0.482948
1.74181e-09	-0.482309
1.7419e-09	-0.481669
1.74199e-09	-0.48103
1.74208e-09	-0.48039
1.74218e-09	-0.479749
1.74227e-09	-0.479108
1.74236e-09	-0.478467
1.74245e-09	-0.477825
1.74254e-09	-0.477183
1.74264e-09	-0.476541
1.74273e-09	-0.475898
1.74282e-09	-0.475254
1.74291e-09	-0.474611
1.74301e-09	-0.473967
1.7431e-09	-0.473322
1.74319e-09	-0.472678
1.74328e-09	-0.472033
1.74338e-09	-0.471387
1.74347e-09	-0.470741
1.74356e-09	-0.470095
1.74365e-09	-0.469448
1.74375e-09	-0.468801
1.74384e-09	-0.468154
1.74393e-09	-0.467506
1.74402e-09	-0.466858
1.74412e-09	-0.466209
1.74421e-09	-0.465561
1.7443e-09	-0.464911
1.74439e-09	-0.464262
1.74449e-09	-0.463612
1.74458e-09	-0.462962
1.74467e-09	-0.462311
1.74476e-09	-0.46166
1.74486e-09	-0.461008
1.74495e-09	-0.460357
1.74504e-09	-0.459705
1.74513e-09	-0.459052
1.74522e-09	-0.458399
1.74532e-09	-0.457746
1.74541e-09	-0.457093
1.7455e-09	-0.456439
1.74559e-09	-0.455785
1.74569e-09	-0.45513
1.74578e-09	-0.454475
1.74587e-09	-0.45382
1.74596e-09	-0.453165
1.74606e-09	-0.452509
1.74615e-09	-0.451852
1.74624e-09	-0.451196
1.74633e-09	-0.450539
1.74643e-09	-0.449882
1.74652e-09	-0.449224
1.74661e-09	-0.448566
1.7467e-09	-0.447908
1.7468e-09	-0.447249
1.74689e-09	-0.44659
1.74698e-09	-0.445931
1.74707e-09	-0.445272
1.74717e-09	-0.444612
1.74726e-09	-0.443951
1.74735e-09	-0.443291
1.74744e-09	-0.44263
1.74753e-09	-0.441969
1.74763e-09	-0.441307
1.74772e-09	-0.440646
1.74781e-09	-0.439983
1.7479e-09	-0.439321
1.748e-09	-0.438658
1.74809e-09	-0.437995
1.74818e-09	-0.437332
1.74827e-09	-0.436668
1.74837e-09	-0.436004
1.74846e-09	-0.43534
1.74855e-09	-0.434675
1.74864e-09	-0.43401
1.74874e-09	-0.433345
1.74883e-09	-0.432679
1.74892e-09	-0.432013
1.74901e-09	-0.431347
1.74911e-09	-0.430681
1.7492e-09	-0.430014
1.74929e-09	-0.429347
1.74938e-09	-0.428679
1.74948e-09	-0.428012
1.74957e-09	-0.427344
1.74966e-09	-0.426676
1.74975e-09	-0.426007
1.74984e-09	-0.425338
1.74994e-09	-0.424669
1.75003e-09	-0.424
1.75012e-09	-0.42333
1.75021e-09	-0.42266
1.75031e-09	-0.42199
1.7504e-09	-0.421319
1.75049e-09	-0.420649
1.75058e-09	-0.419977
1.75068e-09	-0.419306
1.75077e-09	-0.418634
1.75086e-09	-0.417962
1.75095e-09	-0.41729
1.75105e-09	-0.416618
1.75114e-09	-0.415945
1.75123e-09	-0.415272
1.75132e-09	-0.414599
1.75142e-09	-0.413925
1.75151e-09	-0.413251
1.7516e-09	-0.412577
1.75169e-09	-0.411903
1.75179e-09	-0.411228
1.75188e-09	-0.410553
1.75197e-09	-0.409878
1.75206e-09	-0.409203
1.75215e-09	-0.408527
1.75225e-09	-0.407851
1.75234e-09	-0.407175
1.75243e-09	-0.406498
1.75252e-09	-0.405822
1.75262e-09	-0.405145
1.75271e-09	-0.404468
1.7528e-09	-0.40379
1.75289e-09	-0.403112
1.75299e-09	-0.402434
1.75308e-09	-0.401756
1.75317e-09	-0.401078
1.75326e-09	-0.400399
1.75336e-09	-0.39972
1.75345e-09	-0.399041
1.75354e-09	-0.398361
1.75363e-09	-0.397682
1.75373e-09	-0.397002
1.75382e-09	-0.396322
1.75391e-09	-0.395641
1.754e-09	-0.394961
1.7541e-09	-0.39428
1.75419e-09	-0.393599
1.75428e-09	-0.392917
1.75437e-09	-0.392236
1.75447e-09	-0.391554
1.75456e-09	-0.390872
1.75465e-09	-0.39019
1.75474e-09	-0.389507
1.75483e-09	-0.388825
1.75493e-09	-0.388142
1.75502e-09	-0.387459
1.75511e-09	-0.386775
1.7552e-09	-0.386092
1.7553e-09	-0.385408
1.75539e-09	-0.384724
1.75548e-09	-0.38404
1.75557e-09	-0.383355
1.75567e-09	-0.382671
1.75576e-09	-0.381986
1.75585e-09	-0.381301
1.75594e-09	-0.380616
1.75604e-09	-0.37993
1.75613e-09	-0.379244
1.75622e-09	-0.378558
1.75631e-09	-0.377872
1.75641e-09	-0.377186
1.7565e-09	-0.3765
1.75659e-09	-0.375813
1.75668e-09	-0.375126
1.75678e-09	-0.374439
1.75687e-09	-0.373751
1.75696e-09	-0.373064
1.75705e-09	-0.372376
1.75714e-09	-0.371688
1.75724e-09	-0.371
1.75733e-09	-0.370312
1.75742e-09	-0.369624
1.75751e-09	-0.368935
1.75761e-09	-0.368246
1.7577e-09	-0.367557
1.75779e-09	-0.366868
1.75788e-09	-0.366178
1.75798e-09	-0.365489
1.75807e-09	-0.364799
1.75816e-09	-0.364109
1.75825e-09	-0.363419
1.75835e-09	-0.362729
1.75844e-09	-0.362038
1.75853e-09	-0.361348
1.75862e-09	-0.360657
1.75872e-09	-0.359966
1.75881e-09	-0.359275
1.7589e-09	-0.358583
1.75899e-09	-0.357892
1.75909e-09	-0.3572
1.75918e-09	-0.356508
1.75927e-09	-0.355816
1.75936e-09	-0.355124
1.75945e-09	-0.354432
1.75955e-09	-0.353739
1.75964e-09	-0.353047
1.75973e-09	-0.352354
1.75982e-09	-0.351661
1.75992e-09	-0.350968
1.76001e-09	-0.350274
1.7601e-09	-0.349581
1.76019e-09	-0.348887
1.76029e-09	-0.348193
1.76038e-09	-0.3475
1.76047e-09	-0.346806
1.76056e-09	-0.346111
1.76066e-09	-0.345417
1.76075e-09	-0.344722
1.76084e-09	-0.344028
1.76093e-09	-0.343333
1.76103e-09	-0.342638
1.76112e-09	-0.341943
1.76121e-09	-0.341248
1.7613e-09	-0.340552
1.7614e-09	-0.339857
1.76149e-09	-0.339161
1.76158e-09	-0.338466
1.76167e-09	-0.33777
1.76176e-09	-0.337074
1.76186e-09	-0.336377
1.76195e-09	-0.335681
1.76204e-09	-0.334985
1.76213e-09	-0.334288
1.76223e-09	-0.333591
1.76232e-09	-0.332895
1.76241e-09	-0.332198
1.7625e-09	-0.331501
1.7626e-09	-0.330804
1.76269e-09	-0.330106
1.76278e-09	-0.329409
1.76287e-09	-0.328711
1.76297e-09	-0.328014
1.76306e-09	-0.327316
1.76315e-09	-0.326618
1.76324e-09	-0.32592
1.76334e-09	-0.325222
1.76343e-09	-0.324524
1.76352e-09	-0.323825
1.76361e-09	-0.323127
1.76371e-09	-0.322428
1.7638e-09	-0.32173
1.76389e-09	-0.321031
1.76398e-09	-0.320332
1.76408e-09	-0.319633
1.76417e-09	-0.318934
1.76426e-09	-0.318235
1.76435e-09	-0.317535
1.76444e-09	-0.316836
1.76454e-09	-0.316137
1.76463e-09	-0.315437
1.76472e-09	-0.314737
1.76481e-09	-0.314038
1.76491e-09	-0.313338
1.765e-09	-0.312638
1.76509e-09	-0.311938
1.76518e-09	-0.311238
1.76528e-09	-0.310537
1.76537e-09	-0.309837
1.76546e-09	-0.309137
1.76555e-09	-0.308436
1.76565e-09	-0.307736
1.76574e-09	-0.307035
1.76583e-09	-0.306334
1.76592e-09	-0.305634
1.76602e-09	-0.304933
1.76611e-09	-0.304232
1.7662e-09	-0.303531
1.76629e-09	-0.30283
1.76639e-09	-0.302129
1.76648e-09	-0.301427
1.76657e-09	-0.300726
1.76666e-09	-0.300025
1.76675e-09	-0.299323
1.76685e-09	-0.298622
1.76694e-09	-0.29792
1.76703e-09	-0.297218
1.76712e-09	-0.296517
1.76722e-09	-0.295815
1.76731e-09	-0.295113
1.7674e-09	-0.294411
1.76749e-09	-0.293709
1.76759e-09	-0.293007
1.76768e-09	-0.292305
1.76777e-09	-0.291603
1.76786e-09	-0.290901
1.76796e-09	-0.290199
1.76805e-09	-0.289496
1.76814e-09	-0.288794
1.76823e-09	-0.288092
1.76833e-09	-0.287389
1.76842e-09	-0.286687
1.76851e-09	-0.285984
1.7686e-09	-0.285281
1.7687e-09	-0.284579
1.76879e-09	-0.283876
1.76888e-09	-0.283173
1.76897e-09	-0.282471
1.76906e-09	-0.281768
1.76916e-09	-0.281065
1.76925e-09	-0.280362
1.76934e-09	-0.279659
1.76943e-09	-0.278956
1.76953e-09	-0.278253
1.76962e-09	-0.27755
1.76971e-09	-0.276847
1.7698e-09	-0.276144
1.7699e-09	-0.275441
1.76999e-09	-0.274738
1.77008e-09	-0.274035
1.77017e-09	-0.273332
1.77027e-09	-0.272629
1.77036e-09	-0.271925
1.77045e-09	-0.271222
1.77054e-09	-0.270519
1.77064e-09	-0.269815
1.77073e-09	-0.269112
1.77082e-09	-0.268409
1.77091e-09	-0.267706
1.77101e-09	-0.267002
1.7711e-09	-0.266299
1.77119e-09	-0.265595
1.77128e-09	-0.264892
1.77137e-09	-0.264189
1.77147e-09	-0.263485
1.77156e-09	-0.262782
1.77165e-09	-0.262078
1.77174e-09	-0.261375
1.77184e-09	-0.260671
1.77193e-09	-0.259968
1.77202e-09	-0.259265
1.77211e-09	-0.258561
1.77221e-09	-0.257858
1.7723e-09	-0.257154
1.77239e-09	-0.256451
1.77248e-09	-0.255747
1.77258e-09	-0.255044
1.77267e-09	-0.25434
1.77276e-09	-0.253637
1.77285e-09	-0.252934
1.77295e-09	-0.25223
1.77304e-09	-0.251527
1.77313e-09	-0.250823
1.77322e-09	-0.25012
1.77332e-09	-0.249417
1.77341e-09	-0.248713
1.7735e-09	-0.24801
1.77359e-09	-0.247307
1.77368e-09	-0.246603
1.77378e-09	-0.2459
1.77387e-09	-0.245197
1.77396e-09	-0.244494
1.77405e-09	-0.24379
1.77415e-09	-0.243087
1.77424e-09	-0.242384
1.77433e-09	-0.241681
1.77442e-09	-0.240978
1.77452e-09	-0.240275
1.77461e-09	-0.239572
1.7747e-09	-0.238869
1.77479e-09	-0.238166
1.77489e-09	-0.237463
1.77498e-09	-0.23676
1.77507e-09	-0.236057
1.77516e-09	-0.235354
1.77526e-09	-0.234651
1.77535e-09	-0.233949
1.77544e-09	-0.233246
1.77553e-09	-0.232543
1.77563e-09	-0.231841
1.77572e-09	-0.231138
1.77581e-09	-0.230435
1.7759e-09	-0.229733
1.776e-09	-0.22903
1.77609e-09	-0.228328
1.77618e-09	-0.227626
1.77627e-09	-0.226923
1.77636e-09	-0.226221
1.77646e-09	-0.225519
1.77655e-09	-0.224817
1.77664e-09	-0.224114
1.77673e-09	-0.223412
1.77683e-09	-0.22271
1.77692e-09	-0.222008
1.77701e-09	-0.221307
1.7771e-09	-0.220605
1.7772e-09	-0.219903
1.77729e-09	-0.219201
1.77738e-09	-0.2185
1.77747e-09	-0.217798
1.77757e-09	-0.217097
1.77766e-09	-0.216395
1.77775e-09	-0.215694
1.77784e-09	-0.214992
1.77794e-09	-0.214291
1.77803e-09	-0.21359
1.77812e-09	-0.212889
1.77821e-09	-0.212188
1.77831e-09	-0.211487
1.7784e-09	-0.210786
1.77849e-09	-0.210085
1.77858e-09	-0.209385
1.77867e-09	-0.208684
1.77877e-09	-0.207983
1.77886e-09	-0.207283
1.77895e-09	-0.206583
1.77904e-09	-0.205882
1.77914e-09	-0.205182
1.77923e-09	-0.204482
1.77932e-09	-0.203782
1.77941e-09	-0.203082
1.77951e-09	-0.202382
1.7796e-09	-0.201682
1.77969e-09	-0.200982
1.77978e-09	-0.200283
1.77988e-09	-0.199583
1.77997e-09	-0.198884
1.78006e-09	-0.198185
1.78015e-09	-0.197485
1.78025e-09	-0.196786
1.78034e-09	-0.196087
1.78043e-09	-0.195388
1.78052e-09	-0.194689
1.78062e-09	-0.193991
1.78071e-09	-0.193292
1.7808e-09	-0.192594
1.78089e-09	-0.191895
1.78098e-09	-0.191197
1.78108e-09	-0.190499
1.78117e-09	-0.189801
1.78126e-09	-0.189103
1.78135e-09	-0.188405
1.78145e-09	-0.187707
1.78154e-09	-0.187009
1.78163e-09	-0.186312
1.78172e-09	-0.185614
1.78182e-09	-0.184917
1.78191e-09	-0.18422
1.782e-09	-0.183523
1.78209e-09	-0.182826
1.78219e-09	-0.182129
1.78228e-09	-0.181432
1.78237e-09	-0.180736
1.78246e-09	-0.180039
1.78256e-09	-0.179343
1.78265e-09	-0.178647
1.78274e-09	-0.177951
1.78283e-09	-0.177255
1.78293e-09	-0.176559
1.78302e-09	-0.175863
1.78311e-09	-0.175168
1.7832e-09	-0.174472
1.78329e-09	-0.173777
1.78339e-09	-0.173082
1.78348e-09	-0.172387
1.78357e-09	-0.171692
1.78366e-09	-0.170997
1.78376e-09	-0.170302
1.78385e-09	-0.169608
1.78394e-09	-0.168913
1.78403e-09	-0.168219
1.78413e-09	-0.167525
1.78422e-09	-0.166831
1.78431e-09	-0.166137
1.7844e-09	-0.165444
1.7845e-09	-0.16475
1.78459e-09	-0.164057
1.78468e-09	-0.163364
1.78477e-09	-0.162671
1.78487e-09	-0.161978
1.78496e-09	-0.161285
1.78505e-09	-0.160593
1.78514e-09	-0.1599
1.78524e-09	-0.159208
1.78533e-09	-0.158516
1.78542e-09	-0.157824
1.78551e-09	-0.157132
1.78561e-09	-0.15644
1.7857e-09	-0.155749
1.78579e-09	-0.155058
1.78588e-09	-0.154367
1.78597e-09	-0.153676
1.78607e-09	-0.152985
1.78616e-09	-0.152294
1.78625e-09	-0.151604
1.78634e-09	-0.150913
1.78644e-09	-0.150223
1.78653e-09	-0.149533
1.78662e-09	-0.148843
1.78671e-09	-0.148154
1.78681e-09	-0.147464
1.7869e-09	-0.146775
1.78699e-09	-0.146086
1.78708e-09	-0.145397
1.78718e-09	-0.144708
1.78727e-09	-0.14402
1.78736e-09	-0.143331
1.78745e-09	-0.142643
1.78755e-09	-0.141955
1.78764e-09	-0.141267
1.78773e-09	-0.140579
1.78782e-09	-0.139892
1.78792e-09	-0.139205
1.78801e-09	-0.138517
1.7881e-09	-0.13783
1.78819e-09	-0.137144
1.78828e-09	-0.136457
1.78838e-09	-0.135771
1.78847e-09	-0.135085
1.78856e-09	-0.134399
1.78865e-09	-0.133713
1.78875e-09	-0.133027
1.78884e-09	-0.132342
1.78893e-09	-0.131657
1.78902e-09	-0.130972
1.78912e-09	-0.130287
1.78921e-09	-0.129602
1.7893e-09	-0.128918
1.78939e-09	-0.128234
1.78949e-09	-0.12755
1.78958e-09	-0.126866
1.78967e-09	-0.126182
1.78976e-09	-0.125499
1.78986e-09	-0.124816
1.78995e-09	-0.124133
1.79004e-09	-0.12345
1.79013e-09	-0.122767
1.79023e-09	-0.122085
1.79032e-09	-0.121403
1.79041e-09	-0.120721
1.7905e-09	-0.120039
1.79059e-09	-0.119358
1.79069e-09	-0.118677
1.79078e-09	-0.117995
1.79087e-09	-0.117315
1.79096e-09	-0.116634
1.79106e-09	-0.115954
1.79115e-09	-0.115273
1.79124e-09	-0.114593
1.79133e-09	-0.113914
1.79143e-09	-0.113234
1.79152e-09	-0.112555
1.79161e-09	-0.111876
1.7917e-09	-0.111197
1.7918e-09	-0.110518
1.79189e-09	-0.10984
1.79198e-09	-0.109162
1.79207e-09	-0.108484
1.79217e-09	-0.107806
1.79226e-09	-0.107129
1.79235e-09	-0.106452
1.79244e-09	-0.105775
1.79254e-09	-0.105098
1.79263e-09	-0.104421
1.79272e-09	-0.103745
1.79281e-09	-0.103069
1.7929e-09	-0.102393
1.793e-09	-0.101718
1.79309e-09	-0.101042
1.79318e-09	-0.100367
1.79327e-09	-0.0996925
1.79337e-09	-0.0990179
1.79346e-09	-0.0983436
1.79355e-09	-0.0976695
1.79364e-09	-0.0969956
1.79374e-09	-0.096322
1.79383e-09	-0.0956487
1.79392e-09	-0.0949756
1.79401e-09	-0.0943027
1.79411e-09	-0.0936301
1.7942e-09	-0.0929578
1.79429e-09	-0.0922857
1.79438e-09	-0.0916139
1.79448e-09	-0.0909423
1.79457e-09	-0.090271
1.79466e-09	-0.0895999
1.79475e-09	-0.0889291
1.79485e-09	-0.0882586
1.79494e-09	-0.0875883
1.79503e-09	-0.0869182
1.79512e-09	-0.0862485
1.79521e-09	-0.085579
1.79531e-09	-0.0849098
1.7954e-09	-0.0842408
1.79549e-09	-0.0835721
1.79558e-09	-0.0829037
1.79568e-09	-0.0822355
1.79577e-09	-0.0815676
1.79586e-09	-0.0809
1.79595e-09	-0.0802326
1.79605e-09	-0.0795656
1.79614e-09	-0.0788987
1.79623e-09	-0.0782322
1.79632e-09	-0.077566
1.79642e-09	-0.0769
1.79651e-09	-0.0762343
1.7966e-09	-0.0755688
1.79669e-09	-0.0749037
1.79679e-09	-0.0742388
1.79688e-09	-0.0735742
1.79697e-09	-0.0729099
1.79706e-09	-0.0722459
1.79716e-09	-0.0715822
1.79725e-09	-0.0709187
1.79734e-09	-0.0702555
1.79743e-09	-0.0695926
1.79753e-09	-0.06893
1.79762e-09	-0.0682677
1.79771e-09	-0.0676057
1.7978e-09	-0.066944
1.79789e-09	-0.0662825
1.79799e-09	-0.0656214
1.79808e-09	-0.0649605
1.79817e-09	-0.0643
1.79826e-09	-0.0636397
1.79836e-09	-0.0629797
1.79845e-09	-0.06232
1.79854e-09	-0.0616607
1.79863e-09	-0.0610016
1.79873e-09	-0.0603428
1.79882e-09	-0.0596843
1.79891e-09	-0.0590261
1.799e-09	-0.0583682
1.7991e-09	-0.0577107
1.79919e-09	-0.0570534
1.79928e-09	-0.0563964
1.79937e-09	-0.0557398
1.79947e-09	-0.0550834
1.79956e-09	-0.0544274
1.79965e-09	-0.0537716
1.79974e-09	-0.0531162
1.79984e-09	-0.0524611
1.79993e-09	-0.0518062
1.80002e-09	-0.0511517
1.80011e-09	-0.0504976
1.8002e-09	-0.0498437
1.8003e-09	-0.0491901
1.80039e-09	-0.0485369
1.80048e-09	-0.047884
1.80057e-09	-0.0472313
1.80067e-09	-0.046579
1.80076e-09	-0.0459271
1.80085e-09	-0.0452754
1.80094e-09	-0.0446241
1.80104e-09	-0.0439731
1.80113e-09	-0.0433224
1.80122e-09	-0.042672
1.80131e-09	-0.042022
1.80141e-09	-0.0413723
1.8015e-09	-0.0407229
1.80159e-09	-0.0400738
1.80168e-09	-0.0394251
1.80178e-09	-0.0387767
1.80187e-09	-0.0381286
1.80196e-09	-0.0374808
1.80205e-09	-0.0368334
1.80215e-09	-0.0361863
1.80224e-09	-0.0355396
1.80233e-09	-0.0348932
1.80242e-09	-0.0342471
1.80251e-09	-0.0336013
1.80261e-09	-0.0329559
1.8027e-09	-0.0323109
1.80279e-09	-0.0316661
1.80288e-09	-0.0310217
1.80298e-09	-0.0303777
1.80307e-09	-0.029734
1.80316e-09	-0.0290906
1.80325e-09	-0.0284476
1.80335e-09	-0.0278049
1.80344e-09	-0.0271625
1.80353e-09	-0.0265205
1.80362e-09	-0.0258789
1.80372e-09	-0.0252376
1.80381e-09	-0.0245966
1.8039e-09	-0.023956
1.80399e-09	-0.0233158
1.80409e-09	-0.0226759
1.80418e-09	-0.0220363
1.80427e-09	-0.0213971
1.80436e-09	-0.0207582
1.80446e-09	-0.0201197
1.80455e-09	-0.0194816
1.80464e-09	-0.0188438
1.80473e-09	-0.0182064
1.80482e-09	-0.0175693
1.80492e-09	-0.0169326
1.80501e-09	-0.0162962
1.8051e-09	-0.0156602
1.80519e-09	-0.0150246
1.80529e-09	-0.0143893
1.80538e-09	-0.0137544
1.80547e-09	-0.0131199
1.80556e-09	-0.0124857
1.80566e-09	-0.0118518
1.80575e-09	-0.0112184
1.80584e-09	-0.0105853
1.80593e-09	-0.00995258
1.80603e-09	-0.00932022
1.80612e-09	-0.00868824
1.80621e-09	-0.00805662
1.8063e-09	-0.00742538
1.8064e-09	-0.0067945
1.80649e-09	-0.006164
1.80658e-09	-0.00553387
1.80667e-09	-0.00490411
1.80677e-09	-0.00427473
1.80686e-09	-0.00364573
1.80695e-09	-0.0030171
1.80704e-09	-0.00238884
1.80714e-09	-0.00176097
1.80723e-09	-0.00113347
1.80732e-09	-0.000506356
1.80741e-09	0.00012038
1.8075e-09	0.000746736
1.8076e-09	0.00137271
1.80769e-09	0.0019983
1.80778e-09	0.00262351
1.80787e-09	0.00324833
1.80797e-09	0.00387277
1.80806e-09	0.00449682
1.80815e-09	0.00512048
1.80824e-09	0.00574376
1.80834e-09	0.00636665
1.80843e-09	0.00698915
1.80852e-09	0.00761126
1.80861e-09	0.00823297
1.80871e-09	0.0088543
1.8088e-09	0.00947524
1.80889e-09	0.0100958
1.80898e-09	0.0107159
1.80908e-09	0.0113357
1.80917e-09	0.011955
1.80926e-09	0.012574
1.80935e-09	0.0131926
1.80945e-09	0.0138107
1.80954e-09	0.0144285
1.80963e-09	0.0150459
1.80972e-09	0.0156628
1.80981e-09	0.0162794
1.80991e-09	0.0168956
1.81e-09	0.0175113
1.81009e-09	0.0181267
1.81018e-09	0.0187416
1.81028e-09	0.0193562
1.81037e-09	0.0199703
1.81046e-09	0.0205841
1.81055e-09	0.0211974
1.81065e-09	0.0218103
1.81074e-09	0.0224228
1.81083e-09	0.0230349
1.81092e-09	0.0236466
1.81102e-09	0.0242579
1.81111e-09	0.0248688
1.8112e-09	0.0254792
1.81129e-09	0.0260893
1.81139e-09	0.0266989
1.81148e-09	0.0273081
1.81157e-09	0.0279169
1.81166e-09	0.0285253
1.81176e-09	0.0291333
1.81185e-09	0.0297408
1.81194e-09	0.0303479
1.81203e-09	0.0309546
1.81212e-09	0.0315609
1.81222e-09	0.0321668
1.81231e-09	0.0327722
1.8124e-09	0.0333773
1.81249e-09	0.0339819
1.81259e-09	0.034586
1.81268e-09	0.0351898
1.81277e-09	0.0357931
1.81286e-09	0.036396
1.81296e-09	0.0369985
1.81305e-09	0.0376005
1.81314e-09	0.0382021
1.81323e-09	0.0388033
1.81333e-09	0.0394041
1.81342e-09	0.0400044
1.81351e-09	0.0406043
1.8136e-09	0.0412038
1.8137e-09	0.0418028
1.81379e-09	0.0424014
1.81388e-09	0.0429995
1.81397e-09	0.0435973
1.81407e-09	0.0441946
1.81416e-09	0.0447914
1.81425e-09	0.0453878
1.81434e-09	0.0459838
1.81443e-09	0.0465793
1.81453e-09	0.0471744
1.81462e-09	0.0477691
1.81471e-09	0.0483633
1.8148e-09	0.0489571
1.8149e-09	0.0495504
1.81499e-09	0.0501433
1.81508e-09	0.0507358
1.81517e-09	0.0513278
1.81527e-09	0.0519193
1.81536e-09	0.0525104
1.81545e-09	0.0531011
1.81554e-09	0.0536913
1.81564e-09	0.0542811
1.81573e-09	0.0548704
1.81582e-09	0.0554593
1.81591e-09	0.0560477
1.81601e-09	0.0566357
1.8161e-09	0.0572232
1.81619e-09	0.0578103
1.81628e-09	0.0583969
1.81638e-09	0.058983
1.81647e-09	0.0595687
1.81656e-09	0.060154
1.81665e-09	0.0607388
1.81674e-09	0.0613231
1.81684e-09	0.061907
1.81693e-09	0.0624904
1.81702e-09	0.0630734
1.81711e-09	0.0636559
1.81721e-09	0.0642379
1.8173e-09	0.0648195
1.81739e-09	0.0654006
1.81748e-09	0.0659813
1.81758e-09	0.0665615
1.81767e-09	0.0671412
1.81776e-09	0.0677205
1.81785e-09	0.0682993
1.81795e-09	0.0688776
1.81804e-09	0.0694555
1.81813e-09	0.0700329
1.81822e-09	0.0706098
1.81832e-09	0.0711863
1.81841e-09	0.0717623
1.8185e-09	0.0723379
1.81859e-09	0.0729129
1.81869e-09	0.0734875
1.81878e-09	0.0740616
1.81887e-09	0.0746353
1.81896e-09	0.0752084
1.81906e-09	0.0757812
1.81915e-09	0.0763534
1.81924e-09	0.0769251
1.81933e-09	0.0774964
1.81942e-09	0.0780672
1.81952e-09	0.0786375
1.81961e-09	0.0792074
1.8197e-09	0.0797767
1.81979e-09	0.0803456
1.81989e-09	0.080914
1.81998e-09	0.081482
1.82007e-09	0.0820494
1.82016e-09	0.0826164
1.82026e-09	0.0831829
1.82035e-09	0.0837489
1.82044e-09	0.0843144
1.82053e-09	0.0848794
1.82063e-09	0.085444
1.82072e-09	0.0860081
1.82081e-09	0.0865716
1.8209e-09	0.0871347
1.821e-09	0.0876973
1.82109e-09	0.0882595
1.82118e-09	0.0888211
1.82127e-09	0.0893822
1.82137e-09	0.0899429
1.82146e-09	0.090503
1.82155e-09	0.0910627
1.82164e-09	0.0916219
1.82173e-09	0.0921806
1.82183e-09	0.0927388
1.82192e-09	0.0932965
1.82201e-09	0.0938537
1.8221e-09	0.0944104
1.8222e-09	0.0949666
1.82229e-09	0.0955223
1.82238e-09	0.0960775
1.82247e-09	0.0966323
1.82257e-09	0.0971865
1.82266e-09	0.0977402
1.82275e-09	0.0982934
1.82284e-09	0.0988462
1.82294e-09	0.0993984
1.82303e-09	0.0999501
1.82312e-09	0.100501
1.82321e-09	0.101052
1.82331e-09	0.101602
1.8234e-09	0.102152
1.82349e-09	0.102701
1.82358e-09	0.10325
1.82368e-09	0.103798
1.82377e-09	0.104346
1.82386e-09	0.104893
1.82395e-09	0.10544
1.82404e-09	0.105986
1.82414e-09	0.106532
1.82423e-09	0.107077
1.82432e-09	0.107621
1.82441e-09	0.108166
1.82451e-09	0.108709
1.8246e-09	0.109252
1.82469e-09	0.109795
1.82478e-09	0.110337
1.82488e-09	0.110879
1.82497e-09	0.11142
1.82506e-09	0.11196
1.82515e-09	0.1125
1.82525e-09	0.11304
1.82534e-09	0.113579
1.82543e-09	0.114117
1.82552e-09	0.114655
1.82562e-09	0.115193
1.82571e-09	0.11573
1.8258e-09	0.116266
1.82589e-09	0.116802
1.82599e-09	0.117337
1.82608e-09	0.117872
1.82617e-09	0.118407
1.82626e-09	0.11894
1.82635e-09	0.119474
1.82645e-09	0.120006
1.82654e-09	0.120539
1.82663e-09	0.12107
1.82672e-09	0.121602
1.82682e-09	0.122132
1.82691e-09	0.122662
1.827e-09	0.123192
1.82709e-09	0.123721
1.82719e-09	0.12425
1.82728e-09	0.124778
1.82737e-09	0.125305
1.82746e-09	0.125832
1.82756e-09	0.126359
1.82765e-09	0.126885
1.82774e-09	0.12741
1.82783e-09	0.127935
1.82793e-09	0.128459
1.82802e-09	0.128983
1.82811e-09	0.129506
1.8282e-09	0.130029
1.8283e-09	0.130551
1.82839e-09	0.131073
1.82848e-09	0.131594
1.82857e-09	0.132115
1.82867e-09	0.132635
1.82876e-09	0.133154
1.82885e-09	0.133673
1.82894e-09	0.134192
1.82903e-09	0.13471
1.82913e-09	0.135227
1.82922e-09	0.135744
1.82931e-09	0.13626
1.8294e-09	0.136776
1.8295e-09	0.137291
1.82959e-09	0.137806
1.82968e-09	0.13832
1.82977e-09	0.138834
1.82987e-09	0.139347
1.82996e-09	0.139859
1.83005e-09	0.140371
1.83014e-09	0.140883
1.83024e-09	0.141393
1.83033e-09	0.141904
1.83042e-09	0.142414
1.83051e-09	0.142923
1.83061e-09	0.143431
1.8307e-09	0.14394
1.83079e-09	0.144447
1.83088e-09	0.144954
1.83098e-09	0.145461
1.83107e-09	0.145967
1.83116e-09	0.146472
1.83125e-09	0.146977
1.83134e-09	0.147481
1.83144e-09	0.147985
1.83153e-09	0.148488
1.83162e-09	0.148991
1.83171e-09	0.149493
1.83181e-09	0.149994
1.8319e-09	0.150495
1.83199e-09	0.150996
1.83208e-09	0.151496
1.83218e-09	0.151995
1.83227e-09	0.152494
1.83236e-09	0.152992
1.83245e-09	0.15349
1.83255e-09	0.153987
1.83264e-09	0.154483
1.83273e-09	0.154979
1.83282e-09	0.155475
1.83292e-09	0.15597
1.83301e-09	0.156464
1.8331e-09	0.156958
1.83319e-09	0.157451
1.83329e-09	0.157943
1.83338e-09	0.158435
1.83347e-09	0.158927
1.83356e-09	0.159418
1.83365e-09	0.159908
1.83375e-09	0.160398
1.83384e-09	0.160887
1.83393e-09	0.161376
1.83402e-09	0.161864
1.83412e-09	0.162352
1.83421e-09	0.162839
1.8343e-09	0.163325
1.83439e-09	0.163811
1.83449e-09	0.164296
1.83458e-09	0.164781
1.83467e-09	0.165265
1.83476e-09	0.165749
1.83486e-09	0.166232
1.83495e-09	0.166714
1.83504e-09	0.167196
1.83513e-09	0.167677
1.83523e-09	0.168158
1.83532e-09	0.168638
1.83541e-09	0.169118
1.8355e-09	0.169597
1.8356e-09	0.170075
1.83569e-09	0.170553
1.83578e-09	0.17103
1.83587e-09	0.171507
1.83596e-09	0.171983
1.83606e-09	0.172459
1.83615e-09	0.172934
1.83624e-09	0.173408
1.83633e-09	0.173882
1.83643e-09	0.174355
1.83652e-09	0.174828
1.83661e-09	0.1753
1.8367e-09	0.175772
1.8368e-09	0.176243
1.83689e-09	0.176713
1.83698e-09	0.177183
1.83707e-09	0.177652
1.83717e-09	0.178121
1.83726e-09	0.178589
1.83735e-09	0.179056
1.83744e-09	0.179523
1.83754e-09	0.179989
1.83763e-09	0.180455
1.83772e-09	0.18092
1.83781e-09	0.181385
1.83791e-09	0.181849
1.838e-09	0.182312
1.83809e-09	0.182775
1.83818e-09	0.183237
1.83828e-09	0.183699
1.83837e-09	0.18416
1.83846e-09	0.184621
1.83855e-09	0.18508
1.83864e-09	0.18554
1.83874e-09	0.185999
1.83883e-09	0.186457
1.83892e-09	0.186914
1.83901e-09	0.187371
1.83911e-09	0.187828
1.8392e-09	0.188283
1.83929e-09	0.188739
1.83938e-09	0.189193
1.83948e-09	0.189647
1.83957e-09	0.190101
1.83966e-09	0.190553
1.83975e-09	0.191006
1.83985e-09	0.191457
1.83994e-09	0.191908
1.84003e-09	0.192359
1.84012e-09	0.192809
1.84022e-09	0.193258
1.84031e-09	0.193707
1.8404e-09	0.194155
1.84049e-09	0.194602
1.84059e-09	0.195049
1.84068e-09	0.195496
1.84077e-09	0.195941
1.84086e-09	0.196387
1.84095e-09	0.196831
1.84105e-09	0.197275
1.84114e-09	0.197718
1.84123e-09	0.198161
1.84132e-09	0.198603
1.84142e-09	0.199045
1.84151e-09	0.199486
1.8416e-09	0.199926
1.84169e-09	0.200366
1.84179e-09	0.200805
1.84188e-09	0.201244
1.84197e-09	0.201682
1.84206e-09	0.202119
1.84216e-09	0.202556
1.84225e-09	0.202992
1.84234e-09	0.203427
1.84243e-09	0.203862
1.84253e-09	0.204297
1.84262e-09	0.20473
1.84271e-09	0.205164
1.8428e-09	0.205596
1.8429e-09	0.206028
1.84299e-09	0.206459
1.84308e-09	0.20689
1.84317e-09	0.20732
1.84326e-09	0.20775
1.84336e-09	0.208179
1.84345e-09	0.208607
1.84354e-09	0.209035
1.84363e-09	0.209462
1.84373e-09	0.209888
1.84382e-09	0.210314
1.84391e-09	0.21074
1.844e-09	0.211164
1.8441e-09	0.211588
1.84419e-09	0.212012
1.84428e-09	0.212435
1.84437e-09	0.212857
1.84447e-09	0.213279
1.84456e-09	0.2137
1.84465e-09	0.21412
1.84474e-09	0.21454
1.84484e-09	0.214959
1.84493e-09	0.215378
1.84502e-09	0.215796
1.84511e-09	0.216213
1.84521e-09	0.21663
1.8453e-09	0.217046
1.84539e-09	0.217462
1.84548e-09	0.217877
1.84557e-09	0.218291
1.84567e-09	0.218705
1.84576e-09	0.219118
1.84585e-09	0.21953
1.84594e-09	0.219942
1.84604e-09	0.220353
1.84613e-09	0.220764
1.84622e-09	0.221174
1.84631e-09	0.221583
1.84641e-09	0.221992
1.8465e-09	0.2224
1.84659e-09	0.222808
1.84668e-09	0.223215
1.84678e-09	0.223621
1.84687e-09	0.224027
1.84696e-09	0.224432
1.84705e-09	0.224836
1.84715e-09	0.22524
1.84724e-09	0.225644
1.84733e-09	0.226046
1.84742e-09	0.226448
1.84752e-09	0.22685
1.84761e-09	0.22725
1.8477e-09	0.227651
1.84779e-09	0.22805
1.84788e-09	0.228449
1.84798e-09	0.228847
1.84807e-09	0.229245
1.84816e-09	0.229642
1.84825e-09	0.230038
1.84835e-09	0.230434
1.84844e-09	0.23083
1.84853e-09	0.231224
1.84862e-09	0.231618
1.84872e-09	0.232011
1.84881e-09	0.232404
1.8489e-09	0.232796
1.84899e-09	0.233188
1.84909e-09	0.233578
1.84918e-09	0.233969
1.84927e-09	0.234358
1.84936e-09	0.234747
1.84946e-09	0.235136
1.84955e-09	0.235523
1.84964e-09	0.23591
1.84973e-09	0.236297
1.84983e-09	0.236683
1.84992e-09	0.237068
1.85001e-09	0.237453
1.8501e-09	0.237837
1.8502e-09	0.23822
1.85029e-09	0.238603
1.85038e-09	0.238985
1.85047e-09	0.239366
1.85056e-09	0.239747
1.85066e-09	0.240127
1.85075e-09	0.240507
1.85084e-09	0.240886
1.85093e-09	0.241264
1.85103e-09	0.241642
1.85112e-09	0.242019
1.85121e-09	0.242396
1.8513e-09	0.242771
1.8514e-09	0.243147
1.85149e-09	0.243521
1.85158e-09	0.243895
1.85167e-09	0.244268
1.85177e-09	0.244641
1.85186e-09	0.245013
1.85195e-09	0.245385
1.85204e-09	0.245755
1.85214e-09	0.246126
1.85223e-09	0.246495
1.85232e-09	0.246864
1.85241e-09	0.247232
1.85251e-09	0.2476
1.8526e-09	0.247967
1.85269e-09	0.248333
1.85278e-09	0.248699
1.85287e-09	0.249064
1.85297e-09	0.249429
1.85306e-09	0.249792
1.85315e-09	0.250156
1.85324e-09	0.250518
1.85334e-09	0.25088
1.85343e-09	0.251242
1.85352e-09	0.251602
1.85361e-09	0.251962
1.85371e-09	0.252322
1.8538e-09	0.25268
1.85389e-09	0.253039
1.85398e-09	0.253396
1.85408e-09	0.253753
1.85417e-09	0.254109
1.85426e-09	0.254465
1.85435e-09	0.25482
1.85445e-09	0.255174
1.85454e-09	0.255528
1.85463e-09	0.255881
1.85472e-09	0.256233
1.85482e-09	0.256585
1.85491e-09	0.256936
1.855e-09	0.257287
1.85509e-09	0.257637
1.85518e-09	0.257986
1.85528e-09	0.258335
1.85537e-09	0.258683
1.85546e-09	0.25903
1.85555e-09	0.259377
1.85565e-09	0.259723
1.85574e-09	0.260068
1.85583e-09	0.260413
1.85592e-09	0.260757
1.85602e-09	0.261101
1.85611e-09	0.261444
1.8562e-09	0.261786
1.85629e-09	0.262127
1.85639e-09	0.262468
1.85648e-09	0.262809
1.85657e-09	0.263148
1.85666e-09	0.263487
1.85676e-09	0.263826
1.85685e-09	0.264164
1.85694e-09	0.264501
1.85703e-09	0.264837
1.85713e-09	0.265173
1.85722e-09	0.265508
1.85731e-09	0.265843
1.8574e-09	0.266177
1.85749e-09	0.26651
1.85759e-09	0.266843
1.85768e-09	0.267175
1.85777e-09	0.267506
1.85786e-09	0.267837
1.85796e-09	0.268167
1.85805e-09	0.268496
1.85814e-09	0.268825
1.85823e-09	0.269153
1.85833e-09	0.269481
1.85842e-09	0.269808
1.85851e-09	0.270134
1.8586e-09	0.27046
1.8587e-09	0.270785
1.85879e-09	0.271109
1.85888e-09	0.271433
1.85897e-09	0.271756
1.85907e-09	0.272078
1.85916e-09	0.2724
1.85925e-09	0.272721
1.85934e-09	0.273041
1.85944e-09	0.273361
1.85953e-09	0.27368
1.85962e-09	0.273999
1.85971e-09	0.274317
1.85981e-09	0.274634
1.8599e-09	0.274951
1.85999e-09	0.275266
1.86008e-09	0.275582
1.86017e-09	0.275896
1.86027e-09	0.27621
1.86036e-09	0.276524
1.86045e-09	0.276837
1.86054e-09	0.277149
1.86064e-09	0.27746
1.86073e-09	0.277771
1.86082e-09	0.278081
1.86091e-09	0.278391
1.86101e-09	0.2787
1.8611e-09	0.279008
1.86119e-09	0.279315
1.86128e-09	0.279622
1.86138e-09	0.279929
1.86147e-09	0.280234
1.86156e-09	0.280539
1.86165e-09	0.280844
1.86175e-09	0.281147
1.86184e-09	0.28145
1.86193e-09	0.281753
1.86202e-09	0.282055
1.86212e-09	0.282356
1.86221e-09	0.282656
1.8623e-09	0.282956
1.86239e-09	0.283255
1.86248e-09	0.283554
1.86258e-09	0.283852
1.86267e-09	0.284149
1.86276e-09	0.284445
1.86285e-09	0.284741
1.86295e-09	0.285037
1.86304e-09	0.285331
1.86313e-09	0.285625
1.86322e-09	0.285919
1.86332e-09	0.286212
1.86341e-09	0.286504
1.8635e-09	0.286795
1.86359e-09	0.287086
1.86369e-09	0.287376
1.86378e-09	0.287665
1.86387e-09	0.287954
1.86396e-09	0.288243
1.86406e-09	0.28853
1.86415e-09	0.288817
1.86424e-09	0.289103
1.86433e-09	0.289389
1.86443e-09	0.289674
1.86452e-09	0.289958
1.86461e-09	0.290242
1.8647e-09	0.290525
1.86479e-09	0.290807
1.86489e-09	0.291089
1.86498e-09	0.29137
1.86507e-09	0.29165
1.86516e-09	0.29193
1.86526e-09	0.292209
1.86535e-09	0.292488
1.86544e-09	0.292766
1.86553e-09	0.293043
1.86563e-09	0.293319
1.86572e-09	0.293595
1.86581e-09	0.293871
1.8659e-09	0.294145
1.866e-09	0.294419
1.86609e-09	0.294693
1.86618e-09	0.294965
1.86627e-09	0.295237
1.86637e-09	0.295509
1.86646e-09	0.295779
1.86655e-09	0.296049
1.86664e-09	0.296319
1.86674e-09	0.296588
1.86683e-09	0.296856
1.86692e-09	0.297123
1.86701e-09	0.29739
1.8671e-09	0.297656
1.8672e-09	0.297922
1.86729e-09	0.298187
1.86738e-09	0.298451
1.86747e-09	0.298714
1.86757e-09	0.298977
1.86766e-09	0.29924
1.86775e-09	0.299501
1.86784e-09	0.299762
1.86794e-09	0.300023
1.86803e-09	0.300282
1.86812e-09	0.300541
1.86821e-09	0.3008
1.86831e-09	0.301058
1.8684e-09	0.301315
1.86849e-09	0.301571
1.86858e-09	0.301827
1.86868e-09	0.302082
1.86877e-09	0.302337
1.86886e-09	0.302591
1.86895e-09	0.302844
1.86905e-09	0.303096
1.86914e-09	0.303348
1.86923e-09	0.3036
1.86932e-09	0.30385
1.86941e-09	0.3041
1.86951e-09	0.30435
1.8696e-09	0.304598
1.86969e-09	0.304846
1.86978e-09	0.305094
1.86988e-09	0.30534
1.86997e-09	0.305586
1.87006e-09	0.305832
1.87015e-09	0.306077
1.87025e-09	0.306321
1.87034e-09	0.306564
1.87043e-09	0.306807
1.87052e-09	0.307049
1.87062e-09	0.307291
1.87071e-09	0.307532
1.8708e-09	0.307772
1.87089e-09	0.308012
1.87099e-09	0.308251
1.87108e-09	0.308489
1.87117e-09	0.308727
1.87126e-09	0.308964
1.87136e-09	0.3092
1.87145e-09	0.309436
1.87154e-09	0.309671
1.87163e-09	0.309906
1.87173e-09	0.310139
1.87182e-09	0.310372
1.87191e-09	0.310605
1.872e-09	0.310837
1.87209e-09	0.311068
1.87219e-09	0.311299
1.87228e-09	0.311529
1.87237e-09	0.311758
1.87246e-09	0.311986
1.87256e-09	0.312214
1.87265e-09	0.312442
1.87274e-09	0.312668
1.87283e-09	0.312894
1.87293e-09	0.31312
1.87302e-09	0.313345
1.87311e-09	0.313569
1.8732e-09	0.313792
1.8733e-09	0.314015
1.87339e-09	0.314237
1.87348e-09	0.314459
1.87357e-09	0.314679
1.87367e-09	0.3149
1.87376e-09	0.315119
1.87385e-09	0.315338
1.87394e-09	0.315556
1.87404e-09	0.315774
1.87413e-09	0.315991
1.87422e-09	0.316207
1.87431e-09	0.316423
1.8744e-09	0.316638
1.8745e-09	0.316853
1.87459e-09	0.317066
1.87468e-09	0.317279
1.87477e-09	0.317492
1.87487e-09	0.317704
1.87496e-09	0.317915
1.87505e-09	0.318126
1.87514e-09	0.318335
1.87524e-09	0.318545
1.87533e-09	0.318753
1.87542e-09	0.318961
1.87551e-09	0.319169
1.87561e-09	0.319375
1.8757e-09	0.319581
1.87579e-09	0.319787
1.87588e-09	0.319991
1.87598e-09	0.320195
1.87607e-09	0.320399
1.87616e-09	0.320602
1.87625e-09	0.320804
1.87635e-09	0.321005
1.87644e-09	0.321206
1.87653e-09	0.321407
1.87662e-09	0.321606
1.87671e-09	0.321805
1.87681e-09	0.322003
1.8769e-09	0.322201
1.87699e-09	0.322398
1.87708e-09	0.322595
1.87718e-09	0.32279
1.87727e-09	0.322985
1.87736e-09	0.32318
1.87745e-09	0.323374
1.87755e-09	0.323567
1.87764e-09	0.323759
1.87773e-09	0.323951
1.87782e-09	0.324142
1.87792e-09	0.324333
1.87801e-09	0.324523
1.8781e-09	0.324712
1.87819e-09	0.324901
1.87829e-09	0.325089
1.87838e-09	0.325276
1.87847e-09	0.325463
1.87856e-09	0.325649
1.87866e-09	0.325835
1.87875e-09	0.32602
1.87884e-09	0.326204
1.87893e-09	0.326387
1.87902e-09	0.32657
1.87912e-09	0.326753
1.87921e-09	0.326934
1.8793e-09	0.327115
1.87939e-09	0.327296
1.87949e-09	0.327475
1.87958e-09	0.327654
1.87967e-09	0.327833
1.87976e-09	0.328011
1.87986e-09	0.328188
1.87995e-09	0.328364
1.88004e-09	0.32854
1.88013e-09	0.328715
1.88023e-09	0.32889
1.88032e-09	0.329064
1.88041e-09	0.329237
1.8805e-09	0.32941
1.8806e-09	0.329582
1.88069e-09	0.329754
1.88078e-09	0.329924
1.88087e-09	0.330094
1.88097e-09	0.330264
1.88106e-09	0.330433
1.88115e-09	0.330601
1.88124e-09	0.330769
1.88134e-09	0.330936
1.88143e-09	0.331102
1.88152e-09	0.331268
1.88161e-09	0.331433
1.8817e-09	0.331597
1.8818e-09	0.331761
1.88189e-09	0.331924
1.88198e-09	0.332087
1.88207e-09	0.332249
1.88217e-09	0.33241
1.88226e-09	0.33257
1.88235e-09	0.33273
1.88244e-09	0.33289
1.88254e-09	0.333048
1.88263e-09	0.333206
1.88272e-09	0.333364
1.88281e-09	0.333521
1.88291e-09	0.333677
1.883e-09	0.333832
1.88309e-09	0.333987
1.88318e-09	0.334142
1.88328e-09	0.334295
1.88337e-09	0.334448
1.88346e-09	0.334601
1.88355e-09	0.334752
1.88365e-09	0.334903
1.88374e-09	0.335054
1.88383e-09	0.335204
1.88392e-09	0.335353
1.88401e-09	0.335502
1.88411e-09	0.33565
1.8842e-09	0.335797
1.88429e-09	0.335944
1.88438e-09	0.33609
1.88448e-09	0.336235
1.88457e-09	0.33638
1.88466e-09	0.336524
1.88475e-09	0.336668
1.88485e-09	0.33681
1.88494e-09	0.336953
1.88503e-09	0.337094
1.88512e-09	0.337235
1.88522e-09	0.337376
1.88531e-09	0.337516
1.8854e-09	0.337655
1.88549e-09	0.337793
1.88559e-09	0.337931
1.88568e-09	0.338068
1.88577e-09	0.338205
1.88586e-09	0.338341
1.88596e-09	0.338476
1.88605e-09	0.338611
1.88614e-09	0.338745
1.88623e-09	0.338879
1.88632e-09	0.339012
1.88642e-09	0.339144
1.88651e-09	0.339276
1.8866e-09	0.339407
1.88669e-09	0.339537
1.88679e-09	0.339667
1.88688e-09	0.339796
1.88697e-09	0.339924
1.88706e-09	0.340052
1.88716e-09	0.340179
1.88725e-09	0.340306
1.88734e-09	0.340432
1.88743e-09	0.340557
1.88753e-09	0.340682
1.88762e-09	0.340806
1.88771e-09	0.34093
1.8878e-09	0.341053
1.8879e-09	0.341175
1.88799e-09	0.341296
1.88808e-09	0.341418
1.88817e-09	0.341538
1.88827e-09	0.341658
1.88836e-09	0.341777
1.88845e-09	0.341895
1.88854e-09	0.342013
1.88863e-09	0.342131
1.88873e-09	0.342247
1.88882e-09	0.342363
1.88891e-09	0.342479
1.889e-09	0.342594
1.8891e-09	0.342708
1.88919e-09	0.342821
1.88928e-09	0.342934
1.88937e-09	0.343047
1.88947e-09	0.343158
1.88956e-09	0.343269
1.88965e-09	0.34338
1.88974e-09	0.34349
1.88984e-09	0.343599
1.88993e-09	0.343708
1.89002e-09	0.343816
1.89011e-09	0.343923
1.89021e-09	0.34403
1.8903e-09	0.344136
1.89039e-09	0.344241
1.89048e-09	0.344346
1.89058e-09	0.344451
1.89067e-09	0.344554
1.89076e-09	0.344657
1.89085e-09	0.34476
1.89094e-09	0.344862
1.89104e-09	0.344963
1.89113e-09	0.345064
1.89122e-09	0.345164
1.89131e-09	0.345263
1.89141e-09	0.345362
1.8915e-09	0.34546
1.89159e-09	0.345558
1.89168e-09	0.345655
1.89178e-09	0.345751
1.89187e-09	0.345847
1.89196e-09	0.345942
1.89205e-09	0.346036
1.89215e-09	0.34613
1.89224e-09	0.346223
1.89233e-09	0.346316
1.89242e-09	0.346408
1.89252e-09	0.3465
1.89261e-09	0.34659
1.8927e-09	0.346681
1.89279e-09	0.34677
1.89289e-09	0.346859
1.89298e-09	0.346948
1.89307e-09	0.347036
1.89316e-09	0.347123
1.89326e-09	0.347209
1.89335e-09	0.347295
1.89344e-09	0.347381
1.89353e-09	0.347465
1.89362e-09	0.34755
1.89372e-09	0.347633
1.89381e-09	0.347716
1.8939e-09	0.347798
1.89399e-09	0.34788
1.89409e-09	0.347961
1.89418e-09	0.348042
1.89427e-09	0.348122
1.89436e-09	0.348201
1.89446e-09	0.34828
1.89455e-09	0.348358
1.89464e-09	0.348435
1.89473e-09	0.348512
1.89483e-09	0.348589
1.89492e-09	0.348664
1.89501e-09	0.34874
1.8951e-09	0.348814
1.8952e-09	0.348888
1.89529e-09	0.348961
1.89538e-09	0.349034
1.89547e-09	0.349106
1.89557e-09	0.349177
1.89566e-09	0.349248
1.89575e-09	0.349319
1.89584e-09	0.349388
1.89593e-09	0.349458
1.89603e-09	0.349526
1.89612e-09	0.349594
1.89621e-09	0.349661
1.8963e-09	0.349728
1.8964e-09	0.349794
1.89649e-09	0.34986
1.89658e-09	0.349924
1.89667e-09	0.349989
1.89677e-09	0.350053
1.89686e-09	0.350116
1.89695e-09	0.350178
1.89704e-09	0.35024
1.89714e-09	0.350301
1.89723e-09	0.350362
1.89732e-09	0.350422
1.89741e-09	0.350482
1.89751e-09	0.350541
1.8976e-09	0.350599
1.89769e-09	0.350657
1.89778e-09	0.350714
1.89788e-09	0.350771
1.89797e-09	0.350827
1.89806e-09	0.350882
1.89815e-09	0.350937
1.89824e-09	0.350991
1.89834e-09	0.351045
1.89843e-09	0.351098
1.89852e-09	0.351151
1.89861e-09	0.351202
1.89871e-09	0.351254
1.8988e-09	0.351304
1.89889e-09	0.351355
1.89898e-09	0.351404
1.89908e-09	0.351453
1.89917e-09	0.351501
1.89926e-09	0.351549
1.89935e-09	0.351596
1.89945e-09	0.351643
1.89954e-09	0.351689
1.89963e-09	0.351734
1.89972e-09	0.351779
1.89982e-09	0.351823
1.89991e-09	0.351867
1.9e-09	0.35191
1.90009e-09	0.351953
1.90019e-09	0.351994
1.90028e-09	0.352036
1.90037e-09	0.352077
1.90046e-09	0.352117
1.90055e-09	0.352156
1.90065e-09	0.352195
1.90074e-09	0.352234
1.90083e-09	0.352272
1.90092e-09	0.352309
1.90102e-09	0.352345
1.90111e-09	0.352382
1.9012e-09	0.352417
1.90129e-09	0.352452
1.90139e-09	0.352486
1.90148e-09	0.35252
1.90157e-09	0.352553
1.90166e-09	0.352586
1.90176e-09	0.352618
1.90185e-09	0.35265
1.90194e-09	0.35268
1.90203e-09	0.352711
1.90213e-09	0.35274
1.90222e-09	0.35277
1.90231e-09	0.352798
1.9024e-09	0.352826
1.9025e-09	0.352854
1.90259e-09	0.352881
1.90268e-09	0.352907
1.90277e-09	0.352933
1.90287e-09	0.352958
1.90296e-09	0.352982
1.90305e-09	0.353006
1.90314e-09	0.35303
1.90323e-09	0.353053
1.90333e-09	0.353075
1.90342e-09	0.353097
1.90351e-09	0.353118
1.9036e-09	0.353138
1.9037e-09	0.353158
1.90379e-09	0.353178
1.90388e-09	0.353197
1.90397e-09	0.353215
1.90407e-09	0.353233
1.90416e-09	0.35325
1.90425e-09	0.353266
1.90434e-09	0.353282
1.90444e-09	0.353298
1.90453e-09	0.353313
1.90462e-09	0.353327
1.90471e-09	0.353341
1.90481e-09	0.353354
1.9049e-09	0.353367
1.90499e-09	0.353379
1.90508e-09	0.35339
1.90518e-09	0.353401
1.90527e-09	0.353412
1.90536e-09	0.353421
1.90545e-09	0.353431
1.90554e-09	0.353439
1.90564e-09	0.353447
1.90573e-09	0.353455
1.90582e-09	0.353462
1.90591e-09	0.353468
1.90601e-09	0.353474
1.9061e-09	0.35348
1.90619e-09	0.353484
1.90628e-09	0.353489
1.90638e-09	0.353492
1.90647e-09	0.353495
1.90656e-09	0.353498
1.90665e-09	0.3535
1.90675e-09	0.353501
1.90684e-09	0.353502
1.90693e-09	0.353503
1.90702e-09	0.353502
1.90712e-09	0.353502
1.90721e-09	0.3535
1.9073e-09	0.353498
1.90739e-09	0.353496
1.90749e-09	0.353493
1.90758e-09	0.353489
1.90767e-09	0.353485
1.90776e-09	0.35348
1.90785e-09	0.353475
1.90795e-09	0.353469
1.90804e-09	0.353463
1.90813e-09	0.353456
1.90822e-09	0.353449
1.90832e-09	0.353441
1.90841e-09	0.353432
1.9085e-09	0.353423
1.90859e-09	0.353414
1.90869e-09	0.353403
1.90878e-09	0.353393
1.90887e-09	0.353381
1.90896e-09	0.35337
1.90906e-09	0.353357
1.90915e-09	0.353344
1.90924e-09	0.353331
1.90933e-09	0.353317
1.90943e-09	0.353302
1.90952e-09	0.353287
1.90961e-09	0.353272
1.9097e-09	0.353256
1.9098e-09	0.353239
1.90989e-09	0.353222
1.90998e-09	0.353204
1.91007e-09	0.353185
1.91016e-09	0.353167
1.91026e-09	0.353147
1.91035e-09	0.353127
1.91044e-09	0.353107
1.91053e-09	0.353086
1.91063e-09	0.353064
1.91072e-09	0.353042
1.91081e-09	0.353019
1.9109e-09	0.352996
1.911e-09	0.352972
1.91109e-09	0.352948
1.91118e-09	0.352923
1.91127e-09	0.352898
1.91137e-09	0.352872
1.91146e-09	0.352846
1.91155e-09	0.352819
1.91164e-09	0.352791
1.91174e-09	0.352763
1.91183e-09	0.352735
1.91192e-09	0.352706
1.91201e-09	0.352676
1.91211e-09	0.352646
1.9122e-09	0.352615
1.91229e-09	0.352584
1.91238e-09	0.352552
1.91248e-09	0.35252
1.91257e-09	0.352487
1.91266e-09	0.352454
1.91275e-09	0.35242
1.91284e-09	0.352385
1.91294e-09	0.352351
1.91303e-09	0.352315
1.91312e-09	0.352279
1.91321e-09	0.352243
1.91331e-09	0.352206
1.9134e-09	0.352168
1.91349e-09	0.35213
1.91358e-09	0.352091
1.91368e-09	0.352052
1.91377e-09	0.352013
1.91386e-09	0.351973
1.91395e-09	0.351932
1.91405e-09	0.351891
1.91414e-09	0.351849
1.91423e-09	0.351807
1.91432e-09	0.351764
1.91442e-09	0.351721
1.91451e-09	0.351677
1.9146e-09	0.351632
1.91469e-09	0.351588
1.91479e-09	0.351542
1.91488e-09	0.351496
1.91497e-09	0.35145
1.91506e-09	0.351403
1.91515e-09	0.351355
1.91525e-09	0.351307
1.91534e-09	0.351259
1.91543e-09	0.35121
1.91552e-09	0.35116
1.91562e-09	0.35111
1.91571e-09	0.35106
1.9158e-09	0.351009
1.91589e-09	0.350957
1.91599e-09	0.350905
1.91608e-09	0.350853
1.91617e-09	0.3508
1.91626e-09	0.350746
1.91636e-09	0.350692
1.91645e-09	0.350637
1.91654e-09	0.350582
1.91663e-09	0.350526
1.91673e-09	0.35047
1.91682e-09	0.350413
1.91691e-09	0.350356
1.917e-09	0.350299
1.9171e-09	0.35024
1.91719e-09	0.350182
1.91728e-09	0.350122
1.91737e-09	0.350063
1.91746e-09	0.350003
1.91756e-09	0.349942
1.91765e-09	0.349881
1.91774e-09	0.349819
1.91783e-09	0.349757
1.91793e-09	0.349694
1.91802e-09	0.349631
1.91811e-09	0.349567
1.9182e-09	0.349503
1.9183e-09	0.349438
1.91839e-09	0.349373
1.91848e-09	0.349307
1.91857e-09	0.349241
1.91867e-09	0.349174
1.91876e-09	0.349107
1.91885e-09	0.349039
1.91894e-09	0.348971
1.91904e-09	0.348902
1.91913e-09	0.348833
1.91922e-09	0.348763
1.91931e-09	0.348693
1.91941e-09	0.348622
1.9195e-09	0.348551
1.91959e-09	0.348479
1.91968e-09	0.348407
1.91977e-09	0.348334
1.91987e-09	0.348261
1.91996e-09	0.348187
1.92005e-09	0.348113
1.92014e-09	0.348039
1.92024e-09	0.347963
1.92033e-09	0.347888
1.92042e-09	0.347812
1.92051e-09	0.347735
1.92061e-09	0.347658
1.9207e-09	0.34758
1.92079e-09	0.347502
1.92088e-09	0.347424
1.92098e-09	0.347345
1.92107e-09	0.347265
1.92116e-09	0.347185
1.92125e-09	0.347105
1.92135e-09	0.347024
1.92144e-09	0.346942
1.92153e-09	0.34686
1.92162e-09	0.346778
1.92172e-09	0.346695
1.92181e-09	0.346611
1.9219e-09	0.346527
1.92199e-09	0.346443
1.92208e-09	0.346358
1.92218e-09	0.346273
1.92227e-09	0.346187
1.92236e-09	0.346101
1.92245e-09	0.346014
1.92255e-09	0.345927
1.92264e-09	0.345839
1.92273e-09	0.345751
1.92282e-09	0.345662
1.92292e-09	0.345573
1.92301e-09	0.345483
1.9231e-09	0.345393
1.92319e-09	0.345303
1.92329e-09	0.345212
1.92338e-09	0.34512
1.92347e-09	0.345028
1.92356e-09	0.344936
1.92366e-09	0.344843
1.92375e-09	0.344749
1.92384e-09	0.344655
1.92393e-09	0.344561
1.92403e-09	0.344466
1.92412e-09	0.344371
1.92421e-09	0.344275
1.9243e-09	0.344179
1.9244e-09	0.344082
1.92449e-09	0.343985
1.92458e-09	0.343887
1.92467e-09	0.343789
1.92476e-09	0.343691
1.92486e-09	0.343592
1.92495e-09	0.343492
1.92504e-09	0.343392
1.92513e-09	0.343292
1.92523e-09	0.343191
1.92532e-09	0.343089
1.92541e-09	0.342988
1.9255e-09	0.342885
1.9256e-09	0.342783
1.92569e-09	0.342679
1.92578e-09	0.342576
1.92587e-09	0.342472
1.92597e-09	0.342367
1.92606e-09	0.342262
1.92615e-09	0.342157
1.92624e-09	0.342051
1.92634e-09	0.341944
1.92643e-09	0.341837
1.92652e-09	0.34173
1.92661e-09	0.341622
1.92671e-09	0.341514
1.9268e-09	0.341405
1.92689e-09	0.341296
1.92698e-09	0.341187
1.92707e-09	0.341077
1.92717e-09	0.340966
1.92726e-09	0.340855
1.92735e-09	0.340744
1.92744e-09	0.340632
1.92754e-09	0.34052
1.92763e-09	0.340407
1.92772e-09	0.340294
1.92781e-09	0.34018
1.92791e-09	0.340066
1.928e-09	0.339952
1.92809e-09	0.339837
1.92818e-09	0.339721
1.92828e-09	0.339605
1.92837e-09	0.339489
1.92846e-09	0.339372
1.92855e-09	0.339255
1.92865e-09	0.339137
1.92874e-09	0.339019
1.92883e-09	0.338901
1.92892e-09	0.338782
1.92902e-09	0.338662
1.92911e-09	0.338543
1.9292e-09	0.338422
1.92929e-09	0.338301
1.92938e-09	0.33818
1.92948e-09	0.338059
1.92957e-09	0.337937
1.92966e-09	0.337814
1.92975e-09	0.337691
1.92985e-09	0.337568
1.92994e-09	0.337444
1.93003e-09	0.33732
1.93012e-09	0.337195
1.93022e-09	0.33707
1.93031e-09	0.336945
1.9304e-09	0.336819
1.93049e-09	0.336692
1.93059e-09	0.336565
1.93068e-09	0.336438
1.93077e-09	0.33631
1.93086e-09	0.336182
1.93096e-09	0.336054
1.93105e-09	0.335925
1.93114e-09	0.335795
1.93123e-09	0.335666
1.93133e-09	0.335535
1.93142e-09	0.335405
1.93151e-09	0.335274
1.9316e-09	0.335142
1.93169e-09	0.33501
1.93179e-09	0.334878
1.93188e-09	0.334745
1.93197e-09	0.334612
1.93206e-09	0.334478
1.93216e-09	0.334344
1.93225e-09	0.334209
1.93234e-09	0.334074
1.93243e-09	0.333939
1.93253e-09	0.333803
1.93262e-09	0.333667
1.93271e-09	0.33353
1.9328e-09	0.333393
1.9329e-09	0.333256
1.93299e-09	0.333118
1.93308e-09	0.33298
1.93317e-09	0.332841
1.93327e-09	0.332702
1.93336e-09	0.332563
1.93345e-09	0.332423
1.93354e-09	0.332282
1.93364e-09	0.332141
1.93373e-09	0.332
1.93382e-09	0.331859
1.93391e-09	0.331717
1.93401e-09	0.331574
1.9341e-09	0.331431
1.93419e-09	0.331288
1.93428e-09	0.331145
1.93437e-09	0.331
1.93447e-09	0.330856
1.93456e-09	0.330711
1.93465e-09	0.330566
1.93474e-09	0.33042
1.93484e-09	0.330274
1.93493e-09	0.330128
1.93502e-09	0.329981
1.93511e-09	0.329833
1.93521e-09	0.329686
1.9353e-09	0.329538
1.93539e-09	0.329389
1.93548e-09	0.32924
1.93558e-09	0.329091
1.93567e-09	0.328941
1.93576e-09	0.328791
1.93585e-09	0.32864
1.93595e-09	0.328489
1.93604e-09	0.328338
1.93613e-09	0.328186
1.93622e-09	0.328034
1.93632e-09	0.327882
1.93641e-09	0.327729
1.9365e-09	0.327576
1.93659e-09	0.327422
1.93668e-09	0.327268
1.93678e-09	0.327113
1.93687e-09	0.326958
1.93696e-09	0.326803
1.93705e-09	0.326647
1.93715e-09	0.326491
1.93724e-09	0.326335
1.93733e-09	0.326178
1.93742e-09	0.326021
1.93752e-09	0.325863
1.93761e-09	0.325705
1.9377e-09	0.325547
1.93779e-09	0.325388
1.93789e-09	0.325229
1.93798e-09	0.325069
1.93807e-09	0.324909
1.93816e-09	0.324749
1.93826e-09	0.324588
1.93835e-09	0.324427
1.93844e-09	0.324266
1.93853e-09	0.324104
1.93863e-09	0.323941
1.93872e-09	0.323779
1.93881e-09	0.323616
1.9389e-09	0.323452
1.93899e-09	0.323289
1.93909e-09	0.323124
1.93918e-09	0.32296
1.93927e-09	0.322795
1.93936e-09	0.32263
1.93946e-09	0.322464
1.93955e-09	0.322298
1.93964e-09	0.322132
1.93973e-09	0.321965
1.93983e-09	0.321798
1.93992e-09	0.32163
1.94001e-09	0.321462
1.9401e-09	0.321294
1.9402e-09	0.321125
1.94029e-09	0.320956
1.94038e-09	0.320787
1.94047e-09	0.320617
1.94057e-09	0.320447
1.94066e-09	0.320276
1.94075e-09	0.320105
1.94084e-09	0.319934
1.94094e-09	0.319762
1.94103e-09	0.31959
1.94112e-09	0.319418
1.94121e-09	0.319245
1.9413e-09	0.319072
1.9414e-09	0.318899
1.94149e-09	0.318725
1.94158e-09	0.318551
1.94167e-09	0.318376
1.94177e-09	0.318201
1.94186e-09	0.318026
1.94195e-09	0.31785
1.94204e-09	0.317674
1.94214e-09	0.317498
1.94223e-09	0.317321
1.94232e-09	0.317144
1.94241e-09	0.316966
1.94251e-09	0.316789
1.9426e-09	0.31661
1.94269e-09	0.316432
1.94278e-09	0.316253
1.94288e-09	0.316074
1.94297e-09	0.315894
1.94306e-09	0.315714
1.94315e-09	0.315534
1.94325e-09	0.315353
1.94334e-09	0.315172
1.94343e-09	0.314991
1.94352e-09	0.314809
1.94361e-09	0.314627
1.94371e-09	0.314445
1.9438e-09	0.314262
1.94389e-09	0.314079
1.94398e-09	0.313895
1.94408e-09	0.313711
1.94417e-09	0.313527
1.94426e-09	0.313343
1.94435e-09	0.313158
1.94445e-09	0.312973
1.94454e-09	0.312787
1.94463e-09	0.312601
1.94472e-09	0.312415
1.94482e-09	0.312228
1.94491e-09	0.312041
1.945e-09	0.311854
1.94509e-09	0.311667
1.94519e-09	0.311479
1.94528e-09	0.31129
1.94537e-09	0.311102
1.94546e-09	0.310913
1.94556e-09	0.310723
1.94565e-09	0.310534
1.94574e-09	0.310344
1.94583e-09	0.310153
1.94593e-09	0.309963
1.94602e-09	0.309772
1.94611e-09	0.309581
1.9462e-09	0.309389
1.94629e-09	0.309197
1.94639e-09	0.309004
1.94648e-09	0.308812
1.94657e-09	0.308619
1.94666e-09	0.308425
1.94676e-09	0.308232
1.94685e-09	0.308038
1.94694e-09	0.307844
1.94703e-09	0.307649
1.94713e-09	0.307454
1.94722e-09	0.307259
1.94731e-09	0.307063
1.9474e-09	0.306867
1.9475e-09	0.306671
1.94759e-09	0.306474
1.94768e-09	0.306277
1.94777e-09	0.30608
1.94787e-09	0.305882
1.94796e-09	0.305684
1.94805e-09	0.305486
1.94814e-09	0.305288
1.94824e-09	0.305089
1.94833e-09	0.304889
1.94842e-09	0.30469
1.94851e-09	0.30449
1.9486e-09	0.30429
1.9487e-09	0.304089
1.94879e-09	0.303889
1.94888e-09	0.303687
1.94897e-09	0.303486
1.94907e-09	0.303284
1.94916e-09	0.303082
1.94925e-09	0.30288
1.94934e-09	0.302677
1.94944e-09	0.302474
1.94953e-09	0.302271
1.94962e-09	0.302067
1.94971e-09	0.301863
1.94981e-09	0.301659
1.9499e-09	0.301454
1.94999e-09	0.30125
1.95008e-09	0.301044
1.95018e-09	0.300839
1.95027e-09	0.300633
1.95036e-09	0.300427
1.95045e-09	0.30022
1.95055e-09	0.300014
1.95064e-09	0.299807
1.95073e-09	0.299599
1.95082e-09	0.299392
1.95091e-09	0.299184
1.95101e-09	0.298975
1.9511e-09	0.298767
1.95119e-09	0.298558
1.95128e-09	0.298349
1.95138e-09	0.298139
1.95147e-09	0.29793
1.95156e-09	0.29772
1.95165e-09	0.297509
1.95175e-09	0.297299
1.95184e-09	0.297088
1.95193e-09	0.296876
1.95202e-09	0.296665
1.95212e-09	0.296453
1.95221e-09	0.296241
1.9523e-09	0.296028
1.95239e-09	0.295816
1.95249e-09	0.295603
1.95258e-09	0.295389
1.95267e-09	0.295176
1.95276e-09	0.294962
1.95286e-09	0.294748
1.95295e-09	0.294533
1.95304e-09	0.294318
1.95313e-09	0.294103
1.95322e-09	0.293888
1.95332e-09	0.293672
1.95341e-09	0.293456
1.9535e-09	0.29324
1.95359e-09	0.293023
1.95369e-09	0.292807
1.95378e-09	0.29259
1.95387e-09	0.292372
1.95396e-09	0.292155
1.95406e-09	0.291937
1.95415e-09	0.291718
1.95424e-09	0.2915
1.95433e-09	0.291281
1.95443e-09	0.291062
1.95452e-09	0.290843
1.95461e-09	0.290623
1.9547e-09	0.290403
1.9548e-09	0.290183
1.95489e-09	0.289962
1.95498e-09	0.289742
1.95507e-09	0.289521
1.95517e-09	0.289299
1.95526e-09	0.289078
1.95535e-09	0.288856
1.95544e-09	0.288634
1.95554e-09	0.288411
1.95563e-09	0.288189
1.95572e-09	0.287966
1.95581e-09	0.287743
1.9559e-09	0.287519
1.956e-09	0.287295
1.95609e-09	0.287071
1.95618e-09	0.286847
1.95627e-09	0.286622
1.95637e-09	0.286398
1.95646e-09	0.286172
1.95655e-09	0.285947
1.95664e-09	0.285721
1.95674e-09	0.285496
1.95683e-09	0.285269
1.95692e-09	0.285043
1.95701e-09	0.284816
1.95711e-09	0.284589
1.9572e-09	0.284362
1.95729e-09	0.284135
1.95738e-09	0.283907
1.95748e-09	0.283679
1.95757e-09	0.28345
1.95766e-09	0.283222
1.95775e-09	0.282993
1.95785e-09	0.282764
1.95794e-09	0.282535
1.95803e-09	0.282305
1.95812e-09	0.282075
1.95821e-09	0.281845
1.95831e-09	0.281615
1.9584e-09	0.281384
1.95849e-09	0.281153
1.95858e-09	0.280922
1.95868e-09	0.280691
1.95877e-09	0.280459
1.95886e-09	0.280227
1.95895e-09	0.279995
1.95905e-09	0.279763
1.95914e-09	0.27953
1.95923e-09	0.279297
1.95932e-09	0.279064
1.95942e-09	0.278831
1.95951e-09	0.278597
1.9596e-09	0.278363
1.95969e-09	0.278129
1.95979e-09	0.277895
1.95988e-09	0.27766
1.95997e-09	0.277426
1.96006e-09	0.27719
1.96016e-09	0.276955
1.96025e-09	0.27672
1.96034e-09	0.276484
1.96043e-09	0.276248
1.96052e-09	0.276011
1.96062e-09	0.275775
1.96071e-09	0.275538
1.9608e-09	0.275301
1.96089e-09	0.275064
1.96099e-09	0.274826
1.96108e-09	0.274588
1.96117e-09	0.27435
1.96126e-09	0.274112
1.96136e-09	0.273874
1.96145e-09	0.273635
1.96154e-09	0.273396
1.96163e-09	0.273157
1.96173e-09	0.272918
1.96182e-09	0.272678
1.96191e-09	0.272438
1.962e-09	0.272198
1.9621e-09	0.271958
1.96219e-09	0.271717
1.96228e-09	0.271476
1.96237e-09	0.271235
1.96247e-09	0.270994
1.96256e-09	0.270753
1.96265e-09	0.270511
1.96274e-09	0.270269
1.96283e-09	0.270027
1.96293e-09	0.269784
1.96302e-09	0.269542
1.96311e-09	0.269299
1.9632e-09	0.269056
1.9633e-09	0.268813
1.96339e-09	0.268569
1.96348e-09	0.268325
1.96357e-09	0.268082
1.96367e-09	0.267837
1.96376e-09	0.267593
1.96385e-09	0.267348
1.96394e-09	0.267104
1.96404e-09	0.266858
1.96413e-09	0.266613
1.96422e-09	0.266368
1.96431e-09	0.266122
1.96441e-09	0.265876
1.9645e-09	0.26563
1.96459e-09	0.265384
1.96468e-09	0.265137
1.96478e-09	0.26489
1.96487e-09	0.264643
1.96496e-09	0.264396
1.96505e-09	0.264149
1.96514e-09	0.263901
1.96524e-09	0.263653
1.96533e-09	0.263405
1.96542e-09	0.263157
1.96551e-09	0.262909
1.96561e-09	0.26266
1.9657e-09	0.262411
1.96579e-09	0.262162
1.96588e-09	0.261913
1.96598e-09	0.261663
1.96607e-09	0.261413
1.96616e-09	0.261164
1.96625e-09	0.260913
1.96635e-09	0.260663
1.96644e-09	0.260413
1.96653e-09	0.260162
1.96662e-09	0.259911
1.96672e-09	0.25966
1.96681e-09	0.259408
1.9669e-09	0.259157
1.96699e-09	0.258905
1.96709e-09	0.258653
1.96718e-09	0.258401
1.96727e-09	0.258149
1.96736e-09	0.257896
1.96746e-09	0.257644
1.96755e-09	0.257391
1.96764e-09	0.257138
1.96773e-09	0.256884
1.96782e-09	0.256631
1.96792e-09	0.256377
1.96801e-09	0.256123
1.9681e-09	0.255869
1.96819e-09	0.255615
1.96829e-09	0.25536
1.96838e-09	0.255106
1.96847e-09	0.254851
1.96856e-09	0.254596
1.96866e-09	0.254341
1.96875e-09	0.254085
1.96884e-09	0.25383
1.96893e-09	0.253574
1.96903e-09	0.253318
1.96912e-09	0.253062
1.96921e-09	0.252806
1.9693e-09	0.252549
1.9694e-09	0.252292
1.96949e-09	0.252035
1.96958e-09	0.251778
1.96967e-09	0.251521
1.96977e-09	0.251264
1.96986e-09	0.251006
1.96995e-09	0.250748
1.97004e-09	0.25049
1.97013e-09	0.250232
1.97023e-09	0.249974
1.97032e-09	0.249715
1.97041e-09	0.249457
1.9705e-09	0.249198
1.9706e-09	0.248939
1.97069e-09	0.24868
1.97078e-09	0.24842
1.97087e-09	0.248161
1.97097e-09	0.247901
1.97106e-09	0.247641
1.97115e-09	0.247381
1.97124e-09	0.247121
1.97134e-09	0.24686
1.97143e-09	0.2466
1.97152e-09	0.246339
1.97161e-09	0.246078
1.97171e-09	0.245817
1.9718e-09	0.245556
1.97189e-09	0.245294
1.97198e-09	0.245033
1.97208e-09	0.244771
1.97217e-09	0.244509
1.97226e-09	0.244247
1.97235e-09	0.243984
1.97244e-09	0.243722
1.97254e-09	0.243459
1.97263e-09	0.243197
1.97272e-09	0.242934
1.97281e-09	0.242671
1.97291e-09	0.242407
1.973e-09	0.242144
1.97309e-09	0.24188
1.97318e-09	0.241617
1.97328e-09	0.241353
1.97337e-09	0.241089
1.97346e-09	0.240825
1.97355e-09	0.24056
1.97365e-09	0.240296
1.97374e-09	0.240031
1.97383e-09	0.239766
1.97392e-09	0.239501
1.97402e-09	0.239236
1.97411e-09	0.238971
1.9742e-09	0.238705
1.97429e-09	0.23844
1.97439e-09	0.238174
1.97448e-09	0.237908
1.97457e-09	0.237642
1.97466e-09	0.237376
1.97475e-09	0.237109
1.97485e-09	0.236843
1.97494e-09	0.236576
1.97503e-09	0.23631
1.97512e-09	0.236043
1.97522e-09	0.235776
1.97531e-09	0.235508
1.9754e-09	0.235241
1.97549e-09	0.234973
1.97559e-09	0.234706
1.97568e-09	0.234438
1.97577e-09	0.23417
1.97586e-09	0.233902
1.97596e-09	0.233634
1.97605e-09	0.233365
1.97614e-09	0.233097
1.97623e-09	0.232828
1.97633e-09	0.232559
1.97642e-09	0.23229
1.97651e-09	0.232021
1.9766e-09	0.231752
1.9767e-09	0.231483
1.97679e-09	0.231213
1.97688e-09	0.230943
1.97697e-09	0.230674
1.97707e-09	0.230404
1.97716e-09	0.230134
1.97725e-09	0.229864
1.97734e-09	0.229593
1.97743e-09	0.229323
1.97753e-09	0.229052
1.97762e-09	0.228782
1.97771e-09	0.228511
1.9778e-09	0.22824
1.9779e-09	0.227969
1.97799e-09	0.227697
1.97808e-09	0.227426
1.97817e-09	0.227155
1.97827e-09	0.226883
1.97836e-09	0.226611
1.97845e-09	0.226339
1.97854e-09	0.226067
1.97864e-09	0.225795
1.97873e-09	0.225523
1.97882e-09	0.225251
1.97891e-09	0.224978
1.97901e-09	0.224706
1.9791e-09	0.224433
1.97919e-09	0.22416
1.97928e-09	0.223887
1.97938e-09	0.223614
1.97947e-09	0.223341
1.97956e-09	0.223068
1.97965e-09	0.222794
1.97974e-09	0.222521
1.97984e-09	0.222247
1.97993e-09	0.221973
1.98002e-09	0.221699
1.98011e-09	0.221425
1.98021e-09	0.221151
1.9803e-09	0.220877
1.98039e-09	0.220602
1.98048e-09	0.220328
1.98058e-09	0.220053
1.98067e-09	0.219779
1.98076e-09	0.219504
1.98085e-09	0.219229
1.98095e-09	0.218954
1.98104e-09	0.218679
1.98113e-09	0.218403
1.98122e-09	0.218128
1.98132e-09	0.217852
1.98141e-09	0.217577
1.9815e-09	0.217301
1.98159e-09	0.217025
1.98169e-09	0.216749
1.98178e-09	0.216473
1.98187e-09	0.216197
1.98196e-09	0.215921
1.98205e-09	0.215645
1.98215e-09	0.215368
1.98224e-09	0.215092
1.98233e-09	0.214815
1.98242e-09	0.214538
1.98252e-09	0.214261
1.98261e-09	0.213984
1.9827e-09	0.213707
1.98279e-09	0.21343
1.98289e-09	0.213153
1.98298e-09	0.212876
1.98307e-09	0.212598
1.98316e-09	0.212321
1.98326e-09	0.212043
1.98335e-09	0.211765
1.98344e-09	0.211488
1.98353e-09	0.21121
1.98363e-09	0.210932
1.98372e-09	0.210653
1.98381e-09	0.210375
1.9839e-09	0.210097
1.984e-09	0.209819
1.98409e-09	0.20954
1.98418e-09	0.209262
1.98427e-09	0.208983
1.98436e-09	0.208704
1.98446e-09	0.208425
1.98455e-09	0.208146
1.98464e-09	0.207867
1.98473e-09	0.207588
1.98483e-09	0.207309
1.98492e-09	0.20703
1.98501e-09	0.20675
1.9851e-09	0.206471
1.9852e-09	0.206191
1.98529e-09	0.205912
1.98538e-09	0.205632
1.98547e-09	0.205352
1.98557e-09	0.205072
1.98566e-09	0.204792
1.98575e-09	0.204512
1.98584e-09	0.204232
1.98594e-09	0.203952
1.98603e-09	0.203672
1.98612e-09	0.203392
1.98621e-09	0.203111
1.98631e-09	0.202831
1.9864e-09	0.20255
1.98649e-09	0.202269
1.98658e-09	0.201989
1.98668e-09	0.201708
1.98677e-09	0.201427
1.98686e-09	0.201146
1.98695e-09	0.200865
1.98704e-09	0.200584
1.98714e-09	0.200303
1.98723e-09	0.200021
1.98732e-09	0.19974
1.98741e-09	0.199459
1.98751e-09	0.199177
1.9876e-09	0.198896
1.98769e-09	0.198614
1.98778e-09	0.198332
1.98788e-09	0.19805
1.98797e-09	0.197769
1.98806e-09	0.197487
1.98815e-09	0.197205
1.98825e-09	0.196923
1.98834e-09	0.196641
1.98843e-09	0.196359
1.98852e-09	0.196076
1.98862e-09	0.195794
1.98871e-09	0.195512
1.9888e-09	0.195229
1.98889e-09	0.194947
1.98899e-09	0.194664
1.98908e-09	0.194382
1.98917e-09	0.194099
1.98926e-09	0.193816
1.98935e-09	0.193533
1.98945e-09	0.193251
1.98954e-09	0.192968
1.98963e-09	0.192685
1.98972e-09	0.192402
1.98982e-09	0.192119
1.98991e-09	0.191836
1.99e-09	0.191552
1.99009e-09	0.191269
1.99019e-09	0.190986
1.99028e-09	0.190702
1.99037e-09	0.190419
1.99046e-09	0.190136
1.99056e-09	0.189852
1.99065e-09	0.189569
1.99074e-09	0.189285
1.99083e-09	0.189001
1.99093e-09	0.188718
1.99102e-09	0.188434
1.99111e-09	0.18815
1.9912e-09	0.187866
1.9913e-09	0.187582
1.99139e-09	0.187298
1.99148e-09	0.187014
1.99157e-09	0.18673
1.99166e-09	0.186446
1.99176e-09	0.186162
1.99185e-09	0.185878
1.99194e-09	0.185593
1.99203e-09	0.185309
1.99213e-09	0.185025
1.99222e-09	0.18474
1.99231e-09	0.184456
1.9924e-09	0.184172
1.9925e-09	0.183887
1.99259e-09	0.183603
1.99268e-09	0.183318
1.99277e-09	0.183033
1.99287e-09	0.182749
1.99296e-09	0.182464
1.99305e-09	0.182179
1.99314e-09	0.181894
1.99324e-09	0.18161
1.99333e-09	0.181325
1.99342e-09	0.18104
1.99351e-09	0.180755
1.99361e-09	0.18047
1.9937e-09	0.180185
1.99379e-09	0.1799
1.99388e-09	0.179615
1.99397e-09	0.17933
1.99407e-09	0.179045
1.99416e-09	0.178759
1.99425e-09	0.178474
1.99434e-09	0.178189
1.99444e-09	0.177904
1.99453e-09	0.177619
1.99462e-09	0.177333
1.99471e-09	0.177048
1.99481e-09	0.176762
1.9949e-09	0.176477
1.99499e-09	0.176192
1.99508e-09	0.175906
1.99518e-09	0.175621
1.99527e-09	0.175335
1.99536e-09	0.17505
1.99545e-09	0.174764
1.99555e-09	0.174479
1.99564e-09	0.174193
1.99573e-09	0.173907
1.99582e-09	0.173622
1.99592e-09	0.173336
1.99601e-09	0.17305
1.9961e-09	0.172765
1.99619e-09	0.172479
1.99628e-09	0.172193
1.99638e-09	0.171907
1.99647e-09	0.171621
1.99656e-09	0.171336
1.99665e-09	0.17105
1.99675e-09	0.170764
1.99684e-09	0.170478
1.99693e-09	0.170192
1.99702e-09	0.169906
1.99712e-09	0.16962
1.99721e-09	0.169334
1.9973e-09	0.169048
1.99739e-09	0.168762
1.99749e-09	0.168477
1.99758e-09	0.168191
1.99767e-09	0.167905
1.99776e-09	0.167618
1.99786e-09	0.167332
1.99795e-09	0.167046
1.99804e-09	0.16676
1.99813e-09	0.166474
1.99823e-09	0.166188
1.99832e-09	0.165902
1.99841e-09	0.165616
1.9985e-09	0.16533
1.9986e-09	0.165044
1.99869e-09	0.164758
1.99878e-09	0.164472
1.99887e-09	0.164186
1.99896e-09	0.163899
1.99906e-09	0.163613
1.99915e-09	0.163327
1.99924e-09	0.163041
1.99933e-09	0.162755
1.99943e-09	0.162469
1.99952e-09	0.162183
1.99961e-09	0.161896
1.9997e-09	0.16161
1.9998e-09	0.161324
1.99989e-09	0.161038
1.99998e-09	0.160752
2.00007e-09	0.160466
2.00017e-09	0.160179
2.00026e-09	0.159893
2.00035e-09	0.159607
2.00044e-09	0.159321
2.00054e-09	0.159035
2.00063e-09	0.158749
2.00072e-09	0.158463
2.00081e-09	0.158176
2.00091e-09	0.15789
2.001e-09	0.157604
2.00109e-09	0.157318
2.00118e-09	0.157032
2.00127e-09	0.156746
2.00137e-09	0.15646
2.00146e-09	0.156174
2.00155e-09	0.155888
2.00164e-09	0.155602
2.00174e-09	0.155315
2.00183e-09	0.155029
2.00192e-09	0.154743
2.00201e-09	0.154457
2.00211e-09	0.154171
2.0022e-09	0.153885
2.00229e-09	0.153599
2.00238e-09	0.153313
2.00248e-09	0.153027
2.00257e-09	0.152741
2.00266e-09	0.152455
2.00275e-09	0.15217
2.00285e-09	0.151884
2.00294e-09	0.151598
2.00303e-09	0.151312
2.00312e-09	0.151026
2.00322e-09	0.15074
2.00331e-09	0.150454
2.0034e-09	0.150169
2.00349e-09	0.149883
2.00358e-09	0.149597
2.00368e-09	0.149311
2.00377e-09	0.149026
2.00386e-09	0.14874
2.00395e-09	0.148454
2.00405e-09	0.148168
2.00414e-09	0.147883
2.00423e-09	0.147597
2.00432e-09	0.147312
2.00442e-09	0.147026
2.00451e-09	0.14674
2.0046e-09	0.146455
2.00469e-09	0.146169
2.00479e-09	0.145884
2.00488e-09	0.145599
2.00497e-09	0.145313
2.00506e-09	0.145028
2.00516e-09	0.144742
2.00525e-09	0.144457
2.00534e-09	0.144172
2.00543e-09	0.143886
2.00553e-09	0.143601
2.00562e-09	0.143316
2.00571e-09	0.143031
2.0058e-09	0.142746
2.00589e-09	0.14246
2.00599e-09	0.142175
2.00608e-09	0.14189
2.00617e-09	0.141605
2.00626e-09	0.14132
2.00636e-09	0.141035
2.00645e-09	0.14075
2.00654e-09	0.140465
2.00663e-09	0.14018
2.00673e-09	0.139896
2.00682e-09	0.139611
2.00691e-09	0.139326
2.007e-09	0.139041
2.0071e-09	0.138757
2.00719e-09	0.138472
2.00728e-09	0.138187
2.00737e-09	0.137903
2.00747e-09	0.137618
2.00756e-09	0.137334
2.00765e-09	0.137049
2.00774e-09	0.136765
2.00784e-09	0.136481
2.00793e-09	0.136196
2.00802e-09	0.135912
2.00811e-09	0.135628
2.00821e-09	0.135343
2.0083e-09	0.135059
2.00839e-09	0.134775
2.00848e-09	0.134491
2.00857e-09	0.134207
2.00867e-09	0.133923
2.00876e-09	0.133639
2.00885e-09	0.133355
2.00894e-09	0.133071
2.00904e-09	0.132788
2.00913e-09	0.132504
2.00922e-09	0.13222
2.00931e-09	0.131937
2.00941e-09	0.131653
2.0095e-09	0.131369
2.00959e-09	0.131086
2.00968e-09	0.130802
2.00978e-09	0.130519
2.00987e-09	0.130236
2.00996e-09	0.129952
2.01005e-09	0.129669
2.01015e-09	0.129386
2.01024e-09	0.129103
2.01033e-09	0.12882
2.01042e-09	0.128537
2.01052e-09	0.128254
2.01061e-09	0.127971
2.0107e-09	0.127688
2.01079e-09	0.127405
2.01088e-09	0.127122
2.01098e-09	0.126839
2.01107e-09	0.126557
2.01116e-09	0.126274
2.01125e-09	0.125992
2.01135e-09	0.125709
2.01144e-09	0.125427
2.01153e-09	0.125144
2.01162e-09	0.124862
2.01172e-09	0.12458
2.01181e-09	0.124298
2.0119e-09	0.124016
2.01199e-09	0.123733
2.01209e-09	0.123451
2.01218e-09	0.12317
2.01227e-09	0.122888
2.01236e-09	0.122606
2.01246e-09	0.122324
2.01255e-09	0.122042
2.01264e-09	0.121761
2.01273e-09	0.121479
2.01283e-09	0.121198
2.01292e-09	0.120916
2.01301e-09	0.120635
2.0131e-09	0.120354
2.01319e-09	0.120072
2.01329e-09	0.119791
2.01338e-09	0.11951
2.01347e-09	0.119229
2.01356e-09	0.118948
2.01366e-09	0.118667
2.01375e-09	0.118386
2.01384e-09	0.118106
2.01393e-09	0.117825
2.01403e-09	0.117544
2.01412e-09	0.117264
2.01421e-09	0.116983
2.0143e-09	0.116703
2.0144e-09	0.116423
2.01449e-09	0.116142
2.01458e-09	0.115862
2.01467e-09	0.115582
2.01477e-09	0.115302
2.01486e-09	0.115022
2.01495e-09	0.114742
2.01504e-09	0.114463
2.01514e-09	0.114183
2.01523e-09	0.113903
2.01532e-09	0.113624
2.01541e-09	0.113344
2.0155e-09	0.113065
2.0156e-09	0.112785
2.01569e-09	0.112506
2.01578e-09	0.112227
2.01587e-09	0.111948
2.01597e-09	0.111669
2.01606e-09	0.11139
2.01615e-09	0.111111
2.01624e-09	0.110832
2.01634e-09	0.110553
2.01643e-09	0.110275
2.01652e-09	0.109996
2.01661e-09	0.109718
2.01671e-09	0.109439
2.0168e-09	0.109161
2.01689e-09	0.108883
2.01698e-09	0.108605
2.01708e-09	0.108327
2.01717e-09	0.108049
2.01726e-09	0.107771
2.01735e-09	0.107493
2.01745e-09	0.107216
2.01754e-09	0.106938
2.01763e-09	0.10666
2.01772e-09	0.106383
2.01781e-09	0.106106
2.01791e-09	0.105828
2.018e-09	0.105551
2.01809e-09	0.105274
2.01818e-09	0.104997
2.01828e-09	0.10472
2.01837e-09	0.104443
2.01846e-09	0.104167
2.01855e-09	0.10389
2.01865e-09	0.103614
2.01874e-09	0.103337
2.01883e-09	0.103061
2.01892e-09	0.102784
2.01902e-09	0.102508
2.01911e-09	0.102232
2.0192e-09	0.101956
2.01929e-09	0.10168
2.01939e-09	0.101405
2.01948e-09	0.101129
2.01957e-09	0.100853
2.01966e-09	0.100578
2.01976e-09	0.100302
2.01985e-09	0.100027
2.01994e-09	0.0997519
2.02003e-09	0.0994768
2.02013e-09	0.0992017
2.02022e-09	0.0989268
2.02031e-09	0.098652
2.0204e-09	0.0983773
2.02049e-09	0.0981027
2.02059e-09	0.0978281
2.02068e-09	0.0975537
2.02077e-09	0.0972794
2.02086e-09	0.0970052
2.02096e-09	0.0967311
2.02105e-09	0.096457
2.02114e-09	0.0961831
2.02123e-09	0.0959093
2.02133e-09	0.0956356
2.02142e-09	0.095362
2.02151e-09	0.0950885
2.0216e-09	0.0948151
2.0217e-09	0.0945418
2.02179e-09	0.0942686
2.02188e-09	0.0939955
2.02197e-09	0.0937226
2.02207e-09	0.0934497
2.02216e-09	0.0931769
2.02225e-09	0.0929043
2.02234e-09	0.0926317
2.02244e-09	0.0923593
2.02253e-09	0.092087
2.02262e-09	0.0918147
2.02271e-09	0.0915426
2.0228e-09	0.0912706
2.0229e-09	0.0909987
2.02299e-09	0.0907269
2.02308e-09	0.0904552
2.02317e-09	0.0901837
2.02327e-09	0.0899122
2.02336e-09	0.0896409
2.02345e-09	0.0893696
2.02354e-09	0.0890985
2.02364e-09	0.0888275
2.02373e-09	0.0885566
2.02382e-09	0.0882858
2.02391e-09	0.0880152
2.02401e-09	0.0877446
2.0241e-09	0.0874742
2.02419e-09	0.0872038
2.02428e-09	0.0869336
2.02438e-09	0.0866635
2.02447e-09	0.0863936
2.02456e-09	0.0861237
2.02465e-09	0.0858539
2.02475e-09	0.0855843
2.02484e-09	0.0853148
2.02493e-09	0.0850454
2.02502e-09	0.0847761
2.02511e-09	0.084507
2.02521e-09	0.0842379
2.0253e-09	0.083969
2.02539e-09	0.0837002
2.02548e-09	0.0834315
2.02558e-09	0.083163
2.02567e-09	0.0828945
2.02576e-09	0.0826262
2.02585e-09	0.082358
2.02595e-09	0.08209
2.02604e-09	0.081822
2.02613e-09	0.0815542
2.02622e-09	0.0812865
2.02632e-09	0.0810189
2.02641e-09	0.0807514
2.0265e-09	0.0804841
2.02659e-09	0.0802169
2.02669e-09	0.0799498
2.02678e-09	0.0796828
2.02687e-09	0.079416
2.02696e-09	0.0791493
2.02706e-09	0.0788827
2.02715e-09	0.0786162
2.02724e-09	0.0783499
2.02733e-09	0.0780837
2.02742e-09	0.0778176
2.02752e-09	0.0775516
2.02761e-09	0.0772858
2.0277e-09	0.0770201
2.02779e-09	0.0767546
2.02789e-09	0.0764891
2.02798e-09	0.0762238
2.02807e-09	0.0759586
2.02816e-09	0.0756936
2.02826e-09	0.0754287
2.02835e-09	0.0751639
2.02844e-09	0.0748992
2.02853e-09	0.0746347
2.02863e-09	0.0743703
2.02872e-09	0.0741061
2.02881e-09	0.0738419
2.0289e-09	0.0735779
2.029e-09	0.0733141
2.02909e-09	0.0730504
2.02918e-09	0.0727868
2.02927e-09	0.0725233
2.02937e-09	0.07226
2.02946e-09	0.0719968
2.02955e-09	0.0717338
2.02964e-09	0.0714708
2.02974e-09	0.0712081
2.02983e-09	0.0709454
2.02992e-09	0.0706829
2.03001e-09	0.0704205
2.0301e-09	0.0701583
2.0302e-09	0.0698962
2.03029e-09	0.0696343
2.03038e-09	0.0693724
2.03047e-09	0.0691108
2.03057e-09	0.0688492
2.03066e-09	0.0685878
2.03075e-09	0.0683265
2.03084e-09	0.0680654
2.03094e-09	0.0678044
2.03103e-09	0.0675436
2.03112e-09	0.0672829
2.03121e-09	0.0670223
2.03131e-09	0.0667619
2.0314e-09	0.0665017
2.03149e-09	0.0662415
2.03158e-09	0.0659815
2.03168e-09	0.0657217
2.03177e-09	0.065462
2.03186e-09	0.0652024
2.03195e-09	0.064943
2.03205e-09	0.0646837
2.03214e-09	0.0644246
2.03223e-09	0.0641656
2.03232e-09	0.0639068
2.03241e-09	0.0636481
2.03251e-09	0.0633896
2.0326e-09	0.0631312
2.03269e-09	0.0628729
2.03278e-09	0.0626148
2.03288e-09	0.0623568
2.03297e-09	0.062099
2.03306e-09	0.0618414
2.03315e-09	0.0615839
2.03325e-09	0.0613265
2.03334e-09	0.0610693
2.03343e-09	0.0608122
2.03352e-09	0.0605553
2.03362e-09	0.0602985
2.03371e-09	0.0600419
2.0338e-09	0.0597854
2.03389e-09	0.0595291
2.03399e-09	0.059273
2.03408e-09	0.0590169
2.03417e-09	0.0587611
2.03426e-09	0.0585054
2.03436e-09	0.0582498
2.03445e-09	0.0579944
2.03454e-09	0.0577391
2.03463e-09	0.057484
2.03472e-09	0.0572291
2.03482e-09	0.0569743
2.03491e-09	0.0567197
2.035e-09	0.0564652
2.03509e-09	0.0562109
2.03519e-09	0.0559567
2.03528e-09	0.0557027
2.03537e-09	0.0554488
2.03546e-09	0.0551951
2.03556e-09	0.0549415
2.03565e-09	0.0546881
2.03574e-09	0.0544349
2.03583e-09	0.0541818
2.03593e-09	0.0539289
2.03602e-09	0.0536761
2.03611e-09	0.0534235
2.0362e-09	0.0531711
2.0363e-09	0.0529188
2.03639e-09	0.0526667
2.03648e-09	0.0524147
2.03657e-09	0.0521629
2.03667e-09	0.0519112
2.03676e-09	0.0516597
2.03685e-09	0.0514084
2.03694e-09	0.0511572
2.03703e-09	0.0509062
2.03713e-09	0.0506554
2.03722e-09	0.0504047
2.03731e-09	0.0501541
2.0374e-09	0.0499038
2.0375e-09	0.0496536
2.03759e-09	0.0494035
2.03768e-09	0.0491537
2.03777e-09	0.048904
2.03787e-09	0.0486544
2.03796e-09	0.048405
2.03805e-09	0.0481558
2.03814e-09	0.0479067
2.03824e-09	0.0476579
2.03833e-09	0.0474091
2.03842e-09	0.0471606
2.03851e-09	0.0469122
2.03861e-09	0.0466639
2.0387e-09	0.0464159
2.03879e-09	0.046168
2.03888e-09	0.0459202
2.03898e-09	0.0456727
2.03907e-09	0.0454253
2.03916e-09	0.0451781
2.03925e-09	0.044931
2.03934e-09	0.0446841
2.03944e-09	0.0444374
2.03953e-09	0.0441908
2.03962e-09	0.0439444
2.03971e-09	0.0436982
2.03981e-09	0.0434522
2.0399e-09	0.0432063
2.03999e-09	0.0429606
2.04008e-09	0.0427151
2.04018e-09	0.0424697
2.04027e-09	0.0422245
2.04036e-09	0.0419795
2.04045e-09	0.0417346
2.04055e-09	0.04149
2.04064e-09	0.0412454
2.04073e-09	0.0410011
2.04082e-09	0.0407569
2.04092e-09	0.040513
2.04101e-09	0.0402691
2.0411e-09	0.0400255
2.04119e-09	0.039782
2.04129e-09	0.0395387
2.04138e-09	0.0392956
2.04147e-09	0.0390527
2.04156e-09	0.0388099
2.04166e-09	0.0385673
2.04175e-09	0.0383249
2.04184e-09	0.0380826
2.04193e-09	0.0378405
2.04202e-09	0.0375986
2.04212e-09	0.0373569
2.04221e-09	0.0371154
2.0423e-09	0.036874
2.04239e-09	0.0366328
2.04249e-09	0.0363918
2.04258e-09	0.036151
2.04267e-09	0.0359103
2.04276e-09	0.0356699
2.04286e-09	0.0354296
2.04295e-09	0.0351894
2.04304e-09	0.0349495
2.04313e-09	0.0347097
2.04323e-09	0.0344701
2.04332e-09	0.0342307
2.04341e-09	0.0339915
2.0435e-09	0.0337525
2.0436e-09	0.0335136
2.04369e-09	0.0332749
2.04378e-09	0.0330364
2.04387e-09	0.0327981
2.04397e-09	0.03256
2.04406e-09	0.032322
2.04415e-09	0.0320842
2.04424e-09	0.0318466
2.04433e-09	0.0316092
2.04443e-09	0.031372
2.04452e-09	0.031135
2.04461e-09	0.0308981
2.0447e-09	0.0306614
2.0448e-09	0.0304249
2.04489e-09	0.0301886
2.04498e-09	0.0299525
2.04507e-09	0.0297166
2.04517e-09	0.0294808
2.04526e-09	0.0292452
2.04535e-09	0.0290098
2.04544e-09	0.0287746
2.04554e-09	0.0285396
2.04563e-09	0.0283048
2.04572e-09	0.0280701
2.04581e-09	0.0278357
2.04591e-09	0.0276014
2.046e-09	0.0273673
2.04609e-09	0.0271334
2.04618e-09	0.0268997
2.04628e-09	0.0266662
2.04637e-09	0.0264329
2.04646e-09	0.0261997
2.04655e-09	0.0259668
2.04664e-09	0.025734
2.04674e-09	0.0255014
2.04683e-09	0.025269
2.04692e-09	0.0250368
2.04701e-09	0.0248048
2.04711e-09	0.024573
2.0472e-09	0.0243413
2.04729e-09	0.0241099
2.04738e-09	0.0238786
2.04748e-09	0.0236476
2.04757e-09	0.0234167
2.04766e-09	0.023186
2.04775e-09	0.0229555
2.04785e-09	0.0227252
2.04794e-09	0.0224951
2.04803e-09	0.0222652
2.04812e-09	0.0220355
2.04822e-09	0.021806
2.04831e-09	0.0215766
2.0484e-09	0.0213475
2.04849e-09	0.0211185
2.04859e-09	0.0208898
2.04868e-09	0.0206612
2.04877e-09	0.0204328
2.04886e-09	0.0202046
2.04895e-09	0.0199767
2.04905e-09	0.0197489
2.04914e-09	0.0195213
2.04923e-09	0.0192939
2.04932e-09	0.0190667
2.04942e-09	0.0188397
2.04951e-09	0.0186129
2.0496e-09	0.0183862
2.04969e-09	0.0181598
2.04979e-09	0.0179336
2.04988e-09	0.0177076
2.04997e-09	0.0174817
2.05006e-09	0.0172561
2.05016e-09	0.0170306
2.05025e-09	0.0168054
2.05034e-09	0.0165804
2.05043e-09	0.0163555
2.05053e-09	0.0161309
2.05062e-09	0.0159064
2.05071e-09	0.0156822
2.0508e-09	0.0154581
2.0509e-09	0.0152342
2.05099e-09	0.0150106
2.05108e-09	0.0147871
2.05117e-09	0.0145639
2.05127e-09	0.0143408
2.05136e-09	0.014118
2.05145e-09	0.0138953
2.05154e-09	0.0136728
2.05163e-09	0.0134506
2.05173e-09	0.0132285
2.05182e-09	0.0130067
2.05191e-09	0.012785
2.052e-09	0.0125635
2.0521e-09	0.0123423
2.05219e-09	0.0121212
2.05228e-09	0.0119004
2.05237e-09	0.0116797
2.05247e-09	0.0114593
2.05256e-09	0.011239
2.05265e-09	0.011019
2.05274e-09	0.0107992
2.05284e-09	0.0105795
2.05293e-09	0.0103601
2.05302e-09	0.0101409
2.05311e-09	0.00992182
2.05321e-09	0.009703
2.0533e-09	0.00948438
2.05339e-09	0.00926596
2.05348e-09	0.00904775
2.05358e-09	0.00882975
2.05367e-09	0.00861194
2.05376e-09	0.00839435
2.05385e-09	0.00817695
2.05394e-09	0.00795977
2.05404e-09	0.00774279
2.05413e-09	0.00752601
2.05422e-09	0.00730944
2.05431e-09	0.00709307
2.05441e-09	0.00687692
2.0545e-09	0.00666096
2.05459e-09	0.00644522
2.05468e-09	0.00622968
2.05478e-09	0.00601435
2.05487e-09	0.00579922
2.05496e-09	0.00558431
2.05505e-09	0.0053696
2.05515e-09	0.00515509
2.05524e-09	0.0049408
2.05533e-09	0.00472671
2.05542e-09	0.00451283
2.05552e-09	0.00429916
2.05561e-09	0.0040857
2.0557e-09	0.00387245
2.05579e-09	0.00365941
2.05589e-09	0.00344657
2.05598e-09	0.00323395
2.05607e-09	0.00302153
2.05616e-09	0.00280932
2.05625e-09	0.00259733
2.05635e-09	0.00238554
2.05644e-09	0.00217396
2.05653e-09	0.0019626
2.05662e-09	0.00175144
2.05672e-09	0.0015405
2.05681e-09	0.00132976
2.0569e-09	0.00111924
2.05699e-09	0.000908928
2.05709e-09	0.000698827
2.05718e-09	0.000488938
2.05727e-09	0.000279261
2.05736e-09	6.97949e-05
2.05746e-09	-0.000139459
2.05755e-09	-0.0003485
2.05764e-09	-0.000557329
2.05773e-09	-0.000765946
2.05783e-09	-0.00097435
2.05792e-09	-0.00118254
2.05801e-09	-0.00139052
2.0581e-09	-0.00159828
2.0582e-09	-0.00180584
2.05829e-09	-0.00201317
2.05838e-09	-0.0022203
2.05847e-09	-0.00242721
2.05856e-09	-0.0026339
2.05866e-09	-0.00284039
2.05875e-09	-0.00304665
2.05884e-09	-0.00325271
2.05893e-09	-0.00345855
2.05903e-09	-0.00366417
2.05912e-09	-0.00386958
2.05921e-09	-0.00407477
2.0593e-09	-0.00427975
2.0594e-09	-0.00448452
2.05949e-09	-0.00468906
2.05958e-09	-0.0048934
2.05967e-09	-0.00509751
2.05977e-09	-0.00530141
2.05986e-09	-0.0055051
2.05995e-09	-0.00570856
2.06004e-09	-0.00591181
2.06014e-09	-0.00611485
2.06023e-09	-0.00631767
2.06032e-09	-0.00652027
2.06041e-09	-0.00672265
2.06051e-09	-0.00692482
2.0606e-09	-0.00712676
2.06069e-09	-0.0073285
2.06078e-09	-0.00753001
2.06088e-09	-0.0077313
2.06097e-09	-0.00793238
2.06106e-09	-0.00813324
2.06115e-09	-0.00833388
2.06124e-09	-0.0085343
2.06134e-09	-0.00873451
2.06143e-09	-0.00893449
2.06152e-09	-0.00913426
2.06161e-09	-0.00933381
2.06171e-09	-0.00953314
2.0618e-09	-0.00973225
2.06189e-09	-0.00993113
2.06198e-09	-0.0101298
2.06208e-09	-0.0103283
2.06217e-09	-0.0105265
2.06226e-09	-0.0107245
2.06235e-09	-0.0109223
2.06245e-09	-0.0111199
2.06254e-09	-0.0113172
2.06263e-09	-0.0115143
2.06272e-09	-0.0117112
2.06282e-09	-0.0119079
2.06291e-09	-0.0121044
2.063e-09	-0.0123006
2.06309e-09	-0.0124967
2.06319e-09	-0.0126925
2.06328e-09	-0.012888
2.06337e-09	-0.0130834
2.06346e-09	-0.0132785
2.06355e-09	-0.0134735
2.06365e-09	-0.0136682
2.06374e-09	-0.0138626
2.06383e-09	-0.0140569
2.06392e-09	-0.0142509
2.06402e-09	-0.0144447
2.06411e-09	-0.0146383
2.0642e-09	-0.0148316
2.06429e-09	-0.0150248
2.06439e-09	-0.0152177
2.06448e-09	-0.0154104
2.06457e-09	-0.0156028
2.06466e-09	-0.0157951
2.06476e-09	-0.0159871
2.06485e-09	-0.0161789
2.06494e-09	-0.0163705
2.06503e-09	-0.0165618
2.06513e-09	-0.0167529
2.06522e-09	-0.0169438
2.06531e-09	-0.0171345
2.0654e-09	-0.017325
2.0655e-09	-0.0175152
2.06559e-09	-0.0177052
2.06568e-09	-0.017895
2.06577e-09	-0.0180845
2.06586e-09	-0.0182739
2.06596e-09	-0.018463
2.06605e-09	-0.0186518
2.06614e-09	-0.0188405
2.06623e-09	-0.0190289
2.06633e-09	-0.0192171
2.06642e-09	-0.0194051
2.06651e-09	-0.0195928
2.0666e-09	-0.0197803
2.0667e-09	-0.0199676
2.06679e-09	-0.0201547
2.06688e-09	-0.0203416
2.06697e-09	-0.0205282
2.06707e-09	-0.0207146
2.06716e-09	-0.0209007
2.06725e-09	-0.0210867
2.06734e-09	-0.0212724
2.06744e-09	-0.0214579
2.06753e-09	-0.0216431
2.06762e-09	-0.0218281
2.06771e-09	-0.0220129
2.06781e-09	-0.0221975
2.0679e-09	-0.0223819
2.06799e-09	-0.022566
2.06808e-09	-0.0227499
2.06817e-09	-0.0229335
2.06827e-09	-0.023117
2.06836e-09	-0.0233002
2.06845e-09	-0.0234832
2.06854e-09	-0.0236659
2.06864e-09	-0.0238484
2.06873e-09	-0.0240307
2.06882e-09	-0.0242128
2.06891e-09	-0.0243946
2.06901e-09	-0.0245762
2.0691e-09	-0.0247576
2.06919e-09	-0.0249388
2.06928e-09	-0.0251197
2.06938e-09	-0.0253004
2.06947e-09	-0.0254808
2.06956e-09	-0.0256611
2.06965e-09	-0.0258411
2.06975e-09	-0.0260209
2.06984e-09	-0.0262004
2.06993e-09	-0.0263797
2.07002e-09	-0.0265588
2.07012e-09	-0.0267377
2.07021e-09	-0.0269163
2.0703e-09	-0.0270947
2.07039e-09	-0.0272728
2.07048e-09	-0.0274508
2.07058e-09	-0.0276285
2.07067e-09	-0.027806
2.07076e-09	-0.0279832
2.07085e-09	-0.0281602
2.07095e-09	-0.028337
2.07104e-09	-0.0285135
2.07113e-09	-0.0286899
2.07122e-09	-0.028866
2.07132e-09	-0.0290418
2.07141e-09	-0.0292174
2.0715e-09	-0.0293928
2.07159e-09	-0.029568
2.07169e-09	-0.0297429
2.07178e-09	-0.0299176
2.07187e-09	-0.0300921
2.07196e-09	-0.0302663
2.07206e-09	-0.0304404
2.07215e-09	-0.0306141
2.07224e-09	-0.0307877
2.07233e-09	-0.030961
2.07243e-09	-0.0311341
2.07252e-09	-0.0313069
2.07261e-09	-0.0314795
2.0727e-09	-0.0316519
2.0728e-09	-0.0318241
2.07289e-09	-0.031996
2.07298e-09	-0.0321677
2.07307e-09	-0.0323391
2.07316e-09	-0.0325103
2.07326e-09	-0.0326813
2.07335e-09	-0.0328521
2.07344e-09	-0.0330226
2.07353e-09	-0.0331929
2.07363e-09	-0.0333629
2.07372e-09	-0.0335327
2.07381e-09	-0.0337023
2.0739e-09	-0.0338717
2.074e-09	-0.0340408
2.07409e-09	-0.0342097
2.07418e-09	-0.0343784
2.07427e-09	-0.0345468
2.07437e-09	-0.034715
2.07446e-09	-0.0348829
2.07455e-09	-0.0350506
2.07464e-09	-0.0352181
2.07474e-09	-0.0353854
2.07483e-09	-0.0355524
2.07492e-09	-0.0357192
2.07501e-09	-0.0358857
2.07511e-09	-0.036052
2.0752e-09	-0.0362181
2.07529e-09	-0.036384
2.07538e-09	-0.0365496
2.07547e-09	-0.036715
2.07557e-09	-0.0368801
2.07566e-09	-0.037045
2.07575e-09	-0.0372097
2.07584e-09	-0.0373741
2.07594e-09	-0.0375383
2.07603e-09	-0.0377023
2.07612e-09	-0.037866
2.07621e-09	-0.0380295
2.07631e-09	-0.0381928
2.0764e-09	-0.0383558
2.07649e-09	-0.0385186
2.07658e-09	-0.0386812
2.07668e-09	-0.0388435
2.07677e-09	-0.0390056
2.07686e-09	-0.0391674
2.07695e-09	-0.0393291
2.07705e-09	-0.0394904
2.07714e-09	-0.0396516
2.07723e-09	-0.0398125
2.07732e-09	-0.0399732
2.07742e-09	-0.0401336
2.07751e-09	-0.0402938
2.0776e-09	-0.0404538
2.07769e-09	-0.0406135
2.07778e-09	-0.040773
2.07788e-09	-0.0409323
2.07797e-09	-0.0410913
2.07806e-09	-0.0412501
2.07815e-09	-0.0414086
2.07825e-09	-0.041567
2.07834e-09	-0.041725
2.07843e-09	-0.0418829
2.07852e-09	-0.0420405
2.07862e-09	-0.0421979
2.07871e-09	-0.042355
2.0788e-09	-0.0425119
2.07889e-09	-0.0426686
2.07899e-09	-0.042825
2.07908e-09	-0.0429812
2.07917e-09	-0.0431371
2.07926e-09	-0.0432928
2.07936e-09	-0.0434483
2.07945e-09	-0.0436036
2.07954e-09	-0.0437586
2.07963e-09	-0.0439133
2.07973e-09	-0.0440679
2.07982e-09	-0.0442222
2.07991e-09	-0.0443762
2.08e-09	-0.04453
2.08009e-09	-0.0446836
2.08019e-09	-0.044837
2.08028e-09	-0.0449901
2.08037e-09	-0.0451429
2.08046e-09	-0.0452956
2.08056e-09	-0.045448
2.08065e-09	-0.0456001
2.08074e-09	-0.0457521
2.08083e-09	-0.0459037
2.08093e-09	-0.0460552
2.08102e-09	-0.0462064
2.08111e-09	-0.0463574
2.0812e-09	-0.0465081
2.0813e-09	-0.0466586
2.08139e-09	-0.0468089
2.08148e-09	-0.0469589
2.08157e-09	-0.0471087
2.08167e-09	-0.0472582
2.08176e-09	-0.0474075
2.08185e-09	-0.0475566
2.08194e-09	-0.0477055
2.08204e-09	-0.0478541
2.08213e-09	-0.0480024
2.08222e-09	-0.0481505
2.08231e-09	-0.0482984
2.08241e-09	-0.0484461
2.0825e-09	-0.0485935
2.08259e-09	-0.0487406
2.08268e-09	-0.0488876
2.08277e-09	-0.0490343
2.08287e-09	-0.0491807
2.08296e-09	-0.0493269
2.08305e-09	-0.0494729
2.08314e-09	-0.0496187
2.08324e-09	-0.0497642
2.08333e-09	-0.0499094
2.08342e-09	-0.0500545
2.08351e-09	-0.0501993
2.08361e-09	-0.0503438
2.0837e-09	-0.0504881
2.08379e-09	-0.0506322
2.08388e-09	-0.050776
2.08398e-09	-0.0509196
2.08407e-09	-0.051063
2.08416e-09	-0.0512061
2.08425e-09	-0.051349
2.08435e-09	-0.0514917
2.08444e-09	-0.0516341
2.08453e-09	-0.0517762
2.08462e-09	-0.0519182
2.08472e-09	-0.0520599
2.08481e-09	-0.0522013
2.0849e-09	-0.0523425
2.08499e-09	-0.0524835
2.08508e-09	-0.0526242
2.08518e-09	-0.0527647
2.08527e-09	-0.052905
2.08536e-09	-0.053045
2.08545e-09	-0.0531848
2.08555e-09	-0.0533244
2.08564e-09	-0.0534637
2.08573e-09	-0.0536027
2.08582e-09	-0.0537416
2.08592e-09	-0.0538802
2.08601e-09	-0.0540185
2.0861e-09	-0.0541566
2.08619e-09	-0.0542945
2.08629e-09	-0.0544322
2.08638e-09	-0.0545696
2.08647e-09	-0.0547067
2.08656e-09	-0.0548436
2.08666e-09	-0.0549803
2.08675e-09	-0.0551168
2.08684e-09	-0.055253
2.08693e-09	-0.0553889
2.08703e-09	-0.0555247
2.08712e-09	-0.0556602
2.08721e-09	-0.0557954
2.0873e-09	-0.0559304
2.08739e-09	-0.0560652
2.08749e-09	-0.0561997
2.08758e-09	-0.056334
2.08767e-09	-0.0564681
2.08776e-09	-0.0566019
2.08786e-09	-0.0567355
2.08795e-09	-0.0568689
2.08804e-09	-0.057002
2.08813e-09	-0.0571348
2.08823e-09	-0.0572675
2.08832e-09	-0.0573998
2.08841e-09	-0.057532
2.0885e-09	-0.0576639
2.0886e-09	-0.0577956
2.08869e-09	-0.057927
2.08878e-09	-0.0580582
2.08887e-09	-0.0581892
2.08897e-09	-0.0583199
2.08906e-09	-0.0584504
2.08915e-09	-0.0585806
2.08924e-09	-0.0587106
2.08934e-09	-0.0588404
2.08943e-09	-0.0589699
2.08952e-09	-0.0590992
2.08961e-09	-0.0592283
2.0897e-09	-0.0593571
2.0898e-09	-0.0594856
2.08989e-09	-0.059614
2.08998e-09	-0.0597421
2.09007e-09	-0.0598699
2.09017e-09	-0.0599975
2.09026e-09	-0.0601249
2.09035e-09	-0.0602521
2.09044e-09	-0.060379
2.09054e-09	-0.0605056
2.09063e-09	-0.0606321
2.09072e-09	-0.0607583
2.09081e-09	-0.0608842
2.09091e-09	-0.0610099
2.091e-09	-0.0611354
2.09109e-09	-0.0612606
2.09118e-09	-0.0613856
2.09128e-09	-0.0615104
2.09137e-09	-0.0616349
2.09146e-09	-0.0617592
2.09155e-09	-0.0618832
2.09165e-09	-0.062007
2.09174e-09	-0.0621306
2.09183e-09	-0.0622539
2.09192e-09	-0.062377
2.09201e-09	-0.0624999
2.09211e-09	-0.0626225
2.0922e-09	-0.0627449
2.09229e-09	-0.062867
2.09238e-09	-0.0629889
2.09248e-09	-0.0631106
2.09257e-09	-0.063232
2.09266e-09	-0.0633532
2.09275e-09	-0.0634741
2.09285e-09	-0.0635949
2.09294e-09	-0.0637153
2.09303e-09	-0.0638356
2.09312e-09	-0.0639556
2.09322e-09	-0.0640753
2.09331e-09	-0.0641949
2.0934e-09	-0.0643141
2.09349e-09	-0.0644332
2.09359e-09	-0.064552
2.09368e-09	-0.0646706
2.09377e-09	-0.0647889
2.09386e-09	-0.064907
2.09396e-09	-0.0650249
2.09405e-09	-0.0651425
2.09414e-09	-0.0652599
2.09423e-09	-0.065377
2.09433e-09	-0.0654939
2.09442e-09	-0.0656106
2.09451e-09	-0.065727
2.0946e-09	-0.0658432
2.09469e-09	-0.0659592
2.09479e-09	-0.0660749
2.09488e-09	-0.0661904
2.09497e-09	-0.0663056
2.09506e-09	-0.0664207
2.09516e-09	-0.0665354
2.09525e-09	-0.06665
2.09534e-09	-0.0667643
2.09543e-09	-0.0668783
2.09553e-09	-0.0669921
2.09562e-09	-0.0671057
2.09571e-09	-0.0672191
2.0958e-09	-0.0673322
2.0959e-09	-0.0674451
2.09599e-09	-0.0675577
2.09608e-09	-0.0676701
2.09617e-09	-0.0677823
2.09627e-09	-0.0678942
2.09636e-09	-0.0680059
2.09645e-09	-0.0681174
2.09654e-09	-0.0682286
2.09664e-09	-0.0683396
2.09673e-09	-0.0684503
2.09682e-09	-0.0685608
2.09691e-09	-0.0686711
2.097e-09	-0.0687812
2.0971e-09	-0.068891
2.09719e-09	-0.0690005
2.09728e-09	-0.0691099
2.09737e-09	-0.069219
2.09747e-09	-0.0693278
2.09756e-09	-0.0694364
2.09765e-09	-0.0695448
2.09774e-09	-0.069653
2.09784e-09	-0.0697609
2.09793e-09	-0.0698686
2.09802e-09	-0.069976
2.09811e-09	-0.0700832
2.09821e-09	-0.0701902
2.0983e-09	-0.0702969
2.09839e-09	-0.0704034
2.09848e-09	-0.0705097
2.09858e-09	-0.0706157
2.09867e-09	-0.0707215
2.09876e-09	-0.0708271
2.09885e-09	-0.0709324
2.09895e-09	-0.0710375
2.09904e-09	-0.0711423
2.09913e-09	-0.0712469
2.09922e-09	-0.0713513
2.09931e-09	-0.0714555
2.09941e-09	-0.0715594
2.0995e-09	-0.071663
2.09959e-09	-0.0717665
2.09968e-09	-0.0718697
2.09978e-09	-0.0719727
2.09987e-09	-0.0720754
2.09996e-09	-0.0721779
2.10005e-09	-0.0722802
2.10015e-09	-0.0723822
2.10024e-09	-0.072484
2.10033e-09	-0.0725856
2.10042e-09	-0.0726869
2.10052e-09	-0.072788
2.10061e-09	-0.0728888
2.1007e-09	-0.0729895
2.10079e-09	-0.0730899
2.10089e-09	-0.07319
2.10098e-09	-0.0732899
2.10107e-09	-0.0733896
2.10116e-09	-0.0734891
2.10126e-09	-0.0735883
2.10135e-09	-0.0736873
2.10144e-09	-0.0737861
2.10153e-09	-0.0738846
2.10162e-09	-0.0739829
2.10172e-09	-0.0740809
2.10181e-09	-0.0741787
2.1019e-09	-0.0742763
2.10199e-09	-0.0743737
2.10209e-09	-0.0744708
2.10218e-09	-0.0745677
2.10227e-09	-0.0746643
2.10236e-09	-0.0747607
2.10246e-09	-0.0748569
2.10255e-09	-0.0749529
2.10264e-09	-0.0750486
2.10273e-09	-0.0751441
2.10283e-09	-0.0752393
2.10292e-09	-0.0753344
2.10301e-09	-0.0754292
2.1031e-09	-0.0755237
2.1032e-09	-0.075618
2.10329e-09	-0.0757121
2.10338e-09	-0.075806
2.10347e-09	-0.0758996
2.10357e-09	-0.075993
2.10366e-09	-0.0760862
2.10375e-09	-0.0761791
2.10384e-09	-0.0762718
2.10394e-09	-0.0763643
2.10403e-09	-0.0764565
2.10412e-09	-0.0765485
2.10421e-09	-0.0766403
2.1043e-09	-0.0767318
2.1044e-09	-0.0768231
2.10449e-09	-0.0769142
2.10458e-09	-0.0770051
2.10467e-09	-0.0770957
2.10477e-09	-0.077186
2.10486e-09	-0.0772762
2.10495e-09	-0.0773661
2.10504e-09	-0.0774558
2.10514e-09	-0.0775453
2.10523e-09	-0.0776345
2.10532e-09	-0.0777235
2.10541e-09	-0.0778123
2.10551e-09	-0.0779008
2.1056e-09	-0.0779891
2.10569e-09	-0.0780772
2.10578e-09	-0.078165
2.10588e-09	-0.0782526
2.10597e-09	-0.07834
2.10606e-09	-0.0784272
2.10615e-09	-0.0785141
2.10625e-09	-0.0786008
2.10634e-09	-0.0786873
2.10643e-09	-0.0787735
2.10652e-09	-0.0788595
2.10661e-09	-0.0789453
2.10671e-09	-0.0790308
2.1068e-09	-0.0791161
2.10689e-09	-0.0792012
2.10698e-09	-0.0792861
2.10708e-09	-0.0793707
2.10717e-09	-0.0794551
2.10726e-09	-0.0795393
2.10735e-09	-0.0796232
2.10745e-09	-0.0797069
2.10754e-09	-0.0797904
2.10763e-09	-0.0798736
2.10772e-09	-0.0799567
2.10782e-09	-0.0800395
2.10791e-09	-0.080122
2.108e-09	-0.0802044
2.10809e-09	-0.0802865
2.10819e-09	-0.0803684
2.10828e-09	-0.08045
2.10837e-09	-0.0805314
2.10846e-09	-0.0806126
2.10856e-09	-0.0806936
2.10865e-09	-0.0807744
2.10874e-09	-0.0808549
2.10883e-09	-0.0809352
2.10892e-09	-0.0810152
2.10902e-09	-0.0810951
2.10911e-09	-0.0811747
2.1092e-09	-0.081254
2.10929e-09	-0.0813332
2.10939e-09	-0.0814121
2.10948e-09	-0.0814908
2.10957e-09	-0.0815693
2.10966e-09	-0.0816475
2.10976e-09	-0.0817256
2.10985e-09	-0.0818033
2.10994e-09	-0.0818809
2.11003e-09	-0.0819582
2.11013e-09	-0.0820354
2.11022e-09	-0.0821122
2.11031e-09	-0.0821889
2.1104e-09	-0.0822653
2.1105e-09	-0.0823416
2.11059e-09	-0.0824175
2.11068e-09	-0.0824933
2.11077e-09	-0.0825688
2.11087e-09	-0.0826441
2.11096e-09	-0.0827192
2.11105e-09	-0.0827941
2.11114e-09	-0.0828687
2.11123e-09	-0.0829431
2.11133e-09	-0.0830173
2.11142e-09	-0.0830912
2.11151e-09	-0.083165
2.1116e-09	-0.0832385
2.1117e-09	-0.0833118
2.11179e-09	-0.0833848
2.11188e-09	-0.0834576
2.11197e-09	-0.0835303
2.11207e-09	-0.0836026
2.11216e-09	-0.0836748
2.11225e-09	-0.0837467
2.11234e-09	-0.0838185
2.11244e-09	-0.0838899
2.11253e-09	-0.0839612
2.11262e-09	-0.0840322
2.11271e-09	-0.0841031
2.11281e-09	-0.0841737
2.1129e-09	-0.084244
2.11299e-09	-0.0843142
2.11308e-09	-0.0843841
2.11318e-09	-0.0844538
2.11327e-09	-0.0845233
2.11336e-09	-0.0845926
2.11345e-09	-0.0846616
2.11354e-09	-0.0847304
2.11364e-09	-0.084799
2.11373e-09	-0.0848674
2.11382e-09	-0.0849355
2.11391e-09	-0.0850034
2.11401e-09	-0.0850711
2.1141e-09	-0.0851386
2.11419e-09	-0.0852059
2.11428e-09	-0.0852729
2.11438e-09	-0.0853397
2.11447e-09	-0.0854063
2.11456e-09	-0.0854727
2.11465e-09	-0.0855389
2.11475e-09	-0.0856048
2.11484e-09	-0.0856705
2.11493e-09	-0.085736
2.11502e-09	-0.0858013
2.11512e-09	-0.0858663
2.11521e-09	-0.0859311
2.1153e-09	-0.0859957
2.11539e-09	-0.0860601
2.11549e-09	-0.0861243
2.11558e-09	-0.0861882
2.11567e-09	-0.086252
2.11576e-09	-0.0863155
2.11586e-09	-0.0863788
2.11595e-09	-0.0864419
2.11604e-09	-0.0865047
2.11613e-09	-0.0865673
2.11622e-09	-0.0866297
2.11632e-09	-0.0866919
2.11641e-09	-0.0867539
2.1165e-09	-0.0868157
2.11659e-09	-0.0868772
2.11669e-09	-0.0869385
2.11678e-09	-0.0869996
2.11687e-09	-0.0870605
2.11696e-09	-0.0871212
2.11706e-09	-0.0871816
2.11715e-09	-0.0872418
2.11724e-09	-0.0873019
2.11733e-09	-0.0873616
2.11743e-09	-0.0874212
2.11752e-09	-0.0874806
2.11761e-09	-0.0875397
2.1177e-09	-0.0875986
2.1178e-09	-0.0876573
2.11789e-09	-0.0877158
2.11798e-09	-0.0877741
2.11807e-09	-0.0878322
2.11817e-09	-0.08789
2.11826e-09	-0.0879476
2.11835e-09	-0.088005
2.11844e-09	-0.0880622
2.11853e-09	-0.0881192
2.11863e-09	-0.088176
2.11872e-09	-0.0882325
2.11881e-09	-0.0882888
2.1189e-09	-0.0883449
2.119e-09	-0.0884008
2.11909e-09	-0.0884565
2.11918e-09	-0.088512
2.11927e-09	-0.0885672
2.11937e-09	-0.0886223
2.11946e-09	-0.0886771
2.11955e-09	-0.0887317
2.11964e-09	-0.0887861
2.11974e-09	-0.0888402
2.11983e-09	-0.0888942
2.11992e-09	-0.088948
2.12001e-09	-0.0890015
2.12011e-09	-0.0890548
2.1202e-09	-0.0891079
2.12029e-09	-0.0891608
2.12038e-09	-0.0892135
2.12048e-09	-0.089266
2.12057e-09	-0.0893182
2.12066e-09	-0.0893703
2.12075e-09	-0.0894221
2.12084e-09	-0.0894737
2.12094e-09	-0.0895251
2.12103e-09	-0.0895763
2.12112e-09	-0.0896273
2.12121e-09	-0.089678
2.12131e-09	-0.0897286
2.1214e-09	-0.0897789
2.12149e-09	-0.089829
2.12158e-09	-0.089879
2.12168e-09	-0.0899287
2.12177e-09	-0.0899782
2.12186e-09	-0.0900274
2.12195e-09	-0.0900765
2.12205e-09	-0.0901254
2.12214e-09	-0.090174
2.12223e-09	-0.0902224
2.12232e-09	-0.0902707
2.12242e-09	-0.0903187
2.12251e-09	-0.0903665
2.1226e-09	-0.0904141
2.12269e-09	-0.0904615
2.12279e-09	-0.0905087
2.12288e-09	-0.0905556
2.12297e-09	-0.0906024
2.12306e-09	-0.0906489
2.12315e-09	-0.0906953
2.12325e-09	-0.0907414
2.12334e-09	-0.0907873
2.12343e-09	-0.090833
2.12352e-09	-0.0908785
2.12362e-09	-0.0909238
2.12371e-09	-0.0909689
2.1238e-09	-0.0910138
2.12389e-09	-0.0910584
2.12399e-09	-0.0911029
2.12408e-09	-0.0911471
2.12417e-09	-0.0911912
2.12426e-09	-0.091235
2.12436e-09	-0.0912786
2.12445e-09	-0.0913221
2.12454e-09	-0.0913653
2.12463e-09	-0.0914083
2.12473e-09	-0.0914511
2.12482e-09	-0.0914937
2.12491e-09	-0.0915361
2.125e-09	-0.0915782
2.1251e-09	-0.0916202
2.12519e-09	-0.091662
2.12528e-09	-0.0917035
2.12537e-09	-0.0917449
2.12547e-09	-0.091786
2.12556e-09	-0.091827
2.12565e-09	-0.0918677
2.12574e-09	-0.0919082
2.12583e-09	-0.0919486
2.12593e-09	-0.0919887
2.12602e-09	-0.0920286
2.12611e-09	-0.0920683
2.1262e-09	-0.0921078
2.1263e-09	-0.0921471
2.12639e-09	-0.0921862
2.12648e-09	-0.0922251
2.12657e-09	-0.0922638
2.12667e-09	-0.0923023
2.12676e-09	-0.0923405
2.12685e-09	-0.0923786
2.12694e-09	-0.0924165
2.12704e-09	-0.0924542
2.12713e-09	-0.0924916
2.12722e-09	-0.0925289
2.12731e-09	-0.092566
2.12741e-09	-0.0926028
2.1275e-09	-0.0926395
2.12759e-09	-0.0926759
2.12768e-09	-0.0927122
2.12778e-09	-0.0927482
2.12787e-09	-0.0927841
2.12796e-09	-0.0928197
2.12805e-09	-0.0928551
2.12814e-09	-0.0928904
2.12824e-09	-0.0929254
2.12833e-09	-0.0929603
2.12842e-09	-0.0929949
2.12851e-09	-0.0930293
2.12861e-09	-0.0930636
2.1287e-09	-0.0930976
2.12879e-09	-0.0931314
2.12888e-09	-0.0931651
2.12898e-09	-0.0931985
2.12907e-09	-0.0932318
2.12916e-09	-0.0932648
2.12925e-09	-0.0932976
2.12935e-09	-0.0933303
2.12944e-09	-0.0933627
2.12953e-09	-0.0933949
2.12962e-09	-0.093427
2.12972e-09	-0.0934588
2.12981e-09	-0.0934904
2.1299e-09	-0.0935219
2.12999e-09	-0.0935531
2.13009e-09	-0.0935842
2.13018e-09	-0.093615
2.13027e-09	-0.0936457
2.13036e-09	-0.0936761
2.13045e-09	-0.0937064
2.13055e-09	-0.0937364
2.13064e-09	-0.0937663
2.13073e-09	-0.0937959
2.13082e-09	-0.0938254
2.13092e-09	-0.0938547
2.13101e-09	-0.0938837
2.1311e-09	-0.0939126
2.13119e-09	-0.0939413
2.13129e-09	-0.0939698
2.13138e-09	-0.0939981
2.13147e-09	-0.0940261
2.13156e-09	-0.094054
2.13166e-09	-0.0940817
2.13175e-09	-0.0941092
2.13184e-09	-0.0941365
2.13193e-09	-0.0941637
2.13203e-09	-0.0941906
2.13212e-09	-0.0942173
2.13221e-09	-0.0942438
2.1323e-09	-0.0942702
2.1324e-09	-0.0942963
2.13249e-09	-0.0943222
2.13258e-09	-0.094348
2.13267e-09	-0.0943735
2.13276e-09	-0.0943989
2.13286e-09	-0.0944241
2.13295e-09	-0.0944491
2.13304e-09	-0.0944738
2.13313e-09	-0.0944984
2.13323e-09	-0.0945228
2.13332e-09	-0.094547
2.13341e-09	-0.094571
2.1335e-09	-0.0945949
2.1336e-09	-0.0946185
2.13369e-09	-0.0946419
2.13378e-09	-0.0946652
2.13387e-09	-0.0946882
2.13397e-09	-0.0947111
2.13406e-09	-0.0947338
2.13415e-09	-0.0947562
2.13424e-09	-0.0947785
2.13434e-09	-0.0948006
2.13443e-09	-0.0948225
2.13452e-09	-0.0948442
2.13461e-09	-0.0948658
2.13471e-09	-0.0948871
2.1348e-09	-0.0949082
2.13489e-09	-0.0949292
2.13498e-09	-0.09495
2.13508e-09	-0.0949705
2.13517e-09	-0.0949909
2.13526e-09	-0.0950111
2.13535e-09	-0.0950311
2.13544e-09	-0.0950509
2.13554e-09	-0.0950706
2.13563e-09	-0.09509
2.13572e-09	-0.0951093
2.13581e-09	-0.0951283
2.13591e-09	-0.0951472
2.136e-09	-0.0951659
2.13609e-09	-0.0951844
2.13618e-09	-0.0952027
2.13628e-09	-0.0952209
2.13637e-09	-0.0952388
2.13646e-09	-0.0952566
2.13655e-09	-0.0952741
2.13665e-09	-0.0952915
2.13674e-09	-0.0953087
2.13683e-09	-0.0953257
2.13692e-09	-0.0953425
2.13702e-09	-0.0953592
2.13711e-09	-0.0953756
2.1372e-09	-0.0953919
2.13729e-09	-0.095408
2.13739e-09	-0.0954238
2.13748e-09	-0.0954396
2.13757e-09	-0.0954551
2.13766e-09	-0.0954704
2.13775e-09	-0.0954856
2.13785e-09	-0.0955005
2.13794e-09	-0.0955153
2.13803e-09	-0.0955299
2.13812e-09	-0.0955444
2.13822e-09	-0.0955586
2.13831e-09	-0.0955726
2.1384e-09	-0.0955865
2.13849e-09	-0.0956002
2.13859e-09	-0.0956137
2.13868e-09	-0.095627
2.13877e-09	-0.0956402
2.13886e-09	-0.0956531
2.13896e-09	-0.0956659
2.13905e-09	-0.0956785
2.13914e-09	-0.0956909
2.13923e-09	-0.0957031
2.13933e-09	-0.0957152
2.13942e-09	-0.095727
2.13951e-09	-0.0957387
2.1396e-09	-0.0957502
2.1397e-09	-0.0957615
2.13979e-09	-0.0957727
2.13988e-09	-0.0957836
2.13997e-09	-0.0957944
2.14006e-09	-0.095805
2.14016e-09	-0.0958154
2.14025e-09	-0.0958256
2.14034e-09	-0.0958357
2.14043e-09	-0.0958456
2.14053e-09	-0.0958553
2.14062e-09	-0.0958648
2.14071e-09	-0.0958742
2.1408e-09	-0.0958833
2.1409e-09	-0.0958923
2.14099e-09	-0.0959011
2.14108e-09	-0.0959097
2.14117e-09	-0.0959182
2.14127e-09	-0.0959265
2.14136e-09	-0.0959346
2.14145e-09	-0.0959425
2.14154e-09	-0.0959502
2.14164e-09	-0.0959578
2.14173e-09	-0.0959652
2.14182e-09	-0.0959724
2.14191e-09	-0.0959794
2.14201e-09	-0.0959863
2.1421e-09	-0.095993
2.14219e-09	-0.0959995
2.14228e-09	-0.0960058
2.14237e-09	-0.096012
2.14247e-09	-0.0960179
2.14256e-09	-0.0960237
2.14265e-09	-0.0960294
2.14274e-09	-0.0960348
2.14284e-09	-0.0960401
2.14293e-09	-0.0960452
2.14302e-09	-0.0960501
2.14311e-09	-0.0960549
2.14321e-09	-0.0960595
2.1433e-09	-0.0960639
2.14339e-09	-0.0960681
2.14348e-09	-0.0960722
2.14358e-09	-0.0960761
2.14367e-09	-0.0960798
2.14376e-09	-0.0960833
2.14385e-09	-0.0960867
2.14395e-09	-0.0960899
2.14404e-09	-0.0960929
2.14413e-09	-0.0960958
2.14422e-09	-0.0960984
2.14432e-09	-0.096101
2.14441e-09	-0.0961033
2.1445e-09	-0.0961055
2.14459e-09	-0.0961075
2.14468e-09	-0.0961093
2.14478e-09	-0.0961109
2.14487e-09	-0.0961124
2.14496e-09	-0.0961137
2.14505e-09	-0.0961149
2.14515e-09	-0.0961158
2.14524e-09	-0.0961166
2.14533e-09	-0.0961173
2.14542e-09	-0.0961177
2.14552e-09	-0.096118
2.14561e-09	-0.0961181
2.1457e-09	-0.0961181
2.14579e-09	-0.0961179
2.14589e-09	-0.0961175
2.14598e-09	-0.096117
2.14607e-09	-0.0961162
2.14616e-09	-0.0961153
2.14626e-09	-0.0961143
2.14635e-09	-0.0961131
2.14644e-09	-0.0961117
2.14653e-09	-0.0961101
2.14663e-09	-0.0961084
2.14672e-09	-0.0961065
2.14681e-09	-0.0961044
2.1469e-09	-0.0961022
2.147e-09	-0.0960998
2.14709e-09	-0.0960973
2.14718e-09	-0.0960945
2.14727e-09	-0.0960917
2.14736e-09	-0.0960886
2.14746e-09	-0.0960854
2.14755e-09	-0.096082
2.14764e-09	-0.0960784
2.14773e-09	-0.0960747
2.14783e-09	-0.0960708
2.14792e-09	-0.0960668
2.14801e-09	-0.0960626
2.1481e-09	-0.0960582
2.1482e-09	-0.0960537
2.14829e-09	-0.096049
2.14838e-09	-0.0960441
2.14847e-09	-0.0960391
2.14857e-09	-0.0960339
2.14866e-09	-0.0960286
2.14875e-09	-0.096023
2.14884e-09	-0.0960174
2.14894e-09	-0.0960115
2.14903e-09	-0.0960055
2.14912e-09	-0.0959993
2.14921e-09	-0.095993
2.14931e-09	-0.0959865
2.1494e-09	-0.0959799
2.14949e-09	-0.0959731
2.14958e-09	-0.0959661
2.14967e-09	-0.095959
2.14977e-09	-0.0959517
2.14986e-09	-0.0959442
2.14995e-09	-0.0959366
2.15004e-09	-0.0959288
2.15014e-09	-0.0959209
2.15023e-09	-0.0959128
2.15032e-09	-0.0959046
2.15041e-09	-0.0958961
2.15051e-09	-0.0958876
2.1506e-09	-0.0958788
2.15069e-09	-0.0958699
2.15078e-09	-0.0958609
2.15088e-09	-0.0958517
2.15097e-09	-0.0958423
2.15106e-09	-0.0958328
2.15115e-09	-0.0958231
2.15125e-09	-0.0958133
2.15134e-09	-0.0958033
2.15143e-09	-0.0957931
2.15152e-09	-0.0957828
2.15162e-09	-0.0957724
2.15171e-09	-0.0957617
2.1518e-09	-0.095751
2.15189e-09	-0.09574
2.15198e-09	-0.0957289
2.15208e-09	-0.0957177
2.15217e-09	-0.0957063
2.15226e-09	-0.0956947
2.15235e-09	-0.095683
2.15245e-09	-0.0956712
2.15254e-09	-0.0956591
2.15263e-09	-0.095647
2.15272e-09	-0.0956346
2.15282e-09	-0.0956221
2.15291e-09	-0.0956095
2.153e-09	-0.0955967
2.15309e-09	-0.0955838
2.15319e-09	-0.0955707
2.15328e-09	-0.0955574
2.15337e-09	-0.095544
2.15346e-09	-0.0955304
2.15356e-09	-0.0955167
2.15365e-09	-0.0955029
2.15374e-09	-0.0954888
2.15383e-09	-0.0954747
2.15393e-09	-0.0954604
2.15402e-09	-0.0954459
2.15411e-09	-0.0954313
2.1542e-09	-0.0954165
2.15429e-09	-0.0954016
2.15439e-09	-0.0953865
2.15448e-09	-0.0953712
2.15457e-09	-0.0953559
2.15466e-09	-0.0953403
2.15476e-09	-0.0953247
2.15485e-09	-0.0953088
2.15494e-09	-0.0952929
2.15503e-09	-0.0952767
2.15513e-09	-0.0952604
2.15522e-09	-0.095244
2.15531e-09	-0.0952274
2.1554e-09	-0.0952107
2.1555e-09	-0.0951938
2.15559e-09	-0.0951768
2.15568e-09	-0.0951597
2.15577e-09	-0.0951423
2.15587e-09	-0.0951249
2.15596e-09	-0.0951073
2.15605e-09	-0.0950895
2.15614e-09	-0.0950716
2.15624e-09	-0.0950535
2.15633e-09	-0.0950353
2.15642e-09	-0.095017
2.15651e-09	-0.0949985
2.15661e-09	-0.0949799
2.1567e-09	-0.0949611
2.15679e-09	-0.0949421
2.15688e-09	-0.0949231
2.15697e-09	-0.0949038
2.15707e-09	-0.0948845
2.15716e-09	-0.094865
2.15725e-09	-0.0948453
2.15734e-09	-0.0948255
2.15744e-09	-0.0948056
2.15753e-09	-0.0947855
2.15762e-09	-0.0947652
2.15771e-09	-0.0947449
2.15781e-09	-0.0947243
2.1579e-09	-0.0947037
2.15799e-09	-0.0946829
2.15808e-09	-0.0946619
2.15818e-09	-0.0946408
2.15827e-09	-0.0946196
2.15836e-09	-0.0945982
2.15845e-09	-0.0945767
2.15855e-09	-0.094555
2.15864e-09	-0.0945332
2.15873e-09	-0.0945113
2.15882e-09	-0.0944892
2.15892e-09	-0.094467
2.15901e-09	-0.0944446
2.1591e-09	-0.0944221
2.15919e-09	-0.0943994
2.15928e-09	-0.0943766
2.15938e-09	-0.0943537
2.15947e-09	-0.0943306
2.15956e-09	-0.0943074
2.15965e-09	-0.0942841
2.15975e-09	-0.0942606
2.15984e-09	-0.0942369
2.15993e-09	-0.0942132
2.16002e-09	-0.0941893
2.16012e-09	-0.0941652
2.16021e-09	-0.094141
2.1603e-09	-0.0941167
2.16039e-09	-0.0940923
2.16049e-09	-0.0940677
2.16058e-09	-0.0940429
2.16067e-09	-0.0940181
2.16076e-09	-0.0939931
2.16086e-09	-0.0939679
2.16095e-09	-0.0939426
2.16104e-09	-0.0939172
2.16113e-09	-0.0938917
2.16123e-09	-0.093866
2.16132e-09	-0.0938401
2.16141e-09	-0.0938142
2.1615e-09	-0.0937881
2.16159e-09	-0.0937618
2.16169e-09	-0.0937355
2.16178e-09	-0.093709
2.16187e-09	-0.0936823
2.16196e-09	-0.0936555
2.16206e-09	-0.0936286
2.16215e-09	-0.0936016
2.16224e-09	-0.0935744
2.16233e-09	-0.0935471
2.16243e-09	-0.0935197
2.16252e-09	-0.0934921
2.16261e-09	-0.0934644
2.1627e-09	-0.0934365
2.1628e-09	-0.0934086
2.16289e-09	-0.0933805
2.16298e-09	-0.0933522
2.16307e-09	-0.0933238
2.16317e-09	-0.0932953
2.16326e-09	-0.0932667
2.16335e-09	-0.0932379
2.16344e-09	-0.093209
2.16354e-09	-0.09318
2.16363e-09	-0.0931508
2.16372e-09	-0.0931216
2.16381e-09	-0.0930921
2.1639e-09	-0.0930626
2.164e-09	-0.0930329
2.16409e-09	-0.0930031
2.16418e-09	-0.0929732
2.16427e-09	-0.0929431
2.16437e-09	-0.0929129
2.16446e-09	-0.0928826
2.16455e-09	-0.0928521
2.16464e-09	-0.0928215
2.16474e-09	-0.0927908
2.16483e-09	-0.09276
2.16492e-09	-0.092729
2.16501e-09	-0.0926979
2.16511e-09	-0.0926667
2.1652e-09	-0.0926353
2.16529e-09	-0.0926038
2.16538e-09	-0.0925722
2.16548e-09	-0.0925405
2.16557e-09	-0.0925086
2.16566e-09	-0.0924766
2.16575e-09	-0.0924445
2.16585e-09	-0.0924123
2.16594e-09	-0.0923799
2.16603e-09	-0.0923474
2.16612e-09	-0.0923148
2.16621e-09	-0.0922821
2.16631e-09	-0.0922492
2.1664e-09	-0.0922162
2.16649e-09	-0.0921831
2.16658e-09	-0.0921498
2.16668e-09	-0.0921165
2.16677e-09	-0.092083
2.16686e-09	-0.0920494
2.16695e-09	-0.0920156
2.16705e-09	-0.0919818
2.16714e-09	-0.0919478
2.16723e-09	-0.0919137
2.16732e-09	-0.0918795
2.16742e-09	-0.0918451
2.16751e-09	-0.0918106
2.1676e-09	-0.0917761
2.16769e-09	-0.0917413
2.16779e-09	-0.0917065
2.16788e-09	-0.0916715
2.16797e-09	-0.0916364
2.16806e-09	-0.0916013
2.16816e-09	-0.0915659
2.16825e-09	-0.0915305
2.16834e-09	-0.0914949
2.16843e-09	-0.0914592
2.16853e-09	-0.0914234
2.16862e-09	-0.0913875
2.16871e-09	-0.0913515
2.1688e-09	-0.0913153
2.16889e-09	-0.091279
2.16899e-09	-0.0912426
2.16908e-09	-0.0912061
2.16917e-09	-0.0911694
2.16926e-09	-0.0911327
2.16936e-09	-0.0910958
2.16945e-09	-0.0910588
2.16954e-09	-0.0910217
2.16963e-09	-0.0909845
2.16973e-09	-0.0909471
2.16982e-09	-0.0909097
2.16991e-09	-0.0908721
2.17e-09	-0.0908344
2.1701e-09	-0.0907966
2.17019e-09	-0.0907586
2.17028e-09	-0.0907206
2.17037e-09	-0.0906824
2.17047e-09	-0.0906442
2.17056e-09	-0.0906058
2.17065e-09	-0.0905672
2.17074e-09	-0.0905286
2.17084e-09	-0.0904899
2.17093e-09	-0.090451
2.17102e-09	-0.0904121
2.17111e-09	-0.090373
2.1712e-09	-0.0903338
2.1713e-09	-0.0902945
2.17139e-09	-0.090255
2.17148e-09	-0.0902155
2.17157e-09	-0.0901758
2.17167e-09	-0.0901361
2.17176e-09	-0.0900962
2.17185e-09	-0.0900562
2.17194e-09	-0.0900161
2.17204e-09	-0.0899759
2.17213e-09	-0.0899356
2.17222e-09	-0.0898951
2.17231e-09	-0.0898546
2.17241e-09	-0.0898139
2.1725e-09	-0.0897731
2.17259e-09	-0.0897322
2.17268e-09	-0.0896912
2.17278e-09	-0.0896501
2.17287e-09	-0.0896089
2.17296e-09	-0.0895676
2.17305e-09	-0.0895262
2.17315e-09	-0.0894846
2.17324e-09	-0.0894429
2.17333e-09	-0.0894012
2.17342e-09	-0.0893593
2.17351e-09	-0.0893173
2.17361e-09	-0.0892752
2.1737e-09	-0.089233
2.17379e-09	-0.0891907
2.17388e-09	-0.0891483
2.17398e-09	-0.0891058
2.17407e-09	-0.0890631
2.17416e-09	-0.0890204
2.17425e-09	-0.0889775
2.17435e-09	-0.0889346
2.17444e-09	-0.0888915
2.17453e-09	-0.0888483
2.17462e-09	-0.0888051
2.17472e-09	-0.0887617
2.17481e-09	-0.0887182
2.1749e-09	-0.0886746
2.17499e-09	-0.0886309
2.17509e-09	-0.0885871
2.17518e-09	-0.0885432
2.17527e-09	-0.0884991
2.17536e-09	-0.088455
2.17546e-09	-0.0884108
2.17555e-09	-0.0883665
2.17564e-09	-0.088322
2.17573e-09	-0.0882775
2.17582e-09	-0.0882328
2.17592e-09	-0.0881881
2.17601e-09	-0.0881432
2.1761e-09	-0.0880983
2.17619e-09	-0.0880532
2.17629e-09	-0.0880081
2.17638e-09	-0.0879628
2.17647e-09	-0.0879174
2.17656e-09	-0.0878719
2.17666e-09	-0.0878264
2.17675e-09	-0.0877807
2.17684e-09	-0.0877349
2.17693e-09	-0.087689
2.17703e-09	-0.0876431
2.17712e-09	-0.087597
2.17721e-09	-0.0875508
2.1773e-09	-0.0875045
2.1774e-09	-0.0874581
2.17749e-09	-0.0874117
2.17758e-09	-0.0873651
2.17767e-09	-0.0873184
2.17777e-09	-0.0872716
2.17786e-09	-0.0872247
2.17795e-09	-0.0871778
2.17804e-09	-0.0871307
2.17814e-09	-0.0870835
2.17823e-09	-0.0870362
2.17832e-09	-0.0869889
2.17841e-09	-0.0869414
2.1785e-09	-0.0868938
2.1786e-09	-0.0868461
2.17869e-09	-0.0867984
2.17878e-09	-0.0867505
2.17887e-09	-0.0867025
2.17897e-09	-0.0866545
2.17906e-09	-0.0866063
2.17915e-09	-0.0865581
2.17924e-09	-0.0865097
2.17934e-09	-0.0864613
2.17943e-09	-0.0864127
2.17952e-09	-0.0863641
2.17961e-09	-0.0863154
2.17971e-09	-0.0862665
2.1798e-09	-0.0862176
2.17989e-09	-0.0861686
2.17998e-09	-0.0861195
2.18008e-09	-0.0860703
2.18017e-09	-0.086021
2.18026e-09	-0.0859716
2.18035e-09	-0.0859221
2.18045e-09	-0.0858725
2.18054e-09	-0.0858228
2.18063e-09	-0.0857731
2.18072e-09	-0.0857232
2.18081e-09	-0.0856732
2.18091e-09	-0.0856232
2.181e-09	-0.085573
2.18109e-09	-0.0855228
2.18118e-09	-0.0854725
2.18128e-09	-0.0854221
2.18137e-09	-0.0853716
2.18146e-09	-0.0853209
2.18155e-09	-0.0852703
2.18165e-09	-0.0852195
2.18174e-09	-0.0851686
2.18183e-09	-0.0851176
2.18192e-09	-0.0850666
2.18202e-09	-0.0850154
2.18211e-09	-0.0849642
2.1822e-09	-0.0849129
2.18229e-09	-0.0848614
2.18239e-09	-0.0848099
2.18248e-09	-0.0847583
2.18257e-09	-0.0847066
2.18266e-09	-0.0846549
2.18276e-09	-0.084603
2.18285e-09	-0.0845511
2.18294e-09	-0.084499
2.18303e-09	-0.0844469
2.18312e-09	-0.0843947
2.18322e-09	-0.0843424
2.18331e-09	-0.08429
2.1834e-09	-0.0842375
2.18349e-09	-0.0841849
2.18359e-09	-0.0841323
2.18368e-09	-0.0840795
2.18377e-09	-0.0840267
2.18386e-09	-0.0839738
2.18396e-09	-0.0839208
2.18405e-09	-0.0838677
2.18414e-09	-0.0838145
2.18423e-09	-0.0837613
2.18433e-09	-0.0837079
2.18442e-09	-0.0836545
2.18451e-09	-0.083601
2.1846e-09	-0.0835474
2.1847e-09	-0.0834937
2.18479e-09	-0.08344
2.18488e-09	-0.0833861
2.18497e-09	-0.0833322
2.18507e-09	-0.0832782
2.18516e-09	-0.0832241
2.18525e-09	-0.0831699
2.18534e-09	-0.0831156
2.18543e-09	-0.0830613
2.18553e-09	-0.0830068
2.18562e-09	-0.0829523
2.18571e-09	-0.0828977
2.1858e-09	-0.082843
2.1859e-09	-0.0827883
2.18599e-09	-0.0827334
2.18608e-09	-0.0826785
2.18617e-09	-0.0826235
2.18627e-09	-0.0825684
2.18636e-09	-0.0825132
2.18645e-09	-0.082458
2.18654e-09	-0.0824027
2.18664e-09	-0.0823472
2.18673e-09	-0.0822918
2.18682e-09	-0.0822362
2.18691e-09	-0.0821805
2.18701e-09	-0.0821248
2.1871e-09	-0.082069
2.18719e-09	-0.0820131
2.18728e-09	-0.0819571
2.18738e-09	-0.0819011
2.18747e-09	-0.081845
2.18756e-09	-0.0817888
2.18765e-09	-0.0817325
2.18775e-09	-0.0816761
2.18784e-09	-0.0816197
2.18793e-09	-0.0815632
2.18802e-09	-0.0815066
2.18811e-09	-0.0814499
2.18821e-09	-0.0813931
2.1883e-09	-0.0813363
2.18839e-09	-0.0812794
2.18848e-09	-0.0812224
2.18858e-09	-0.0811654
2.18867e-09	-0.0811083
2.18876e-09	-0.0810511
2.18885e-09	-0.0809938
2.18895e-09	-0.0809364
2.18904e-09	-0.080879
2.18913e-09	-0.0808215
2.18922e-09	-0.0807639
2.18932e-09	-0.0807062
2.18941e-09	-0.0806485
2.1895e-09	-0.0805907
2.18959e-09	-0.0805328
2.18969e-09	-0.0804749
2.18978e-09	-0.0804169
2.18987e-09	-0.0803588
2.18996e-09	-0.0803006
2.19006e-09	-0.0802423
2.19015e-09	-0.080184
2.19024e-09	-0.0801256
2.19033e-09	-0.0800672
2.19042e-09	-0.0800086
2.19052e-09	-0.07995
2.19061e-09	-0.0798913
2.1907e-09	-0.0798326
2.19079e-09	-0.0797738
2.19089e-09	-0.0797149
2.19098e-09	-0.0796559
2.19107e-09	-0.0795969
2.19116e-09	-0.0795378
2.19126e-09	-0.0794786
2.19135e-09	-0.0794193
2.19144e-09	-0.07936
2.19153e-09	-0.0793006
2.19163e-09	-0.0792412
2.19172e-09	-0.0791816
2.19181e-09	-0.079122
2.1919e-09	-0.0790624
2.192e-09	-0.0790026
2.19209e-09	-0.0789428
2.19218e-09	-0.078883
2.19227e-09	-0.078823
2.19237e-09	-0.078763
2.19246e-09	-0.0787029
2.19255e-09	-0.0786428
2.19264e-09	-0.0785826
2.19273e-09	-0.0785223
2.19283e-09	-0.078462
2.19292e-09	-0.0784015
2.19301e-09	-0.0783411
2.1931e-09	-0.0782805
2.1932e-09	-0.0782199
2.19329e-09	-0.0781592
2.19338e-09	-0.0780985
2.19347e-09	-0.0780376
2.19357e-09	-0.0779768
2.19366e-09	-0.0779158
2.19375e-09	-0.0778548
2.19384e-09	-0.0777937
2.19394e-09	-0.0777326
2.19403e-09	-0.0776714
2.19412e-09	-0.0776101
2.19421e-09	-0.0775488
2.19431e-09	-0.0774874
2.1944e-09	-0.0774259
2.19449e-09	-0.0773644
2.19458e-09	-0.0773028
2.19468e-09	-0.0772412
2.19477e-09	-0.0771795
2.19486e-09	-0.0771177
2.19495e-09	-0.0770558
2.19504e-09	-0.0769939
2.19514e-09	-0.076932
2.19523e-09	-0.0768699
2.19532e-09	-0.0768079
2.19541e-09	-0.0767457
2.19551e-09	-0.0766835
2.1956e-09	-0.0766212
2.19569e-09	-0.0765589
2.19578e-09	-0.0764965
2.19588e-09	-0.076434
2.19597e-09	-0.0763715
2.19606e-09	-0.0763089
2.19615e-09	-0.0762463
2.19625e-09	-0.0761836
2.19634e-09	-0.0761208
2.19643e-09	-0.076058
2.19652e-09	-0.0759951
2.19662e-09	-0.0759322
2.19671e-09	-0.0758692
2.1968e-09	-0.0758061
2.19689e-09	-0.075743
2.19699e-09	-0.0756798
2.19708e-09	-0.0756166
2.19717e-09	-0.0755533
2.19726e-09	-0.07549
2.19735e-09	-0.0754266
2.19745e-09	-0.0753631
2.19754e-09	-0.0752996
2.19763e-09	-0.075236
2.19772e-09	-0.0751724
2.19782e-09	-0.0751087
2.19791e-09	-0.0750449
2.198e-09	-0.0749811
2.19809e-09	-0.0749172
2.19819e-09	-0.0748533
2.19828e-09	-0.0747894
2.19837e-09	-0.0747253
2.19846e-09	-0.0746612
2.19856e-09	-0.0745971
2.19865e-09	-0.0745329
2.19874e-09	-0.0744686
2.19883e-09	-0.0744043
2.19893e-09	-0.07434
2.19902e-09	-0.0742756
2.19911e-09	-0.0742111
2.1992e-09	-0.0741466
2.1993e-09	-0.074082
2.19939e-09	-0.0740174
2.19948e-09	-0.0739527
2.19957e-09	-0.0738879
2.19967e-09	-0.0738231
2.19976e-09	-0.0737583
2.19985e-09	-0.0736934
2.19994e-09	-0.0736284
2.20003e-09	-0.0735634
2.20013e-09	-0.0734984
2.20022e-09	-0.0734333
2.20031e-09	-0.0733681
2.2004e-09	-0.0733029
2.2005e-09	-0.0732376
2.20059e-09	-0.0731723
2.20068e-09	-0.073107
2.20077e-09	-0.0730415
2.20087e-09	-0.0729761
2.20096e-09	-0.0729106
2.20105e-09	-0.072845
2.20114e-09	-0.0727794
2.20124e-09	-0.0727137
2.20133e-09	-0.072648
2.20142e-09	-0.0725822
2.20151e-09	-0.0725164
2.20161e-09	-0.0724505
2.2017e-09	-0.0723846
2.20179e-09	-0.0723187
2.20188e-09	-0.0722526
2.20198e-09	-0.0721866
2.20207e-09	-0.0721205
2.20216e-09	-0.0720543
2.20225e-09	-0.0719881
2.20234e-09	-0.0719219
2.20244e-09	-0.0718556
2.20253e-09	-0.0717892
2.20262e-09	-0.0717228
2.20271e-09	-0.0716564
2.20281e-09	-0.0715899
2.2029e-09	-0.0715233
2.20299e-09	-0.0714568
2.20308e-09	-0.0713901
2.20318e-09	-0.0713234
2.20327e-09	-0.0712567
2.20336e-09	-0.07119
2.20345e-09	-0.0711231
2.20355e-09	-0.0710563
2.20364e-09	-0.0709894
2.20373e-09	-0.0709224
2.20382e-09	-0.0708554
2.20392e-09	-0.0707884
2.20401e-09	-0.0707213
2.2041e-09	-0.0706542
2.20419e-09	-0.070587
2.20429e-09	-0.0705198
2.20438e-09	-0.0704525
2.20447e-09	-0.0703852
2.20456e-09	-0.0703179
2.20465e-09	-0.0702505
2.20475e-09	-0.0701831
2.20484e-09	-0.0701156
2.20493e-09	-0.0700481
2.20502e-09	-0.0699805
2.20512e-09	-0.0699129
2.20521e-09	-0.0698452
2.2053e-09	-0.0697776
2.20539e-09	-0.0697098
2.20549e-09	-0.0696421
2.20558e-09	-0.0695742
2.20567e-09	-0.0695064
2.20576e-09	-0.0694385
2.20586e-09	-0.0693705
2.20595e-09	-0.0693026
2.20604e-09	-0.0692345
2.20613e-09	-0.0691665
2.20623e-09	-0.0690984
2.20632e-09	-0.0690303
2.20641e-09	-0.0689621
2.2065e-09	-0.0688939
2.2066e-09	-0.0688256
2.20669e-09	-0.0687573
2.20678e-09	-0.068689
2.20687e-09	-0.0686206
2.20696e-09	-0.0685522
2.20706e-09	-0.0684837
2.20715e-09	-0.0684152
2.20724e-09	-0.0683467
2.20733e-09	-0.0682781
2.20743e-09	-0.0682095
2.20752e-09	-0.0681409
2.20761e-09	-0.0680722
2.2077e-09	-0.0680035
2.2078e-09	-0.0679347
2.20789e-09	-0.0678659
2.20798e-09	-0.0677971
2.20807e-09	-0.0677282
2.20817e-09	-0.0676593
2.20826e-09	-0.0675904
2.20835e-09	-0.0675214
2.20844e-09	-0.0674524
2.20854e-09	-0.0673833
2.20863e-09	-0.0673143
2.20872e-09	-0.0672451
2.20881e-09	-0.067176
2.20891e-09	-0.0671068
2.209e-09	-0.0670376
2.20909e-09	-0.0669683
2.20918e-09	-0.066899
2.20928e-09	-0.0668297
2.20937e-09	-0.0667603
2.20946e-09	-0.0666909
2.20955e-09	-0.0666215
2.20964e-09	-0.066552
2.20974e-09	-0.0664825
2.20983e-09	-0.066413
2.20992e-09	-0.0663434
2.21001e-09	-0.0662738
2.21011e-09	-0.0662042
2.2102e-09	-0.0661345
2.21029e-09	-0.0660649
2.21038e-09	-0.0659951
2.21048e-09	-0.0659254
2.21057e-09	-0.0658556
2.21066e-09	-0.0657858
2.21075e-09	-0.0657159
2.21085e-09	-0.065646
2.21094e-09	-0.0655761
2.21103e-09	-0.0655061
2.21112e-09	-0.0654362
2.21122e-09	-0.0653661
2.21131e-09	-0.0652961
2.2114e-09	-0.065226
2.21149e-09	-0.0651559
2.21159e-09	-0.0650858
2.21168e-09	-0.0650156
2.21177e-09	-0.0649454
2.21186e-09	-0.0648752
2.21195e-09	-0.064805
2.21205e-09	-0.0647347
2.21214e-09	-0.0646644
2.21223e-09	-0.064594
2.21232e-09	-0.0645237
2.21242e-09	-0.0644533
2.21251e-09	-0.0643828
2.2126e-09	-0.0643124
2.21269e-09	-0.0642419
2.21279e-09	-0.0641714
2.21288e-09	-0.0641008
2.21297e-09	-0.0640303
2.21306e-09	-0.0639597
2.21316e-09	-0.0638891
2.21325e-09	-0.0638184
2.21334e-09	-0.0637477
2.21343e-09	-0.063677
2.21353e-09	-0.0636063
2.21362e-09	-0.0635356
2.21371e-09	-0.0634648
2.2138e-09	-0.063394
2.2139e-09	-0.0633231
2.21399e-09	-0.0632523
2.21408e-09	-0.0631814
2.21417e-09	-0.0631105
2.21426e-09	-0.0630396
2.21436e-09	-0.0629686
2.21445e-09	-0.0628976
2.21454e-09	-0.0628266
2.21463e-09	-0.0627556
2.21473e-09	-0.0626845
2.21482e-09	-0.0626134
2.21491e-09	-0.0625423
2.215e-09	-0.0624712
2.2151e-09	-0.0624
2.21519e-09	-0.0623289
2.21528e-09	-0.0622577
2.21537e-09	-0.0621864
2.21547e-09	-0.0621152
2.21556e-09	-0.0620439
2.21565e-09	-0.0619726
2.21574e-09	-0.0619013
2.21584e-09	-0.06183
2.21593e-09	-0.0617586
2.21602e-09	-0.0616872
2.21611e-09	-0.0616158
2.21621e-09	-0.0615444
2.2163e-09	-0.0614729
2.21639e-09	-0.0614015
2.21648e-09	-0.06133
2.21657e-09	-0.0612585
2.21667e-09	-0.0611869
2.21676e-09	-0.0611154
2.21685e-09	-0.0610438
2.21694e-09	-0.0609722
2.21704e-09	-0.0609006
2.21713e-09	-0.0608289
2.21722e-09	-0.0607573
2.21731e-09	-0.0606856
2.21741e-09	-0.0606139
2.2175e-09	-0.0605422
2.21759e-09	-0.0604705
2.21768e-09	-0.0603987
2.21778e-09	-0.0603269
2.21787e-09	-0.0602551
2.21796e-09	-0.0601833
2.21805e-09	-0.0601115
2.21815e-09	-0.0600397
2.21824e-09	-0.0599678
2.21833e-09	-0.0598959
2.21842e-09	-0.059824
2.21852e-09	-0.0597521
2.21861e-09	-0.0596801
2.2187e-09	-0.0596082
2.21879e-09	-0.0595362
2.21888e-09	-0.0594642
2.21898e-09	-0.0593922
2.21907e-09	-0.0593202
2.21916e-09	-0.0592482
2.21925e-09	-0.0591761
2.21935e-09	-0.059104
2.21944e-09	-0.0590319
2.21953e-09	-0.0589598
2.21962e-09	-0.0588877
2.21972e-09	-0.0588156
2.21981e-09	-0.0587434
2.2199e-09	-0.0586713
2.21999e-09	-0.0585991
2.22009e-09	-0.0585269
2.22018e-09	-0.0584547
2.22027e-09	-0.0583824
2.22036e-09	-0.0583102
2.22046e-09	-0.0582379
2.22055e-09	-0.0581657
2.22064e-09	-0.0580934
2.22073e-09	-0.0580211
2.22083e-09	-0.0579488
2.22092e-09	-0.0578764
2.22101e-09	-0.0578041
2.2211e-09	-0.0577317
2.2212e-09	-0.0576594
2.22129e-09	-0.057587
2.22138e-09	-0.0575146
2.22147e-09	-0.0574422
2.22156e-09	-0.0573698
2.22166e-09	-0.0572973
2.22175e-09	-0.0572249
2.22184e-09	-0.0571524
2.22193e-09	-0.05708
2.22203e-09	-0.0570075
2.22212e-09	-0.056935
2.22221e-09	-0.0568625
2.2223e-09	-0.05679
2.2224e-09	-0.0567175
2.22249e-09	-0.0566449
2.22258e-09	-0.0565724
2.22267e-09	-0.0564998
2.22277e-09	-0.0564272
2.22286e-09	-0.0563547
2.22295e-09	-0.0562821
2.22304e-09	-0.0562095
2.22314e-09	-0.0561369
2.22323e-09	-0.0560642
2.22332e-09	-0.0559916
2.22341e-09	-0.055919
2.22351e-09	-0.0558463
2.2236e-09	-0.0557737
2.22369e-09	-0.055701
2.22378e-09	-0.0556283
2.22387e-09	-0.0555556
2.22397e-09	-0.0554829
2.22406e-09	-0.0554102
2.22415e-09	-0.0553375
2.22424e-09	-0.0552648
2.22434e-09	-0.0551921
2.22443e-09	-0.0551194
2.22452e-09	-0.0550466
2.22461e-09	-0.0549739
2.22471e-09	-0.0549011
2.2248e-09	-0.0548283
2.22489e-09	-0.0547556
2.22498e-09	-0.0546828
2.22508e-09	-0.05461
2.22517e-09	-0.0545372
2.22526e-09	-0.0544644
2.22535e-09	-0.0543916
2.22545e-09	-0.0543188
2.22554e-09	-0.054246
2.22563e-09	-0.0541732
2.22572e-09	-0.0541003
2.22582e-09	-0.0540275
2.22591e-09	-0.0539546
2.226e-09	-0.0538818
2.22609e-09	-0.053809
2.22618e-09	-0.0537361
2.22628e-09	-0.0536632
2.22637e-09	-0.0535904
2.22646e-09	-0.0535175
2.22655e-09	-0.0534446
2.22665e-09	-0.0533717
2.22674e-09	-0.0532989
2.22683e-09	-0.053226
2.22692e-09	-0.0531531
2.22702e-09	-0.0530802
2.22711e-09	-0.0530073
2.2272e-09	-0.0529344
2.22729e-09	-0.0528615
2.22739e-09	-0.0527886
2.22748e-09	-0.0527156
2.22757e-09	-0.0526427
2.22766e-09	-0.0525698
2.22776e-09	-0.0524969
2.22785e-09	-0.052424
2.22794e-09	-0.052351
2.22803e-09	-0.0522781
2.22813e-09	-0.0522052
2.22822e-09	-0.0521323
2.22831e-09	-0.0520593
2.2284e-09	-0.0519864
2.22849e-09	-0.0519134
2.22859e-09	-0.0518405
2.22868e-09	-0.0517676
2.22877e-09	-0.0516946
2.22886e-09	-0.0516217
2.22896e-09	-0.0515487
2.22905e-09	-0.0514758
2.22914e-09	-0.0514029
2.22923e-09	-0.0513299
2.22933e-09	-0.051257
2.22942e-09	-0.051184
2.22951e-09	-0.0511111
2.2296e-09	-0.0510381
2.2297e-09	-0.0509652
2.22979e-09	-0.0508922
2.22988e-09	-0.0508193
2.22997e-09	-0.0507464
2.23007e-09	-0.0506734
2.23016e-09	-0.0506005
2.23025e-09	-0.0505275
2.23034e-09	-0.0504546
2.23044e-09	-0.0503817
2.23053e-09	-0.0503087
2.23062e-09	-0.0502358
2.23071e-09	-0.0501629
2.23081e-09	-0.0500899
2.2309e-09	-0.050017
2.23099e-09	-0.0499441
2.23108e-09	-0.0498712
2.23117e-09	-0.0497982
2.23127e-09	-0.0497253
2.23136e-09	-0.0496524
2.23145e-09	-0.0495795
2.23154e-09	-0.0495066
2.23164e-09	-0.0494337
2.23173e-09	-0.0493608
2.23182e-09	-0.0492879
2.23191e-09	-0.049215
2.23201e-09	-0.0491421
2.2321e-09	-0.0490692
2.23219e-09	-0.0489963
2.23228e-09	-0.0489234
2.23238e-09	-0.0488506
2.23247e-09	-0.0487777
2.23256e-09	-0.0487048
2.23265e-09	-0.048632
2.23275e-09	-0.0485591
2.23284e-09	-0.0484863
2.23293e-09	-0.0484134
2.23302e-09	-0.0483406
2.23312e-09	-0.0482678
2.23321e-09	-0.0481949
2.2333e-09	-0.0481221
2.23339e-09	-0.0480493
2.23348e-09	-0.0479765
2.23358e-09	-0.0479037
2.23367e-09	-0.0478309
2.23376e-09	-0.0477581
2.23385e-09	-0.0476853
2.23395e-09	-0.0476125
2.23404e-09	-0.0475397
2.23413e-09	-0.047467
2.23422e-09	-0.0473942
2.23432e-09	-0.0473214
2.23441e-09	-0.0472487
2.2345e-09	-0.047176
2.23459e-09	-0.0471032
2.23469e-09	-0.0470305
2.23478e-09	-0.0469578
2.23487e-09	-0.0468851
2.23496e-09	-0.0468124
2.23506e-09	-0.0467397
2.23515e-09	-0.046667
2.23524e-09	-0.0465943
2.23533e-09	-0.0465217
2.23543e-09	-0.046449
2.23552e-09	-0.0463764
2.23561e-09	-0.0463037
2.2357e-09	-0.0462311
2.23579e-09	-0.0461585
2.23589e-09	-0.0460859
2.23598e-09	-0.0460133
2.23607e-09	-0.0459407
2.23616e-09	-0.0458681
2.23626e-09	-0.0457955
2.23635e-09	-0.0457229
2.23644e-09	-0.0456504
2.23653e-09	-0.0455778
2.23663e-09	-0.0455053
2.23672e-09	-0.0454328
2.23681e-09	-0.0453603
2.2369e-09	-0.0452878
2.237e-09	-0.0452153
2.23709e-09	-0.0451428
2.23718e-09	-0.0450703
2.23727e-09	-0.0449979
2.23737e-09	-0.0449254
2.23746e-09	-0.044853
2.23755e-09	-0.0447806
2.23764e-09	-0.0447082
2.23774e-09	-0.0446358
2.23783e-09	-0.0445634
2.23792e-09	-0.044491
2.23801e-09	-0.0444186
2.2381e-09	-0.0443463
2.2382e-09	-0.044274
2.23829e-09	-0.0442016
2.23838e-09	-0.0441293
2.23847e-09	-0.044057
2.23857e-09	-0.0439847
2.23866e-09	-0.0439125
2.23875e-09	-0.0438402
2.23884e-09	-0.0437679
2.23894e-09	-0.0436957
2.23903e-09	-0.0436235
2.23912e-09	-0.0435513
2.23921e-09	-0.0434791
2.23931e-09	-0.0434069
2.2394e-09	-0.0433347
2.23949e-09	-0.0432626
2.23958e-09	-0.0431905
2.23968e-09	-0.0431183
2.23977e-09	-0.0430462
2.23986e-09	-0.0429741
2.23995e-09	-0.0429021
2.24005e-09	-0.04283
2.24014e-09	-0.0427579
2.24023e-09	-0.0426859
2.24032e-09	-0.0426139
2.24041e-09	-0.0425419
2.24051e-09	-0.0424699
2.2406e-09	-0.0423979
2.24069e-09	-0.042326
2.24078e-09	-0.042254
2.24088e-09	-0.0421821
2.24097e-09	-0.0421102
2.24106e-09	-0.0420383
2.24115e-09	-0.0419664
2.24125e-09	-0.0418946
2.24134e-09	-0.0418227
2.24143e-09	-0.0417509
2.24152e-09	-0.0416791
2.24162e-09	-0.0416073
2.24171e-09	-0.0415355
2.2418e-09	-0.0414638
2.24189e-09	-0.0413921
2.24199e-09	-0.0413203
2.24208e-09	-0.0412486
2.24217e-09	-0.0411769
2.24226e-09	-0.0411053
2.24236e-09	-0.0410336
2.24245e-09	-0.040962
2.24254e-09	-0.0408904
2.24263e-09	-0.0408188
2.24273e-09	-0.0407472
2.24282e-09	-0.0406756
2.24291e-09	-0.0406041
2.243e-09	-0.0405326
2.24309e-09	-0.0404611
2.24319e-09	-0.0403896
2.24328e-09	-0.0403181
2.24337e-09	-0.0402467
2.24346e-09	-0.0401752
2.24356e-09	-0.0401038
2.24365e-09	-0.0400324
2.24374e-09	-0.0399611
2.24383e-09	-0.0398897
2.24393e-09	-0.0398184
2.24402e-09	-0.0397471
2.24411e-09	-0.0396758
2.2442e-09	-0.0396045
2.2443e-09	-0.0395333
2.24439e-09	-0.039462
2.24448e-09	-0.0393908
2.24457e-09	-0.0393196
2.24467e-09	-0.0392485
2.24476e-09	-0.0391773
2.24485e-09	-0.0391062
2.24494e-09	-0.0390351
2.24504e-09	-0.038964
2.24513e-09	-0.038893
2.24522e-09	-0.0388219
2.24531e-09	-0.0387509
2.2454e-09	-0.0386799
2.2455e-09	-0.0386089
2.24559e-09	-0.038538
2.24568e-09	-0.038467
2.24577e-09	-0.0383961
2.24587e-09	-0.0383252
2.24596e-09	-0.0382544
2.24605e-09	-0.0381835
2.24614e-09	-0.0381127
2.24624e-09	-0.0380419
2.24633e-09	-0.0379711
2.24642e-09	-0.0379004
2.24651e-09	-0.0378297
2.24661e-09	-0.0377589
2.2467e-09	-0.0376883
2.24679e-09	-0.0376176
2.24688e-09	-0.037547
2.24698e-09	-0.0374764
2.24707e-09	-0.0374058
2.24716e-09	-0.0373352
2.24725e-09	-0.0372647
2.24735e-09	-0.0371941
2.24744e-09	-0.0371236
2.24753e-09	-0.0370532
2.24762e-09	-0.0369827
2.24771e-09	-0.0369123
2.24781e-09	-0.0368419
2.2479e-09	-0.0367715
2.24799e-09	-0.0367012
2.24808e-09	-0.0366309
2.24818e-09	-0.0365606
2.24827e-09	-0.0364903
2.24836e-09	-0.03642
2.24845e-09	-0.0363498
2.24855e-09	-0.0362796
2.24864e-09	-0.0362094
2.24873e-09	-0.0361393
2.24882e-09	-0.0360692
2.24892e-09	-0.0359991
2.24901e-09	-0.035929
2.2491e-09	-0.035859
2.24919e-09	-0.0357889
2.24929e-09	-0.0357189
2.24938e-09	-0.035649
2.24947e-09	-0.035579
2.24956e-09	-0.0355091
2.24966e-09	-0.0354392
2.24975e-09	-0.0353694
2.24984e-09	-0.0352995
2.24993e-09	-0.0352297
2.25002e-09	-0.03516
2.25012e-09	-0.0350902
2.25021e-09	-0.0350205
2.2503e-09	-0.0349508
2.25039e-09	-0.0348811
2.25049e-09	-0.0348115
2.25058e-09	-0.0347418
2.25067e-09	-0.0346723
2.25076e-09	-0.0346027
2.25086e-09	-0.0345332
2.25095e-09	-0.0344637
2.25104e-09	-0.0343942
2.25113e-09	-0.0343247
2.25123e-09	-0.0342553
2.25132e-09	-0.0341859
2.25141e-09	-0.0341165
2.2515e-09	-0.0340472
2.2516e-09	-0.0339779
2.25169e-09	-0.0339086
2.25178e-09	-0.0338394
2.25187e-09	-0.0337702
2.25197e-09	-0.033701
2.25206e-09	-0.0336318
2.25215e-09	-0.0335627
2.25224e-09	-0.0334936
2.25234e-09	-0.0334245
2.25243e-09	-0.0333554
2.25252e-09	-0.0332864
2.25261e-09	-0.0332174
2.2527e-09	-0.0331485
2.2528e-09	-0.0330795
2.25289e-09	-0.0330107
2.25298e-09	-0.0329418
2.25307e-09	-0.0328729
2.25317e-09	-0.0328041
2.25326e-09	-0.0327354
2.25335e-09	-0.0326666
2.25344e-09	-0.0325979
2.25354e-09	-0.0325292
2.25363e-09	-0.0324606
2.25372e-09	-0.0323919
2.25381e-09	-0.0323233
2.25391e-09	-0.0322548
2.254e-09	-0.0321863
2.25409e-09	-0.0321178
2.25418e-09	-0.0320493
2.25428e-09	-0.0319808
2.25437e-09	-0.0319124
2.25446e-09	-0.0318441
2.25455e-09	-0.0317757
2.25465e-09	-0.0317074
2.25474e-09	-0.0316391
2.25483e-09	-0.0315709
2.25492e-09	-0.0315027
2.25501e-09	-0.0314345
2.25511e-09	-0.0313663
2.2552e-09	-0.0312982
2.25529e-09	-0.0312301
2.25538e-09	-0.0311621
2.25548e-09	-0.0310941
2.25557e-09	-0.0310261
2.25566e-09	-0.0309581
2.25575e-09	-0.0308902
2.25585e-09	-0.0308223
2.25594e-09	-0.0307545
2.25603e-09	-0.0306866
2.25612e-09	-0.0306188
2.25622e-09	-0.0305511
2.25631e-09	-0.0304834
2.2564e-09	-0.0304157
2.25649e-09	-0.030348
2.25659e-09	-0.0302804
2.25668e-09	-0.0302128
2.25677e-09	-0.0301453
2.25686e-09	-0.0300777
2.25696e-09	-0.0300102
2.25705e-09	-0.0299428
2.25714e-09	-0.0298754
2.25723e-09	-0.029808
2.25732e-09	-0.0297406
2.25742e-09	-0.0296733
2.25751e-09	-0.029606
2.2576e-09	-0.0295388
2.25769e-09	-0.0294716
2.25779e-09	-0.0294044
2.25788e-09	-0.0293373
2.25797e-09	-0.0292701
2.25806e-09	-0.0292031
2.25816e-09	-0.029136
2.25825e-09	-0.029069
2.25834e-09	-0.0290021
2.25843e-09	-0.0289351
2.25853e-09	-0.0288682
2.25862e-09	-0.0288014
2.25871e-09	-0.0287346
2.2588e-09	-0.0286678
2.2589e-09	-0.028601
2.25899e-09	-0.0285343
2.25908e-09	-0.0284676
2.25917e-09	-0.028401
2.25927e-09	-0.0283344
2.25936e-09	-0.0282678
2.25945e-09	-0.0282012
2.25954e-09	-0.0281347
2.25963e-09	-0.0280683
2.25973e-09	-0.0280019
2.25982e-09	-0.0279355
2.25991e-09	-0.0278691
2.26e-09	-0.0278028
2.2601e-09	-0.0277365
2.26019e-09	-0.0276703
2.26028e-09	-0.0276041
2.26037e-09	-0.0275379
2.26047e-09	-0.0274718
2.26056e-09	-0.0274057
2.26065e-09	-0.0273396
2.26074e-09	-0.0272736
2.26084e-09	-0.0272076
2.26093e-09	-0.0271417
2.26102e-09	-0.0270758
2.26111e-09	-0.0270099
2.26121e-09	-0.0269441
2.2613e-09	-0.0268783
2.26139e-09	-0.0268125
2.26148e-09	-0.0267468
2.26158e-09	-0.0266811
2.26167e-09	-0.0266155
2.26176e-09	-0.0265499
2.26185e-09	-0.0264843
2.26195e-09	-0.0264188
2.26204e-09	-0.0263533
2.26213e-09	-0.0262878
2.26222e-09	-0.0262224
2.26231e-09	-0.0261571
2.26241e-09	-0.0260917
2.2625e-09	-0.0260264
2.26259e-09	-0.0259612
2.26268e-09	-0.025896
2.26278e-09	-0.0258308
2.26287e-09	-0.0257656
2.26296e-09	-0.0257005
2.26305e-09	-0.0256355
2.26315e-09	-0.0255705
2.26324e-09	-0.0255055
2.26333e-09	-0.0254405
2.26342e-09	-0.0253756
2.26352e-09	-0.0253108
2.26361e-09	-0.025246
2.2637e-09	-0.0251812
2.26379e-09	-0.0251164
2.26389e-09	-0.0250517
2.26398e-09	-0.0249871
2.26407e-09	-0.0249225
2.26416e-09	-0.0248579
2.26426e-09	-0.0247933
2.26435e-09	-0.0247288
2.26444e-09	-0.0246644
2.26453e-09	-0.0246
2.26462e-09	-0.0245356
2.26472e-09	-0.0244713
2.26481e-09	-0.024407
2.2649e-09	-0.0243427
2.26499e-09	-0.0242785
2.26509e-09	-0.0242143
2.26518e-09	-0.0241502
2.26527e-09	-0.0240861
2.26536e-09	-0.0240221
2.26546e-09	-0.023958
2.26555e-09	-0.0238941
2.26564e-09	-0.0238302
2.26573e-09	-0.0237663
2.26583e-09	-0.0237024
2.26592e-09	-0.0236386
2.26601e-09	-0.0235749
2.2661e-09	-0.0235112
2.2662e-09	-0.0234475
2.26629e-09	-0.0233839
2.26638e-09	-0.0233203
2.26647e-09	-0.0232567
2.26657e-09	-0.0231932
2.26666e-09	-0.0231297
2.26675e-09	-0.0230663
2.26684e-09	-0.0230029
2.26693e-09	-0.0229396
2.26703e-09	-0.0228763
2.26712e-09	-0.0228131
2.26721e-09	-0.0227498
2.2673e-09	-0.0226867
2.2674e-09	-0.0226236
2.26749e-09	-0.0225605
2.26758e-09	-0.0224974
2.26767e-09	-0.0224344
2.26777e-09	-0.0223715
2.26786e-09	-0.0223086
2.26795e-09	-0.0222457
2.26804e-09	-0.0221829
2.26814e-09	-0.0221201
2.26823e-09	-0.0220574
2.26832e-09	-0.0219947
2.26841e-09	-0.021932
2.26851e-09	-0.0218694
2.2686e-09	-0.0218069
2.26869e-09	-0.0217444
2.26878e-09	-0.0216819
2.26888e-09	-0.0216195
2.26897e-09	-0.0215571
2.26906e-09	-0.0214947
2.26915e-09	-0.0214324
2.26924e-09	-0.0213702
2.26934e-09	-0.021308
2.26943e-09	-0.0212458
2.26952e-09	-0.0211837
2.26961e-09	-0.0211216
2.26971e-09	-0.0210596
2.2698e-09	-0.0209976
2.26989e-09	-0.0209356
2.26998e-09	-0.0208737
2.27008e-09	-0.0208119
2.27017e-09	-0.0207501
2.27026e-09	-0.0206883
2.27035e-09	-0.0206266
2.27045e-09	-0.0205649
2.27054e-09	-0.0205033
2.27063e-09	-0.0204417
2.27072e-09	-0.0203802
2.27082e-09	-0.0203187
2.27091e-09	-0.0202572
2.271e-09	-0.0201958
2.27109e-09	-0.0201345
2.27119e-09	-0.0200732
2.27128e-09	-0.0200119
2.27137e-09	-0.0199507
2.27146e-09	-0.0198895
2.27155e-09	-0.0198284
2.27165e-09	-0.0197673
2.27174e-09	-0.0197062
2.27183e-09	-0.0196453
2.27192e-09	-0.0195843
2.27202e-09	-0.0195234
2.27211e-09	-0.0194626
2.2722e-09	-0.0194017
2.27229e-09	-0.019341
2.27239e-09	-0.0192803
2.27248e-09	-0.0192196
2.27257e-09	-0.019159
2.27266e-09	-0.0190984
2.27276e-09	-0.0190379
2.27285e-09	-0.0189774
2.27294e-09	-0.0189169
2.27303e-09	-0.0188566
2.27313e-09	-0.0187962
2.27322e-09	-0.0187359
2.27331e-09	-0.0186757
2.2734e-09	-0.0186155
2.2735e-09	-0.0185553
2.27359e-09	-0.0184952
2.27368e-09	-0.0184351
2.27377e-09	-0.0183751
2.27387e-09	-0.0183151
2.27396e-09	-0.0182552
2.27405e-09	-0.0181953
2.27414e-09	-0.0181355
2.27423e-09	-0.0180757
2.27433e-09	-0.018016
2.27442e-09	-0.0179563
2.27451e-09	-0.0178967
2.2746e-09	-0.0178371
2.2747e-09	-0.0177776
2.27479e-09	-0.0177181
2.27488e-09	-0.0176586
2.27497e-09	-0.0175992
2.27507e-09	-0.0175399
2.27516e-09	-0.0174806
2.27525e-09	-0.0174213
2.27534e-09	-0.0173621
2.27544e-09	-0.0173029
2.27553e-09	-0.0172438
2.27562e-09	-0.0171848
2.27571e-09	-0.0171257
2.27581e-09	-0.0170668
2.2759e-09	-0.0170079
2.27599e-09	-0.016949
2.27608e-09	-0.0168902
2.27618e-09	-0.0168314
2.27627e-09	-0.0167727
2.27636e-09	-0.016714
2.27645e-09	-0.0166554
2.27654e-09	-0.0165968
2.27664e-09	-0.0165383
2.27673e-09	-0.0164798
2.27682e-09	-0.0164214
2.27691e-09	-0.016363
2.27701e-09	-0.0163046
2.2771e-09	-0.0162464
2.27719e-09	-0.0161881
2.27728e-09	-0.0161299
2.27738e-09	-0.0160718
2.27747e-09	-0.0160137
2.27756e-09	-0.0159557
2.27765e-09	-0.0158977
2.27775e-09	-0.0158397
2.27784e-09	-0.0157818
2.27793e-09	-0.015724
2.27802e-09	-0.0156662
2.27812e-09	-0.0156085
2.27821e-09	-0.0155508
2.2783e-09	-0.0154931
2.27839e-09	-0.0154355
2.27849e-09	-0.015378
2.27858e-09	-0.0153205
2.27867e-09	-0.0152631
2.27876e-09	-0.0152057
2.27885e-09	-0.0151483
2.27895e-09	-0.015091
2.27904e-09	-0.0150338
2.27913e-09	-0.0149766
2.27922e-09	-0.0149194
2.27932e-09	-0.0148623
2.27941e-09	-0.0148053
2.2795e-09	-0.0147483
2.27959e-09	-0.0146914
2.27969e-09	-0.0146345
2.27978e-09	-0.0145776
2.27987e-09	-0.0145208
2.27996e-09	-0.0144641
2.28006e-09	-0.0144074
2.28015e-09	-0.0143508
2.28024e-09	-0.0142942
2.28033e-09	-0.0142376
2.28043e-09	-0.0141811
2.28052e-09	-0.0141247
2.28061e-09	-0.0140683
2.2807e-09	-0.014012
2.2808e-09	-0.0139557
2.28089e-09	-0.0138995
2.28098e-09	-0.0138433
2.28107e-09	-0.0137871
2.28116e-09	-0.0137311
2.28126e-09	-0.013675
2.28135e-09	-0.0136191
2.28144e-09	-0.0135631
2.28153e-09	-0.0135072
2.28163e-09	-0.0134514
2.28172e-09	-0.0133956
2.28181e-09	-0.0133399
2.2819e-09	-0.0132843
2.282e-09	-0.0132286
2.28209e-09	-0.0131731
2.28218e-09	-0.0131175
2.28227e-09	-0.0130621
2.28237e-09	-0.0130067
2.28246e-09	-0.0129513
2.28255e-09	-0.012896
2.28264e-09	-0.0128407
2.28274e-09	-0.0127855
2.28283e-09	-0.0127304
2.28292e-09	-0.0126753
2.28301e-09	-0.0126202
2.28311e-09	-0.0125652
2.2832e-09	-0.0125103
2.28329e-09	-0.0124554
2.28338e-09	-0.0124005
2.28348e-09	-0.0123457
2.28357e-09	-0.012291
2.28366e-09	-0.0122363
2.28375e-09	-0.0121817
2.28384e-09	-0.0121271
2.28394e-09	-0.0120726
2.28403e-09	-0.0120181
2.28412e-09	-0.0119637
2.28421e-09	-0.0119093
2.28431e-09	-0.011855
2.2844e-09	-0.0118007
2.28449e-09	-0.0117465
2.28458e-09	-0.0116923
2.28468e-09	-0.0116382
2.28477e-09	-0.0115841
2.28486e-09	-0.0115301
2.28495e-09	-0.0114762
2.28505e-09	-0.0114223
2.28514e-09	-0.0113684
2.28523e-09	-0.0113146
2.28532e-09	-0.0112609
2.28542e-09	-0.0112072
2.28551e-09	-0.0111536
2.2856e-09	-0.0111
2.28569e-09	-0.0110465
2.28579e-09	-0.010993
2.28588e-09	-0.0109396
2.28597e-09	-0.0108862
2.28606e-09	-0.0108329
2.28615e-09	-0.0107796
2.28625e-09	-0.0107264
2.28634e-09	-0.0106732
2.28643e-09	-0.0106201
2.28652e-09	-0.0105671
2.28662e-09	-0.0105141
2.28671e-09	-0.0104611
2.2868e-09	-0.0104082
2.28689e-09	-0.0103554
2.28699e-09	-0.0103026
2.28708e-09	-0.0102499
2.28717e-09	-0.0101972
2.28726e-09	-0.0101446
2.28736e-09	-0.010092
2.28745e-09	-0.0100395
2.28754e-09	-0.00998704
2.28763e-09	-0.00993463
2.28773e-09	-0.00988227
2.28782e-09	-0.00982997
2.28791e-09	-0.00977772
2.288e-09	-0.00972553
2.2881e-09	-0.00967339
2.28819e-09	-0.0096213
2.28828e-09	-0.00956927
2.28837e-09	-0.00951729
2.28846e-09	-0.00946536
2.28856e-09	-0.00941349
2.28865e-09	-0.00936167
2.28874e-09	-0.00930991
2.28883e-09	-0.0092582
2.28893e-09	-0.00920655
2.28902e-09	-0.00915494
2.28911e-09	-0.0091034
2.2892e-09	-0.00905191
2.2893e-09	-0.00900047
2.28939e-09	-0.00894908
2.28948e-09	-0.00889775
2.28957e-09	-0.00884648
2.28967e-09	-0.00879526
2.28976e-09	-0.00874409
2.28985e-09	-0.00869298
2.28994e-09	-0.00864192
2.29004e-09	-0.00859092
2.29013e-09	-0.00853997
2.29022e-09	-0.00848908
2.29031e-09	-0.00843824
2.29041e-09	-0.00838745
2.2905e-09	-0.00833672
2.29059e-09	-0.00828605
2.29068e-09	-0.00823543
2.29077e-09	-0.00818486
2.29087e-09	-0.00813435
2.29096e-09	-0.00808389
2.29105e-09	-0.00803349
2.29114e-09	-0.00798314
2.29124e-09	-0.00793285
2.29133e-09	-0.00788261
2.29142e-09	-0.00783243
2.29151e-09	-0.0077823
2.29161e-09	-0.00773223
2.2917e-09	-0.00768221
2.29179e-09	-0.00763225
2.29188e-09	-0.00758234
2.29198e-09	-0.00753249
2.29207e-09	-0.00748269
2.29216e-09	-0.00743295
2.29225e-09	-0.00738326
2.29235e-09	-0.00733363
2.29244e-09	-0.00728405
2.29253e-09	-0.00723453
2.29262e-09	-0.00718506
2.29272e-09	-0.00713565
2.29281e-09	-0.00708629
2.2929e-09	-0.00703699
2.29299e-09	-0.00698774
2.29308e-09	-0.00693855
2.29318e-09	-0.00688942
2.29327e-09	-0.00684034
2.29336e-09	-0.00679131
2.29345e-09	-0.00674235
2.29355e-09	-0.00669343
2.29364e-09	-0.00664457
2.29373e-09	-0.00659577
2.29382e-09	-0.00654702
2.29392e-09	-0.00649833
2.29401e-09	-0.0064497
2.2941e-09	-0.00640112
2.29419e-09	-0.00635259
2.29429e-09	-0.00630412
2.29438e-09	-0.00625571
2.29447e-09	-0.00620735
2.29456e-09	-0.00615905
2.29466e-09	-0.0061108
2.29475e-09	-0.00606261
2.29484e-09	-0.00601448
2.29493e-09	-0.0059664
2.29503e-09	-0.00591837
2.29512e-09	-0.00587041
2.29521e-09	-0.00582249
2.2953e-09	-0.00577464
2.2954e-09	-0.00572684
2.29549e-09	-0.00567909
2.29558e-09	-0.00563141
2.29567e-09	-0.00558377
2.29576e-09	-0.0055362
2.29586e-09	-0.00548868
2.29595e-09	-0.00544121
2.29604e-09	-0.0053938
2.29613e-09	-0.00534645
2.29623e-09	-0.00529915
2.29632e-09	-0.00525191
2.29641e-09	-0.00520473
2.2965e-09	-0.0051576
2.2966e-09	-0.00511053
2.29669e-09	-0.00506351
2.29678e-09	-0.00501655
2.29687e-09	-0.00496965
2.29697e-09	-0.0049228
2.29706e-09	-0.00487601
2.29715e-09	-0.00482928
2.29724e-09	-0.0047826
2.29734e-09	-0.00473598
2.29743e-09	-0.00468941
2.29752e-09	-0.0046429
2.29761e-09	-0.00459645
2.29771e-09	-0.00455005
2.2978e-09	-0.00450371
2.29789e-09	-0.00445742
2.29798e-09	-0.00441119
2.29807e-09	-0.00436502
2.29817e-09	-0.00431891
2.29826e-09	-0.00427285
2.29835e-09	-0.00422685
2.29844e-09	-0.0041809
2.29854e-09	-0.00413501
2.29863e-09	-0.00408918
2.29872e-09	-0.0040434
2.29881e-09	-0.00399768
2.29891e-09	-0.00395202
2.299e-09	-0.00390641
2.29909e-09	-0.00386086
2.29918e-09	-0.00381536
2.29928e-09	-0.00376993
2.29937e-09	-0.00372455
2.29946e-09	-0.00367922
2.29955e-09	-0.00363395
2.29965e-09	-0.00358874
2.29974e-09	-0.00354359
2.29983e-09	-0.00349849
2.29992e-09	-0.00345345
2.30002e-09	-0.00340847
2.30011e-09	-0.00336354
2.3002e-09	-0.00331867
2.30029e-09	-0.00327385
2.30038e-09	-0.0032291
2.30048e-09	-0.0031844
2.30057e-09	-0.00313975
2.30066e-09	-0.00309516
2.30075e-09	-0.00305063
2.30085e-09	-0.00300616
2.30094e-09	-0.00296174
2.30103e-09	-0.00291738
2.30112e-09	-0.00287308
2.30122e-09	-0.00282883
2.30131e-09	-0.00278464
2.3014e-09	-0.00274051
2.30149e-09	-0.00269644
2.30159e-09	-0.00265242
2.30168e-09	-0.00260846
2.30177e-09	-0.00256455
2.30186e-09	-0.0025207
2.30196e-09	-0.00247691
2.30205e-09	-0.00243318
2.30214e-09	-0.0023895
2.30223e-09	-0.00234588
2.30233e-09	-0.00230232
2.30242e-09	-0.00225881
2.30251e-09	-0.00221536
2.3026e-09	-0.00217197
2.30269e-09	-0.00212863
2.30279e-09	-0.00208536
2.30288e-09	-0.00204213
2.30297e-09	-0.00199897
2.30306e-09	-0.00195586
2.30316e-09	-0.00191281
2.30325e-09	-0.00186982
2.30334e-09	-0.00182688
2.30343e-09	-0.00178401
2.30353e-09	-0.00174118
2.30362e-09	-0.00169842
2.30371e-09	-0.00165571
2.3038e-09	-0.00161306
2.3039e-09	-0.00157047
2.30399e-09	-0.00152793
2.30408e-09	-0.00148545
2.30417e-09	-0.00144303
2.30427e-09	-0.00140067
2.30436e-09	-0.00135836
2.30445e-09	-0.00131611
2.30454e-09	-0.00127391
2.30464e-09	-0.00123178
2.30473e-09	-0.0011897
2.30482e-09	-0.00114768
2.30491e-09	-0.00110571
2.30501e-09	-0.0010638
2.3051e-09	-0.00102195
2.30519e-09	-0.000980161
2.30528e-09	-0.000938425
2.30537e-09	-0.000896747
2.30547e-09	-0.000855125
2.30556e-09	-0.000813561
2.30565e-09	-0.000772054
2.30574e-09	-0.000730605
2.30584e-09	-0.000689212
2.30593e-09	-0.000647877
2.30602e-09	-0.000606599
2.30611e-09	-0.000565379
2.30621e-09	-0.000524215
2.3063e-09	-0.000483109
2.30639e-09	-0.00044206
2.30648e-09	-0.000401069
2.30658e-09	-0.000360134
2.30667e-09	-0.000319257
2.30676e-09	-0.000278438
2.30685e-09	-0.000237675
2.30695e-09	-0.00019697
2.30704e-09	-0.000156322
2.30713e-09	-0.000115732
2.30722e-09	-7.51983e-05
2.30732e-09	-3.47223e-05
2.30741e-09	5.6963e-06
2.3075e-09	4.60576e-05
2.30759e-09	8.63616e-05
2.30768e-09	0.000126608
2.30778e-09	0.000166798
2.30787e-09	0.00020693
2.30796e-09	0.000247005
2.30805e-09	0.000287022
2.30815e-09	0.000326982
2.30824e-09	0.000366885
2.30833e-09	0.00040673
2.30842e-09	0.000446518
2.30852e-09	0.000486249
2.30861e-09	0.000525923
2.3087e-09	0.000565539
2.30879e-09	0.000605097
2.30889e-09	0.000644599
2.30898e-09	0.000684043
2.30907e-09	0.00072343
2.30916e-09	0.000762759
2.30926e-09	0.000802031
2.30935e-09	0.000841246
2.30944e-09	0.000880403
2.30953e-09	0.000919503
2.30963e-09	0.000958546
2.30972e-09	0.000997532
2.30981e-09	0.00103646
2.3099e-09	0.00107533
2.30999e-09	0.00111414
2.31009e-09	0.0011529
2.31018e-09	0.0011916
2.31027e-09	0.00123024
2.31036e-09	0.00126882
2.31046e-09	0.00130735
2.31055e-09	0.00134582
2.31064e-09	0.00138423
2.31073e-09	0.00142259
2.31083e-09	0.00146088
2.31092e-09	0.00149912
2.31101e-09	0.00153731
2.3111e-09	0.00157543
2.3112e-09	0.0016135
2.31129e-09	0.00165151
2.31138e-09	0.00168947
2.31147e-09	0.00172736
2.31157e-09	0.0017652
2.31166e-09	0.00180298
2.31175e-09	0.00184071
2.31184e-09	0.00187837
2.31194e-09	0.00191598
2.31203e-09	0.00195354
2.31212e-09	0.00199103
2.31221e-09	0.00202847
2.3123e-09	0.00206585
2.3124e-09	0.00210317
2.31249e-09	0.00214044
2.31258e-09	0.00217765
2.31267e-09	0.0022148
2.31277e-09	0.00225189
2.31286e-09	0.00228893
2.31295e-09	0.00232591
2.31304e-09	0.00236283
2.31314e-09	0.0023997
2.31323e-09	0.0024365
2.31332e-09	0.00247326
2.31341e-09	0.00250995
2.31351e-09	0.00254659
2.3136e-09	0.00258316
2.31369e-09	0.00261969
2.31378e-09	0.00265615
2.31388e-09	0.00269256
2.31397e-09	0.00272891
2.31406e-09	0.0027652
2.31415e-09	0.00280144
2.31425e-09	0.00283762
2.31434e-09	0.00287374
2.31443e-09	0.0029098
2.31452e-09	0.00294581
2.31461e-09	0.00298176
2.31471e-09	0.00301765
2.3148e-09	0.00305349
2.31489e-09	0.00308927
2.31498e-09	0.00312499
2.31508e-09	0.00316065
2.31517e-09	0.00319626
2.31526e-09	0.00323181
2.31535e-09	0.0032673
2.31545e-09	0.00330274
2.31554e-09	0.00333812
2.31563e-09	0.00337344
2.31572e-09	0.0034087
2.31582e-09	0.00344391
2.31591e-09	0.00347906
2.316e-09	0.00351416
2.31609e-09	0.00354919
2.31619e-09	0.00358417
2.31628e-09	0.00361909
2.31637e-09	0.00365396
2.31646e-09	0.00368877
2.31656e-09	0.00372352
2.31665e-09	0.00375821
2.31674e-09	0.00379285
2.31683e-09	0.00382743
2.31693e-09	0.00386195
2.31702e-09	0.00389642
2.31711e-09	0.00393083
2.3172e-09	0.00396518
2.31729e-09	0.00399948
2.31739e-09	0.00403372
2.31748e-09	0.0040679
2.31757e-09	0.00410203
2.31766e-09	0.00413609
2.31776e-09	0.0041701
2.31785e-09	0.00420406
2.31794e-09	0.00423796
2.31803e-09	0.0042718
2.31813e-09	0.00430558
2.31822e-09	0.00433931
2.31831e-09	0.00437298
2.3184e-09	0.00440659
2.3185e-09	0.00444015
2.31859e-09	0.00447365
2.31868e-09	0.00450709
2.31877e-09	0.00454048
2.31887e-09	0.00457381
2.31896e-09	0.00460708
2.31905e-09	0.0046403
2.31914e-09	0.00467346
2.31924e-09	0.00470656
2.31933e-09	0.0047396
2.31942e-09	0.00477259
2.31951e-09	0.00480553
2.3196e-09	0.0048384
2.3197e-09	0.00487122
2.31979e-09	0.00490399
2.31988e-09	0.00493669
2.31997e-09	0.00496934
2.32007e-09	0.00500193
2.32016e-09	0.00503447
2.32025e-09	0.00506695
2.32034e-09	0.00509937
2.32044e-09	0.00513174
2.32053e-09	0.00516405
2.32062e-09	0.0051963
2.32071e-09	0.0052285
2.32081e-09	0.00526064
2.3209e-09	0.00529273
2.32099e-09	0.00532475
2.32108e-09	0.00535673
2.32118e-09	0.00538864
2.32127e-09	0.0054205
2.32136e-09	0.0054523
2.32145e-09	0.00548405
2.32155e-09	0.00551574
2.32164e-09	0.00554737
2.32173e-09	0.00557895
2.32182e-09	0.00561047
2.32191e-09	0.00564193
2.32201e-09	0.00567334
2.3221e-09	0.00570469
2.32219e-09	0.00573599
2.32228e-09	0.00576722
2.32238e-09	0.00579841
2.32247e-09	0.00582953
2.32256e-09	0.0058606
2.32265e-09	0.00589162
2.32275e-09	0.00592258
2.32284e-09	0.00595348
2.32293e-09	0.00598432
2.32302e-09	0.00601511
2.32312e-09	0.00604585
2.32321e-09	0.00607652
2.3233e-09	0.00610714
2.32339e-09	0.00613771
2.32349e-09	0.00616822
2.32358e-09	0.00619867
2.32367e-09	0.00622907
2.32376e-09	0.00625941
2.32386e-09	0.00628969
2.32395e-09	0.00631992
2.32404e-09	0.0063501
2.32413e-09	0.00638021
2.32422e-09	0.00641028
2.32432e-09	0.00644028
2.32441e-09	0.00647023
2.3245e-09	0.00650012
2.32459e-09	0.00652996
2.32469e-09	0.00655974
2.32478e-09	0.00658947
2.32487e-09	0.00661914
2.32496e-09	0.00664875
2.32506e-09	0.00667831
2.32515e-09	0.00670782
2.32524e-09	0.00673726
2.32533e-09	0.00676666
2.32543e-09	0.00679599
2.32552e-09	0.00682527
2.32561e-09	0.0068545
2.3257e-09	0.00688366
2.3258e-09	0.00691278
2.32589e-09	0.00694184
2.32598e-09	0.00697084
2.32607e-09	0.00699978
2.32617e-09	0.00702868
2.32626e-09	0.00705751
2.32635e-09	0.00708629
2.32644e-09	0.00711502
2.32654e-09	0.00714369
2.32663e-09	0.0071723
2.32672e-09	0.00720086
2.32681e-09	0.00722936
2.3269e-09	0.00725781
2.327e-09	0.0072862
2.32709e-09	0.00731454
2.32718e-09	0.00734282
2.32727e-09	0.00737104
2.32737e-09	0.00739921
2.32746e-09	0.00742733
2.32755e-09	0.00745539
2.32764e-09	0.0074834
2.32774e-09	0.00751135
2.32783e-09	0.00753924
2.32792e-09	0.00756708
2.32801e-09	0.00759486
2.32811e-09	0.00762259
2.3282e-09	0.00765027
2.32829e-09	0.00767789
2.32838e-09	0.00770545
2.32848e-09	0.00773296
2.32857e-09	0.00776041
2.32866e-09	0.00778781
2.32875e-09	0.00781516
2.32885e-09	0.00784245
2.32894e-09	0.00786968
2.32903e-09	0.00789686
2.32912e-09	0.00792398
2.32921e-09	0.00795105
2.32931e-09	0.00797807
2.3294e-09	0.00800503
2.32949e-09	0.00803193
2.32958e-09	0.00805878
2.32968e-09	0.00808558
2.32977e-09	0.00811232
2.32986e-09	0.00813901
2.32995e-09	0.00816564
2.33005e-09	0.00819222
2.33014e-09	0.00821874
2.33023e-09	0.00824521
2.33032e-09	0.00827162
2.33042e-09	0.00829798
2.33051e-09	0.00832428
2.3306e-09	0.00835053
2.33069e-09	0.00837673
2.33079e-09	0.00840287
2.33088e-09	0.00842895
2.33097e-09	0.00845498
2.33106e-09	0.00848096
2.33116e-09	0.00850688
2.33125e-09	0.00853275
2.33134e-09	0.00855856
2.33143e-09	0.00858433
2.33152e-09	0.00861003
2.33162e-09	0.00863568
2.33171e-09	0.00866128
2.3318e-09	0.00868682
2.33189e-09	0.00871231
2.33199e-09	0.00873774
2.33208e-09	0.00876312
2.33217e-09	0.00878845
2.33226e-09	0.00881372
2.33236e-09	0.00883894
2.33245e-09	0.0088641
2.33254e-09	0.00888921
2.33263e-09	0.00891427
2.33273e-09	0.00893927
2.33282e-09	0.00896422
2.33291e-09	0.00898911
2.333e-09	0.00901395
2.3331e-09	0.00903874
2.33319e-09	0.00906347
2.33328e-09	0.00908815
2.33337e-09	0.00911278
2.33347e-09	0.00913735
2.33356e-09	0.00916187
2.33365e-09	0.00918633
2.33374e-09	0.00921074
2.33383e-09	0.0092351
2.33393e-09	0.0092594
2.33402e-09	0.00928365
2.33411e-09	0.00930784
2.3342e-09	0.00933198
2.3343e-09	0.00935607
2.33439e-09	0.00938011
2.33448e-09	0.00940409
2.33457e-09	0.00942802
2.33467e-09	0.00945189
2.33476e-09	0.00947571
2.33485e-09	0.00949948
2.33494e-09	0.0095232
2.33504e-09	0.00954686
2.33513e-09	0.00957046
2.33522e-09	0.00959402
2.33531e-09	0.00961752
2.33541e-09	0.00964097
2.3355e-09	0.00966436
2.33559e-09	0.00968771
2.33568e-09	0.00971099
2.33578e-09	0.00973423
2.33587e-09	0.00975741
2.33596e-09	0.00978054
2.33605e-09	0.00980362
2.33615e-09	0.00982664
2.33624e-09	0.00984961
2.33633e-09	0.00987253
2.33642e-09	0.0098954
2.33651e-09	0.00991821
2.33661e-09	0.00994097
2.3367e-09	0.00996367
2.33679e-09	0.00998633
2.33688e-09	0.0100089
2.33698e-09	0.0100315
2.33707e-09	0.010054
2.33716e-09	0.0100764
2.33725e-09	0.0100988
2.33735e-09	0.0101211
2.33744e-09	0.0101434
2.33753e-09	0.0101657
2.33762e-09	0.0101878
2.33772e-09	0.01021
2.33781e-09	0.010232
2.3379e-09	0.0102541
2.33799e-09	0.010276
2.33809e-09	0.0102979
2.33818e-09	0.0103198
2.33827e-09	0.0103416
2.33836e-09	0.0103634
2.33846e-09	0.0103851
2.33855e-09	0.0104067
2.33864e-09	0.0104284
2.33873e-09	0.0104499
2.33882e-09	0.0104714
2.33892e-09	0.0104929
2.33901e-09	0.0105142
2.3391e-09	0.0105356
2.33919e-09	0.0105569
2.33929e-09	0.0105781
2.33938e-09	0.0105993
2.33947e-09	0.0106204
2.33956e-09	0.0106415
2.33966e-09	0.0106626
2.33975e-09	0.0106835
2.33984e-09	0.0107045
2.33993e-09	0.0107253
2.34003e-09	0.0107462
2.34012e-09	0.0107669
2.34021e-09	0.0107877
2.3403e-09	0.0108083
2.3404e-09	0.0108289
2.34049e-09	0.0108495
2.34058e-09	0.01087
2.34067e-09	0.0108905
2.34077e-09	0.0109109
2.34086e-09	0.0109313
2.34095e-09	0.0109516
2.34104e-09	0.0109718
2.34113e-09	0.010992
2.34123e-09	0.0110122
2.34132e-09	0.0110323
2.34141e-09	0.0110523
2.3415e-09	0.0110723
2.3416e-09	0.0110923
2.34169e-09	0.0111122
2.34178e-09	0.011132
2.34187e-09	0.0111518
2.34197e-09	0.0111716
2.34206e-09	0.0111913
2.34215e-09	0.0112109
2.34224e-09	0.0112305
2.34234e-09	0.01125
2.34243e-09	0.0112695
2.34252e-09	0.011289
2.34261e-09	0.0113084
2.34271e-09	0.0113277
2.3428e-09	0.011347
2.34289e-09	0.0113662
2.34298e-09	0.0113854
2.34308e-09	0.0114045
2.34317e-09	0.0114236
2.34326e-09	0.0114427
2.34335e-09	0.0114616
2.34344e-09	0.0114806
2.34354e-09	0.0114995
2.34363e-09	0.0115183
2.34372e-09	0.0115371
2.34381e-09	0.0115558
2.34391e-09	0.0115745
2.344e-09	0.0115931
2.34409e-09	0.0116117
2.34418e-09	0.0116302
2.34428e-09	0.0116487
2.34437e-09	0.0116671
2.34446e-09	0.0116855
2.34455e-09	0.0117038
2.34465e-09	0.0117221
2.34474e-09	0.0117403
2.34483e-09	0.0117585
2.34492e-09	0.0117766
2.34502e-09	0.0117947
2.34511e-09	0.0118127
2.3452e-09	0.0118307
2.34529e-09	0.0118486
2.34539e-09	0.0118665
2.34548e-09	0.0118844
2.34557e-09	0.0119021
2.34566e-09	0.0119199
2.34575e-09	0.0119375
2.34585e-09	0.0119552
2.34594e-09	0.0119727
2.34603e-09	0.0119903
2.34612e-09	0.0120078
2.34622e-09	0.0120252
2.34631e-09	0.0120426
2.3464e-09	0.0120599
2.34649e-09	0.0120772
2.34659e-09	0.0120944
2.34668e-09	0.0121116
2.34677e-09	0.0121287
2.34686e-09	0.0121458
2.34696e-09	0.0121629
2.34705e-09	0.0121798
2.34714e-09	0.0121968
2.34723e-09	0.0122137
2.34733e-09	0.0122305
2.34742e-09	0.0122473
2.34751e-09	0.012264
2.3476e-09	0.0122807
2.3477e-09	0.0122974
2.34779e-09	0.012314
2.34788e-09	0.0123305
2.34797e-09	0.012347
2.34807e-09	0.0123635
2.34816e-09	0.0123799
2.34825e-09	0.0123962
2.34834e-09	0.0124125
2.34843e-09	0.0124288
2.34853e-09	0.012445
2.34862e-09	0.0124611
2.34871e-09	0.0124772
2.3488e-09	0.0124933
2.3489e-09	0.0125093
2.34899e-09	0.0125253
2.34908e-09	0.0125412
2.34917e-09	0.012557
2.34927e-09	0.0125728
2.34936e-09	0.0125886
2.34945e-09	0.0126043
2.34954e-09	0.01262
2.34964e-09	0.0126356
2.34973e-09	0.0126512
2.34982e-09	0.0126667
2.34991e-09	0.0126822
2.35001e-09	0.0126976
2.3501e-09	0.012713
2.35019e-09	0.0127284
2.35028e-09	0.0127436
2.35038e-09	0.0127589
2.35047e-09	0.0127741
2.35056e-09	0.0127892
2.35065e-09	0.0128043
2.35074e-09	0.0128194
2.35084e-09	0.0128344
2.35093e-09	0.0128493
2.35102e-09	0.0128642
2.35111e-09	0.0128791
2.35121e-09	0.0128939
2.3513e-09	0.0129086
2.35139e-09	0.0129234
2.35148e-09	0.012938
2.35158e-09	0.0129526
2.35167e-09	0.0129672
2.35176e-09	0.0129817
2.35185e-09	0.0129962
2.35195e-09	0.0130106
2.35204e-09	0.013025
2.35213e-09	0.0130394
2.35222e-09	0.0130537
2.35232e-09	0.0130679
2.35241e-09	0.0130821
2.3525e-09	0.0130962
2.35259e-09	0.0131103
2.35269e-09	0.0131244
2.35278e-09	0.0131384
2.35287e-09	0.0131524
2.35296e-09	0.0131663
2.35305e-09	0.0131801
2.35315e-09	0.013194
2.35324e-09	0.0132077
2.35333e-09	0.0132214
2.35342e-09	0.0132351
2.35352e-09	0.0132488
2.35361e-09	0.0132623
2.3537e-09	0.0132759
2.35379e-09	0.0132894
2.35389e-09	0.0133028
2.35398e-09	0.0133162
2.35407e-09	0.0133296
2.35416e-09	0.0133429
2.35426e-09	0.0133561
2.35435e-09	0.0133694
2.35444e-09	0.0133825
2.35453e-09	0.0133957
2.35463e-09	0.0134087
2.35472e-09	0.0134218
2.35481e-09	0.0134347
2.3549e-09	0.0134477
2.355e-09	0.0134606
2.35509e-09	0.0134734
2.35518e-09	0.0134862
2.35527e-09	0.013499
2.35536e-09	0.0135117
2.35546e-09	0.0135243
2.35555e-09	0.013537
2.35564e-09	0.0135495
2.35573e-09	0.0135621
2.35583e-09	0.0135745
2.35592e-09	0.013587
2.35601e-09	0.0135994
2.3561e-09	0.0136117
2.3562e-09	0.013624
2.35629e-09	0.0136363
2.35638e-09	0.0136485
2.35647e-09	0.0136606
2.35657e-09	0.0136727
2.35666e-09	0.0136848
2.35675e-09	0.0136968
2.35684e-09	0.0137088
2.35694e-09	0.0137208
2.35703e-09	0.0137326
2.35712e-09	0.0137445
2.35721e-09	0.0137563
2.35731e-09	0.013768
2.3574e-09	0.0137798
2.35749e-09	0.0137914
2.35758e-09	0.013803
2.35768e-09	0.0138146
2.35777e-09	0.0138262
2.35786e-09	0.0138376
2.35795e-09	0.0138491
2.35804e-09	0.0138605
2.35814e-09	0.0138718
2.35823e-09	0.0138831
2.35832e-09	0.0138944
2.35841e-09	0.0139056
2.35851e-09	0.0139168
2.3586e-09	0.0139279
2.35869e-09	0.013939
2.35878e-09	0.0139501
2.35888e-09	0.0139611
2.35897e-09	0.013972
2.35906e-09	0.0139829
2.35915e-09	0.0139938
2.35925e-09	0.0140046
2.35934e-09	0.0140154
2.35943e-09	0.0140261
2.35952e-09	0.0140368
2.35962e-09	0.0140474
2.35971e-09	0.014058
2.3598e-09	0.0140686
2.35989e-09	0.0140791
2.35999e-09	0.0140896
2.36008e-09	0.0141
2.36017e-09	0.0141104
2.36026e-09	0.0141207
2.36035e-09	0.014131
2.36045e-09	0.0141413
2.36054e-09	0.0141515
2.36063e-09	0.0141617
2.36072e-09	0.0141718
2.36082e-09	0.0141818
2.36091e-09	0.0141919
2.361e-09	0.0142019
2.36109e-09	0.0142118
2.36119e-09	0.0142217
2.36128e-09	0.0142316
2.36137e-09	0.0142414
2.36146e-09	0.0142512
2.36156e-09	0.0142609
2.36165e-09	0.0142706
2.36174e-09	0.0142802
2.36183e-09	0.0142898
2.36193e-09	0.0142994
2.36202e-09	0.0143089
2.36211e-09	0.0143184
2.3622e-09	0.0143278
2.3623e-09	0.0143372
2.36239e-09	0.0143466
2.36248e-09	0.0143559
2.36257e-09	0.0143651
2.36266e-09	0.0143743
2.36276e-09	0.0143835
2.36285e-09	0.0143927
2.36294e-09	0.0144017
2.36303e-09	0.0144108
2.36313e-09	0.0144198
2.36322e-09	0.0144288
2.36331e-09	0.0144377
2.3634e-09	0.0144466
2.3635e-09	0.0144554
2.36359e-09	0.0144642
2.36368e-09	0.014473
2.36377e-09	0.0144817
2.36387e-09	0.0144903
2.36396e-09	0.014499
2.36405e-09	0.0145075
2.36414e-09	0.0145161
2.36424e-09	0.0145246
2.36433e-09	0.0145331
2.36442e-09	0.0145415
2.36451e-09	0.0145498
2.36461e-09	0.0145582
2.3647e-09	0.0145665
2.36479e-09	0.0145747
2.36488e-09	0.0145829
2.36497e-09	0.0145911
2.36507e-09	0.0145992
2.36516e-09	0.0146073
2.36525e-09	0.0146154
2.36534e-09	0.0146234
2.36544e-09	0.0146313
2.36553e-09	0.0146392
2.36562e-09	0.0146471
2.36571e-09	0.014655
2.36581e-09	0.0146628
2.3659e-09	0.0146705
2.36599e-09	0.0146782
2.36608e-09	0.0146859
2.36618e-09	0.0146935
2.36627e-09	0.0147011
2.36636e-09	0.0147087
2.36645e-09	0.0147162
2.36655e-09	0.0147237
2.36664e-09	0.0147311
2.36673e-09	0.0147385
2.36682e-09	0.0147458
2.36692e-09	0.0147531
2.36701e-09	0.0147604
2.3671e-09	0.0147676
2.36719e-09	0.0147748
2.36728e-09	0.014782
2.36738e-09	0.0147891
2.36747e-09	0.0147961
2.36756e-09	0.0148032
2.36765e-09	0.0148102
2.36775e-09	0.0148171
2.36784e-09	0.014824
2.36793e-09	0.0148309
2.36802e-09	0.0148377
2.36812e-09	0.0148445
2.36821e-09	0.0148512
2.3683e-09	0.0148579
2.36839e-09	0.0148646
2.36849e-09	0.0148712
2.36858e-09	0.0148778
2.36867e-09	0.0148843
2.36876e-09	0.0148909
2.36886e-09	0.0148973
2.36895e-09	0.0149037
2.36904e-09	0.0149101
2.36913e-09	0.0149165
2.36923e-09	0.0149228
2.36932e-09	0.0149291
2.36941e-09	0.0149353
2.3695e-09	0.0149415
2.3696e-09	0.0149476
2.36969e-09	0.0149537
2.36978e-09	0.0149598
2.36987e-09	0.0149658
2.36996e-09	0.0149718
2.37006e-09	0.0149778
2.37015e-09	0.0149837
2.37024e-09	0.0149896
2.37033e-09	0.0149954
2.37043e-09	0.0150012
2.37052e-09	0.015007
2.37061e-09	0.0150127
2.3707e-09	0.0150184
2.3708e-09	0.015024
2.37089e-09	0.0150297
2.37098e-09	0.0150352
2.37107e-09	0.0150407
2.37117e-09	0.0150462
2.37126e-09	0.0150517
2.37135e-09	0.0150571
2.37144e-09	0.0150625
2.37154e-09	0.0150678
2.37163e-09	0.0150731
2.37172e-09	0.0150784
2.37181e-09	0.0150836
2.37191e-09	0.0150888
2.372e-09	0.0150939
2.37209e-09	0.015099
2.37218e-09	0.0151041
2.37227e-09	0.0151091
2.37237e-09	0.0151141
2.37246e-09	0.0151191
2.37255e-09	0.015124
2.37264e-09	0.0151289
2.37274e-09	0.0151337
2.37283e-09	0.0151385
2.37292e-09	0.0151433
2.37301e-09	0.015148
2.37311e-09	0.0151527
2.3732e-09	0.0151574
2.37329e-09	0.015162
2.37338e-09	0.0151666
2.37348e-09	0.0151711
2.37357e-09	0.0151756
2.37366e-09	0.0151801
2.37375e-09	0.0151845
2.37385e-09	0.0151889
2.37394e-09	0.0151933
2.37403e-09	0.0151976
2.37412e-09	0.0152019
2.37422e-09	0.0152061
2.37431e-09	0.0152103
2.3744e-09	0.0152145
2.37449e-09	0.0152186
2.37458e-09	0.0152227
2.37468e-09	0.0152268
2.37477e-09	0.0152308
2.37486e-09	0.0152348
2.37495e-09	0.0152388
2.37505e-09	0.0152427
2.37514e-09	0.0152466
2.37523e-09	0.0152504
2.37532e-09	0.0152542
2.37542e-09	0.015258
2.37551e-09	0.0152617
2.3756e-09	0.0152654
2.37569e-09	0.0152691
2.37579e-09	0.0152727
2.37588e-09	0.0152763
2.37597e-09	0.0152798
2.37606e-09	0.0152833
2.37616e-09	0.0152868
2.37625e-09	0.0152903
2.37634e-09	0.0152937
2.37643e-09	0.015297
2.37653e-09	0.0153004
2.37662e-09	0.0153037
2.37671e-09	0.0153069
2.3768e-09	0.0153102
2.37689e-09	0.0153133
2.37699e-09	0.0153165
2.37708e-09	0.0153196
2.37717e-09	0.0153227
2.37726e-09	0.0153258
2.37736e-09	0.0153288
2.37745e-09	0.0153318
2.37754e-09	0.0153347
2.37763e-09	0.0153376
2.37773e-09	0.0153405
2.37782e-09	0.0153433
2.37791e-09	0.0153461
2.378e-09	0.0153489
2.3781e-09	0.0153516
2.37819e-09	0.0153543
2.37828e-09	0.015357
2.37837e-09	0.0153596
2.37847e-09	0.0153622
2.37856e-09	0.0153648
2.37865e-09	0.0153673
2.37874e-09	0.0153698
2.37884e-09	0.0153722
2.37893e-09	0.0153746
2.37902e-09	0.015377
2.37911e-09	0.0153794
2.37921e-09	0.0153817
2.3793e-09	0.015384
2.37939e-09	0.0153862
2.37948e-09	0.0153884
2.37957e-09	0.0153906
2.37967e-09	0.0153927
2.37976e-09	0.0153949
2.37985e-09	0.0153969
2.37994e-09	0.015399
2.38004e-09	0.015401
2.38013e-09	0.0154029
2.38022e-09	0.0154049
2.38031e-09	0.0154068
2.38041e-09	0.0154087
2.3805e-09	0.0154105
2.38059e-09	0.0154123
2.38068e-09	0.0154141
2.38078e-09	0.0154158
2.38087e-09	0.0154175
2.38096e-09	0.0154192
2.38105e-09	0.0154208
2.38115e-09	0.0154224
2.38124e-09	0.015424
2.38133e-09	0.0154255
2.38142e-09	0.015427
2.38152e-09	0.0154285
2.38161e-09	0.0154299
2.3817e-09	0.0154313
2.38179e-09	0.0154327
2.38188e-09	0.015434
2.38198e-09	0.0154353
2.38207e-09	0.0154366
2.38216e-09	0.0154378
2.38225e-09	0.015439
2.38235e-09	0.0154402
2.38244e-09	0.0154413
2.38253e-09	0.0154424
2.38262e-09	0.0154435
2.38272e-09	0.0154445
2.38281e-09	0.0154455
2.3829e-09	0.0154465
2.38299e-09	0.0154474
2.38309e-09	0.0154484
2.38318e-09	0.0154492
2.38327e-09	0.0154501
2.38336e-09	0.0154509
2.38346e-09	0.0154517
2.38355e-09	0.0154524
2.38364e-09	0.0154531
2.38373e-09	0.0154538
2.38383e-09	0.0154544
2.38392e-09	0.0154551
2.38401e-09	0.0154556
2.3841e-09	0.0154562
2.38419e-09	0.0154567
2.38429e-09	0.0154572
2.38438e-09	0.0154577
2.38447e-09	0.0154581
2.38456e-09	0.0154585
2.38466e-09	0.0154588
2.38475e-09	0.0154592
2.38484e-09	0.0154595
2.38493e-09	0.0154597
2.38503e-09	0.01546
2.38512e-09	0.0154602
2.38521e-09	0.0154603
2.3853e-09	0.0154605
2.3854e-09	0.0154606
2.38549e-09	0.0154606
2.38558e-09	0.0154607
2.38567e-09	0.0154607
2.38577e-09	0.0154607
2.38586e-09	0.0154606
2.38595e-09	0.0154606
2.38604e-09	0.0154604
2.38614e-09	0.0154603
2.38623e-09	0.0154601
2.38632e-09	0.0154599
2.38641e-09	0.0154597
2.3865e-09	0.0154594
2.3866e-09	0.0154591
2.38669e-09	0.0154588
2.38678e-09	0.0154584
2.38687e-09	0.0154581
2.38697e-09	0.0154576
2.38706e-09	0.0154572
2.38715e-09	0.0154567
2.38724e-09	0.0154562
2.38734e-09	0.0154557
2.38743e-09	0.0154551
2.38752e-09	0.0154545
2.38761e-09	0.0154538
2.38771e-09	0.0154532
2.3878e-09	0.0154525
2.38789e-09	0.0154518
2.38798e-09	0.015451
2.38808e-09	0.0154502
2.38817e-09	0.0154494
2.38826e-09	0.0154486
2.38835e-09	0.0154477
2.38845e-09	0.0154468
2.38854e-09	0.0154459
2.38863e-09	0.0154449
2.38872e-09	0.0154439
2.38881e-09	0.0154429
2.38891e-09	0.0154418
2.389e-09	0.0154407
2.38909e-09	0.0154396
2.38918e-09	0.0154385
2.38928e-09	0.0154373
2.38937e-09	0.0154361
2.38946e-09	0.0154349
2.38955e-09	0.0154336
2.38965e-09	0.0154323
2.38974e-09	0.015431
2.38983e-09	0.0154297
2.38992e-09	0.0154283
2.39002e-09	0.0154269
2.39011e-09	0.0154255
2.3902e-09	0.015424
2.39029e-09	0.0154225
2.39039e-09	0.015421
2.39048e-09	0.0154194
2.39057e-09	0.0154179
2.39066e-09	0.0154163
2.39076e-09	0.0154146
2.39085e-09	0.015413
2.39094e-09	0.0154113
2.39103e-09	0.0154095
2.39113e-09	0.0154078
2.39122e-09	0.015406
2.39131e-09	0.0154042
2.3914e-09	0.0154024
2.39149e-09	0.0154005
2.39159e-09	0.0153986
2.39168e-09	0.0153967
2.39177e-09	0.0153948
2.39186e-09	0.0153928
2.39196e-09	0.0153908
2.39205e-09	0.0153887
2.39214e-09	0.0153867
2.39223e-09	0.0153846
2.39233e-09	0.0153825
2.39242e-09	0.0153803
2.39251e-09	0.0153782
2.3926e-09	0.015376
2.3927e-09	0.0153737
2.39279e-09	0.0153715
2.39288e-09	0.0153692
2.39297e-09	0.0153669
2.39307e-09	0.0153645
2.39316e-09	0.0153622
2.39325e-09	0.0153598
2.39334e-09	0.0153574
2.39344e-09	0.0153549
2.39353e-09	0.0153524
2.39362e-09	0.0153499
2.39371e-09	0.0153474
2.3938e-09	0.0153448
2.3939e-09	0.0153423
2.39399e-09	0.0153396
2.39408e-09	0.015337
2.39417e-09	0.0153343
2.39427e-09	0.0153317
2.39436e-09	0.0153289
2.39445e-09	0.0153262
2.39454e-09	0.0153234
2.39464e-09	0.0153206
2.39473e-09	0.0153178
2.39482e-09	0.0153149
2.39491e-09	0.0153121
2.39501e-09	0.0153091
2.3951e-09	0.0153062
2.39519e-09	0.0153033
2.39528e-09	0.0153003
2.39538e-09	0.0152973
2.39547e-09	0.0152942
2.39556e-09	0.0152911
2.39565e-09	0.0152881
2.39575e-09	0.0152849
2.39584e-09	0.0152818
2.39593e-09	0.0152786
2.39602e-09	0.0152754
2.39611e-09	0.0152722
2.39621e-09	0.015269
2.3963e-09	0.0152657
2.39639e-09	0.0152624
2.39648e-09	0.0152591
2.39658e-09	0.0152557
2.39667e-09	0.0152523
2.39676e-09	0.0152489
2.39685e-09	0.0152455
2.39695e-09	0.015242
2.39704e-09	0.0152386
2.39713e-09	0.0152351
2.39722e-09	0.0152315
2.39732e-09	0.015228
2.39741e-09	0.0152244
2.3975e-09	0.0152208
2.39759e-09	0.0152171
2.39769e-09	0.0152135
2.39778e-09	0.0152098
2.39787e-09	0.0152061
2.39796e-09	0.0152024
2.39806e-09	0.0151986
2.39815e-09	0.0151948
2.39824e-09	0.015191
2.39833e-09	0.0151872
2.39842e-09	0.0151833
2.39852e-09	0.0151794
2.39861e-09	0.0151755
2.3987e-09	0.0151716
2.39879e-09	0.0151676
2.39889e-09	0.0151636
2.39898e-09	0.0151596
2.39907e-09	0.0151556
2.39916e-09	0.0151515
2.39926e-09	0.0151475
2.39935e-09	0.0151434
2.39944e-09	0.0151392
2.39953e-09	0.0151351
2.39963e-09	0.0151309
2.39972e-09	0.0151267
2.39981e-09	0.0151225
2.3999e-09	0.0151182
2.4e-09	0.0151139
2.40009e-09	0.0151096
2.40018e-09	0.0151053
2.40027e-09	0.015101
2.40037e-09	0.0150966
2.40046e-09	0.0150922
2.40055e-09	0.0150878
2.40064e-09	0.0150833
2.40074e-09	0.0150789
2.40083e-09	0.0150744
2.40092e-09	0.0150699
2.40101e-09	0.0150653
2.4011e-09	0.0150608
2.4012e-09	0.0150562
2.40129e-09	0.0150516
2.40138e-09	0.015047
2.40147e-09	0.0150423
2.40157e-09	0.0150376
2.40166e-09	0.0150329
2.40175e-09	0.0150282
2.40184e-09	0.0150234
2.40194e-09	0.0150187
2.40203e-09	0.0150139
2.40212e-09	0.0150091
2.40221e-09	0.0150042
2.40231e-09	0.0149994
2.4024e-09	0.0149945
2.40249e-09	0.0149896
2.40258e-09	0.0149846
2.40268e-09	0.0149797
2.40277e-09	0.0149747
2.40286e-09	0.0149697
2.40295e-09	0.0149647
2.40305e-09	0.0149596
2.40314e-09	0.0149546
2.40323e-09	0.0149495
2.40332e-09	0.0149444
2.40341e-09	0.0149392
2.40351e-09	0.0149341
2.4036e-09	0.0149289
2.40369e-09	0.0149237
2.40378e-09	0.0149184
2.40388e-09	0.0149132
2.40397e-09	0.0149079
2.40406e-09	0.0149026
2.40415e-09	0.0148973
2.40425e-09	0.014892
2.40434e-09	0.0148866
2.40443e-09	0.0148812
2.40452e-09	0.0148758
2.40462e-09	0.0148704
2.40471e-09	0.014865
2.4048e-09	0.0148595
2.40489e-09	0.014854
2.40499e-09	0.0148485
2.40508e-09	0.014843
2.40517e-09	0.0148374
2.40526e-09	0.0148318
2.40536e-09	0.0148262
2.40545e-09	0.0148206
2.40554e-09	0.014815
2.40563e-09	0.0148093
2.40572e-09	0.0148036
2.40582e-09	0.0147979
2.40591e-09	0.0147922
2.406e-09	0.0147865
2.40609e-09	0.0147807
2.40619e-09	0.0147749
2.40628e-09	0.0147691
2.40637e-09	0.0147633
2.40646e-09	0.0147574
2.40656e-09	0.0147515
2.40665e-09	0.0147456
2.40674e-09	0.0147397
2.40683e-09	0.0147338
2.40693e-09	0.0147278
2.40702e-09	0.0147219
2.40711e-09	0.0147159
2.4072e-09	0.0147098
2.4073e-09	0.0147038
2.40739e-09	0.0146977
2.40748e-09	0.0146917
2.40757e-09	0.0146856
2.40767e-09	0.0146794
2.40776e-09	0.0146733
2.40785e-09	0.0146671
2.40794e-09	0.014661
2.40803e-09	0.0146548
2.40813e-09	0.0146485
2.40822e-09	0.0146423
2.40831e-09	0.014636
2.4084e-09	0.0146297
2.4085e-09	0.0146234
2.40859e-09	0.0146171
2.40868e-09	0.0146108
2.40877e-09	0.0146044
2.40887e-09	0.014598
2.40896e-09	0.0145916
2.40905e-09	0.0145852
2.40914e-09	0.0145788
2.40924e-09	0.0145723
2.40933e-09	0.0145658
2.40942e-09	0.0145593
2.40951e-09	0.0145528
2.40961e-09	0.0145463
2.4097e-09	0.0145397
2.40979e-09	0.0145331
2.40988e-09	0.0145265
2.40998e-09	0.0145199
2.41007e-09	0.0145133
2.41016e-09	0.0145066
2.41025e-09	0.0144999
2.41035e-09	0.0144932
2.41044e-09	0.0144865
2.41053e-09	0.0144798
2.41062e-09	0.014473
2.41071e-09	0.0144663
2.41081e-09	0.0144595
2.4109e-09	0.0144527
2.41099e-09	0.0144459
2.41108e-09	0.014439
2.41118e-09	0.0144321
2.41127e-09	0.0144253
2.41136e-09	0.0144184
2.41145e-09	0.0144114
2.41155e-09	0.0144045
2.41164e-09	0.0143975
2.41173e-09	0.0143906
2.41182e-09	0.0143836
2.41192e-09	0.0143766
2.41201e-09	0.0143695
2.4121e-09	0.0143625
2.41219e-09	0.0143554
2.41229e-09	0.0143483
2.41238e-09	0.0143412
2.41247e-09	0.0143341
2.41256e-09	0.014327
2.41266e-09	0.0143198
2.41275e-09	0.0143126
2.41284e-09	0.0143054
2.41293e-09	0.0142982
2.41302e-09	0.014291
2.41312e-09	0.0142837
2.41321e-09	0.0142765
2.4133e-09	0.0142692
2.41339e-09	0.0142619
2.41349e-09	0.0142546
2.41358e-09	0.0142472
2.41367e-09	0.0142399
2.41376e-09	0.0142325
2.41386e-09	0.0142251
2.41395e-09	0.0142177
2.41404e-09	0.0142103
2.41413e-09	0.0142028
2.41423e-09	0.0141954
2.41432e-09	0.0141879
2.41441e-09	0.0141804
2.4145e-09	0.0141729
2.4146e-09	0.0141654
2.41469e-09	0.0141578
2.41478e-09	0.0141502
2.41487e-09	0.0141427
2.41497e-09	0.0141351
2.41506e-09	0.0141275
2.41515e-09	0.0141198
2.41524e-09	0.0141122
2.41533e-09	0.0141045
2.41543e-09	0.0140968
2.41552e-09	0.0140891
2.41561e-09	0.0140814
2.4157e-09	0.0140737
2.4158e-09	0.0140659
2.41589e-09	0.0140582
2.41598e-09	0.0140504
2.41607e-09	0.0140426
2.41617e-09	0.0140348
2.41626e-09	0.014027
2.41635e-09	0.0140191
2.41644e-09	0.0140112
2.41654e-09	0.0140034
2.41663e-09	0.0139955
2.41672e-09	0.0139876
2.41681e-09	0.0139796
2.41691e-09	0.0139717
2.417e-09	0.0139637
2.41709e-09	0.0139557
2.41718e-09	0.0139478
2.41728e-09	0.0139397
2.41737e-09	0.0139317
2.41746e-09	0.0139237
2.41755e-09	0.0139156
2.41764e-09	0.0139075
2.41774e-09	0.0138995
2.41783e-09	0.0138914
2.41792e-09	0.0138832
2.41801e-09	0.0138751
2.41811e-09	0.013867
2.4182e-09	0.0138588
2.41829e-09	0.0138506
2.41838e-09	0.0138424
2.41848e-09	0.0138342
2.41857e-09	0.013826
2.41866e-09	0.0138177
2.41875e-09	0.0138095
2.41885e-09	0.0138012
2.41894e-09	0.0137929
2.41903e-09	0.0137846
2.41912e-09	0.0137763
2.41922e-09	0.0137679
2.41931e-09	0.0137596
2.4194e-09	0.0137512
2.41949e-09	0.0137429
2.41959e-09	0.0137345
2.41968e-09	0.0137261
2.41977e-09	0.0137176
2.41986e-09	0.0137092
2.41995e-09	0.0137007
2.42005e-09	0.0136923
2.42014e-09	0.0136838
2.42023e-09	0.0136753
2.42032e-09	0.0136668
2.42042e-09	0.0136582
2.42051e-09	0.0136497
2.4206e-09	0.0136411
2.42069e-09	0.0136326
2.42079e-09	0.013624
2.42088e-09	0.0136154
2.42097e-09	0.0136068
2.42106e-09	0.0135982
2.42116e-09	0.0135895
2.42125e-09	0.0135809
2.42134e-09	0.0135722
2.42143e-09	0.0135635
2.42153e-09	0.0135548
2.42162e-09	0.0135461
2.42171e-09	0.0135374
2.4218e-09	0.0135286
2.4219e-09	0.0135199
2.42199e-09	0.0135111
2.42208e-09	0.0135023
2.42217e-09	0.0134935
2.42227e-09	0.0134847
2.42236e-09	0.0134759
2.42245e-09	0.013467
2.42254e-09	0.0134582
2.42263e-09	0.0134493
2.42273e-09	0.0134405
2.42282e-09	0.0134316
2.42291e-09	0.0134227
2.423e-09	0.0134137
2.4231e-09	0.0134048
2.42319e-09	0.0133959
2.42328e-09	0.0133869
2.42337e-09	0.0133779
2.42347e-09	0.0133689
2.42356e-09	0.0133599
2.42365e-09	0.0133509
2.42374e-09	0.0133419
2.42384e-09	0.0133329
2.42393e-09	0.0133238
2.42402e-09	0.0133148
2.42411e-09	0.0133057
2.42421e-09	0.0132966
2.4243e-09	0.0132875
2.42439e-09	0.0132784
2.42448e-09	0.0132692
2.42458e-09	0.0132601
2.42467e-09	0.0132509
2.42476e-09	0.0132418
2.42485e-09	0.0132326
2.42494e-09	0.0132234
2.42504e-09	0.0132142
2.42513e-09	0.013205
2.42522e-09	0.0131958
2.42531e-09	0.0131865
2.42541e-09	0.0131773
2.4255e-09	0.013168
2.42559e-09	0.0131587
2.42568e-09	0.0131494
2.42578e-09	0.0131401
2.42587e-09	0.0131308
2.42596e-09	0.0131215
2.42605e-09	0.0131121
2.42615e-09	0.0131028
2.42624e-09	0.0130934
2.42633e-09	0.013084
2.42642e-09	0.0130747
2.42652e-09	0.0130653
2.42661e-09	0.0130558
2.4267e-09	0.0130464
2.42679e-09	0.013037
2.42689e-09	0.0130275
2.42698e-09	0.0130181
2.42707e-09	0.0130086
2.42716e-09	0.0129991
2.42725e-09	0.0129896
2.42735e-09	0.0129801
2.42744e-09	0.0129706
2.42753e-09	0.0129611
2.42762e-09	0.0129515
2.42772e-09	0.012942
2.42781e-09	0.0129324
2.4279e-09	0.0129228
2.42799e-09	0.0129133
2.42809e-09	0.0129037
2.42818e-09	0.0128941
2.42827e-09	0.0128844
2.42836e-09	0.0128748
2.42846e-09	0.0128652
2.42855e-09	0.0128555
2.42864e-09	0.0128458
2.42873e-09	0.0128362
2.42883e-09	0.0128265
2.42892e-09	0.0128168
2.42901e-09	0.0128071
2.4291e-09	0.0127974
2.4292e-09	0.0127876
2.42929e-09	0.0127779
2.42938e-09	0.0127681
2.42947e-09	0.0127584
2.42956e-09	0.0127486
2.42966e-09	0.0127388
2.42975e-09	0.012729
2.42984e-09	0.0127192
2.42993e-09	0.0127094
2.43003e-09	0.0126996
2.43012e-09	0.0126897
2.43021e-09	0.0126799
2.4303e-09	0.01267
2.4304e-09	0.0126602
2.43049e-09	0.0126503
2.43058e-09	0.0126404
2.43067e-09	0.0126305
2.43077e-09	0.0126206
2.43086e-09	0.0126107
2.43095e-09	0.0126007
2.43104e-09	0.0125908
2.43114e-09	0.0125808
2.43123e-09	0.0125709
2.43132e-09	0.0125609
2.43141e-09	0.0125509
2.43151e-09	0.0125409
2.4316e-09	0.0125309
2.43169e-09	0.0125209
2.43178e-09	0.0125109
2.43188e-09	0.0125009
2.43197e-09	0.0124908
2.43206e-09	0.0124808
2.43215e-09	0.0124707
2.43224e-09	0.0124607
2.43234e-09	0.0124506
2.43243e-09	0.0124405
2.43252e-09	0.0124304
2.43261e-09	0.0124203
2.43271e-09	0.0124102
2.4328e-09	0.0124001
2.43289e-09	0.0123899
2.43298e-09	0.0123798
2.43308e-09	0.0123696
2.43317e-09	0.0123595
2.43326e-09	0.0123493
2.43335e-09	0.0123391
2.43345e-09	0.0123289
2.43354e-09	0.0123187
2.43363e-09	0.0123085
2.43372e-09	0.0122983
2.43382e-09	0.0122881
2.43391e-09	0.0122778
2.434e-09	0.0122676
2.43409e-09	0.0122573
2.43419e-09	0.0122471
2.43428e-09	0.0122368
2.43437e-09	0.0122265
2.43446e-09	0.0122162
2.43455e-09	0.012206
2.43465e-09	0.0121956
2.43474e-09	0.0121853
2.43483e-09	0.012175
2.43492e-09	0.0121647
2.43502e-09	0.0121543
2.43511e-09	0.012144
2.4352e-09	0.0121336
2.43529e-09	0.0121233
2.43539e-09	0.0121129
2.43548e-09	0.0121025
2.43557e-09	0.0120921
2.43566e-09	0.0120817
2.43576e-09	0.0120713
2.43585e-09	0.0120609
2.43594e-09	0.0120505
2.43603e-09	0.01204
2.43613e-09	0.0120296
2.43622e-09	0.0120192
2.43631e-09	0.0120087
2.4364e-09	0.0119982
2.4365e-09	0.0119878
2.43659e-09	0.0119773
2.43668e-09	0.0119668
2.43677e-09	0.0119563
2.43686e-09	0.0119458
2.43696e-09	0.0119353
2.43705e-09	0.0119248
2.43714e-09	0.0119142
2.43723e-09	0.0119037
2.43733e-09	0.0118932
2.43742e-09	0.0118826
2.43751e-09	0.0118721
2.4376e-09	0.0118615
2.4377e-09	0.0118509
2.43779e-09	0.0118403
2.43788e-09	0.0118298
2.43797e-09	0.0118192
2.43807e-09	0.0118086
2.43816e-09	0.011798
2.43825e-09	0.0117873
2.43834e-09	0.0117767
2.43844e-09	0.0117661
2.43853e-09	0.0117554
2.43862e-09	0.0117448
2.43871e-09	0.0117341
2.43881e-09	0.0117235
2.4389e-09	0.0117128
2.43899e-09	0.0117021
2.43908e-09	0.0116915
2.43917e-09	0.0116808
2.43927e-09	0.0116701
2.43936e-09	0.0116594
2.43945e-09	0.0116487
2.43954e-09	0.0116379
2.43964e-09	0.0116272
2.43973e-09	0.0116165
2.43982e-09	0.0116058
2.43991e-09	0.011595
2.44001e-09	0.0115843
2.4401e-09	0.0115735
2.44019e-09	0.0115627
2.44028e-09	0.011552
2.44038e-09	0.0115412
2.44047e-09	0.0115304
2.44056e-09	0.0115196
2.44065e-09	0.0115088
2.44075e-09	0.011498
2.44084e-09	0.0114872
2.44093e-09	0.0114764
2.44102e-09	0.0114656
2.44112e-09	0.0114548
2.44121e-09	0.0114439
2.4413e-09	0.0114331
2.44139e-09	0.0114222
2.44148e-09	0.0114114
2.44158e-09	0.0114005
2.44167e-09	0.0113897
2.44176e-09	0.0113788
2.44185e-09	0.0113679
2.44195e-09	0.011357
2.44204e-09	0.0113462
2.44213e-09	0.0113353
2.44222e-09	0.0113244
2.44232e-09	0.0113135
2.44241e-09	0.0113025
2.4425e-09	0.0112916
2.44259e-09	0.0112807
2.44269e-09	0.0112698
2.44278e-09	0.0112588
2.44287e-09	0.0112479
2.44296e-09	0.011237
2.44306e-09	0.011226
2.44315e-09	0.011215
2.44324e-09	0.0112041
2.44333e-09	0.0111931
2.44343e-09	0.0111821
2.44352e-09	0.0111712
2.44361e-09	0.0111602
2.4437e-09	0.0111492
2.4438e-09	0.0111382
2.44389e-09	0.0111272
2.44398e-09	0.0111162
2.44407e-09	0.0111052
2.44416e-09	0.0110942
2.44426e-09	0.0110831
2.44435e-09	0.0110721
2.44444e-09	0.0110611
2.44453e-09	0.01105
2.44463e-09	0.011039
2.44472e-09	0.011028
2.44481e-09	0.0110169
2.4449e-09	0.0110058
2.445e-09	0.0109948
2.44509e-09	0.0109837
2.44518e-09	0.0109726
2.44527e-09	0.0109616
2.44537e-09	0.0109505
2.44546e-09	0.0109394
2.44555e-09	0.0109283
2.44564e-09	0.0109172
2.44574e-09	0.0109061
2.44583e-09	0.010895
2.44592e-09	0.0108839
2.44601e-09	0.0108728
2.44611e-09	0.0108617
2.4462e-09	0.0108505
2.44629e-09	0.0108394
2.44638e-09	0.0108283
2.44647e-09	0.0108171
2.44657e-09	0.010806
2.44666e-09	0.0107949
2.44675e-09	0.0107837
2.44684e-09	0.0107726
2.44694e-09	0.0107614
2.44703e-09	0.0107502
2.44712e-09	0.0107391
2.44721e-09	0.0107279
2.44731e-09	0.0107167
2.4474e-09	0.0107056
2.44749e-09	0.0106944
2.44758e-09	0.0106832
2.44768e-09	0.010672
2.44777e-09	0.0106608
2.44786e-09	0.0106496
2.44795e-09	0.0106384
2.44805e-09	0.0106272
2.44814e-09	0.010616
2.44823e-09	0.0106048
2.44832e-09	0.0105935
2.44842e-09	0.0105823
2.44851e-09	0.0105711
2.4486e-09	0.0105599
2.44869e-09	0.0105486
2.44878e-09	0.0105374
2.44888e-09	0.0105262
2.44897e-09	0.0105149
2.44906e-09	0.0105037
2.44915e-09	0.0104924
2.44925e-09	0.0104812
2.44934e-09	0.0104699
2.44943e-09	0.0104586
2.44952e-09	0.0104474
2.44962e-09	0.0104361
2.44971e-09	0.0104248
2.4498e-09	0.0104136
2.44989e-09	0.0104023
2.44999e-09	0.010391
2.45008e-09	0.0103797
2.45017e-09	0.0103684
2.45026e-09	0.0103571
2.45036e-09	0.0103458
2.45045e-09	0.0103345
2.45054e-09	0.0103232
2.45063e-09	0.0103119
2.45073e-09	0.0103006
2.45082e-09	0.0102893
2.45091e-09	0.010278
2.451e-09	0.0102667
2.45109e-09	0.0102554
2.45119e-09	0.0102441
2.45128e-09	0.0102327
2.45137e-09	0.0102214
2.45146e-09	0.0102101
2.45156e-09	0.0101987
2.45165e-09	0.0101874
2.45174e-09	0.0101761
2.45183e-09	0.0101647
2.45193e-09	0.0101534
2.45202e-09	0.010142
2.45211e-09	0.0101307
2.4522e-09	0.0101193
2.4523e-09	0.010108
2.45239e-09	0.0100966
2.45248e-09	0.0100853
2.45257e-09	0.0100739
2.45267e-09	0.0100625
2.45276e-09	0.0100512
2.45285e-09	0.0100398
2.45294e-09	0.0100284
2.45304e-09	0.0100171
2.45313e-09	0.0100057
2.45322e-09	0.00999431
2.45331e-09	0.00998293
2.45341e-09	0.00997154
2.4535e-09	0.00996016
2.45359e-09	0.00994877
2.45368e-09	0.00993738
2.45377e-09	0.00992599
2.45387e-09	0.0099146
2.45396e-09	0.0099032
2.45405e-09	0.00989181
2.45414e-09	0.00988041
2.45424e-09	0.00986901
2.45433e-09	0.0098576
2.45442e-09	0.0098462
2.45451e-09	0.00983479
2.45461e-09	0.00982338
2.4547e-09	0.00981197
2.45479e-09	0.00980056
2.45488e-09	0.00978915
2.45498e-09	0.00977773
2.45507e-09	0.00976632
2.45516e-09	0.0097549
2.45525e-09	0.00974348
2.45535e-09	0.00973205
2.45544e-09	0.00972063
2.45553e-09	0.0097092
2.45562e-09	0.00969778
2.45572e-09	0.00968635
2.45581e-09	0.00967492
2.4559e-09	0.00966349
2.45599e-09	0.00965205
2.45608e-09	0.00964062
2.45618e-09	0.00962918
2.45627e-09	0.00961775
2.45636e-09	0.00960631
2.45645e-09	0.00959487
2.45655e-09	0.00958343
2.45664e-09	0.00957199
2.45673e-09	0.00956054
2.45682e-09	0.0095491
2.45692e-09	0.00953765
2.45701e-09	0.0095262
2.4571e-09	0.00951476
2.45719e-09	0.00950331
2.45729e-09	0.00949186
2.45738e-09	0.00948041
2.45747e-09	0.00946895
2.45756e-09	0.0094575
2.45766e-09	0.00944605
2.45775e-09	0.00943459
2.45784e-09	0.00942313
2.45793e-09	0.00941168
2.45803e-09	0.00940022
2.45812e-09	0.00938876
2.45821e-09	0.0093773
2.4583e-09	0.00936584
2.45839e-09	0.00935438
2.45849e-09	0.00934292
2.45858e-09	0.00933146
2.45867e-09	0.00931999
2.45876e-09	0.00930853
2.45886e-09	0.00929707
2.45895e-09	0.0092856
2.45904e-09	0.00927414
2.45913e-09	0.00926267
2.45923e-09	0.0092512
2.45932e-09	0.00923974
2.45941e-09	0.00922827
2.4595e-09	0.0092168
2.4596e-09	0.00920533
2.45969e-09	0.00919387
2.45978e-09	0.0091824
2.45987e-09	0.00917093
2.45997e-09	0.00915946
2.46006e-09	0.00914799
2.46015e-09	0.00913652
2.46024e-09	0.00912505
2.46034e-09	0.00911358
2.46043e-09	0.00910211
2.46052e-09	0.00909064
2.46061e-09	0.00907916
2.4607e-09	0.00906769
2.4608e-09	0.00905622
2.46089e-09	0.00904475
2.46098e-09	0.00903328
2.46107e-09	0.00902181
2.46117e-09	0.00901034
2.46126e-09	0.00899887
2.46135e-09	0.00898739
2.46144e-09	0.00897592
2.46154e-09	0.00896445
2.46163e-09	0.00895298
2.46172e-09	0.00894151
2.46181e-09	0.00893004
2.46191e-09	0.00891857
2.462e-09	0.0089071
2.46209e-09	0.00889563
2.46218e-09	0.00888416
2.46228e-09	0.00887269
2.46237e-09	0.00886122
2.46246e-09	0.00884975
2.46255e-09	0.00883829
2.46265e-09	0.00882682
2.46274e-09	0.00881535
2.46283e-09	0.00880388
2.46292e-09	0.00879242
2.46301e-09	0.00878095
2.46311e-09	0.00876949
2.4632e-09	0.00875802
2.46329e-09	0.00874656
2.46338e-09	0.0087351
2.46348e-09	0.00872363
2.46357e-09	0.00871217
2.46366e-09	0.00870071
2.46375e-09	0.00868925
2.46385e-09	0.00867779
2.46394e-09	0.00866633
2.46403e-09	0.00865487
2.46412e-09	0.00864341
2.46422e-09	0.00863195
2.46431e-09	0.0086205
2.4644e-09	0.00860904
2.46449e-09	0.00859759
2.46459e-09	0.00858614
2.46468e-09	0.00857468
2.46477e-09	0.00856323
2.46486e-09	0.00855178
2.46496e-09	0.00854033
2.46505e-09	0.00852888
2.46514e-09	0.00851743
2.46523e-09	0.00850599
2.46533e-09	0.00849454
2.46542e-09	0.0084831
2.46551e-09	0.00847166
2.4656e-09	0.00846021
2.46569e-09	0.00844877
2.46579e-09	0.00843733
2.46588e-09	0.0084259
2.46597e-09	0.00841446
2.46606e-09	0.00840302
2.46616e-09	0.00839159
2.46625e-09	0.00838016
2.46634e-09	0.00836872
2.46643e-09	0.00835729
2.46653e-09	0.00834586
2.46662e-09	0.00833444
2.46671e-09	0.00832301
2.4668e-09	0.00831159
2.4669e-09	0.00830016
2.46699e-09	0.00828874
2.46708e-09	0.00827732
2.46717e-09	0.0082659
2.46727e-09	0.00825448
2.46736e-09	0.00824307
2.46745e-09	0.00823166
2.46754e-09	0.00822024
2.46764e-09	0.00820883
2.46773e-09	0.00819742
2.46782e-09	0.00818602
2.46791e-09	0.00817461
2.468e-09	0.00816321
2.4681e-09	0.00815181
2.46819e-09	0.00814041
2.46828e-09	0.00812901
2.46837e-09	0.00811761
2.46847e-09	0.00810622
2.46856e-09	0.00809482
2.46865e-09	0.00808343
2.46874e-09	0.00807204
2.46884e-09	0.00806066
2.46893e-09	0.00804927
2.46902e-09	0.00803789
2.46911e-09	0.00802651
2.46921e-09	0.00801513
2.4693e-09	0.00800375
2.46939e-09	0.00799238
2.46948e-09	0.00798101
2.46958e-09	0.00796964
2.46967e-09	0.00795827
2.46976e-09	0.0079469
2.46985e-09	0.00793554
2.46995e-09	0.00792417
2.47004e-09	0.00791282
2.47013e-09	0.00790146
2.47022e-09	0.0078901
2.47031e-09	0.00787875
2.47041e-09	0.0078674
2.4705e-09	0.00785605
2.47059e-09	0.00784471
2.47068e-09	0.00783336
2.47078e-09	0.00782202
2.47087e-09	0.00781068
2.47096e-09	0.00779935
2.47105e-09	0.00778801
2.47115e-09	0.00777668
2.47124e-09	0.00776535
2.47133e-09	0.00775403
2.47142e-09	0.0077427
2.47152e-09	0.00773138
2.47161e-09	0.00772006
2.4717e-09	0.00770875
2.47179e-09	0.00769743
2.47189e-09	0.00768612
2.47198e-09	0.00767482
2.47207e-09	0.00766351
2.47216e-09	0.00765221
2.47226e-09	0.00764091
2.47235e-09	0.00762961
2.47244e-09	0.00761832
2.47253e-09	0.00760702
2.47262e-09	0.00759574
2.47272e-09	0.00758445
2.47281e-09	0.00757317
2.4729e-09	0.00756189
2.47299e-09	0.00755061
2.47309e-09	0.00753933
2.47318e-09	0.00752806
2.47327e-09	0.00751679
2.47336e-09	0.00750553
2.47346e-09	0.00749427
2.47355e-09	0.00748301
2.47364e-09	0.00747175
2.47373e-09	0.0074605
2.47383e-09	0.00744925
2.47392e-09	0.007438
2.47401e-09	0.00742675
2.4741e-09	0.00741551
2.4742e-09	0.00740427
2.47429e-09	0.00739304
2.47438e-09	0.00738181
2.47447e-09	0.00737058
2.47457e-09	0.00735935
2.47466e-09	0.00734813
2.47475e-09	0.00733691
2.47484e-09	0.0073257
2.47494e-09	0.00731449
2.47503e-09	0.00730328
2.47512e-09	0.00729207
2.47521e-09	0.00728087
2.4753e-09	0.00726967
2.4754e-09	0.00725847
2.47549e-09	0.00724728
2.47558e-09	0.00723609
2.47567e-09	0.00722491
2.47577e-09	0.00721373
2.47586e-09	0.00720255
2.47595e-09	0.00719137
2.47604e-09	0.0071802
2.47614e-09	0.00716903
2.47623e-09	0.00715787
2.47632e-09	0.00714671
2.47641e-09	0.00713555
2.47651e-09	0.0071244
2.4766e-09	0.00711325
2.47669e-09	0.0071021
2.47678e-09	0.00709096
2.47688e-09	0.00707982
2.47697e-09	0.00706869
2.47706e-09	0.00705756
2.47715e-09	0.00704643
2.47725e-09	0.00703531
2.47734e-09	0.00702419
2.47743e-09	0.00701307
2.47752e-09	0.00700196
2.47761e-09	0.00699085
2.47771e-09	0.00697974
2.4778e-09	0.00696864
2.47789e-09	0.00695755
2.47798e-09	0.00694645
2.47808e-09	0.00693536
2.47817e-09	0.00692428
2.47826e-09	0.0069132
2.47835e-09	0.00690212
2.47845e-09	0.00689105
2.47854e-09	0.00687998
2.47863e-09	0.00686891
2.47872e-09	0.00685785
2.47882e-09	0.00684679
2.47891e-09	0.00683574
2.479e-09	0.00682469
2.47909e-09	0.00681365
2.47919e-09	0.00680261
2.47928e-09	0.00679157
2.47937e-09	0.00678054
2.47946e-09	0.00676951
2.47956e-09	0.00675849
2.47965e-09	0.00674747
2.47974e-09	0.00673645
2.47983e-09	0.00672544
2.47992e-09	0.00671443
2.48002e-09	0.00670343
2.48011e-09	0.00669243
2.4802e-09	0.00668144
2.48029e-09	0.00667045
2.48039e-09	0.00665946
2.48048e-09	0.00664848
2.48057e-09	0.00663751
2.48066e-09	0.00662653
2.48076e-09	0.00661557
2.48085e-09	0.0066046
2.48094e-09	0.00659365
2.48103e-09	0.00658269
2.48113e-09	0.00657174
2.48122e-09	0.0065608
2.48131e-09	0.00654986
2.4814e-09	0.00653892
2.4815e-09	0.00652799
2.48159e-09	0.00651706
2.48168e-09	0.00650614
2.48177e-09	0.00649522
2.48187e-09	0.00648431
2.48196e-09	0.0064734
2.48205e-09	0.00646249
2.48214e-09	0.0064516
2.48223e-09	0.0064407
2.48233e-09	0.00642981
2.48242e-09	0.00641893
2.48251e-09	0.00640805
2.4826e-09	0.00639717
2.4827e-09	0.0063863
2.48279e-09	0.00637543
2.48288e-09	0.00636457
2.48297e-09	0.00635372
2.48307e-09	0.00634286
2.48316e-09	0.00633202
2.48325e-09	0.00632118
2.48334e-09	0.00631034
2.48344e-09	0.00629951
2.48353e-09	0.00628868
2.48362e-09	0.00627786
2.48371e-09	0.00626704
2.48381e-09	0.00625623
2.4839e-09	0.00624542
2.48399e-09	0.00623462
2.48408e-09	0.00622382
2.48418e-09	0.00621303
2.48427e-09	0.00620224
2.48436e-09	0.00619146
2.48445e-09	0.00618068
2.48455e-09	0.00616991
2.48464e-09	0.00615914
2.48473e-09	0.00614838
2.48482e-09	0.00613762
2.48491e-09	0.00612687
2.48501e-09	0.00611613
2.4851e-09	0.00610538
2.48519e-09	0.00609465
2.48528e-09	0.00608392
2.48538e-09	0.00607319
2.48547e-09	0.00606247
2.48556e-09	0.00605176
2.48565e-09	0.00604105
2.48575e-09	0.00603034
2.48584e-09	0.00601964
2.48593e-09	0.00600895
2.48602e-09	0.00599826
2.48612e-09	0.00598758
2.48621e-09	0.0059769
2.4863e-09	0.00596623
2.48639e-09	0.00595556
2.48649e-09	0.0059449
2.48658e-09	0.00593424
2.48667e-09	0.00592359
2.48676e-09	0.00591294
2.48686e-09	0.0059023
2.48695e-09	0.00589167
2.48704e-09	0.00588104
2.48713e-09	0.00587042
2.48722e-09	0.0058598
2.48732e-09	0.00584919
2.48741e-09	0.00583858
2.4875e-09	0.00582798
2.48759e-09	0.00581738
2.48769e-09	0.00580679
2.48778e-09	0.00579621
2.48787e-09	0.00578563
2.48796e-09	0.00577505
2.48806e-09	0.00576449
2.48815e-09	0.00575393
2.48824e-09	0.00574337
2.48833e-09	0.00573282
2.48843e-09	0.00572227
2.48852e-09	0.00571173
2.48861e-09	0.0057012
2.4887e-09	0.00569067
2.4888e-09	0.00568015
2.48889e-09	0.00566963
2.48898e-09	0.00565912
2.48907e-09	0.00564862
2.48917e-09	0.00563812
2.48926e-09	0.00562763
2.48935e-09	0.00561714
2.48944e-09	0.00560666
2.48953e-09	0.00559618
2.48963e-09	0.00558571
2.48972e-09	0.00557525
2.48981e-09	0.00556479
2.4899e-09	0.00555434
2.49e-09	0.00554389
2.49009e-09	0.00553345
2.49018e-09	0.00552302
2.49027e-09	0.00551259
2.49037e-09	0.00550217
2.49046e-09	0.00549175
2.49055e-09	0.00548134
2.49064e-09	0.00547094
2.49074e-09	0.00546054
2.49083e-09	0.00545015
2.49092e-09	0.00543976
2.49101e-09	0.00542938
2.49111e-09	0.00541901
2.4912e-09	0.00540864
2.49129e-09	0.00539828
2.49138e-09	0.00538792
2.49148e-09	0.00537757
2.49157e-09	0.00536723
2.49166e-09	0.00535689
2.49175e-09	0.00534656
2.49184e-09	0.00533623
2.49194e-09	0.00532592
2.49203e-09	0.0053156
2.49212e-09	0.0053053
2.49221e-09	0.005295
2.49231e-09	0.0052847
2.4924e-09	0.00527442
2.49249e-09	0.00526414
2.49258e-09	0.00525386
2.49268e-09	0.00524359
2.49277e-09	0.00523333
2.49286e-09	0.00522307
2.49295e-09	0.00521282
2.49305e-09	0.00520258
2.49314e-09	0.00519234
2.49323e-09	0.00518211
2.49332e-09	0.00517189
2.49342e-09	0.00516167
2.49351e-09	0.00515146
2.4936e-09	0.00514125
2.49369e-09	0.00513106
2.49379e-09	0.00512086
2.49388e-09	0.00511068
2.49397e-09	0.0051005
2.49406e-09	0.00509033
2.49415e-09	0.00508016
2.49425e-09	0.00507
2.49434e-09	0.00505985
2.49443e-09	0.0050497
2.49452e-09	0.00503956
2.49462e-09	0.00502943
2.49471e-09	0.0050193
2.4948e-09	0.00500918
2.49489e-09	0.00499907
2.49499e-09	0.00498896
2.49508e-09	0.00497886
2.49517e-09	0.00496876
2.49526e-09	0.00495868
2.49536e-09	0.0049486
2.49545e-09	0.00493852
2.49554e-09	0.00492845
2.49563e-09	0.00491839
2.49573e-09	0.00490834
2.49582e-09	0.00489829
2.49591e-09	0.00488825
2.496e-09	0.00487822
2.4961e-09	0.00486819
2.49619e-09	0.00485817
2.49628e-09	0.00484816
2.49637e-09	0.00483815
2.49647e-09	0.00482815
2.49656e-09	0.00481816
2.49665e-09	0.00480817
2.49674e-09	0.00479819
2.49683e-09	0.00478822
2.49693e-09	0.00477825
2.49702e-09	0.00476829
2.49711e-09	0.00475834
2.4972e-09	0.00474839
2.4973e-09	0.00473845
2.49739e-09	0.00472852
2.49748e-09	0.0047186
2.49757e-09	0.00470868
2.49767e-09	0.00469877
2.49776e-09	0.00468886
2.49785e-09	0.00467897
2.49794e-09	0.00466907
2.49804e-09	0.00465919
2.49813e-09	0.00464931
2.49822e-09	0.00463945
2.49831e-09	0.00462958
2.49841e-09	0.00461973
2.4985e-09	0.00460988
2.49859e-09	0.00460004
2.49868e-09	0.0045902
2.49878e-09	0.00458037
2.49887e-09	0.00457055
2.49896e-09	0.00456074
2.49905e-09	0.00455093
2.49914e-09	0.00454114
2.49924e-09	0.00453134
2.49933e-09	0.00452156
2.49942e-09	0.00451178
2.49951e-09	0.00450201
2.49961e-09	0.00449225
2.4997e-09	0.00448249
2.49979e-09	0.00447274
2.49988e-09	0.004463
2.49998e-09	0.00445326
2.50007e-09	0.00444353
2.50016e-09	0.00443381
2.50025e-09	0.0044241
2.50035e-09	0.00441439
2.50044e-09	0.00440469
2.50053e-09	0.004395
2.50062e-09	0.00438532
2.50072e-09	0.00437564
2.50081e-09	0.00436597
2.5009e-09	0.00435631
2.50099e-09	0.00434665
2.50109e-09	0.004337
2.50118e-09	0.00432736
2.50127e-09	0.00431773
2.50136e-09	0.0043081
2.50145e-09	0.00429848
2.50155e-09	0.00428887
2.50164e-09	0.00427926
2.50173e-09	0.00426967
2.50182e-09	0.00426008
2.50192e-09	0.00425049
2.50201e-09	0.00424092
2.5021e-09	0.00423135
2.50219e-09	0.00422179
2.50229e-09	0.00421224
2.50238e-09	0.00420269
2.50247e-09	0.00419315
2.50256e-09	0.00418362
2.50266e-09	0.0041741
2.50275e-09	0.00416458
2.50284e-09	0.00415507
2.50293e-09	0.00414557
2.50303e-09	0.00413608
2.50312e-09	0.00412659
2.50321e-09	0.00411711
2.5033e-09	0.00410764
2.5034e-09	0.00409818
2.50349e-09	0.00408872
2.50358e-09	0.00407928
2.50367e-09	0.00406983
2.50376e-09	0.0040604
2.50386e-09	0.00405097
2.50395e-09	0.00404156
2.50404e-09	0.00403214
2.50413e-09	0.00402274
2.50423e-09	0.00401335
2.50432e-09	0.00400396
2.50441e-09	0.00399458
2.5045e-09	0.0039852
2.5046e-09	0.00397584
2.50469e-09	0.00396648
2.50478e-09	0.00395713
2.50487e-09	0.00394779
2.50497e-09	0.00393845
2.50506e-09	0.00392912
2.50515e-09	0.0039198
2.50524e-09	0.00391049
2.50534e-09	0.00390119
2.50543e-09	0.00389189
2.50552e-09	0.0038826
2.50561e-09	0.00387332
2.50571e-09	0.00386405
2.5058e-09	0.00385478
2.50589e-09	0.00384552
2.50598e-09	0.00383627
2.50608e-09	0.00382703
2.50617e-09	0.0038178
2.50626e-09	0.00380857
2.50635e-09	0.00379935
2.50644e-09	0.00379014
2.50654e-09	0.00378093
2.50663e-09	0.00377174
2.50672e-09	0.00376255
2.50681e-09	0.00375337
2.50691e-09	0.00374419
2.507e-09	0.00373503
2.50709e-09	0.00372587
2.50718e-09	0.00371672
2.50728e-09	0.00370758
2.50737e-09	0.00369845
2.50746e-09	0.00368932
2.50755e-09	0.0036802
2.50765e-09	0.00367109
2.50774e-09	0.00366199
2.50783e-09	0.0036529
2.50792e-09	0.00364381
2.50802e-09	0.00363473
2.50811e-09	0.00362566
2.5082e-09	0.0036166
2.50829e-09	0.00360754
2.50839e-09	0.00359849
2.50848e-09	0.00358946
2.50857e-09	0.00358042
2.50866e-09	0.0035714
2.50875e-09	0.00356239
2.50885e-09	0.00355338
2.50894e-09	0.00354438
2.50903e-09	0.00353539
2.50912e-09	0.0035264
2.50922e-09	0.00351743
2.50931e-09	0.00350846
2.5094e-09	0.0034995
2.50949e-09	0.00349055
2.50959e-09	0.0034816
2.50968e-09	0.00347267
2.50977e-09	0.00346374
2.50986e-09	0.00345482
2.50996e-09	0.00344591
2.51005e-09	0.00343701
2.51014e-09	0.00342811
2.51023e-09	0.00341922
2.51033e-09	0.00341034
2.51042e-09	0.00340147
2.51051e-09	0.00339261
2.5106e-09	0.00338375
2.5107e-09	0.00337491
2.51079e-09	0.00336607
2.51088e-09	0.00335724
2.51097e-09	0.00334841
2.51106e-09	0.0033396
2.51116e-09	0.00333079
2.51125e-09	0.00332199
2.51134e-09	0.0033132
2.51143e-09	0.00330442
2.51153e-09	0.00329565
2.51162e-09	0.00328688
2.51171e-09	0.00327812
2.5118e-09	0.00326937
2.5119e-09	0.00326063
2.51199e-09	0.0032519
2.51208e-09	0.00324317
2.51217e-09	0.00323445
2.51227e-09	0.00322574
2.51236e-09	0.00321704
2.51245e-09	0.00320835
2.51254e-09	0.00319967
2.51264e-09	0.00319099
2.51273e-09	0.00318232
2.51282e-09	0.00317366
2.51291e-09	0.00316501
2.51301e-09	0.00315637
2.5131e-09	0.00314773
2.51319e-09	0.0031391
2.51328e-09	0.00313048
2.51337e-09	0.00312187
2.51347e-09	0.00311327
2.51356e-09	0.00310468
2.51365e-09	0.00309609
2.51374e-09	0.00308751
2.51384e-09	0.00307894
2.51393e-09	0.00307038
2.51402e-09	0.00306183
2.51411e-09	0.00305329
2.51421e-09	0.00304475
2.5143e-09	0.00303622
2.51439e-09	0.0030277
2.51448e-09	0.00301919
2.51458e-09	0.00301069
2.51467e-09	0.00300219
2.51476e-09	0.00299371
2.51485e-09	0.00298523
2.51495e-09	0.00297676
2.51504e-09	0.0029683
2.51513e-09	0.00295984
2.51522e-09	0.0029514
2.51532e-09	0.00294296
2.51541e-09	0.00293453
2.5155e-09	0.00292611
2.51559e-09	0.0029177
2.51568e-09	0.0029093
2.51578e-09	0.00290091
2.51587e-09	0.00289252
2.51596e-09	0.00288414
2.51605e-09	0.00287577
2.51615e-09	0.00286741
2.51624e-09	0.00285906
2.51633e-09	0.00285071
2.51642e-09	0.00284238
2.51652e-09	0.00283405
2.51661e-09	0.00282573
2.5167e-09	0.00281742
2.51679e-09	0.00280912
2.51689e-09	0.00280082
2.51698e-09	0.00279254
2.51707e-09	0.00278426
2.51716e-09	0.00277599
2.51726e-09	0.00276773
2.51735e-09	0.00275948
2.51744e-09	0.00275124
2.51753e-09	0.002743
2.51763e-09	0.00273478
2.51772e-09	0.00272656
2.51781e-09	0.00271835
2.5179e-09	0.00271015
2.518e-09	0.00270196
2.51809e-09	0.00269377
2.51818e-09	0.0026856
2.51827e-09	0.00267743
2.51836e-09	0.00266927
2.51846e-09	0.00266112
2.51855e-09	0.00265298
2.51864e-09	0.00264485
2.51873e-09	0.00263672
2.51883e-09	0.0026286
2.51892e-09	0.0026205
2.51901e-09	0.0026124
2.5191e-09	0.00260431
2.5192e-09	0.00259623
2.51929e-09	0.00258815
2.51938e-09	0.00258009
2.51947e-09	0.00257203
2.51957e-09	0.00256398
2.51966e-09	0.00255594
2.51975e-09	0.00254791
2.51984e-09	0.00253989
2.51994e-09	0.00253188
2.52003e-09	0.00252387
2.52012e-09	0.00251587
2.52021e-09	0.00250789
2.52031e-09	0.00249991
2.5204e-09	0.00249194
2.52049e-09	0.00248397
2.52058e-09	0.00247602
2.52067e-09	0.00246807
2.52077e-09	0.00246014
2.52086e-09	0.00245221
2.52095e-09	0.00244429
2.52104e-09	0.00243638
2.52114e-09	0.00242848
2.52123e-09	0.00242058
2.52132e-09	0.0024127
2.52141e-09	0.00240482
2.52151e-09	0.00239695
2.5216e-09	0.00238909
2.52169e-09	0.00238124
2.52178e-09	0.0023734
2.52188e-09	0.00236557
2.52197e-09	0.00235774
2.52206e-09	0.00234993
2.52215e-09	0.00234212
2.52225e-09	0.00233432
2.52234e-09	0.00232653
2.52243e-09	0.00231875
2.52252e-09	0.00231097
2.52262e-09	0.00230321
2.52271e-09	0.00229545
2.5228e-09	0.00228771
2.52289e-09	0.00227997
2.52298e-09	0.00227224
2.52308e-09	0.00226452
2.52317e-09	0.0022568
2.52326e-09	0.0022491
2.52335e-09	0.0022414
2.52345e-09	0.00223372
2.52354e-09	0.00222604
2.52363e-09	0.00221837
2.52372e-09	0.00221071
2.52382e-09	0.00220306
2.52391e-09	0.00219541
2.524e-09	0.00218778
2.52409e-09	0.00218015
2.52419e-09	0.00217254
2.52428e-09	0.00216493
2.52437e-09	0.00215733
2.52446e-09	0.00214974
2.52456e-09	0.00214215
2.52465e-09	0.00213458
2.52474e-09	0.00212702
2.52483e-09	0.00211946
2.52493e-09	0.00211191
2.52502e-09	0.00210437
2.52511e-09	0.00209684
2.5252e-09	0.00208932
2.52529e-09	0.00208181
2.52539e-09	0.0020743
2.52548e-09	0.00206681
2.52557e-09	0.00205932
2.52566e-09	0.00205184
2.52576e-09	0.00204437
2.52585e-09	0.00203691
2.52594e-09	0.00202946
2.52603e-09	0.00202202
2.52613e-09	0.00201458
2.52622e-09	0.00200716
2.52631e-09	0.00199974
2.5264e-09	0.00199233
2.5265e-09	0.00198493
2.52659e-09	0.00197754
2.52668e-09	0.00197016
2.52677e-09	0.00196279
2.52687e-09	0.00195542
2.52696e-09	0.00194807
2.52705e-09	0.00194072
2.52714e-09	0.00193338
2.52724e-09	0.00192605
2.52733e-09	0.00191873
2.52742e-09	0.00191142
2.52751e-09	0.00190411
2.52761e-09	0.00189682
2.5277e-09	0.00188953
2.52779e-09	0.00188226
2.52788e-09	0.00187499
2.52797e-09	0.00186773
2.52807e-09	0.00186048
2.52816e-09	0.00185323
2.52825e-09	0.001846
2.52834e-09	0.00183878
2.52844e-09	0.00183156
2.52853e-09	0.00182435
2.52862e-09	0.00181715
2.52871e-09	0.00180996
2.52881e-09	0.00180278
2.5289e-09	0.00179561
2.52899e-09	0.00178845
2.52908e-09	0.00178129
2.52918e-09	0.00177415
2.52927e-09	0.00176701
2.52936e-09	0.00175988
2.52945e-09	0.00175276
2.52955e-09	0.00174565
2.52964e-09	0.00173855
2.52973e-09	0.00173146
2.52982e-09	0.00172437
2.52992e-09	0.0017173
2.53001e-09	0.00171023
2.5301e-09	0.00170317
2.53019e-09	0.00169612
2.53028e-09	0.00168908
2.53038e-09	0.00168205
2.53047e-09	0.00167503
2.53056e-09	0.00166801
2.53065e-09	0.00166101
2.53075e-09	0.00165401
2.53084e-09	0.00164702
2.53093e-09	0.00164005
2.53102e-09	0.00163308
2.53112e-09	0.00162611
2.53121e-09	0.00161916
2.5313e-09	0.00161222
2.53139e-09	0.00160528
2.53149e-09	0.00159836
2.53158e-09	0.00159144
2.53167e-09	0.00158453
2.53176e-09	0.00157763
2.53186e-09	0.00157074
2.53195e-09	0.00156386
2.53204e-09	0.00155698
2.53213e-09	0.00155012
2.53223e-09	0.00154326
2.53232e-09	0.00153642
2.53241e-09	0.00152958
2.5325e-09	0.00152275
2.53259e-09	0.00151593
2.53269e-09	0.00150912
2.53278e-09	0.00150231
2.53287e-09	0.00149552
2.53296e-09	0.00148873
2.53306e-09	0.00148196
2.53315e-09	0.00147519
2.53324e-09	0.00146843
2.53333e-09	0.00146168
2.53343e-09	0.00145494
2.53352e-09	0.0014482
2.53361e-09	0.00144148
2.5337e-09	0.00143477
2.5338e-09	0.00142806
2.53389e-09	0.00142136
2.53398e-09	0.00141467
2.53407e-09	0.00140799
2.53417e-09	0.00140132
2.53426e-09	0.00139466
2.53435e-09	0.00138801
2.53444e-09	0.00138136
2.53454e-09	0.00137472
2.53463e-09	0.0013681
2.53472e-09	0.00136148
2.53481e-09	0.00135487
2.5349e-09	0.00134827
2.535e-09	0.00134168
2.53509e-09	0.00133509
2.53518e-09	0.00132852
2.53527e-09	0.00132195
2.53537e-09	0.0013154
2.53546e-09	0.00130885
2.53555e-09	0.00130231
2.53564e-09	0.00129578
2.53574e-09	0.00128926
2.53583e-09	0.00128274
2.53592e-09	0.00127624
2.53601e-09	0.00126974
2.53611e-09	0.00126326
2.5362e-09	0.00125678
2.53629e-09	0.00125031
2.53638e-09	0.00124385
2.53648e-09	0.0012374
2.53657e-09	0.00123096
2.53666e-09	0.00122452
2.53675e-09	0.0012181
2.53685e-09	0.00121168
2.53694e-09	0.00120528
2.53703e-09	0.00119888
2.53712e-09	0.00119249
2.53721e-09	0.00118611
2.53731e-09	0.00117973
2.5374e-09	0.00117337
2.53749e-09	0.00116702
2.53758e-09	0.00116067
2.53768e-09	0.00115433
2.53777e-09	0.001148
2.53786e-09	0.00114168
2.53795e-09	0.00113537
2.53805e-09	0.00112907
2.53814e-09	0.00112278
2.53823e-09	0.00111649
2.53832e-09	0.00111022
2.53842e-09	0.00110395
2.53851e-09	0.00109769
2.5386e-09	0.00109144
2.53869e-09	0.0010852
2.53879e-09	0.00107897
2.53888e-09	0.00107275
2.53897e-09	0.00106653
2.53906e-09	0.00106033
2.53916e-09	0.00105413
2.53925e-09	0.00104794
2.53934e-09	0.00104176
2.53943e-09	0.00103559
2.53953e-09	0.00102943
2.53962e-09	0.00102328
2.53971e-09	0.00101713
2.5398e-09	0.001011
2.53989e-09	0.00100487
2.53999e-09	0.000998754
2.54008e-09	0.000992645
2.54017e-09	0.000986545
2.54026e-09	0.000980453
2.54036e-09	0.00097437
2.54045e-09	0.000968296
2.54054e-09	0.00096223
2.54063e-09	0.000956173
2.54073e-09	0.000950125
2.54082e-09	0.000944086
2.54091e-09	0.000938056
2.541e-09	0.000932034
2.5411e-09	0.000926021
2.54119e-09	0.000920016
2.54128e-09	0.000914021
2.54137e-09	0.000908034
2.54147e-09	0.000902056
2.54156e-09	0.000896087
2.54165e-09	0.000890126
2.54174e-09	0.000884174
2.54184e-09	0.000878231
2.54193e-09	0.000872296
2.54202e-09	0.000866371
2.54211e-09	0.000860453
2.5422e-09	0.000854545
2.5423e-09	0.000848646
2.54239e-09	0.000842755
2.54248e-09	0.000836872
2.54257e-09	0.000830999
2.54267e-09	0.000825134
2.54276e-09	0.000819278
2.54285e-09	0.000813431
2.54294e-09	0.000807592
2.54304e-09	0.000801762
2.54313e-09	0.000795941
2.54322e-09	0.000790128
2.54331e-09	0.000784324
2.54341e-09	0.000778529
2.5435e-09	0.000772743
2.54359e-09	0.000766965
2.54368e-09	0.000761196
2.54378e-09	0.000755435
2.54387e-09	0.000749684
2.54396e-09	0.000743941
2.54405e-09	0.000738206
2.54415e-09	0.000732481
2.54424e-09	0.000726764
2.54433e-09	0.000721055
2.54442e-09	0.000715356
2.54451e-09	0.000709665
2.54461e-09	0.000703982
2.5447e-09	0.000698309
2.54479e-09	0.000692644
2.54488e-09	0.000686987
2.54498e-09	0.000681339
2.54507e-09	0.0006757
2.54516e-09	0.00067007
2.54525e-09	0.000664448
2.54535e-09	0.000658835
2.54544e-09	0.000653231
2.54553e-09	0.000647635
2.54562e-09	0.000642048
2.54572e-09	0.000636469
2.54581e-09	0.000630899
2.5459e-09	0.000625338
2.54599e-09	0.000619786
2.54609e-09	0.000614242
2.54618e-09	0.000608706
2.54627e-09	0.00060318
2.54636e-09	0.000597661
2.54646e-09	0.000592152
2.54655e-09	0.000586651
2.54664e-09	0.000581159
2.54673e-09	0.000575675
2.54682e-09	0.0005702
2.54692e-09	0.000564734
2.54701e-09	0.000559276
2.5471e-09	0.000553827
2.54719e-09	0.000548386
2.54729e-09	0.000542954
2.54738e-09	0.000537531
2.54747e-09	0.000532116
2.54756e-09	0.00052671
2.54766e-09	0.000521312
2.54775e-09	0.000515923
2.54784e-09	0.000510542
2.54793e-09	0.00050517
2.54803e-09	0.000499807
2.54812e-09	0.000494452
2.54821e-09	0.000489106
2.5483e-09	0.000483769
2.5484e-09	0.00047844
2.54849e-09	0.000473119
2.54858e-09	0.000467807
2.54867e-09	0.000462504
2.54877e-09	0.000457209
2.54886e-09	0.000451923
2.54895e-09	0.000446645
2.54904e-09	0.000441376
2.54914e-09	0.000436115
2.54923e-09	0.000430863
2.54932e-09	0.000425619
2.54941e-09	0.000420384
2.5495e-09	0.000415158
2.5496e-09	0.00040994
2.54969e-09	0.000404731
2.54978e-09	0.00039953
2.54987e-09	0.000394337
2.54997e-09	0.000389153
2.55006e-09	0.000383978
2.55015e-09	0.000378811
2.55024e-09	0.000373653
2.55034e-09	0.000368503
2.55043e-09	0.000363361
2.55052e-09	0.000358229
2.55061e-09	0.000353104
2.55071e-09	0.000347988
2.5508e-09	0.000342881
2.55089e-09	0.000337782
2.55098e-09	0.000332692
2.55108e-09	0.00032761
2.55117e-09	0.000322536
2.55126e-09	0.000317471
2.55135e-09	0.000312415
2.55145e-09	0.000307366
2.55154e-09	0.000302327
2.55163e-09	0.000297296
2.55172e-09	0.000292273
2.55181e-09	0.000287259
2.55191e-09	0.000282253
2.552e-09	0.000277256
2.55209e-09	0.000272267
2.55218e-09	0.000267286
2.55228e-09	0.000262314
2.55237e-09	0.00025735
2.55246e-09	0.000252395
2.55255e-09	0.000247448
2.55265e-09	0.00024251
2.55274e-09	0.00023758
2.55283e-09	0.000232659
2.55292e-09	0.000227746
2.55302e-09	0.000222841
2.55311e-09	0.000217945
2.5532e-09	0.000213057
2.55329e-09	0.000208177
2.55339e-09	0.000203306
2.55348e-09	0.000198443
2.55357e-09	0.000193589
2.55366e-09	0.000188743
2.55376e-09	0.000183905
2.55385e-09	0.000179076
2.55394e-09	0.000174255
2.55403e-09	0.000169443
2.55412e-09	0.000164639
2.55422e-09	0.000159843
2.55431e-09	0.000155056
2.5544e-09	0.000150276
2.55449e-09	0.000145506
2.55459e-09	0.000140743
2.55468e-09	0.000135989
2.55477e-09	0.000131244
2.55486e-09	0.000126506
2.55496e-09	0.000121777
2.55505e-09	0.000117057
2.55514e-09	0.000112344
2.55523e-09	0.00010764
2.55533e-09	0.000102944
2.55542e-09	9.8257e-05
2.55551e-09	9.35779e-05
2.5556e-09	8.89071e-05
2.5557e-09	8.42446e-05
2.55579e-09	7.95903e-05
2.55588e-09	7.49444e-05
2.55597e-09	7.03067e-05
2.55607e-09	6.56774e-05
2.55616e-09	6.10563e-05
2.55625e-09	5.64434e-05
2.55634e-09	5.18389e-05
2.55643e-09	4.72426e-05
2.55653e-09	4.26546e-05
2.55662e-09	3.80748e-05
2.55671e-09	3.35033e-05
2.5568e-09	2.89401e-05
2.5569e-09	2.4385e-05
2.55699e-09	1.98383e-05
2.55708e-09	1.52997e-05
2.55717e-09	1.07694e-05
2.55727e-09	6.24738e-06
2.55736e-09	1.73354e-06
2.55745e-09	-2.77209e-06
2.55754e-09	-7.26949e-06
2.55764e-09	-1.17587e-05
2.55773e-09	-1.62397e-05
2.55782e-09	-2.07124e-05
2.55791e-09	-2.5177e-05
2.55801e-09	-2.96334e-05
2.5581e-09	-3.40816e-05
2.55819e-09	-3.85216e-05
2.55828e-09	-4.29534e-05
2.55838e-09	-4.7377e-05
2.55847e-09	-5.17925e-05
2.55856e-09	-5.61998e-05
2.55865e-09	-6.05989e-05
2.55875e-09	-6.49899e-05
2.55884e-09	-6.93727e-05
2.55893e-09	-7.37473e-05
2.55902e-09	-7.81139e-05
2.55911e-09	-8.24722e-05
2.55921e-09	-8.68224e-05
2.5593e-09	-9.11645e-05
2.55939e-09	-9.54985e-05
2.55948e-09	-9.98243e-05
2.55958e-09	-0.000104142
2.55967e-09	-0.000108452
2.55976e-09	-0.000112753
2.55985e-09	-0.000117046
2.55995e-09	-0.000121332
2.56004e-09	-0.000125609
2.56013e-09	-0.000129878
2.56022e-09	-0.000134139
2.56032e-09	-0.000138392
2.56041e-09	-0.000142636
2.5605e-09	-0.000146873
2.56059e-09	-0.000151102
2.56069e-09	-0.000155322
2.56078e-09	-0.000159535
2.56087e-09	-0.000163739
2.56096e-09	-0.000167936
2.56106e-09	-0.000172124
2.56115e-09	-0.000176304
2.56124e-09	-0.000180477
2.56133e-09	-0.000184641
2.56142e-09	-0.000188797
2.56152e-09	-0.000192945
2.56161e-09	-0.000197085
2.5617e-09	-0.000201218
2.56179e-09	-0.000205342
2.56189e-09	-0.000209458
2.56198e-09	-0.000213566
2.56207e-09	-0.000217666
2.56216e-09	-0.000221758
2.56226e-09	-0.000225842
2.56235e-09	-0.000229918
2.56244e-09	-0.000233986
2.56253e-09	-0.000238047
2.56263e-09	-0.000242099
2.56272e-09	-0.000246143
2.56281e-09	-0.000250179
2.5629e-09	-0.000254208
2.563e-09	-0.000258228
2.56309e-09	-0.00026224
2.56318e-09	-0.000266245
2.56327e-09	-0.000270241
2.56337e-09	-0.00027423
2.56346e-09	-0.000278211
2.56355e-09	-0.000282183
2.56364e-09	-0.000286148
2.56373e-09	-0.000290105
2.56383e-09	-0.000294054
2.56392e-09	-0.000297995
2.56401e-09	-0.000301929
2.5641e-09	-0.000305854
2.5642e-09	-0.000309771
2.56429e-09	-0.000313681
2.56438e-09	-0.000317583
2.56447e-09	-0.000321476
2.56457e-09	-0.000325362
2.56466e-09	-0.00032924
2.56475e-09	-0.000333111
2.56484e-09	-0.000336973
2.56494e-09	-0.000340827
2.56503e-09	-0.000344674
2.56512e-09	-0.000348513
2.56521e-09	-0.000352344
2.56531e-09	-0.000356167
2.5654e-09	-0.000359982
2.56549e-09	-0.00036379
2.56558e-09	-0.00036759
2.56568e-09	-0.000371382
2.56577e-09	-0.000375166
2.56586e-09	-0.000378942
2.56595e-09	-0.000382711
2.56604e-09	-0.000386471
2.56614e-09	-0.000390224
2.56623e-09	-0.000393969
2.56632e-09	-0.000397707
2.56641e-09	-0.000401437
2.56651e-09	-0.000405158
2.5666e-09	-0.000408873
2.56669e-09	-0.000412579
2.56678e-09	-0.000416278
2.56688e-09	-0.000419968
2.56697e-09	-0.000423652
2.56706e-09	-0.000427327
2.56715e-09	-0.000430995
2.56725e-09	-0.000434655
2.56734e-09	-0.000438307
2.56743e-09	-0.000441952
2.56752e-09	-0.000445588
2.56762e-09	-0.000449218
2.56771e-09	-0.000452839
2.5678e-09	-0.000456453
2.56789e-09	-0.000460059
2.56799e-09	-0.000463657
2.56808e-09	-0.000467248
2.56817e-09	-0.000470831
2.56826e-09	-0.000474407
2.56835e-09	-0.000477974
2.56845e-09	-0.000481534
2.56854e-09	-0.000485087
2.56863e-09	-0.000488632
2.56872e-09	-0.000492169
2.56882e-09	-0.000495699
2.56891e-09	-0.000499221
2.569e-09	-0.000502735
2.56909e-09	-0.000506242
2.56919e-09	-0.000509741
2.56928e-09	-0.000513232
2.56937e-09	-0.000516716
2.56946e-09	-0.000520192
2.56956e-09	-0.000523661
2.56965e-09	-0.000527122
2.56974e-09	-0.000530576
2.56983e-09	-0.000534022
2.56993e-09	-0.00053746
2.57002e-09	-0.000540891
2.57011e-09	-0.000544315
2.5702e-09	-0.000547731
2.5703e-09	-0.000551139
2.57039e-09	-0.00055454
2.57048e-09	-0.000557933
2.57057e-09	-0.000561319
2.57067e-09	-0.000564697
2.57076e-09	-0.000568067
2.57085e-09	-0.000571431
2.57094e-09	-0.000574786
2.57103e-09	-0.000578134
2.57113e-09	-0.000581475
2.57122e-09	-0.000584808
2.57131e-09	-0.000588134
2.5714e-09	-0.000591452
2.5715e-09	-0.000594763
2.57159e-09	-0.000598066
2.57168e-09	-0.000601362
2.57177e-09	-0.00060465
2.57187e-09	-0.000607931
2.57196e-09	-0.000611205
2.57205e-09	-0.000614471
2.57214e-09	-0.00061773
2.57224e-09	-0.000620981
2.57233e-09	-0.000624225
2.57242e-09	-0.000627461
2.57251e-09	-0.00063069
2.57261e-09	-0.000633912
2.5727e-09	-0.000637126
2.57279e-09	-0.000640333
2.57288e-09	-0.000643532
2.57298e-09	-0.000646724
2.57307e-09	-0.000649909
2.57316e-09	-0.000653086
2.57325e-09	-0.000656256
2.57334e-09	-0.000659419
2.57344e-09	-0.000662574
2.57353e-09	-0.000665722
2.57362e-09	-0.000668863
2.57371e-09	-0.000671996
2.57381e-09	-0.000675122
2.5739e-09	-0.000678241
2.57399e-09	-0.000681352
2.57408e-09	-0.000684456
2.57418e-09	-0.000687553
2.57427e-09	-0.000690642
2.57436e-09	-0.000693724
2.57445e-09	-0.000696799
2.57455e-09	-0.000699867
2.57464e-09	-0.000702927
2.57473e-09	-0.00070598
2.57482e-09	-0.000709026
2.57492e-09	-0.000712065
2.57501e-09	-0.000715096
2.5751e-09	-0.00071812
2.57519e-09	-0.000721137
2.57529e-09	-0.000724146
2.57538e-09	-0.000727149
2.57547e-09	-0.000730144
2.57556e-09	-0.000733132
2.57565e-09	-0.000736113
2.57575e-09	-0.000739086
2.57584e-09	-0.000742053
2.57593e-09	-0.000745012
2.57602e-09	-0.000747964
2.57612e-09	-0.000750909
2.57621e-09	-0.000753846
2.5763e-09	-0.000756777
2.57639e-09	-0.0007597
2.57649e-09	-0.000762616
2.57658e-09	-0.000765525
2.57667e-09	-0.000768427
2.57676e-09	-0.000771322
2.57686e-09	-0.000774209
2.57695e-09	-0.00077709
2.57704e-09	-0.000779963
2.57713e-09	-0.00078283
2.57723e-09	-0.000785689
2.57732e-09	-0.000788541
2.57741e-09	-0.000791386
2.5775e-09	-0.000794224
2.5776e-09	-0.000797055
2.57769e-09	-0.000799879
2.57778e-09	-0.000802695
2.57787e-09	-0.000805505
2.57796e-09	-0.000808307
2.57806e-09	-0.000811103
2.57815e-09	-0.000813892
2.57824e-09	-0.000816673
2.57833e-09	-0.000819448
2.57843e-09	-0.000822215
2.57852e-09	-0.000824975
2.57861e-09	-0.000827729
2.5787e-09	-0.000830475
2.5788e-09	-0.000833215
2.57889e-09	-0.000835947
2.57898e-09	-0.000838672
2.57907e-09	-0.000841391
2.57917e-09	-0.000844102
2.57926e-09	-0.000846807
2.57935e-09	-0.000849504
2.57944e-09	-0.000852195
2.57954e-09	-0.000854879
2.57963e-09	-0.000857555
2.57972e-09	-0.000860225
2.57981e-09	-0.000862888
2.57991e-09	-0.000865544
2.58e-09	-0.000868193
2.58009e-09	-0.000870835
2.58018e-09	-0.00087347
2.58028e-09	-0.000876099
2.58037e-09	-0.00087872
2.58046e-09	-0.000881335
2.58055e-09	-0.000883942
2.58064e-09	-0.000886543
2.58074e-09	-0.000889137
2.58083e-09	-0.000891724
2.58092e-09	-0.000894304
2.58101e-09	-0.000896878
2.58111e-09	-0.000899444
2.5812e-09	-0.000902004
2.58129e-09	-0.000904557
2.58138e-09	-0.000907103
2.58148e-09	-0.000909642
2.58157e-09	-0.000912174
2.58166e-09	-0.0009147
2.58175e-09	-0.000917219
2.58185e-09	-0.000919731
2.58194e-09	-0.000922236
2.58203e-09	-0.000924734
2.58212e-09	-0.000927226
2.58222e-09	-0.000929711
2.58231e-09	-0.000932189
2.5824e-09	-0.000934661
2.58249e-09	-0.000937125
2.58259e-09	-0.000939583
2.58268e-09	-0.000942035
2.58277e-09	-0.000944479
2.58286e-09	-0.000946917
2.58295e-09	-0.000949348
2.58305e-09	-0.000951772
2.58314e-09	-0.00095419
2.58323e-09	-0.000956601
2.58332e-09	-0.000959005
2.58342e-09	-0.000961403
2.58351e-09	-0.000963794
2.5836e-09	-0.000966178
2.58369e-09	-0.000968555
2.58379e-09	-0.000970926
2.58388e-09	-0.000973291
2.58397e-09	-0.000975648
2.58406e-09	-0.000977999
2.58416e-09	-0.000980344
2.58425e-09	-0.000982682
2.58434e-09	-0.000985013
2.58443e-09	-0.000987337
2.58453e-09	-0.000989655
2.58462e-09	-0.000991966
2.58471e-09	-0.000994271
2.5848e-09	-0.000996569
2.5849e-09	-0.000998861
2.58499e-09	-0.00100115
2.58508e-09	-0.00100342
2.58517e-09	-0.0010057
2.58526e-09	-0.00100796
2.58536e-09	-0.00101022
2.58545e-09	-0.00101247
2.58554e-09	-0.00101472
2.58563e-09	-0.00101696
2.58573e-09	-0.00101919
2.58582e-09	-0.00102142
2.58591e-09	-0.00102364
2.586e-09	-0.00102585
2.5861e-09	-0.00102806
2.58619e-09	-0.00103026
2.58628e-09	-0.00103245
2.58637e-09	-0.00103464
2.58647e-09	-0.00103682
2.58656e-09	-0.00103899
2.58665e-09	-0.00104116
2.58674e-09	-0.00104332
2.58684e-09	-0.00104548
2.58693e-09	-0.00104763
2.58702e-09	-0.00104977
2.58711e-09	-0.0010519
2.58721e-09	-0.00105403
2.5873e-09	-0.00105616
2.58739e-09	-0.00105827
2.58748e-09	-0.00106038
2.58757e-09	-0.00106249
2.58767e-09	-0.00106458
2.58776e-09	-0.00106667
2.58785e-09	-0.00106876
2.58794e-09	-0.00107084
2.58804e-09	-0.00107291
2.58813e-09	-0.00107498
2.58822e-09	-0.00107703
2.58831e-09	-0.00107909
2.58841e-09	-0.00108113
2.5885e-09	-0.00108317
2.58859e-09	-0.00108521
2.58868e-09	-0.00108724
2.58878e-09	-0.00108926
2.58887e-09	-0.00109127
2.58896e-09	-0.00109328
2.58905e-09	-0.00109528
2.58915e-09	-0.00109728
2.58924e-09	-0.00109927
2.58933e-09	-0.00110125
2.58942e-09	-0.00110323
2.58952e-09	-0.0011052
2.58961e-09	-0.00110717
2.5897e-09	-0.00110913
2.58979e-09	-0.00111108
2.58988e-09	-0.00111302
2.58998e-09	-0.00111496
2.59007e-09	-0.0011169
2.59016e-09	-0.00111883
2.59025e-09	-0.00112075
2.59035e-09	-0.00112266
2.59044e-09	-0.00112457
2.59053e-09	-0.00112648
2.59062e-09	-0.00112837
2.59072e-09	-0.00113026
2.59081e-09	-0.00113215
2.5909e-09	-0.00113403
2.59099e-09	-0.0011359
2.59109e-09	-0.00113776
2.59118e-09	-0.00113962
2.59127e-09	-0.00114148
2.59136e-09	-0.00114333
2.59146e-09	-0.00114517
2.59155e-09	-0.001147
2.59164e-09	-0.00114883
2.59173e-09	-0.00115066
2.59183e-09	-0.00115247
2.59192e-09	-0.00115428
2.59201e-09	-0.00115609
2.5921e-09	-0.00115789
2.5922e-09	-0.00115968
2.59229e-09	-0.00116147
2.59238e-09	-0.00116325
2.59247e-09	-0.00116502
2.59256e-09	-0.00116679
2.59266e-09	-0.00116856
2.59275e-09	-0.00117031
2.59284e-09	-0.00117206
2.59293e-09	-0.00117381
2.59303e-09	-0.00117555
2.59312e-09	-0.00117728
2.59321e-09	-0.00117901
2.5933e-09	-0.00118073
2.5934e-09	-0.00118244
2.59349e-09	-0.00118415
2.59358e-09	-0.00118586
2.59367e-09	-0.00118755
2.59377e-09	-0.00118924
2.59386e-09	-0.00119093
2.59395e-09	-0.00119261
2.59404e-09	-0.00119428
2.59414e-09	-0.00119595
2.59423e-09	-0.00119761
2.59432e-09	-0.00119927
2.59441e-09	-0.00120092
2.59451e-09	-0.00120256
2.5946e-09	-0.0012042
2.59469e-09	-0.00120583
2.59478e-09	-0.00120746
2.59487e-09	-0.00120908
2.59497e-09	-0.00121069
2.59506e-09	-0.0012123
2.59515e-09	-0.00121391
2.59524e-09	-0.0012155
2.59534e-09	-0.0012171
2.59543e-09	-0.00121868
2.59552e-09	-0.00122026
2.59561e-09	-0.00122184
2.59571e-09	-0.0012234
2.5958e-09	-0.00122497
2.59589e-09	-0.00122652
2.59598e-09	-0.00122807
2.59608e-09	-0.00122962
2.59617e-09	-0.00123116
2.59626e-09	-0.00123269
2.59635e-09	-0.00123422
2.59645e-09	-0.00123574
2.59654e-09	-0.00123726
2.59663e-09	-0.00123877
2.59672e-09	-0.00124027
2.59682e-09	-0.00124177
2.59691e-09	-0.00124327
2.597e-09	-0.00124476
2.59709e-09	-0.00124624
2.59718e-09	-0.00124771
2.59728e-09	-0.00124919
2.59737e-09	-0.00125065
2.59746e-09	-0.00125211
2.59755e-09	-0.00125356
2.59765e-09	-0.00125501
2.59774e-09	-0.00125646
2.59783e-09	-0.00125789
2.59792e-09	-0.00125932
2.59802e-09	-0.00126075
2.59811e-09	-0.00126217
2.5982e-09	-0.00126358
2.59829e-09	-0.00126499
2.59839e-09	-0.0012664
2.59848e-09	-0.00126779
2.59857e-09	-0.00126919
2.59866e-09	-0.00127057
2.59876e-09	-0.00127195
2.59885e-09	-0.00127333
2.59894e-09	-0.0012747
2.59903e-09	-0.00127606
2.59913e-09	-0.00127742
2.59922e-09	-0.00127878
2.59931e-09	-0.00128013
2.5994e-09	-0.00128147
2.59949e-09	-0.0012828
2.59959e-09	-0.00128414
2.59968e-09	-0.00128546
2.59977e-09	-0.00128678
2.59986e-09	-0.0012881
2.59996e-09	-0.00128941
2.60005e-09	-0.00129071
2.60014e-09	-0.00129201
2.60023e-09	-0.0012933
2.60033e-09	-0.00129459
2.60042e-09	-0.00129587
2.60051e-09	-0.00129715
2.6006e-09	-0.00129842
2.6007e-09	-0.00129969
2.60079e-09	-0.00130095
2.60088e-09	-0.0013022
2.60097e-09	-0.00130345
2.60107e-09	-0.0013047
2.60116e-09	-0.00130593
2.60125e-09	-0.00130717
2.60134e-09	-0.0013084
2.60144e-09	-0.00130962
2.60153e-09	-0.00131084
2.60162e-09	-0.00131205
2.60171e-09	-0.00131326
2.60181e-09	-0.00131446
2.6019e-09	-0.00131565
2.60199e-09	-0.00131684
2.60208e-09	-0.00131803
2.60217e-09	-0.00131921
2.60227e-09	-0.00132039
2.60236e-09	-0.00132156
2.60245e-09	-0.00132272
2.60254e-09	-0.00132388
2.60264e-09	-0.00132503
2.60273e-09	-0.00132618
2.60282e-09	-0.00132732
2.60291e-09	-0.00132846
2.60301e-09	-0.0013296
2.6031e-09	-0.00133072
2.60319e-09	-0.00133185
2.60328e-09	-0.00133296
2.60338e-09	-0.00133407
2.60347e-09	-0.00133518
2.60356e-09	-0.00133628
2.60365e-09	-0.00133738
2.60375e-09	-0.00133847
2.60384e-09	-0.00133956
2.60393e-09	-0.00134064
2.60402e-09	-0.00134171
2.60412e-09	-0.00134278
2.60421e-09	-0.00134385
2.6043e-09	-0.00134491
2.60439e-09	-0.00134596
2.60448e-09	-0.00134701
2.60458e-09	-0.00134806
2.60467e-09	-0.0013491
2.60476e-09	-0.00135013
2.60485e-09	-0.00135116
2.60495e-09	-0.00135219
2.60504e-09	-0.00135321
2.60513e-09	-0.00135422
2.60522e-09	-0.00135523
2.60532e-09	-0.00135623
2.60541e-09	-0.00135723
2.6055e-09	-0.00135823
2.60559e-09	-0.00135921
2.60569e-09	-0.0013602
2.60578e-09	-0.00136118
2.60587e-09	-0.00136215
2.60596e-09	-0.00136312
2.60606e-09	-0.00136408
2.60615e-09	-0.00136504
2.60624e-09	-0.001366
2.60633e-09	-0.00136694
2.60643e-09	-0.00136789
2.60652e-09	-0.00136883
2.60661e-09	-0.00136976
2.6067e-09	-0.00137069
2.60679e-09	-0.00137161
2.60689e-09	-0.00137253
2.60698e-09	-0.00137345
2.60707e-09	-0.00137436
2.60716e-09	-0.00137526
2.60726e-09	-0.00137616
2.60735e-09	-0.00137705
2.60744e-09	-0.00137794
2.60753e-09	-0.00137883
2.60763e-09	-0.00137971
2.60772e-09	-0.00138058
2.60781e-09	-0.00138145
2.6079e-09	-0.00138232
2.608e-09	-0.00138318
2.60809e-09	-0.00138403
2.60818e-09	-0.00138488
2.60827e-09	-0.00138573
2.60837e-09	-0.00138657
2.60846e-09	-0.0013874
2.60855e-09	-0.00138824
2.60864e-09	-0.00138906
2.60874e-09	-0.00138988
2.60883e-09	-0.0013907
2.60892e-09	-0.00139151
2.60901e-09	-0.00139232
2.6091e-09	-0.00139312
2.6092e-09	-0.00139392
2.60929e-09	-0.00139471
2.60938e-09	-0.0013955
2.60947e-09	-0.00139628
2.60957e-09	-0.00139706
2.60966e-09	-0.00139783
2.60975e-09	-0.0013986
2.60984e-09	-0.00139937
2.60994e-09	-0.00140013
2.61003e-09	-0.00140088
2.61012e-09	-0.00140163
2.61021e-09	-0.00140238
2.61031e-09	-0.00140312
2.6104e-09	-0.00140385
2.61049e-09	-0.00140459
2.61058e-09	-0.00140531
2.61068e-09	-0.00140603
2.61077e-09	-0.00140675
2.61086e-09	-0.00140746
2.61095e-09	-0.00140817
2.61105e-09	-0.00140888
2.61114e-09	-0.00140957
2.61123e-09	-0.00141027
2.61132e-09	-0.00141096
2.61141e-09	-0.00141164
2.61151e-09	-0.00141232
2.6116e-09	-0.001413
2.61169e-09	-0.00141367
2.61178e-09	-0.00141434
2.61188e-09	-0.001415
2.61197e-09	-0.00141566
2.61206e-09	-0.00141631
2.61215e-09	-0.00141696
2.61225e-09	-0.0014176
2.61234e-09	-0.00141824
2.61243e-09	-0.00141887
2.61252e-09	-0.0014195
2.61262e-09	-0.00142013
2.61271e-09	-0.00142075
2.6128e-09	-0.00142137
2.61289e-09	-0.00142198
2.61299e-09	-0.00142259
2.61308e-09	-0.00142319
2.61317e-09	-0.00142379
2.61326e-09	-0.00142438
2.61336e-09	-0.00142497
2.61345e-09	-0.00142556
2.61354e-09	-0.00142614
2.61363e-09	-0.00142672
2.61373e-09	-0.00142729
2.61382e-09	-0.00142785
2.61391e-09	-0.00142842
2.614e-09	-0.00142898
2.61409e-09	-0.00142953
2.61419e-09	-0.00143008
2.61428e-09	-0.00143063
2.61437e-09	-0.00143117
2.61446e-09	-0.0014317
2.61456e-09	-0.00143224
2.61465e-09	-0.00143276
2.61474e-09	-0.00143329
2.61483e-09	-0.00143381
2.61493e-09	-0.00143432
2.61502e-09	-0.00143483
2.61511e-09	-0.00143534
2.6152e-09	-0.00143584
2.6153e-09	-0.00143634
2.61539e-09	-0.00143683
2.61548e-09	-0.00143732
2.61557e-09	-0.0014378
2.61567e-09	-0.00143828
2.61576e-09	-0.00143876
2.61585e-09	-0.00143923
2.61594e-09	-0.0014397
2.61604e-09	-0.00144016
2.61613e-09	-0.00144062
2.61622e-09	-0.00144108
2.61631e-09	-0.00144153
2.6164e-09	-0.00144197
2.6165e-09	-0.00144241
2.61659e-09	-0.00144285
2.61668e-09	-0.00144328
2.61677e-09	-0.00144371
2.61687e-09	-0.00144414
2.61696e-09	-0.00144456
2.61705e-09	-0.00144498
2.61714e-09	-0.00144539
2.61724e-09	-0.0014458
2.61733e-09	-0.0014462
2.61742e-09	-0.0014466
2.61751e-09	-0.001447
2.61761e-09	-0.00144739
2.6177e-09	-0.00144778
2.61779e-09	-0.00144816
2.61788e-09	-0.00144854
2.61798e-09	-0.00144891
2.61807e-09	-0.00144929
2.61816e-09	-0.00144965
2.61825e-09	-0.00145001
2.61835e-09	-0.00145037
2.61844e-09	-0.00145073
2.61853e-09	-0.00145108
2.61862e-09	-0.00145143
2.61871e-09	-0.00145177
2.61881e-09	-0.00145211
2.6189e-09	-0.00145244
2.61899e-09	-0.00145277
2.61908e-09	-0.0014531
2.61918e-09	-0.00145342
2.61927e-09	-0.00145374
2.61936e-09	-0.00145405
2.61945e-09	-0.00145436
2.61955e-09	-0.00145467
2.61964e-09	-0.00145497
2.61973e-09	-0.00145527
2.61982e-09	-0.00145556
2.61992e-09	-0.00145585
2.62001e-09	-0.00145614
2.6201e-09	-0.00145642
2.62019e-09	-0.0014567
2.62029e-09	-0.00145697
2.62038e-09	-0.00145724
2.62047e-09	-0.00145751
2.62056e-09	-0.00145777
2.62066e-09	-0.00145803
2.62075e-09	-0.00145828
2.62084e-09	-0.00145853
2.62093e-09	-0.00145878
2.62102e-09	-0.00145902
2.62112e-09	-0.00145926
2.62121e-09	-0.0014595
2.6213e-09	-0.00145973
2.62139e-09	-0.00145996
2.62149e-09	-0.00146018
2.62158e-09	-0.0014604
2.62167e-09	-0.00146061
2.62176e-09	-0.00146083
2.62186e-09	-0.00146103
2.62195e-09	-0.00146124
2.62204e-09	-0.00146144
2.62213e-09	-0.00146164
2.62223e-09	-0.00146183
2.62232e-09	-0.00146202
2.62241e-09	-0.0014622
2.6225e-09	-0.00146238
2.6226e-09	-0.00146256
2.62269e-09	-0.00146273
2.62278e-09	-0.0014629
2.62287e-09	-0.00146307
2.62297e-09	-0.00146323
2.62306e-09	-0.00146339
2.62315e-09	-0.00146355
2.62324e-09	-0.0014637
2.62334e-09	-0.00146385
2.62343e-09	-0.00146399
2.62352e-09	-0.00146413
2.62361e-09	-0.00146426
2.6237e-09	-0.0014644
2.6238e-09	-0.00146453
2.62389e-09	-0.00146465
2.62398e-09	-0.00146477
2.62407e-09	-0.00146489
2.62417e-09	-0.001465
2.62426e-09	-0.00146512
2.62435e-09	-0.00146522
2.62444e-09	-0.00146533
2.62454e-09	-0.00146542
2.62463e-09	-0.00146552
2.62472e-09	-0.00146561
2.62481e-09	-0.0014657
2.62491e-09	-0.00146579
2.625e-09	-0.00146587
2.62509e-09	-0.00146594
2.62518e-09	-0.00146602
2.62528e-09	-0.00146609
2.62537e-09	-0.00146616
2.62546e-09	-0.00146622
2.62555e-09	-0.00146628
2.62565e-09	-0.00146634
2.62574e-09	-0.00146639
2.62583e-09	-0.00146644
2.62592e-09	-0.00146648
2.62601e-09	-0.00146652
2.62611e-09	-0.00146656
2.6262e-09	-0.0014666
2.62629e-09	-0.00146663
2.62638e-09	-0.00146666
2.62648e-09	-0.00146668
2.62657e-09	-0.0014667
2.62666e-09	-0.00146672
2.62675e-09	-0.00146673
2.62685e-09	-0.00146674
2.62694e-09	-0.00146675
2.62703e-09	-0.00146675
2.62712e-09	-0.00146675
2.62722e-09	-0.00146675
2.62731e-09	-0.00146674
2.6274e-09	-0.00146673
2.62749e-09	-0.00146672
2.62759e-09	-0.0014667
2.62768e-09	-0.00146668
2.62777e-09	-0.00146666
2.62786e-09	-0.00146663
2.62796e-09	-0.0014666
2.62805e-09	-0.00146656
2.62814e-09	-0.00146653
2.62823e-09	-0.00146649
2.62832e-09	-0.00146644
2.62842e-09	-0.00146639
2.62851e-09	-0.00146634
2.6286e-09	-0.00146629
2.62869e-09	-0.00146623
2.62879e-09	-0.00146617
2.62888e-09	-0.0014661
2.62897e-09	-0.00146603
2.62906e-09	-0.00146596
2.62916e-09	-0.00146589
2.62925e-09	-0.00146581
2.62934e-09	-0.00146573
2.62943e-09	-0.00146564
2.62953e-09	-0.00146556
2.62962e-09	-0.00146547
2.62971e-09	-0.00146537
2.6298e-09	-0.00146527
2.6299e-09	-0.00146517
2.62999e-09	-0.00146507
2.63008e-09	-0.00146496
2.63017e-09	-0.00146485
2.63027e-09	-0.00146474
2.63036e-09	-0.00146462
2.63045e-09	-0.0014645
2.63054e-09	-0.00146437
2.63063e-09	-0.00146425
2.63073e-09	-0.00146412
2.63082e-09	-0.00146398
2.63091e-09	-0.00146385
2.631e-09	-0.00146371
2.6311e-09	-0.00146356
2.63119e-09	-0.00146342
2.63128e-09	-0.00146327
2.63137e-09	-0.00146312
2.63147e-09	-0.00146296
2.63156e-09	-0.0014628
2.63165e-09	-0.00146264
2.63174e-09	-0.00146247
2.63184e-09	-0.00146231
2.63193e-09	-0.00146213
2.63202e-09	-0.00146196
2.63211e-09	-0.00146178
2.63221e-09	-0.0014616
2.6323e-09	-0.00146142
2.63239e-09	-0.00146123
2.63248e-09	-0.00146104
2.63258e-09	-0.00146085
2.63267e-09	-0.00146065
2.63276e-09	-0.00146045
2.63285e-09	-0.00146025
2.63295e-09	-0.00146004
2.63304e-09	-0.00145983
2.63313e-09	-0.00145962
2.63322e-09	-0.00145941
2.63331e-09	-0.00145919
2.63341e-09	-0.00145897
2.6335e-09	-0.00145875
2.63359e-09	-0.00145852
2.63368e-09	-0.00145829
2.63378e-09	-0.00145806
2.63387e-09	-0.00145782
2.63396e-09	-0.00145758
2.63405e-09	-0.00145734
2.63415e-09	-0.0014571
2.63424e-09	-0.00145685
2.63433e-09	-0.0014566
2.63442e-09	-0.00145634
2.63452e-09	-0.00145609
2.63461e-09	-0.00145583
2.6347e-09	-0.00145556
2.63479e-09	-0.0014553
2.63489e-09	-0.00145503
2.63498e-09	-0.00145476
2.63507e-09	-0.00145449
2.63516e-09	-0.00145421
2.63526e-09	-0.00145393
2.63535e-09	-0.00145364
2.63544e-09	-0.00145336
2.63553e-09	-0.00145307
2.63562e-09	-0.00145278
2.63572e-09	-0.00145248
2.63581e-09	-0.00145219
2.6359e-09	-0.00145189
2.63599e-09	-0.00145158
2.63609e-09	-0.00145128
2.63618e-09	-0.00145097
2.63627e-09	-0.00145066
2.63636e-09	-0.00145034
2.63646e-09	-0.00145002
2.63655e-09	-0.0014497
2.63664e-09	-0.00144938
2.63673e-09	-0.00144906
2.63683e-09	-0.00144873
2.63692e-09	-0.0014484
2.63701e-09	-0.00144806
2.6371e-09	-0.00144772
2.6372e-09	-0.00144739
2.63729e-09	-0.00144704
2.63738e-09	-0.0014467
2.63747e-09	-0.00144635
2.63757e-09	-0.001446
2.63766e-09	-0.00144564
2.63775e-09	-0.00144529
2.63784e-09	-0.00144493
2.63793e-09	-0.00144457
2.63803e-09	-0.0014442
2.63812e-09	-0.00144384
2.63821e-09	-0.00144347
2.6383e-09	-0.00144309
2.6384e-09	-0.00144272
2.63849e-09	-0.00144234
2.63858e-09	-0.00144196
2.63867e-09	-0.00144158
2.63877e-09	-0.00144119
2.63886e-09	-0.0014408
2.63895e-09	-0.00144041
2.63904e-09	-0.00144002
2.63914e-09	-0.00143962
2.63923e-09	-0.00143922
2.63932e-09	-0.00143882
2.63941e-09	-0.00143841
2.63951e-09	-0.00143801
2.6396e-09	-0.0014376
2.63969e-09	-0.00143718
2.63978e-09	-0.00143677
2.63988e-09	-0.00143635
2.63997e-09	-0.00143593
2.64006e-09	-0.00143551
2.64015e-09	-0.00143508
2.64024e-09	-0.00143465
2.64034e-09	-0.00143422
2.64043e-09	-0.00143379
2.64052e-09	-0.00143335
2.64061e-09	-0.00143291
2.64071e-09	-0.00143247
2.6408e-09	-0.00143203
2.64089e-09	-0.00143158
2.64098e-09	-0.00143114
2.64108e-09	-0.00143068
2.64117e-09	-0.00143023
2.64126e-09	-0.00142977
2.64135e-09	-0.00142932
2.64145e-09	-0.00142886
2.64154e-09	-0.00142839
2.64163e-09	-0.00142793
2.64172e-09	-0.00142746
2.64182e-09	-0.00142699
2.64191e-09	-0.00142651
2.642e-09	-0.00142604
2.64209e-09	-0.00142556
2.64219e-09	-0.00142508
2.64228e-09	-0.00142459
2.64237e-09	-0.00142411
2.64246e-09	-0.00142362
2.64255e-09	-0.00142313
2.64265e-09	-0.00142263
2.64274e-09	-0.00142214
2.64283e-09	-0.00142164
2.64292e-09	-0.00142114
2.64302e-09	-0.00142064
2.64311e-09	-0.00142013
2.6432e-09	-0.00141962
2.64329e-09	-0.00141911
2.64339e-09	-0.0014186
2.64348e-09	-0.00141809
2.64357e-09	-0.00141757
2.64366e-09	-0.00141705
2.64376e-09	-0.00141653
2.64385e-09	-0.001416
2.64394e-09	-0.00141548
2.64403e-09	-0.00141495
2.64413e-09	-0.00141442
2.64422e-09	-0.00141388
2.64431e-09	-0.00141335
2.6444e-09	-0.00141281
2.6445e-09	-0.00141227
2.64459e-09	-0.00141173
2.64468e-09	-0.00141118
2.64477e-09	-0.00141063
2.64487e-09	-0.00141008
2.64496e-09	-0.00140953
2.64505e-09	-0.00140898
2.64514e-09	-0.00140842
2.64523e-09	-0.00140786
2.64533e-09	-0.0014073
2.64542e-09	-0.00140674
2.64551e-09	-0.00140617
2.6456e-09	-0.0014056
2.6457e-09	-0.00140503
2.64579e-09	-0.00140446
2.64588e-09	-0.00140389
2.64597e-09	-0.00140331
2.64607e-09	-0.00140273
2.64616e-09	-0.00140215
2.64625e-09	-0.00140157
2.64634e-09	-0.00140098
2.64644e-09	-0.00140039
2.64653e-09	-0.0013998
2.64662e-09	-0.00139921
2.64671e-09	-0.00139862
2.64681e-09	-0.00139802
2.6469e-09	-0.00139742
2.64699e-09	-0.00139682
2.64708e-09	-0.00139622
2.64718e-09	-0.00139561
2.64727e-09	-0.001395
2.64736e-09	-0.00139439
2.64745e-09	-0.00139378
2.64754e-09	-0.00139317
2.64764e-09	-0.00139255
2.64773e-09	-0.00139193
2.64782e-09	-0.00139131
2.64791e-09	-0.00139069
2.64801e-09	-0.00139007
2.6481e-09	-0.00138944
2.64819e-09	-0.00138881
2.64828e-09	-0.00138818
2.64838e-09	-0.00138755
2.64847e-09	-0.00138692
2.64856e-09	-0.00138628
2.64865e-09	-0.00138564
2.64875e-09	-0.001385
2.64884e-09	-0.00138436
2.64893e-09	-0.00138371
2.64902e-09	-0.00138306
2.64912e-09	-0.00138241
2.64921e-09	-0.00138176
2.6493e-09	-0.00138111
2.64939e-09	-0.00138045
2.64949e-09	-0.0013798
2.64958e-09	-0.00137914
2.64967e-09	-0.00137848
2.64976e-09	-0.00137781
2.64985e-09	-0.00137715
2.64995e-09	-0.00137648
2.65004e-09	-0.00137581
2.65013e-09	-0.00137514
2.65022e-09	-0.00137447
2.65032e-09	-0.00137379
2.65041e-09	-0.00137312
2.6505e-09	-0.00137244
2.65059e-09	-0.00137176
2.65069e-09	-0.00137107
2.65078e-09	-0.00137039
2.65087e-09	-0.0013697
2.65096e-09	-0.00136901
2.65106e-09	-0.00136832
2.65115e-09	-0.00136763
2.65124e-09	-0.00136693
2.65133e-09	-0.00136624
2.65143e-09	-0.00136554
2.65152e-09	-0.00136484
2.65161e-09	-0.00136414
2.6517e-09	-0.00136343
2.6518e-09	-0.00136273
2.65189e-09	-0.00136202
2.65198e-09	-0.00136131
2.65207e-09	-0.0013606
2.65216e-09	-0.00135989
2.65226e-09	-0.00135917
2.65235e-09	-0.00135845
2.65244e-09	-0.00135774
2.65253e-09	-0.00135701
2.65263e-09	-0.00135629
2.65272e-09	-0.00135557
2.65281e-09	-0.00135484
2.6529e-09	-0.00135411
2.653e-09	-0.00135338
2.65309e-09	-0.00135265
2.65318e-09	-0.00135192
2.65327e-09	-0.00135118
2.65337e-09	-0.00135045
2.65346e-09	-0.00134971
2.65355e-09	-0.00134897
2.65364e-09	-0.00134823
2.65374e-09	-0.00134748
2.65383e-09	-0.00134674
2.65392e-09	-0.00134599
2.65401e-09	-0.00134524
2.65411e-09	-0.00134449
2.6542e-09	-0.00134373
2.65429e-09	-0.00134298
2.65438e-09	-0.00134222
2.65448e-09	-0.00134147
2.65457e-09	-0.00134071
2.65466e-09	-0.00133994
2.65475e-09	-0.00133918
2.65484e-09	-0.00133842
2.65494e-09	-0.00133765
2.65503e-09	-0.00133688
2.65512e-09	-0.00133611
2.65521e-09	-0.00133534
2.65531e-09	-0.00133457
2.6554e-09	-0.00133379
2.65549e-09	-0.00133302
2.65558e-09	-0.00133224
2.65568e-09	-0.00133146
2.65577e-09	-0.00133068
2.65586e-09	-0.00132989
2.65595e-09	-0.00132911
2.65605e-09	-0.00132832
2.65614e-09	-0.00132753
2.65623e-09	-0.00132674
2.65632e-09	-0.00132595
2.65642e-09	-0.00132516
2.65651e-09	-0.00132436
2.6566e-09	-0.00132357
2.65669e-09	-0.00132277
2.65679e-09	-0.00132197
2.65688e-09	-0.00132117
2.65697e-09	-0.00132037
2.65706e-09	-0.00131956
2.65715e-09	-0.00131876
2.65725e-09	-0.00131795
2.65734e-09	-0.00131714
2.65743e-09	-0.00131633
2.65752e-09	-0.00131552
2.65762e-09	-0.0013147
2.65771e-09	-0.00131389
2.6578e-09	-0.00131307
2.65789e-09	-0.00131225
2.65799e-09	-0.00131143
2.65808e-09	-0.00131061
2.65817e-09	-0.00130979
2.65826e-09	-0.00130896
2.65836e-09	-0.00130814
2.65845e-09	-0.00130731
2.65854e-09	-0.00130648
2.65863e-09	-0.00130565
2.65873e-09	-0.00130482
2.65882e-09	-0.00130398
2.65891e-09	-0.00130315
2.659e-09	-0.00130231
2.6591e-09	-0.00130148
2.65919e-09	-0.00130064
2.65928e-09	-0.00129979
2.65937e-09	-0.00129895
2.65946e-09	-0.00129811
2.65956e-09	-0.00129726
2.65965e-09	-0.00129642
2.65974e-09	-0.00129557
2.65983e-09	-0.00129472
2.65993e-09	-0.00129387
2.66002e-09	-0.00129302
2.66011e-09	-0.00129216
2.6602e-09	-0.00129131
2.6603e-09	-0.00129045
2.66039e-09	-0.00128959
2.66048e-09	-0.00128873
2.66057e-09	-0.00128787
2.66067e-09	-0.00128701
2.66076e-09	-0.00128615
2.66085e-09	-0.00128528
2.66094e-09	-0.00128441
2.66104e-09	-0.00128355
2.66113e-09	-0.00128268
2.66122e-09	-0.00128181
2.66131e-09	-0.00128093
2.66141e-09	-0.00128006
2.6615e-09	-0.00127919
2.66159e-09	-0.00127831
2.66168e-09	-0.00127743
2.66177e-09	-0.00127656
2.66187e-09	-0.00127568
2.66196e-09	-0.00127479
2.66205e-09	-0.00127391
2.66214e-09	-0.00127303
2.66224e-09	-0.00127214
2.66233e-09	-0.00127126
2.66242e-09	-0.00127037
2.66251e-09	-0.00126948
2.66261e-09	-0.00126859
2.6627e-09	-0.0012677
2.66279e-09	-0.0012668
2.66288e-09	-0.00126591
2.66298e-09	-0.00126501
2.66307e-09	-0.00126412
2.66316e-09	-0.00126322
2.66325e-09	-0.00126232
2.66335e-09	-0.00126142
2.66344e-09	-0.00126052
2.66353e-09	-0.00125961
2.66362e-09	-0.00125871
2.66372e-09	-0.0012578
2.66381e-09	-0.0012569
2.6639e-09	-0.00125599
2.66399e-09	-0.00125508
2.66408e-09	-0.00125417
2.66418e-09	-0.00125326
2.66427e-09	-0.00125234
2.66436e-09	-0.00125143
2.66445e-09	-0.00125051
2.66455e-09	-0.0012496
2.66464e-09	-0.00124868
2.66473e-09	-0.00124776
2.66482e-09	-0.00124684
2.66492e-09	-0.00124592
2.66501e-09	-0.001245
2.6651e-09	-0.00124407
2.66519e-09	-0.00124315
2.66529e-09	-0.00124222
2.66538e-09	-0.0012413
2.66547e-09	-0.00124037
2.66556e-09	-0.00123944
2.66566e-09	-0.00123851
2.66575e-09	-0.00123758
2.66584e-09	-0.00123664
2.66593e-09	-0.00123571
2.66603e-09	-0.00123477
2.66612e-09	-0.00123384
2.66621e-09	-0.0012329
2.6663e-09	-0.00123196
2.6664e-09	-0.00123102
2.66649e-09	-0.00123008
2.66658e-09	-0.00122914
2.66667e-09	-0.0012282
2.66676e-09	-0.00122725
2.66686e-09	-0.00122631
2.66695e-09	-0.00122536
2.66704e-09	-0.00122441
2.66713e-09	-0.00122347
2.66723e-09	-0.00122252
2.66732e-09	-0.00122157
2.66741e-09	-0.00122061
2.6675e-09	-0.00121966
2.6676e-09	-0.00121871
2.66769e-09	-0.00121775
2.66778e-09	-0.0012168
2.66787e-09	-0.00121584
2.66797e-09	-0.00121488
2.66806e-09	-0.00121393
2.66815e-09	-0.00121297
2.66824e-09	-0.001212
2.66834e-09	-0.00121104
2.66843e-09	-0.00121008
2.66852e-09	-0.00120912
2.66861e-09	-0.00120815
2.66871e-09	-0.00120719
2.6688e-09	-0.00120622
2.66889e-09	-0.00120525
2.66898e-09	-0.00120428
2.66907e-09	-0.00120331
2.66917e-09	-0.00120234
2.66926e-09	-0.00120137
2.66935e-09	-0.0012004
2.66944e-09	-0.00119942
2.66954e-09	-0.00119845
2.66963e-09	-0.00119747
2.66972e-09	-0.0011965
2.66981e-09	-0.00119552
2.66991e-09	-0.00119454
2.67e-09	-0.00119356
2.67009e-09	-0.00119258
2.67018e-09	-0.0011916
2.67028e-09	-0.00119062
2.67037e-09	-0.00118964
2.67046e-09	-0.00118865
2.67055e-09	-0.00118767
2.67065e-09	-0.00118668
2.67074e-09	-0.00118569
2.67083e-09	-0.00118471
2.67092e-09	-0.00118372
2.67102e-09	-0.00118273
2.67111e-09	-0.00118174
2.6712e-09	-0.00118075
2.67129e-09	-0.00117975
2.67138e-09	-0.00117876
2.67148e-09	-0.00117777
2.67157e-09	-0.00117677
2.67166e-09	-0.00117578
2.67175e-09	-0.00117478
2.67185e-09	-0.00117378
2.67194e-09	-0.00117279
2.67203e-09	-0.00117179
2.67212e-09	-0.00117079
2.67222e-09	-0.00116979
2.67231e-09	-0.00116879
2.6724e-09	-0.00116778
2.67249e-09	-0.00116678
2.67259e-09	-0.00116578
2.67268e-09	-0.00116477
2.67277e-09	-0.00116377
2.67286e-09	-0.00116276
2.67296e-09	-0.00116175
2.67305e-09	-0.00116074
2.67314e-09	-0.00115974
2.67323e-09	-0.00115873
2.67333e-09	-0.00115772
2.67342e-09	-0.0011567
2.67351e-09	-0.00115569
2.6736e-09	-0.00115468
2.67369e-09	-0.00115367
2.67379e-09	-0.00115265
2.67388e-09	-0.00115164
2.67397e-09	-0.00115062
2.67406e-09	-0.0011496
2.67416e-09	-0.00114859
2.67425e-09	-0.00114757
2.67434e-09	-0.00114655
2.67443e-09	-0.00114553
2.67453e-09	-0.00114451
2.67462e-09	-0.00114349
2.67471e-09	-0.00114247
2.6748e-09	-0.00114145
2.6749e-09	-0.00114042
2.67499e-09	-0.0011394
2.67508e-09	-0.00113837
2.67517e-09	-0.00113735
2.67527e-09	-0.00113632
2.67536e-09	-0.0011353
2.67545e-09	-0.00113427
2.67554e-09	-0.00113324
2.67564e-09	-0.00113221
2.67573e-09	-0.00113118
2.67582e-09	-0.00113015
2.67591e-09	-0.00112912
2.67601e-09	-0.00112809
2.6761e-09	-0.00112706
2.67619e-09	-0.00112602
2.67628e-09	-0.00112499
2.67637e-09	-0.00112396
2.67647e-09	-0.00112292
2.67656e-09	-0.00112189
2.67665e-09	-0.00112085
2.67674e-09	-0.00111981
2.67684e-09	-0.00111878
2.67693e-09	-0.00111774
2.67702e-09	-0.0011167
2.67711e-09	-0.00111566
2.67721e-09	-0.00111462
2.6773e-09	-0.00111358
2.67739e-09	-0.00111254
2.67748e-09	-0.0011115
2.67758e-09	-0.00111045
2.67767e-09	-0.00110941
2.67776e-09	-0.00110837
2.67785e-09	-0.00110732
2.67795e-09	-0.00110628
2.67804e-09	-0.00110523
2.67813e-09	-0.00110419
2.67822e-09	-0.00110314
2.67832e-09	-0.00110209
2.67841e-09	-0.00110105
2.6785e-09	-0.0011
2.67859e-09	-0.00109895
2.67868e-09	-0.0010979
2.67878e-09	-0.00109685
2.67887e-09	-0.0010958
2.67896e-09	-0.00109475
2.67905e-09	-0.0010937
2.67915e-09	-0.00109264
2.67924e-09	-0.00109159
2.67933e-09	-0.00109054
2.67942e-09	-0.00108948
2.67952e-09	-0.00108843
2.67961e-09	-0.00108737
2.6797e-09	-0.00108632
2.67979e-09	-0.00108526
2.67989e-09	-0.00108421
2.67998e-09	-0.00108315
2.68007e-09	-0.00108209
2.68016e-09	-0.00108103
2.68026e-09	-0.00107997
2.68035e-09	-0.00107892
2.68044e-09	-0.00107786
2.68053e-09	-0.0010768
2.68063e-09	-0.00107574
2.68072e-09	-0.00107467
2.68081e-09	-0.00107361
2.6809e-09	-0.00107255
2.68099e-09	-0.00107149
2.68109e-09	-0.00107043
2.68118e-09	-0.00106936
2.68127e-09	-0.0010683
2.68136e-09	-0.00106723
2.68146e-09	-0.00106617
2.68155e-09	-0.0010651
2.68164e-09	-0.00106404
2.68173e-09	-0.00106297
2.68183e-09	-0.00106191
2.68192e-09	-0.00106084
2.68201e-09	-0.00105977
2.6821e-09	-0.0010587
2.6822e-09	-0.00105764
2.68229e-09	-0.00105657
2.68238e-09	-0.0010555
2.68247e-09	-0.00105443
2.68257e-09	-0.00105336
2.68266e-09	-0.00105229
2.68275e-09	-0.00105122
2.68284e-09	-0.00105015
2.68294e-09	-0.00104907
2.68303e-09	-0.001048
2.68312e-09	-0.00104693
2.68321e-09	-0.00104586
2.6833e-09	-0.00104478
2.6834e-09	-0.00104371
2.68349e-09	-0.00104264
2.68358e-09	-0.00104156
2.68367e-09	-0.00104049
2.68377e-09	-0.00103941
2.68386e-09	-0.00103834
2.68395e-09	-0.00103726
2.68404e-09	-0.00103619
2.68414e-09	-0.00103511
2.68423e-09	-0.00103403
2.68432e-09	-0.00103295
2.68441e-09	-0.00103188
2.68451e-09	-0.0010308
2.6846e-09	-0.00102972
2.68469e-09	-0.00102864
2.68478e-09	-0.00102756
2.68488e-09	-0.00102648
2.68497e-09	-0.0010254
2.68506e-09	-0.00102433
2.68515e-09	-0.00102324
2.68525e-09	-0.00102216
2.68534e-09	-0.00102108
2.68543e-09	-0.00102
2.68552e-09	-0.00101892
2.68561e-09	-0.00101784
2.68571e-09	-0.00101676
2.6858e-09	-0.00101567
2.68589e-09	-0.00101459
2.68598e-09	-0.00101351
2.68608e-09	-0.00101243
2.68617e-09	-0.00101134
2.68626e-09	-0.00101026
2.68635e-09	-0.00100917
2.68645e-09	-0.00100809
2.68654e-09	-0.00100701
2.68663e-09	-0.00100592
2.68672e-09	-0.00100484
2.68682e-09	-0.00100375
2.68691e-09	-0.00100266
2.687e-09	-0.00100158
2.68709e-09	-0.00100049
2.68719e-09	-0.000999406
2.68728e-09	-0.000998319
2.68737e-09	-0.000997232
2.68746e-09	-0.000996145
2.68756e-09	-0.000995058
2.68765e-09	-0.00099397
2.68774e-09	-0.000992882
2.68783e-09	-0.000991794
2.68793e-09	-0.000990706
2.68802e-09	-0.000989617
2.68811e-09	-0.000988528
2.6882e-09	-0.00098744
2.68829e-09	-0.00098635
2.68839e-09	-0.000985261
2.68848e-09	-0.000984171
2.68857e-09	-0.000983082
2.68866e-09	-0.000981992
2.68876e-09	-0.000980901
2.68885e-09	-0.000979811
2.68894e-09	-0.00097872
2.68903e-09	-0.00097763
2.68913e-09	-0.000976539
2.68922e-09	-0.000975448
2.68931e-09	-0.000974356
2.6894e-09	-0.000973265
2.6895e-09	-0.000972173
2.68959e-09	-0.000971081
2.68968e-09	-0.00096999
2.68977e-09	-0.000968897
2.68987e-09	-0.000967805
2.68996e-09	-0.000966713
2.69005e-09	-0.00096562
2.69014e-09	-0.000964527
2.69024e-09	-0.000963434
2.69033e-09	-0.000962341
2.69042e-09	-0.000961248
2.69051e-09	-0.000960155
2.6906e-09	-0.000959061
2.6907e-09	-0.000957968
2.69079e-09	-0.000956874
2.69088e-09	-0.00095578
2.69097e-09	-0.000954686
2.69107e-09	-0.000953592
2.69116e-09	-0.000952498
2.69125e-09	-0.000951404
2.69134e-09	-0.000950309
2.69144e-09	-0.000949215
2.69153e-09	-0.00094812
2.69162e-09	-0.000947025
2.69171e-09	-0.00094593
2.69181e-09	-0.000944835
2.6919e-09	-0.00094374
2.69199e-09	-0.000942645
2.69208e-09	-0.00094155
2.69218e-09	-0.000940455
2.69227e-09	-0.000939359
2.69236e-09	-0.000938264
2.69245e-09	-0.000937168
2.69255e-09	-0.000936073
2.69264e-09	-0.000934977
2.69273e-09	-0.000933881
2.69282e-09	-0.000932786
2.69291e-09	-0.00093169
2.69301e-09	-0.000930594
2.6931e-09	-0.000929498
2.69319e-09	-0.000928402
2.69328e-09	-0.000927306
2.69338e-09	-0.000926209
2.69347e-09	-0.000925113
2.69356e-09	-0.000924017
2.69365e-09	-0.000922921
2.69375e-09	-0.000921824
2.69384e-09	-0.000920728
2.69393e-09	-0.000919632
2.69402e-09	-0.000918535
2.69412e-09	-0.000917439
2.69421e-09	-0.000916342
2.6943e-09	-0.000915246
2.69439e-09	-0.00091415
2.69449e-09	-0.000913053
2.69458e-09	-0.000911956
2.69467e-09	-0.00091086
2.69476e-09	-0.000909763
2.69486e-09	-0.000908667
2.69495e-09	-0.00090757
2.69504e-09	-0.000906474
2.69513e-09	-0.000905377
2.69522e-09	-0.000904281
2.69532e-09	-0.000903184
2.69541e-09	-0.000902088
2.6955e-09	-0.000900991
2.69559e-09	-0.000899895
2.69569e-09	-0.000898798
2.69578e-09	-0.000897702
2.69587e-09	-0.000896606
2.69596e-09	-0.000895509
2.69606e-09	-0.000894413
2.69615e-09	-0.000893317
2.69624e-09	-0.00089222
2.69633e-09	-0.000891124
2.69643e-09	-0.000890028
2.69652e-09	-0.000888932
2.69661e-09	-0.000887836
2.6967e-09	-0.00088674
2.6968e-09	-0.000885644
2.69689e-09	-0.000884548
2.69698e-09	-0.000883452
2.69707e-09	-0.000882356
2.69717e-09	-0.000881261
2.69726e-09	-0.000880165
2.69735e-09	-0.000879069
2.69744e-09	-0.000877974
2.69754e-09	-0.000876878
2.69763e-09	-0.000875783
2.69772e-09	-0.000874688
2.69781e-09	-0.000873592
2.6979e-09	-0.000872497
2.698e-09	-0.000871402
2.69809e-09	-0.000870307
2.69818e-09	-0.000869212
2.69827e-09	-0.000868118
2.69837e-09	-0.000867023
2.69846e-09	-0.000865928
2.69855e-09	-0.000864834
2.69864e-09	-0.00086374
2.69874e-09	-0.000862645
2.69883e-09	-0.000861551
2.69892e-09	-0.000860457
2.69901e-09	-0.000859363
2.69911e-09	-0.000858269
2.6992e-09	-0.000857176
2.69929e-09	-0.000856082
2.69938e-09	-0.000854989
2.69948e-09	-0.000853895
2.69957e-09	-0.000852802
2.69966e-09	-0.000851709
2.69975e-09	-0.000850616
2.69985e-09	-0.000849523
2.69994e-09	-0.000848431
2.70003e-09	-0.000847338
2.70012e-09	-0.000846246
2.70021e-09	-0.000845154
2.70031e-09	-0.000844062
2.7004e-09	-0.00084297
2.70049e-09	-0.000841878
2.70058e-09	-0.000840786
2.70068e-09	-0.000839695
2.70077e-09	-0.000838604
2.70086e-09	-0.000837513
2.70095e-09	-0.000836422
2.70105e-09	-0.000835331
2.70114e-09	-0.00083424
2.70123e-09	-0.00083315
2.70132e-09	-0.00083206
2.70142e-09	-0.000830969
2.70151e-09	-0.00082988
2.7016e-09	-0.00082879
2.70169e-09	-0.0008277
2.70179e-09	-0.000826611
2.70188e-09	-0.000825522
2.70197e-09	-0.000824433
2.70206e-09	-0.000823344
2.70216e-09	-0.000822256
2.70225e-09	-0.000821167
2.70234e-09	-0.000820079
2.70243e-09	-0.000818991
2.70252e-09	-0.000817903
2.70262e-09	-0.000816816
2.70271e-09	-0.000815728
2.7028e-09	-0.000814641
2.70289e-09	-0.000813554
2.70299e-09	-0.000812468
2.70308e-09	-0.000811381
2.70317e-09	-0.000810295
2.70326e-09	-0.000809209
2.70336e-09	-0.000808123
2.70345e-09	-0.000807038
2.70354e-09	-0.000805952
2.70363e-09	-0.000804867
2.70373e-09	-0.000803782
2.70382e-09	-0.000802698
2.70391e-09	-0.000801613
2.704e-09	-0.000800529
2.7041e-09	-0.000799445
2.70419e-09	-0.000798362
2.70428e-09	-0.000797278
2.70437e-09	-0.000796195
2.70447e-09	-0.000795112
2.70456e-09	-0.00079403
2.70465e-09	-0.000792947
2.70474e-09	-0.000791865
2.70483e-09	-0.000790783
2.70493e-09	-0.000789702
2.70502e-09	-0.00078862
2.70511e-09	-0.000787539
2.7052e-09	-0.000786458
2.7053e-09	-0.000785378
2.70539e-09	-0.000784298
2.70548e-09	-0.000783218
2.70557e-09	-0.000782138
2.70567e-09	-0.000781059
2.70576e-09	-0.00077998
2.70585e-09	-0.000778901
2.70594e-09	-0.000777822
2.70604e-09	-0.000776744
2.70613e-09	-0.000775666
2.70622e-09	-0.000774588
2.70631e-09	-0.000773511
2.70641e-09	-0.000772434
2.7065e-09	-0.000771357
2.70659e-09	-0.000770281
2.70668e-09	-0.000769204
2.70678e-09	-0.000768129
2.70687e-09	-0.000767053
2.70696e-09	-0.000765978
2.70705e-09	-0.000764903
2.70715e-09	-0.000763828
2.70724e-09	-0.000762754
2.70733e-09	-0.00076168
2.70742e-09	-0.000760606
2.70751e-09	-0.000759533
2.70761e-09	-0.00075846
2.7077e-09	-0.000757387
2.70779e-09	-0.000756315
2.70788e-09	-0.000755243
2.70798e-09	-0.000754172
2.70807e-09	-0.0007531
2.70816e-09	-0.000752029
2.70825e-09	-0.000750959
2.70835e-09	-0.000749888
2.70844e-09	-0.000748818
2.70853e-09	-0.000747749
2.70862e-09	-0.000746679
2.70872e-09	-0.00074561
2.70881e-09	-0.000744542
2.7089e-09	-0.000743474
2.70899e-09	-0.000742406
2.70909e-09	-0.000741338
2.70918e-09	-0.000740271
2.70927e-09	-0.000739204
2.70936e-09	-0.000738138
2.70946e-09	-0.000737072
2.70955e-09	-0.000736006
2.70964e-09	-0.000734941
2.70973e-09	-0.000733876
2.70982e-09	-0.000732811
2.70992e-09	-0.000731747
2.71001e-09	-0.000730683
2.7101e-09	-0.00072962
2.71019e-09	-0.000728557
2.71029e-09	-0.000727494
2.71038e-09	-0.000726432
2.71047e-09	-0.00072537
2.71056e-09	-0.000724309
2.71066e-09	-0.000723248
2.71075e-09	-0.000722187
2.71084e-09	-0.000721127
2.71093e-09	-0.000720067
2.71103e-09	-0.000719007
2.71112e-09	-0.000717948
2.71121e-09	-0.000716889
2.7113e-09	-0.000715831
2.7114e-09	-0.000714773
2.71149e-09	-0.000713715
2.71158e-09	-0.000712658
2.71167e-09	-0.000711602
2.71177e-09	-0.000710545
2.71186e-09	-0.00070949
2.71195e-09	-0.000708434
2.71204e-09	-0.000707379
2.71213e-09	-0.000706324
2.71223e-09	-0.00070527
2.71232e-09	-0.000704216
2.71241e-09	-0.000703163
2.7125e-09	-0.00070211
2.7126e-09	-0.000701058
2.71269e-09	-0.000700006
2.71278e-09	-0.000698954
2.71287e-09	-0.000697903
2.71297e-09	-0.000696852
2.71306e-09	-0.000695802
2.71315e-09	-0.000694752
2.71324e-09	-0.000693703
2.71334e-09	-0.000692654
2.71343e-09	-0.000691605
2.71352e-09	-0.000690557
2.71361e-09	-0.000689509
2.71371e-09	-0.000688462
2.7138e-09	-0.000687415
2.71389e-09	-0.000686369
2.71398e-09	-0.000685323
2.71408e-09	-0.000684278
2.71417e-09	-0.000683233
2.71426e-09	-0.000682189
2.71435e-09	-0.000681145
2.71444e-09	-0.000680101
2.71454e-09	-0.000679058
2.71463e-09	-0.000678016
2.71472e-09	-0.000676973
2.71481e-09	-0.000675932
2.71491e-09	-0.000674891
2.715e-09	-0.00067385
2.71509e-09	-0.00067281
2.71518e-09	-0.00067177
2.71528e-09	-0.000670731
2.71537e-09	-0.000669692
2.71546e-09	-0.000668654
2.71555e-09	-0.000667616
2.71565e-09	-0.000666578
2.71574e-09	-0.000665542
2.71583e-09	-0.000664505
2.71592e-09	-0.000663469
2.71602e-09	-0.000662434
2.71611e-09	-0.000661399
2.7162e-09	-0.000660365
2.71629e-09	-0.000659331
2.71639e-09	-0.000658297
2.71648e-09	-0.000657265
2.71657e-09	-0.000656232
2.71666e-09	-0.0006552
2.71675e-09	-0.000654169
2.71685e-09	-0.000653138
2.71694e-09	-0.000652108
2.71703e-09	-0.000651078
2.71712e-09	-0.000650049
2.71722e-09	-0.00064902
2.71731e-09	-0.000647991
2.7174e-09	-0.000646964
2.71749e-09	-0.000645936
2.71759e-09	-0.00064491
2.71768e-09	-0.000643883
2.71777e-09	-0.000642858
2.71786e-09	-0.000641832
2.71796e-09	-0.000640808
2.71805e-09	-0.000639784
2.71814e-09	-0.00063876
2.71823e-09	-0.000637737
2.71833e-09	-0.000636715
2.71842e-09	-0.000635693
2.71851e-09	-0.000634671
2.7186e-09	-0.00063365
2.7187e-09	-0.00063263
2.71879e-09	-0.00063161
2.71888e-09	-0.00063059
2.71897e-09	-0.000629572
2.71907e-09	-0.000628554
2.71916e-09	-0.000627536
2.71925e-09	-0.000626519
2.71934e-09	-0.000625502
2.71943e-09	-0.000624486
2.71953e-09	-0.000623471
2.71962e-09	-0.000622456
2.71971e-09	-0.000621441
2.7198e-09	-0.000620427
2.7199e-09	-0.000619414
2.71999e-09	-0.000618401
2.72008e-09	-0.000617389
2.72017e-09	-0.000616378
2.72027e-09	-0.000615367
2.72036e-09	-0.000614356
2.72045e-09	-0.000613346
2.72054e-09	-0.000612337
2.72064e-09	-0.000611328
2.72073e-09	-0.00061032
2.72082e-09	-0.000609312
2.72091e-09	-0.000608305
2.72101e-09	-0.000607299
2.7211e-09	-0.000606293
2.72119e-09	-0.000605288
2.72128e-09	-0.000604283
2.72138e-09	-0.000603279
2.72147e-09	-0.000602275
2.72156e-09	-0.000601272
2.72165e-09	-0.00060027
2.72174e-09	-0.000599268
2.72184e-09	-0.000598266
2.72193e-09	-0.000597266
2.72202e-09	-0.000596266
2.72211e-09	-0.000595266
2.72221e-09	-0.000594267
2.7223e-09	-0.000593269
2.72239e-09	-0.000592271
2.72248e-09	-0.000591274
2.72258e-09	-0.000590278
2.72267e-09	-0.000589282
2.72276e-09	-0.000588286
2.72285e-09	-0.000587292
2.72295e-09	-0.000586298
2.72304e-09	-0.000585304
2.72313e-09	-0.000584311
2.72322e-09	-0.000583319
2.72332e-09	-0.000582327
2.72341e-09	-0.000581336
2.7235e-09	-0.000580346
2.72359e-09	-0.000579356
2.72369e-09	-0.000578367
2.72378e-09	-0.000577378
2.72387e-09	-0.00057639
2.72396e-09	-0.000575402
2.72405e-09	-0.000574416
2.72415e-09	-0.000573429
2.72424e-09	-0.000572444
2.72433e-09	-0.000571459
2.72442e-09	-0.000570475
2.72452e-09	-0.000569491
2.72461e-09	-0.000568508
2.7247e-09	-0.000567525
2.72479e-09	-0.000566544
2.72489e-09	-0.000565562
2.72498e-09	-0.000564582
2.72507e-09	-0.000563602
2.72516e-09	-0.000562623
2.72526e-09	-0.000561644
2.72535e-09	-0.000560666
2.72544e-09	-0.000559689
2.72553e-09	-0.000558712
2.72563e-09	-0.000557736
2.72572e-09	-0.00055676
2.72581e-09	-0.000555785
2.7259e-09	-0.000554811
2.726e-09	-0.000553838
2.72609e-09	-0.000552865
2.72618e-09	-0.000551893
2.72627e-09	-0.000550921
2.72636e-09	-0.00054995
2.72646e-09	-0.00054898
2.72655e-09	-0.00054801
2.72664e-09	-0.000547041
2.72673e-09	-0.000546073
2.72683e-09	-0.000545105
2.72692e-09	-0.000544138
2.72701e-09	-0.000543171
2.7271e-09	-0.000542206
2.7272e-09	-0.000541241
2.72729e-09	-0.000540276
2.72738e-09	-0.000539312
2.72747e-09	-0.000538349
2.72757e-09	-0.000537387
2.72766e-09	-0.000536425
2.72775e-09	-0.000535464
2.72784e-09	-0.000534503
2.72794e-09	-0.000533544
2.72803e-09	-0.000532585
2.72812e-09	-0.000531626
2.72821e-09	-0.000530668
2.72831e-09	-0.000529711
2.7284e-09	-0.000528755
2.72849e-09	-0.000527799
2.72858e-09	-0.000526844
2.72868e-09	-0.00052589
2.72877e-09	-0.000524936
2.72886e-09	-0.000523983
2.72895e-09	-0.00052303
2.72904e-09	-0.000522079
2.72914e-09	-0.000521128
2.72923e-09	-0.000520177
2.72932e-09	-0.000519228
2.72941e-09	-0.000518279
2.72951e-09	-0.00051733
2.7296e-09	-0.000516383
2.72969e-09	-0.000515436
2.72978e-09	-0.000514489
2.72988e-09	-0.000513544
2.72997e-09	-0.000512599
2.73006e-09	-0.000511655
2.73015e-09	-0.000510711
2.73025e-09	-0.000509769
2.73034e-09	-0.000508827
2.73043e-09	-0.000507885
2.73052e-09	-0.000506944
2.73062e-09	-0.000506004
2.73071e-09	-0.000505065
2.7308e-09	-0.000504126
2.73089e-09	-0.000503189
2.73099e-09	-0.000502251
2.73108e-09	-0.000501315
2.73117e-09	-0.000500379
2.73126e-09	-0.000499444
2.73135e-09	-0.00049851
2.73145e-09	-0.000497576
2.73154e-09	-0.000496643
2.73163e-09	-0.000495711
2.73172e-09	-0.000494779
2.73182e-09	-0.000493848
2.73191e-09	-0.000492918
2.732e-09	-0.000491988
2.73209e-09	-0.00049106
2.73219e-09	-0.000490132
2.73228e-09	-0.000489204
2.73237e-09	-0.000488278
2.73246e-09	-0.000487352
2.73256e-09	-0.000486427
2.73265e-09	-0.000485502
2.73274e-09	-0.000484579
2.73283e-09	-0.000483656
2.73293e-09	-0.000482733
2.73302e-09	-0.000481812
2.73311e-09	-0.000480891
2.7332e-09	-0.000479971
2.7333e-09	-0.000479051
2.73339e-09	-0.000478133
2.73348e-09	-0.000477215
2.73357e-09	-0.000476297
2.73366e-09	-0.000475381
2.73376e-09	-0.000474465
2.73385e-09	-0.00047355
2.73394e-09	-0.000472636
2.73403e-09	-0.000471722
2.73413e-09	-0.000470809
2.73422e-09	-0.000469897
2.73431e-09	-0.000468986
2.7344e-09	-0.000468075
2.7345e-09	-0.000467165
2.73459e-09	-0.000466256
2.73468e-09	-0.000465348
2.73477e-09	-0.00046444
2.73487e-09	-0.000463533
2.73496e-09	-0.000462627
2.73505e-09	-0.000461721
2.73514e-09	-0.000460816
2.73524e-09	-0.000459912
2.73533e-09	-0.000459009
2.73542e-09	-0.000458106
2.73551e-09	-0.000457205
2.73561e-09	-0.000456304
2.7357e-09	-0.000455403
2.73579e-09	-0.000454504
2.73588e-09	-0.000453605
2.73597e-09	-0.000452707
2.73607e-09	-0.000451809
2.73616e-09	-0.000450913
2.73625e-09	-0.000450017
2.73634e-09	-0.000449122
2.73644e-09	-0.000448228
2.73653e-09	-0.000447334
2.73662e-09	-0.000446441
2.73671e-09	-0.000445549
2.73681e-09	-0.000444658
2.7369e-09	-0.000443767
2.73699e-09	-0.000442877
2.73708e-09	-0.000441988
2.73718e-09	-0.0004411
2.73727e-09	-0.000440212
2.73736e-09	-0.000439326
2.73745e-09	-0.00043844
2.73755e-09	-0.000437554
2.73764e-09	-0.00043667
2.73773e-09	-0.000435786
2.73782e-09	-0.000434903
2.73792e-09	-0.000434021
2.73801e-09	-0.000433139
2.7381e-09	-0.000432259
2.73819e-09	-0.000431379
2.73828e-09	-0.0004305
2.73838e-09	-0.000429621
2.73847e-09	-0.000428744
2.73856e-09	-0.000427867
2.73865e-09	-0.000426991
2.73875e-09	-0.000426115
2.73884e-09	-0.000425241
2.73893e-09	-0.000424367
2.73902e-09	-0.000423494
2.73912e-09	-0.000422622
2.73921e-09	-0.00042175
2.7393e-09	-0.000420879
2.73939e-09	-0.000420009
2.73949e-09	-0.00041914
2.73958e-09	-0.000418272
2.73967e-09	-0.000417404
2.73976e-09	-0.000416537
2.73986e-09	-0.000415671
2.73995e-09	-0.000414806
2.74004e-09	-0.000413942
2.74013e-09	-0.000413078
2.74023e-09	-0.000412215
2.74032e-09	-0.000411353
2.74041e-09	-0.000410491
2.7405e-09	-0.000409631
2.7406e-09	-0.000408771
2.74069e-09	-0.000407912
2.74078e-09	-0.000407053
2.74087e-09	-0.000406196
2.74096e-09	-0.000405339
2.74106e-09	-0.000404483
2.74115e-09	-0.000403628
2.74124e-09	-0.000402774
2.74133e-09	-0.00040192
2.74143e-09	-0.000401067
2.74152e-09	-0.000400215
2.74161e-09	-0.000399364
2.7417e-09	-0.000398514
2.7418e-09	-0.000397664
2.74189e-09	-0.000396815
2.74198e-09	-0.000395967
2.74207e-09	-0.00039512
2.74217e-09	-0.000394273
2.74226e-09	-0.000393428
2.74235e-09	-0.000392583
2.74244e-09	-0.000391739
2.74254e-09	-0.000390895
2.74263e-09	-0.000390053
2.74272e-09	-0.000389211
2.74281e-09	-0.00038837
2.74291e-09	-0.00038753
2.743e-09	-0.000386691
2.74309e-09	-0.000385852
2.74318e-09	-0.000385015
2.74327e-09	-0.000384178
2.74337e-09	-0.000383341
2.74346e-09	-0.000382506
2.74355e-09	-0.000381672
2.74364e-09	-0.000380838
2.74374e-09	-0.000380005
2.74383e-09	-0.000379173
2.74392e-09	-0.000378341
2.74401e-09	-0.000377511
2.74411e-09	-0.000376681
2.7442e-09	-0.000375852
2.74429e-09	-0.000375024
2.74438e-09	-0.000374197
2.74448e-09	-0.00037337
2.74457e-09	-0.000372544
2.74466e-09	-0.000371719
2.74475e-09	-0.000370895
2.74485e-09	-0.000370072
2.74494e-09	-0.000369249
2.74503e-09	-0.000368428
2.74512e-09	-0.000367607
2.74522e-09	-0.000366787
2.74531e-09	-0.000365967
2.7454e-09	-0.000365149
2.74549e-09	-0.000364331
2.74558e-09	-0.000363514
2.74568e-09	-0.000362698
2.74577e-09	-0.000361883
2.74586e-09	-0.000361068
2.74595e-09	-0.000360255
2.74605e-09	-0.000359442
2.74614e-09	-0.00035863
2.74623e-09	-0.000357819
2.74632e-09	-0.000357008
2.74642e-09	-0.000356199
2.74651e-09	-0.00035539
2.7466e-09	-0.000354582
2.74669e-09	-0.000353775
2.74679e-09	-0.000352969
2.74688e-09	-0.000352163
2.74697e-09	-0.000351358
2.74706e-09	-0.000350555
2.74716e-09	-0.000349751
2.74725e-09	-0.000348949
2.74734e-09	-0.000348148
2.74743e-09	-0.000347347
2.74753e-09	-0.000346547
2.74762e-09	-0.000345748
2.74771e-09	-0.00034495
2.7478e-09	-0.000344153
2.74789e-09	-0.000343356
2.74799e-09	-0.000342561
2.74808e-09	-0.000341766
2.74817e-09	-0.000340972
2.74826e-09	-0.000340178
2.74836e-09	-0.000339386
2.74845e-09	-0.000338594
2.74854e-09	-0.000337804
2.74863e-09	-0.000337014
2.74873e-09	-0.000336225
2.74882e-09	-0.000335436
2.74891e-09	-0.000334649
2.749e-09	-0.000333862
2.7491e-09	-0.000333076
2.74919e-09	-0.000332291
2.74928e-09	-0.000331507
2.74937e-09	-0.000330724
2.74947e-09	-0.000329941
2.74956e-09	-0.000329159
2.74965e-09	-0.000328378
2.74974e-09	-0.000327598
2.74984e-09	-0.000326819
2.74993e-09	-0.000326041
2.75002e-09	-0.000325263
2.75011e-09	-0.000324486
2.75021e-09	-0.00032371
2.7503e-09	-0.000322935
2.75039e-09	-0.000322161
2.75048e-09	-0.000321387
2.75057e-09	-0.000320615
2.75067e-09	-0.000319843
2.75076e-09	-0.000319072
2.75085e-09	-0.000318302
2.75094e-09	-0.000317532
2.75104e-09	-0.000316764
2.75113e-09	-0.000315996
2.75122e-09	-0.000315229
2.75131e-09	-0.000314463
2.75141e-09	-0.000313698
2.7515e-09	-0.000312934
2.75159e-09	-0.00031217
2.75168e-09	-0.000311408
2.75178e-09	-0.000310646
2.75187e-09	-0.000309885
2.75196e-09	-0.000309124
2.75205e-09	-0.000308365
2.75215e-09	-0.000307607
2.75224e-09	-0.000306849
2.75233e-09	-0.000306092
2.75242e-09	-0.000305336
2.75252e-09	-0.000304581
2.75261e-09	-0.000303826
2.7527e-09	-0.000303073
2.75279e-09	-0.00030232
2.75288e-09	-0.000301568
2.75298e-09	-0.000300817
2.75307e-09	-0.000300067
2.75316e-09	-0.000299318
2.75325e-09	-0.000298569
2.75335e-09	-0.000297821
2.75344e-09	-0.000297075
2.75353e-09	-0.000296329
2.75362e-09	-0.000295583
2.75372e-09	-0.000294839
2.75381e-09	-0.000294095
2.7539e-09	-0.000293353
2.75399e-09	-0.000292611
2.75409e-09	-0.00029187
2.75418e-09	-0.00029113
2.75427e-09	-0.00029039
2.75436e-09	-0.000289652
2.75446e-09	-0.000288914
2.75455e-09	-0.000288177
2.75464e-09	-0.000287441
2.75473e-09	-0.000286706
2.75483e-09	-0.000285972
2.75492e-09	-0.000285238
2.75501e-09	-0.000284506
2.7551e-09	-0.000283774
2.75519e-09	-0.000283043
2.75529e-09	-0.000282313
2.75538e-09	-0.000281584
2.75547e-09	-0.000280855
2.75556e-09	-0.000280128
2.75566e-09	-0.000279401
2.75575e-09	-0.000278675
2.75584e-09	-0.00027795
2.75593e-09	-0.000277226
2.75603e-09	-0.000276502
2.75612e-09	-0.00027578
2.75621e-09	-0.000275058
2.7563e-09	-0.000274337
2.7564e-09	-0.000273617
2.75649e-09	-0.000272898
2.75658e-09	-0.000272179
2.75667e-09	-0.000271462
2.75677e-09	-0.000270745
2.75686e-09	-0.000270029
2.75695e-09	-0.000269314
2.75704e-09	-0.0002686
2.75714e-09	-0.000267887
2.75723e-09	-0.000267174
2.75732e-09	-0.000266463
2.75741e-09	-0.000265752
2.7575e-09	-0.000265042
2.7576e-09	-0.000264333
2.75769e-09	-0.000263624
2.75778e-09	-0.000262917
2.75787e-09	-0.00026221
2.75797e-09	-0.000261505
2.75806e-09	-0.0002608
2.75815e-09	-0.000260096
2.75824e-09	-0.000259392
2.75834e-09	-0.00025869
2.75843e-09	-0.000257988
2.75852e-09	-0.000257288
2.75861e-09	-0.000256588
2.75871e-09	-0.000255889
2.7588e-09	-0.000255191
2.75889e-09	-0.000254493
2.75898e-09	-0.000253797
2.75908e-09	-0.000253101
2.75917e-09	-0.000252406
2.75926e-09	-0.000251712
2.75935e-09	-0.000251019
2.75945e-09	-0.000250327
2.75954e-09	-0.000249636
2.75963e-09	-0.000248945
2.75972e-09	-0.000248255
2.75981e-09	-0.000247566
2.75991e-09	-0.000246878
2.76e-09	-0.000246191
2.76009e-09	-0.000245505
2.76018e-09	-0.000244819
2.76028e-09	-0.000244134
2.76037e-09	-0.000243451
2.76046e-09	-0.000242768
2.76055e-09	-0.000242085
2.76065e-09	-0.000241404
2.76074e-09	-0.000240724
2.76083e-09	-0.000240044
2.76092e-09	-0.000239365
2.76102e-09	-0.000238687
2.76111e-09	-0.00023801
2.7612e-09	-0.000237334
2.76129e-09	-0.000236658
2.76139e-09	-0.000235984
2.76148e-09	-0.00023531
2.76157e-09	-0.000234637
2.76166e-09	-0.000233965
2.76176e-09	-0.000233294
2.76185e-09	-0.000232624
2.76194e-09	-0.000231954
2.76203e-09	-0.000231285
2.76213e-09	-0.000230617
2.76222e-09	-0.00022995
2.76231e-09	-0.000229284
2.7624e-09	-0.000228619
2.76249e-09	-0.000227955
2.76259e-09	-0.000227291
2.76268e-09	-0.000226628
2.76277e-09	-0.000225966
2.76286e-09	-0.000225305
2.76296e-09	-0.000224645
2.76305e-09	-0.000223985
2.76314e-09	-0.000223327
2.76323e-09	-0.000222669
2.76333e-09	-0.000222012
2.76342e-09	-0.000221356
2.76351e-09	-0.000220701
2.7636e-09	-0.000220047
2.7637e-09	-0.000219393
2.76379e-09	-0.00021874
2.76388e-09	-0.000218089
2.76397e-09	-0.000217438
2.76407e-09	-0.000216787
2.76416e-09	-0.000216138
2.76425e-09	-0.00021549
2.76434e-09	-0.000214842
2.76444e-09	-0.000214195
2.76453e-09	-0.000213549
2.76462e-09	-0.000212904
2.76471e-09	-0.00021226
2.7648e-09	-0.000211616
2.7649e-09	-0.000210974
2.76499e-09	-0.000210332
2.76508e-09	-0.000209691
2.76517e-09	-0.000209051
2.76527e-09	-0.000208412
2.76536e-09	-0.000207774
2.76545e-09	-0.000207136
2.76554e-09	-0.000206499
2.76564e-09	-0.000205864
2.76573e-09	-0.000205228
2.76582e-09	-0.000204594
2.76591e-09	-0.000203961
2.76601e-09	-0.000203328
2.7661e-09	-0.000202697
2.76619e-09	-0.000202066
2.76628e-09	-0.000201436
2.76638e-09	-0.000200807
2.76647e-09	-0.000200179
2.76656e-09	-0.000199551
2.76665e-09	-0.000198924
2.76675e-09	-0.000198299
2.76684e-09	-0.000197674
2.76693e-09	-0.00019705
2.76702e-09	-0.000196426
2.76711e-09	-0.000195804
2.76721e-09	-0.000195182
2.7673e-09	-0.000194562
2.76739e-09	-0.000193942
2.76748e-09	-0.000193323
2.76758e-09	-0.000192704
2.76767e-09	-0.000192087
2.76776e-09	-0.00019147
2.76785e-09	-0.000190855
2.76795e-09	-0.00019024
2.76804e-09	-0.000189626
2.76813e-09	-0.000189013
2.76822e-09	-0.0001884
2.76832e-09	-0.000187789
2.76841e-09	-0.000187178
2.7685e-09	-0.000186568
2.76859e-09	-0.000185959
2.76869e-09	-0.000185351
2.76878e-09	-0.000184743
2.76887e-09	-0.000184137
2.76896e-09	-0.000183531
2.76906e-09	-0.000182926
2.76915e-09	-0.000182322
2.76924e-09	-0.000181719
2.76933e-09	-0.000181117
2.76942e-09	-0.000180515
2.76952e-09	-0.000179915
2.76961e-09	-0.000179315
2.7697e-09	-0.000178716
2.76979e-09	-0.000178117
2.76989e-09	-0.00017752
2.76998e-09	-0.000176924
2.77007e-09	-0.000176328
2.77016e-09	-0.000175733
2.77026e-09	-0.000175139
2.77035e-09	-0.000174546
2.77044e-09	-0.000173953
2.77053e-09	-0.000173362
2.77063e-09	-0.000172771
2.77072e-09	-0.000172181
2.77081e-09	-0.000171592
2.7709e-09	-0.000171004
2.771e-09	-0.000170417
2.77109e-09	-0.00016983
2.77118e-09	-0.000169245
2.77127e-09	-0.00016866
2.77137e-09	-0.000168076
2.77146e-09	-0.000167492
2.77155e-09	-0.00016691
2.77164e-09	-0.000166328
2.77174e-09	-0.000165748
2.77183e-09	-0.000165168
2.77192e-09	-0.000164589
2.77201e-09	-0.00016401
2.7721e-09	-0.000163433
2.7722e-09	-0.000162856
2.77229e-09	-0.000162281
2.77238e-09	-0.000161706
2.77247e-09	-0.000161132
2.77257e-09	-0.000160558
2.77266e-09	-0.000159986
2.77275e-09	-0.000159414
2.77284e-09	-0.000158844
2.77294e-09	-0.000158274
2.77303e-09	-0.000157704
2.77312e-09	-0.000157136
2.77321e-09	-0.000156569
2.77331e-09	-0.000156002
2.7734e-09	-0.000155436
2.77349e-09	-0.000154871
2.77358e-09	-0.000154307
2.77368e-09	-0.000153743
2.77377e-09	-0.000153181
2.77386e-09	-0.000152619
2.77395e-09	-0.000152058
2.77405e-09	-0.000151498
2.77414e-09	-0.000150939
2.77423e-09	-0.00015038
2.77432e-09	-0.000149823
2.77441e-09	-0.000149266
2.77451e-09	-0.00014871
2.7746e-09	-0.000148155
2.77469e-09	-0.000147601
2.77478e-09	-0.000147047
2.77488e-09	-0.000146494
2.77497e-09	-0.000145943
2.77506e-09	-0.000145391
2.77515e-09	-0.000144841
2.77525e-09	-0.000144292
2.77534e-09	-0.000143743
2.77543e-09	-0.000143195
2.77552e-09	-0.000142649
2.77562e-09	-0.000142102
2.77571e-09	-0.000141557
2.7758e-09	-0.000141013
2.77589e-09	-0.000140469
2.77599e-09	-0.000139926
2.77608e-09	-0.000139384
2.77617e-09	-0.000138843
2.77626e-09	-0.000138302
2.77636e-09	-0.000137763
2.77645e-09	-0.000137224
2.77654e-09	-0.000136686
2.77663e-09	-0.000136149
2.77672e-09	-0.000135612
2.77682e-09	-0.000135077
2.77691e-09	-0.000134542
2.777e-09	-0.000134008
2.77709e-09	-0.000133475
2.77719e-09	-0.000132943
2.77728e-09	-0.000132411
2.77737e-09	-0.000131881
2.77746e-09	-0.000131351
2.77756e-09	-0.000130822
2.77765e-09	-0.000130294
2.77774e-09	-0.000129766
2.77783e-09	-0.00012924
2.77793e-09	-0.000128714
2.77802e-09	-0.000128189
2.77811e-09	-0.000127665
2.7782e-09	-0.000127141
2.7783e-09	-0.000126619
2.77839e-09	-0.000126097
2.77848e-09	-0.000125576
2.77857e-09	-0.000125056
2.77867e-09	-0.000124537
2.77876e-09	-0.000124018
2.77885e-09	-0.000123501
2.77894e-09	-0.000122984
2.77903e-09	-0.000122468
2.77913e-09	-0.000121952
2.77922e-09	-0.000121438
2.77931e-09	-0.000120924
2.7794e-09	-0.000120411
2.7795e-09	-0.000119899
2.77959e-09	-0.000119388
2.77968e-09	-0.000118877
2.77977e-09	-0.000118368
2.77987e-09	-0.000117859
2.77996e-09	-0.000117351
2.78005e-09	-0.000116844
2.78014e-09	-0.000116337
2.78024e-09	-0.000115832
2.78033e-09	-0.000115327
2.78042e-09	-0.000114823
2.78051e-09	-0.000114319
2.78061e-09	-0.000113817
2.7807e-09	-0.000113315
2.78079e-09	-0.000112814
2.78088e-09	-0.000112314
2.78098e-09	-0.000111815
2.78107e-09	-0.000111317
2.78116e-09	-0.000110819
2.78125e-09	-0.000110322
2.78135e-09	-0.000109826
2.78144e-09	-0.000109331
2.78153e-09	-0.000108836
2.78162e-09	-0.000108343
2.78171e-09	-0.00010785
2.78181e-09	-0.000107358
2.7819e-09	-0.000106867
2.78199e-09	-0.000106376
2.78208e-09	-0.000105886
2.78218e-09	-0.000105397
2.78227e-09	-0.000104909
2.78236e-09	-0.000104422
2.78245e-09	-0.000103935
2.78255e-09	-0.00010345
2.78264e-09	-0.000102965
2.78273e-09	-0.000102481
2.78282e-09	-0.000101997
2.78292e-09	-0.000101515
2.78301e-09	-0.000101033
2.7831e-09	-0.000100552
2.78319e-09	-0.000100072
2.78329e-09	-9.95923e-05
2.78338e-09	-9.91136e-05
2.78347e-09	-9.86358e-05
2.78356e-09	-9.81587e-05
2.78366e-09	-9.76825e-05
2.78375e-09	-9.7207e-05
2.78384e-09	-9.67323e-05
2.78393e-09	-9.62584e-05
2.78402e-09	-9.57852e-05
2.78412e-09	-9.53129e-05
2.78421e-09	-9.48413e-05
2.7843e-09	-9.43706e-05
2.78439e-09	-9.39006e-05
2.78449e-09	-9.34314e-05
2.78458e-09	-9.29629e-05
2.78467e-09	-9.24953e-05
2.78476e-09	-9.20284e-05
2.78486e-09	-9.15624e-05
2.78495e-09	-9.10971e-05
2.78504e-09	-9.06325e-05
2.78513e-09	-9.01688e-05
2.78523e-09	-8.97058e-05
2.78532e-09	-8.92437e-05
2.78541e-09	-8.87823e-05
2.7855e-09	-8.83216e-05
2.7856e-09	-8.78618e-05
2.78569e-09	-8.74027e-05
2.78578e-09	-8.69444e-05
2.78587e-09	-8.64869e-05
2.78597e-09	-8.60302e-05
2.78606e-09	-8.55742e-05
2.78615e-09	-8.5119e-05
2.78624e-09	-8.46646e-05
2.78633e-09	-8.4211e-05
2.78643e-09	-8.37581e-05
2.78652e-09	-8.3306e-05
2.78661e-09	-8.28547e-05
2.7867e-09	-8.24041e-05
2.7868e-09	-8.19544e-05
2.78689e-09	-8.15054e-05
2.78698e-09	-8.10571e-05
2.78707e-09	-8.06097e-05
2.78717e-09	-8.0163e-05
2.78726e-09	-7.9717e-05
2.78735e-09	-7.92719e-05
2.78744e-09	-7.88275e-05
2.78754e-09	-7.83839e-05
2.78763e-09	-7.7941e-05
2.78772e-09	-7.74989e-05
2.78781e-09	-7.70576e-05
2.78791e-09	-7.66171e-05
2.788e-09	-7.61773e-05
2.78809e-09	-7.57383e-05
2.78818e-09	-7.53e-05
2.78828e-09	-7.48625e-05
2.78837e-09	-7.44258e-05
2.78846e-09	-7.39898e-05
2.78855e-09	-7.35546e-05
2.78864e-09	-7.31202e-05
2.78874e-09	-7.26865e-05
2.78883e-09	-7.22536e-05
2.78892e-09	-7.18215e-05
2.78901e-09	-7.13901e-05
2.78911e-09	-7.09594e-05
2.7892e-09	-7.05296e-05
2.78929e-09	-7.01004e-05
2.78938e-09	-6.96721e-05
2.78948e-09	-6.92445e-05
2.78957e-09	-6.88177e-05
2.78966e-09	-6.83916e-05
2.78975e-09	-6.79662e-05
2.78985e-09	-6.75417e-05
2.78994e-09	-6.71179e-05
2.79003e-09	-6.66948e-05
2.79012e-09	-6.62725e-05
2.79022e-09	-6.5851e-05
2.79031e-09	-6.54302e-05
2.7904e-09	-6.50101e-05
2.79049e-09	-6.45908e-05
2.79059e-09	-6.41723e-05
2.79068e-09	-6.37545e-05
2.79077e-09	-6.33375e-05
2.79086e-09	-6.29212e-05
2.79095e-09	-6.25056e-05
2.79105e-09	-6.20909e-05
2.79114e-09	-6.16768e-05
2.79123e-09	-6.12635e-05
2.79132e-09	-6.0851e-05
2.79142e-09	-6.04392e-05
2.79151e-09	-6.00282e-05
2.7916e-09	-5.96179e-05
2.79169e-09	-5.92083e-05
2.79179e-09	-5.87995e-05
2.79188e-09	-5.83914e-05
2.79197e-09	-5.79841e-05
2.79206e-09	-5.75776e-05
2.79216e-09	-5.71717e-05
2.79225e-09	-5.67667e-05
2.79234e-09	-5.63623e-05
2.79243e-09	-5.59587e-05
2.79253e-09	-5.55558e-05
2.79262e-09	-5.51537e-05
2.79271e-09	-5.47523e-05
2.7928e-09	-5.43517e-05
2.7929e-09	-5.39518e-05
2.79299e-09	-5.35527e-05
2.79308e-09	-5.31542e-05
2.79317e-09	-5.27565e-05
2.79327e-09	-5.23596e-05
2.79336e-09	-5.19634e-05
2.79345e-09	-5.15679e-05
2.79354e-09	-5.11732e-05
2.79363e-09	-5.07792e-05
2.79373e-09	-5.03859e-05
2.79382e-09	-4.99934e-05
2.79391e-09	-4.96016e-05
2.794e-09	-4.92105e-05
2.7941e-09	-4.88202e-05
2.79419e-09	-4.84306e-05
2.79428e-09	-4.80417e-05
2.79437e-09	-4.76536e-05
2.79447e-09	-4.72662e-05
2.79456e-09	-4.68795e-05
2.79465e-09	-4.64935e-05
2.79474e-09	-4.61083e-05
2.79484e-09	-4.57238e-05
2.79493e-09	-4.534e-05
2.79502e-09	-4.4957e-05
2.79511e-09	-4.45747e-05
2.79521e-09	-4.41931e-05
2.7953e-09	-4.38122e-05
2.79539e-09	-4.34321e-05
2.79548e-09	-4.30527e-05
2.79558e-09	-4.2674e-05
2.79567e-09	-4.2296e-05
2.79576e-09	-4.19188e-05
2.79585e-09	-4.15423e-05
2.79594e-09	-4.11665e-05
2.79604e-09	-4.07914e-05
2.79613e-09	-4.04171e-05
2.79622e-09	-4.00434e-05
2.79631e-09	-3.96705e-05
2.79641e-09	-3.92983e-05
2.7965e-09	-3.89268e-05
2.79659e-09	-3.85561e-05
2.79668e-09	-3.8186e-05
2.79678e-09	-3.78167e-05
2.79687e-09	-3.74481e-05
2.79696e-09	-3.70802e-05
2.79705e-09	-3.6713e-05
2.79715e-09	-3.63465e-05
2.79724e-09	-3.59808e-05
2.79733e-09	-3.56157e-05
2.79742e-09	-3.52514e-05
2.79752e-09	-3.48878e-05
2.79761e-09	-3.45249e-05
2.7977e-09	-3.41627e-05
2.79779e-09	-3.38012e-05
2.79789e-09	-3.34405e-05
2.79798e-09	-3.30804e-05
2.79807e-09	-3.2721e-05
2.79816e-09	-3.23624e-05
2.79825e-09	-3.20045e-05
2.79835e-09	-3.16472e-05
2.79844e-09	-3.12907e-05
2.79853e-09	-3.09349e-05
2.79862e-09	-3.05798e-05
2.79872e-09	-3.02254e-05
2.79881e-09	-2.98717e-05
2.7989e-09	-2.95187e-05
2.79899e-09	-2.91664e-05
2.79909e-09	-2.88148e-05
2.79918e-09	-2.84639e-05
2.79927e-09	-2.81137e-05
2.79936e-09	-2.77642e-05
2.79946e-09	-2.74154e-05
2.79955e-09	-2.70673e-05
2.79964e-09	-2.67199e-05
2.79973e-09	-2.63732e-05
2.79983e-09	-2.60272e-05
2.79992e-09	-2.56819e-05
2.80001e-09	-2.53373e-05
2.8001e-09	-2.49934e-05
2.8002e-09	-2.46502e-05
2.80029e-09	-2.43077e-05
2.80038e-09	-2.39659e-05
2.80047e-09	-2.36248e-05
2.80056e-09	-2.32843e-05
2.80066e-09	-2.29446e-05
2.80075e-09	-2.26055e-05
2.80084e-09	-2.22672e-05
2.80093e-09	-2.19295e-05
2.80103e-09	-2.15925e-05
2.80112e-09	-2.12562e-05
2.80121e-09	-2.09207e-05
2.8013e-09	-2.05857e-05
2.8014e-09	-2.02515e-05
2.80149e-09	-1.9918e-05
2.80158e-09	-1.95851e-05
2.80167e-09	-1.9253e-05
2.80177e-09	-1.89215e-05
2.80186e-09	-1.85907e-05
2.80195e-09	-1.82606e-05
2.80204e-09	-1.79312e-05
2.80214e-09	-1.76024e-05
2.80223e-09	-1.72744e-05
2.80232e-09	-1.6947e-05
2.80241e-09	-1.66203e-05
2.80251e-09	-1.62943e-05
2.8026e-09	-1.5969e-05
2.80269e-09	-1.56443e-05
2.80278e-09	-1.53203e-05
2.80288e-09	-1.49971e-05
2.80297e-09	-1.46744e-05
2.80306e-09	-1.43525e-05
2.80315e-09	-1.40312e-05
2.80324e-09	-1.37106e-05
2.80334e-09	-1.33907e-05
2.80343e-09	-1.30715e-05
2.80352e-09	-1.27529e-05
2.80361e-09	-1.2435e-05
2.80371e-09	-1.21178e-05
2.8038e-09	-1.18013e-05
2.80389e-09	-1.14854e-05
2.80398e-09	-1.11702e-05
2.80408e-09	-1.08557e-05
2.80417e-09	-1.05418e-05
2.80426e-09	-1.02286e-05
2.80435e-09	-9.91608e-06
2.80445e-09	-9.60423e-06
2.80454e-09	-9.29304e-06
2.80463e-09	-8.98252e-06
2.80472e-09	-8.67266e-06
2.80482e-09	-8.36347e-06
2.80491e-09	-8.05495e-06
2.805e-09	-7.74708e-06
2.80509e-09	-7.43989e-06
2.80519e-09	-7.13335e-06
2.80528e-09	-6.82748e-06
2.80537e-09	-6.52227e-06
2.80546e-09	-6.21773e-06
2.80555e-09	-5.91384e-06
2.80565e-09	-5.61061e-06
2.80574e-09	-5.30804e-06
2.80583e-09	-5.00613e-06
2.80592e-09	-4.70488e-06
2.80602e-09	-4.40429e-06
2.80611e-09	-4.10435e-06
2.8062e-09	-3.80507e-06
2.80629e-09	-3.50645e-06
2.80639e-09	-3.20848e-06
2.80648e-09	-2.91116e-06
2.80657e-09	-2.6145e-06
2.80666e-09	-2.3185e-06
2.80676e-09	-2.02314e-06
2.80685e-09	-1.72844e-06
2.80694e-09	-1.43439e-06
2.80703e-09	-1.14099e-06
2.80713e-09	-8.48236e-07
2.80722e-09	-5.56135e-07
2.80731e-09	-2.64683e-07
2.8074e-09	2.61209e-08
2.8075e-09	3.16277e-07
2.80759e-09	6.05786e-07
2.80768e-09	8.94649e-07
2.80777e-09	1.18287e-06
2.80786e-09	1.47044e-06
2.80796e-09	1.75737e-06
2.80805e-09	2.04365e-06
2.80814e-09	2.32929e-06
2.80823e-09	2.61429e-06
2.80833e-09	2.89864e-06
2.80842e-09	3.18236e-06
2.80851e-09	3.46543e-06
2.8086e-09	3.74786e-06
2.8087e-09	4.02966e-06
2.80879e-09	4.31081e-06
2.80888e-09	4.59133e-06
2.80897e-09	4.87121e-06
2.80907e-09	5.15045e-06
2.80916e-09	5.42906e-06
2.80925e-09	5.70703e-06
2.80934e-09	5.98436e-06
2.80944e-09	6.26107e-06
2.80953e-09	6.53713e-06
2.80962e-09	6.81257e-06
2.80971e-09	7.08737e-06
2.80981e-09	7.36154e-06
2.8099e-09	7.63508e-06
2.80999e-09	7.90799e-06
2.81008e-09	8.18026e-06
2.81017e-09	8.45191e-06
2.81027e-09	8.72293e-06
2.81036e-09	8.99332e-06
2.81045e-09	9.26309e-06
2.81054e-09	9.53223e-06
2.81064e-09	9.80074e-06
2.81073e-09	1.00686e-05
2.81082e-09	1.03359e-05
2.81091e-09	1.06025e-05
2.81101e-09	1.08685e-05
2.8111e-09	1.11339e-05
2.81119e-09	1.13987e-05
2.81128e-09	1.16628e-05
2.81138e-09	1.19264e-05
2.81147e-09	1.21893e-05
2.81156e-09	1.24516e-05
2.81165e-09	1.27132e-05
2.81175e-09	1.29743e-05
2.81184e-09	1.32347e-05
2.81193e-09	1.34945e-05
2.81202e-09	1.37537e-05
2.81212e-09	1.40123e-05
2.81221e-09	1.42703e-05
2.8123e-09	1.45276e-05
2.81239e-09	1.47843e-05
2.81248e-09	1.50405e-05
2.81258e-09	1.5296e-05
2.81267e-09	1.55509e-05
2.81276e-09	1.58052e-05
2.81285e-09	1.60588e-05
2.81295e-09	1.63119e-05
2.81304e-09	1.65644e-05
2.81313e-09	1.68162e-05
2.81322e-09	1.70675e-05
2.81332e-09	1.73181e-05
2.81341e-09	1.75681e-05
2.8135e-09	1.78175e-05
2.81359e-09	1.80664e-05
2.81369e-09	1.83146e-05
2.81378e-09	1.85622e-05
2.81387e-09	1.88092e-05
2.81396e-09	1.90556e-05
2.81406e-09	1.93014e-05
2.81415e-09	1.95466e-05
2.81424e-09	1.97912e-05
2.81433e-09	2.00352e-05
2.81443e-09	2.02785e-05
2.81452e-09	2.05213e-05
2.81461e-09	2.07635e-05
2.8147e-09	2.10051e-05
2.8148e-09	2.12461e-05
2.81489e-09	2.14865e-05
2.81498e-09	2.17264e-05
2.81507e-09	2.19656e-05
2.81516e-09	2.22042e-05
2.81526e-09	2.24422e-05
2.81535e-09	2.26797e-05
2.81544e-09	2.29165e-05
2.81553e-09	2.31527e-05
2.81563e-09	2.33884e-05
2.81572e-09	2.36235e-05
2.81581e-09	2.38579e-05
2.8159e-09	2.40918e-05
2.816e-09	2.43251e-05
2.81609e-09	2.45578e-05
2.81618e-09	2.479e-05
2.81627e-09	2.50215e-05
2.81637e-09	2.52525e-05
2.81646e-09	2.54828e-05
2.81655e-09	2.57126e-05
2.81664e-09	2.59418e-05
2.81674e-09	2.61704e-05
2.81683e-09	2.63985e-05
2.81692e-09	2.66259e-05
2.81701e-09	2.68528e-05
2.81711e-09	2.70791e-05
2.8172e-09	2.73048e-05
2.81729e-09	2.75299e-05
2.81738e-09	2.77545e-05
2.81747e-09	2.79784e-05
2.81757e-09	2.82018e-05
2.81766e-09	2.84246e-05
2.81775e-09	2.86469e-05
2.81784e-09	2.88685e-05
2.81794e-09	2.90896e-05
2.81803e-09	2.93102e-05
2.81812e-09	2.95301e-05
2.81821e-09	2.97495e-05
2.81831e-09	2.99683e-05
2.8184e-09	3.01865e-05
2.81849e-09	3.04042e-05
2.81858e-09	3.06212e-05
2.81868e-09	3.08378e-05
2.81877e-09	3.10537e-05
2.81886e-09	3.12691e-05
2.81895e-09	3.14839e-05
2.81905e-09	3.16981e-05
2.81914e-09	3.19118e-05
2.81923e-09	3.21249e-05
2.81932e-09	3.23375e-05
2.81942e-09	3.25495e-05
2.81951e-09	3.27609e-05
2.8196e-09	3.29718e-05
2.81969e-09	3.3182e-05
2.81978e-09	3.33918e-05
2.81988e-09	3.3601e-05
2.81997e-09	3.38096e-05
2.82006e-09	3.40176e-05
2.82015e-09	3.42251e-05
2.82025e-09	3.44321e-05
2.82034e-09	3.46384e-05
2.82043e-09	3.48443e-05
2.82052e-09	3.50495e-05
2.82062e-09	3.52542e-05
2.82071e-09	3.54584e-05
2.8208e-09	3.5662e-05
2.82089e-09	3.5865e-05
2.82099e-09	3.60675e-05
2.82108e-09	3.62695e-05
2.82117e-09	3.64709e-05
2.82126e-09	3.66717e-05
2.82136e-09	3.6872e-05
2.82145e-09	3.70717e-05
2.82154e-09	3.72709e-05
2.82163e-09	3.74696e-05
2.82173e-09	3.76677e-05
2.82182e-09	3.78652e-05
2.82191e-09	3.80622e-05
2.822e-09	3.82587e-05
2.82209e-09	3.84546e-05
2.82219e-09	3.86499e-05
2.82228e-09	3.88448e-05
2.82237e-09	3.9039e-05
2.82246e-09	3.92328e-05
2.82256e-09	3.9426e-05
2.82265e-09	3.96186e-05
2.82274e-09	3.98107e-05
2.82283e-09	4.00023e-05
2.82293e-09	4.01934e-05
2.82302e-09	4.03839e-05
2.82311e-09	4.05738e-05
2.8232e-09	4.07632e-05
2.8233e-09	4.09521e-05
2.82339e-09	4.11405e-05
2.82348e-09	4.13283e-05
2.82357e-09	4.15156e-05
2.82367e-09	4.17023e-05
2.82376e-09	4.18885e-05
2.82385e-09	4.20742e-05
2.82394e-09	4.22594e-05
2.82404e-09	4.2444e-05
2.82413e-09	4.26281e-05
2.82422e-09	4.28116e-05
2.82431e-09	4.29947e-05
2.82441e-09	4.31772e-05
2.8245e-09	4.33591e-05
2.82459e-09	4.35406e-05
2.82468e-09	4.37215e-05
2.82477e-09	4.39019e-05
2.82487e-09	4.40818e-05
2.82496e-09	4.42611e-05
2.82505e-09	4.44399e-05
2.82514e-09	4.46182e-05
2.82524e-09	4.4796e-05
2.82533e-09	4.49733e-05
2.82542e-09	4.515e-05
2.82551e-09	4.53262e-05
2.82561e-09	4.55019e-05
2.8257e-09	4.56771e-05
2.82579e-09	4.58517e-05
2.82588e-09	4.60259e-05
2.82598e-09	4.61995e-05
2.82607e-09	4.63726e-05
2.82616e-09	4.65452e-05
2.82625e-09	4.67173e-05
2.82635e-09	4.68888e-05
2.82644e-09	4.70599e-05
2.82653e-09	4.72304e-05
2.82662e-09	4.74004e-05
2.82672e-09	4.75699e-05
2.82681e-09	4.77389e-05
2.8269e-09	4.79074e-05
2.82699e-09	4.80754e-05
2.82708e-09	4.82429e-05
2.82718e-09	4.84098e-05
2.82727e-09	4.85763e-05
2.82736e-09	4.87422e-05
2.82745e-09	4.89077e-05
2.82755e-09	4.90726e-05
2.82764e-09	4.9237e-05
2.82773e-09	4.94009e-05
2.82782e-09	4.95644e-05
2.82792e-09	4.97273e-05
2.82801e-09	4.98897e-05
2.8281e-09	5.00516e-05
2.82819e-09	5.0213e-05
2.82829e-09	5.03739e-05
2.82838e-09	5.05343e-05
2.82847e-09	5.06942e-05
2.82856e-09	5.08536e-05
2.82866e-09	5.10126e-05
2.82875e-09	5.1171e-05
2.82884e-09	5.13289e-05
2.82893e-09	5.14863e-05
2.82903e-09	5.16433e-05
2.82912e-09	5.17997e-05
2.82921e-09	5.19556e-05
2.8293e-09	5.21111e-05
2.82939e-09	5.2266e-05
2.82949e-09	5.24205e-05
2.82958e-09	5.25745e-05
2.82967e-09	5.2728e-05
2.82976e-09	5.2881e-05
2.82986e-09	5.30335e-05
2.82995e-09	5.31855e-05
2.83004e-09	5.3337e-05
2.83013e-09	5.3488e-05
2.83023e-09	5.36386e-05
2.83032e-09	5.37887e-05
2.83041e-09	5.39382e-05
2.8305e-09	5.40873e-05
2.8306e-09	5.4236e-05
2.83069e-09	5.43841e-05
2.83078e-09	5.45317e-05
2.83087e-09	5.46789e-05
2.83097e-09	5.48256e-05
2.83106e-09	5.49718e-05
2.83115e-09	5.51175e-05
2.83124e-09	5.52628e-05
2.83134e-09	5.54075e-05
2.83143e-09	5.55518e-05
2.83152e-09	5.56956e-05
2.83161e-09	5.5839e-05
2.8317e-09	5.59818e-05
2.8318e-09	5.61242e-05
2.83189e-09	5.62661e-05
2.83198e-09	5.64076e-05
2.83207e-09	5.65485e-05
2.83217e-09	5.6689e-05
2.83226e-09	5.6829e-05
2.83235e-09	5.69686e-05
2.83244e-09	5.71076e-05
2.83254e-09	5.72462e-05
2.83263e-09	5.73844e-05
2.83272e-09	5.75221e-05
2.83281e-09	5.76593e-05
2.83291e-09	5.7796e-05
2.833e-09	5.79323e-05
2.83309e-09	5.8068e-05
2.83318e-09	5.82034e-05
2.83328e-09	5.83383e-05
2.83337e-09	5.84727e-05
2.83346e-09	5.86066e-05
2.83355e-09	5.87401e-05
2.83365e-09	5.88731e-05
2.83374e-09	5.90057e-05
2.83383e-09	5.91377e-05
2.83392e-09	5.92694e-05
2.83402e-09	5.94006e-05
2.83411e-09	5.95313e-05
2.8342e-09	5.96615e-05
2.83429e-09	5.97913e-05
2.83438e-09	5.99207e-05
2.83448e-09	6.00496e-05
2.83457e-09	6.0178e-05
2.83466e-09	6.0306e-05
2.83475e-09	6.04335e-05
2.83485e-09	6.05606e-05
2.83494e-09	6.06872e-05
2.83503e-09	6.08133e-05
2.83512e-09	6.09391e-05
2.83522e-09	6.10643e-05
2.83531e-09	6.11891e-05
2.8354e-09	6.13135e-05
2.83549e-09	6.14374e-05
2.83559e-09	6.15609e-05
2.83568e-09	6.16839e-05
2.83577e-09	6.18065e-05
2.83586e-09	6.19286e-05
2.83596e-09	6.20503e-05
2.83605e-09	6.21715e-05
2.83614e-09	6.22923e-05
2.83623e-09	6.24126e-05
2.83633e-09	6.25325e-05
2.83642e-09	6.2652e-05
2.83651e-09	6.2771e-05
2.8366e-09	6.28896e-05
2.83669e-09	6.30077e-05
2.83679e-09	6.31254e-05
2.83688e-09	6.32427e-05
2.83697e-09	6.33595e-05
2.83706e-09	6.34759e-05
2.83716e-09	6.35918e-05
2.83725e-09	6.37073e-05
2.83734e-09	6.38224e-05
2.83743e-09	6.3937e-05
2.83753e-09	6.40512e-05
2.83762e-09	6.4165e-05
2.83771e-09	6.42783e-05
2.8378e-09	6.43912e-05
2.8379e-09	6.45037e-05
2.83799e-09	6.46157e-05
2.83808e-09	6.47274e-05
2.83817e-09	6.48385e-05
2.83827e-09	6.49493e-05
2.83836e-09	6.50596e-05
2.83845e-09	6.51695e-05
2.83854e-09	6.5279e-05
2.83864e-09	6.5388e-05
2.83873e-09	6.54966e-05
2.83882e-09	6.56048e-05
2.83891e-09	6.57126e-05
2.839e-09	6.58199e-05
2.8391e-09	6.59268e-05
2.83919e-09	6.60333e-05
2.83928e-09	6.61394e-05
2.83937e-09	6.6245e-05
2.83947e-09	6.63502e-05
2.83956e-09	6.6455e-05
2.83965e-09	6.65594e-05
2.83974e-09	6.66634e-05
2.83984e-09	6.67669e-05
2.83993e-09	6.68701e-05
2.84002e-09	6.69728e-05
2.84011e-09	6.70751e-05
2.84021e-09	6.7177e-05
2.8403e-09	6.72784e-05
2.84039e-09	6.73795e-05
2.84048e-09	6.74801e-05
2.84058e-09	6.75803e-05
2.84067e-09	6.76801e-05
2.84076e-09	6.77795e-05
2.84085e-09	6.78785e-05
2.84095e-09	6.79771e-05
2.84104e-09	6.80753e-05
2.84113e-09	6.8173e-05
2.84122e-09	6.82704e-05
2.84131e-09	6.83673e-05
2.84141e-09	6.84639e-05
2.8415e-09	6.856e-05
2.84159e-09	6.86557e-05
2.84168e-09	6.8751e-05
2.84178e-09	6.88459e-05
2.84187e-09	6.89404e-05
2.84196e-09	6.90345e-05
2.84205e-09	6.91282e-05
2.84215e-09	6.92215e-05
2.84224e-09	6.93144e-05
2.84233e-09	6.94069e-05
2.84242e-09	6.9499e-05
2.84252e-09	6.95907e-05
2.84261e-09	6.9682e-05
2.8427e-09	6.97729e-05
2.84279e-09	6.98634e-05
2.84289e-09	6.99535e-05
2.84298e-09	7.00432e-05
2.84307e-09	7.01325e-05
2.84316e-09	7.02214e-05
2.84326e-09	7.03099e-05
2.84335e-09	7.03981e-05
2.84344e-09	7.04858e-05
2.84353e-09	7.05731e-05
2.84362e-09	7.06601e-05
2.84372e-09	7.07466e-05
2.84381e-09	7.08328e-05
2.8439e-09	7.09186e-05
2.84399e-09	7.1004e-05
2.84409e-09	7.1089e-05
2.84418e-09	7.11736e-05
2.84427e-09	7.12578e-05
2.84436e-09	7.13416e-05
2.84446e-09	7.14251e-05
2.84455e-09	7.15081e-05
2.84464e-09	7.15908e-05
2.84473e-09	7.16731e-05
2.84483e-09	7.1755e-05
2.84492e-09	7.18365e-05
2.84501e-09	7.19176e-05
2.8451e-09	7.19984e-05
2.8452e-09	7.20788e-05
2.84529e-09	7.21588e-05
2.84538e-09	7.22384e-05
2.84547e-09	7.23176e-05
2.84557e-09	7.23965e-05
2.84566e-09	7.2475e-05
2.84575e-09	7.25531e-05
2.84584e-09	7.26308e-05
2.84594e-09	7.27081e-05
2.84603e-09	7.27851e-05
2.84612e-09	7.28617e-05
2.84621e-09	7.29379e-05
2.8463e-09	7.30138e-05
2.8464e-09	7.30892e-05
2.84649e-09	7.31643e-05
2.84658e-09	7.32391e-05
2.84667e-09	7.33134e-05
2.84677e-09	7.33874e-05
2.84686e-09	7.3461e-05
2.84695e-09	7.35343e-05
2.84704e-09	7.36072e-05
2.84714e-09	7.36797e-05
2.84723e-09	7.37518e-05
2.84732e-09	7.38236e-05
2.84741e-09	7.3895e-05
2.84751e-09	7.3966e-05
2.8476e-09	7.40367e-05
2.84769e-09	7.4107e-05
2.84778e-09	7.4177e-05
2.84788e-09	7.42466e-05
2.84797e-09	7.43158e-05
2.84806e-09	7.43847e-05
2.84815e-09	7.44531e-05
2.84825e-09	7.45213e-05
2.84834e-09	7.45891e-05
2.84843e-09	7.46565e-05
2.84852e-09	7.47236e-05
2.84861e-09	7.47903e-05
2.84871e-09	7.48566e-05
2.8488e-09	7.49226e-05
2.84889e-09	7.49882e-05
2.84898e-09	7.50535e-05
2.84908e-09	7.51184e-05
2.84917e-09	7.5183e-05
2.84926e-09	7.52472e-05
2.84935e-09	7.5311e-05
2.84945e-09	7.53745e-05
2.84954e-09	7.54377e-05
2.84963e-09	7.55005e-05
2.84972e-09	7.5563e-05
2.84982e-09	7.56251e-05
2.84991e-09	7.56868e-05
2.85e-09	7.57482e-05
2.85009e-09	7.58093e-05
2.85019e-09	7.587e-05
2.85028e-09	7.59303e-05
2.85037e-09	7.59903e-05
2.85046e-09	7.605e-05
2.85056e-09	7.61093e-05
2.85065e-09	7.61683e-05
2.85074e-09	7.62269e-05
2.85083e-09	7.62852e-05
2.85092e-09	7.63431e-05
2.85102e-09	7.64007e-05
2.85111e-09	7.6458e-05
2.8512e-09	7.65149e-05
2.85129e-09	7.65715e-05
2.85139e-09	7.66277e-05
2.85148e-09	7.66836e-05
2.85157e-09	7.67392e-05
2.85166e-09	7.67944e-05
2.85176e-09	7.68493e-05
2.85185e-09	7.69038e-05
2.85194e-09	7.6958e-05
2.85203e-09	7.70119e-05
2.85213e-09	7.70654e-05
2.85222e-09	7.71186e-05
2.85231e-09	7.71715e-05
2.8524e-09	7.7224e-05
2.8525e-09	7.72762e-05
2.85259e-09	7.73281e-05
2.85268e-09	7.73796e-05
2.85277e-09	7.74309e-05
2.85287e-09	7.74817e-05
2.85296e-09	7.75323e-05
2.85305e-09	7.75825e-05
2.85314e-09	7.76324e-05
2.85323e-09	7.7682e-05
2.85333e-09	7.77312e-05
2.85342e-09	7.77801e-05
2.85351e-09	7.78287e-05
2.8536e-09	7.78769e-05
2.8537e-09	7.79249e-05
2.85379e-09	7.79725e-05
2.85388e-09	7.80197e-05
2.85397e-09	7.80667e-05
2.85407e-09	7.81133e-05
2.85416e-09	7.81597e-05
2.85425e-09	7.82056e-05
2.85434e-09	7.82513e-05
2.85444e-09	7.82967e-05
2.85453e-09	7.83417e-05
2.85462e-09	7.83864e-05
2.85471e-09	7.84308e-05
2.85481e-09	7.84749e-05
2.8549e-09	7.85186e-05
2.85499e-09	7.85621e-05
2.85508e-09	7.86052e-05
2.85518e-09	7.8648e-05
2.85527e-09	7.86905e-05
2.85536e-09	7.87327e-05
2.85545e-09	7.87746e-05
2.85555e-09	7.88161e-05
2.85564e-09	7.88574e-05
2.85573e-09	7.88983e-05
2.85582e-09	7.89389e-05
2.85591e-09	7.89792e-05
2.85601e-09	7.90192e-05
2.8561e-09	7.90589e-05
2.85619e-09	7.90983e-05
2.85628e-09	7.91374e-05
2.85638e-09	7.91761e-05
2.85647e-09	7.92146e-05
2.85656e-09	7.92527e-05
2.85665e-09	7.92906e-05
2.85675e-09	7.93281e-05
2.85684e-09	7.93653e-05
2.85693e-09	7.94023e-05
2.85702e-09	7.94389e-05
2.85712e-09	7.94752e-05
2.85721e-09	7.95112e-05
2.8573e-09	7.95469e-05
2.85739e-09	7.95823e-05
2.85749e-09	7.96175e-05
2.85758e-09	7.96523e-05
2.85767e-09	7.96868e-05
2.85776e-09	7.9721e-05
2.85786e-09	7.97549e-05
2.85795e-09	7.97885e-05
2.85804e-09	7.98218e-05
2.85813e-09	7.98549e-05
2.85822e-09	7.98876e-05
2.85832e-09	7.992e-05
2.85841e-09	7.99522e-05
2.8585e-09	7.9984e-05
2.85859e-09	8.00155e-05
2.85869e-09	8.00468e-05
2.85878e-09	8.00778e-05
2.85887e-09	8.01084e-05
2.85896e-09	8.01388e-05
2.85906e-09	8.01689e-05
2.85915e-09	8.01987e-05
2.85924e-09	8.02282e-05
2.85933e-09	8.02574e-05
2.85943e-09	8.02863e-05
2.85952e-09	8.0315e-05
2.85961e-09	8.03433e-05
2.8597e-09	8.03714e-05
2.8598e-09	8.03991e-05
2.85989e-09	8.04266e-05
2.85998e-09	8.04539e-05
2.86007e-09	8.04808e-05
2.86017e-09	8.05074e-05
2.86026e-09	8.05338e-05
2.86035e-09	8.05598e-05
2.86044e-09	8.05856e-05
2.86053e-09	8.06111e-05
2.86063e-09	8.06363e-05
2.86072e-09	8.06613e-05
2.86081e-09	8.06859e-05
2.8609e-09	8.07103e-05
2.861e-09	8.07344e-05
2.86109e-09	8.07582e-05
2.86118e-09	8.07818e-05
2.86127e-09	8.08051e-05
2.86137e-09	8.0828e-05
2.86146e-09	8.08508e-05
2.86155e-09	8.08732e-05
2.86164e-09	8.08954e-05
2.86174e-09	8.09172e-05
2.86183e-09	8.09389e-05
2.86192e-09	8.09602e-05
2.86201e-09	8.09813e-05
2.86211e-09	8.10021e-05
2.8622e-09	8.10226e-05
2.86229e-09	8.10428e-05
2.86238e-09	8.10628e-05
2.86248e-09	8.10825e-05
2.86257e-09	8.1102e-05
2.86266e-09	8.11211e-05
2.86275e-09	8.114e-05
2.86284e-09	8.11587e-05
2.86294e-09	8.11771e-05
2.86303e-09	8.11951e-05
2.86312e-09	8.1213e-05
2.86321e-09	8.12306e-05
2.86331e-09	8.12479e-05
2.8634e-09	8.12649e-05
2.86349e-09	8.12817e-05
2.86358e-09	8.12982e-05
2.86368e-09	8.13144e-05
2.86377e-09	8.13304e-05
2.86386e-09	8.13461e-05
2.86395e-09	8.13616e-05
2.86405e-09	8.13768e-05
2.86414e-09	8.13917e-05
2.86423e-09	8.14064e-05
2.86432e-09	8.14208e-05
2.86442e-09	8.1435e-05
2.86451e-09	8.14489e-05
2.8646e-09	8.14625e-05
2.86469e-09	8.14759e-05
2.86479e-09	8.1489e-05
