4.62017e-14	8.1483e-05
1.38605e-13	8.14698e-05
2.31009e-13	8.14563e-05
3.23412e-13	8.14425e-05
4.15816e-13	8.14285e-05
5.08219e-13	8.14142e-05
6.00623e-13	8.13997e-05
6.93026e-13	8.13849e-05
7.8543e-13	8.13698e-05
8.77833e-13	8.13545e-05
9.70237e-13	8.13389e-05
1.06264e-12	8.13231e-05
1.15504e-12	8.1307e-05
1.24745e-12	8.12906e-05
1.33985e-12	8.1274e-05
1.43225e-12	8.12571e-05
1.52466e-12	8.12399e-05
1.61706e-12	8.12225e-05
1.70946e-12	8.12048e-05
1.80187e-12	8.11868e-05
1.89427e-12	8.11686e-05
1.98668e-12	8.11501e-05
2.07908e-12	8.11314e-05
2.17148e-12	8.11123e-05
2.26389e-12	8.1093e-05
2.35629e-12	8.10735e-05
2.44869e-12	8.10536e-05
2.5411e-12	8.10335e-05
2.6335e-12	8.10132e-05
2.7259e-12	8.09925e-05
2.81831e-12	8.09716e-05
2.91071e-12	8.09504e-05
3.00311e-12	8.09289e-05
3.09552e-12	8.09072e-05
3.18792e-12	8.08852e-05
3.28032e-12	8.08629e-05
3.37273e-12	8.08403e-05
3.46513e-12	8.08175e-05
3.55753e-12	8.07944e-05
3.64994e-12	8.0771e-05
3.74234e-12	8.07473e-05
3.83474e-12	8.07233e-05
3.92715e-12	8.06991e-05
4.01955e-12	8.06746e-05
4.11196e-12	8.06498e-05
4.20436e-12	8.06247e-05
4.29676e-12	8.05994e-05
4.38917e-12	8.05738e-05
4.48157e-12	8.05478e-05
4.57397e-12	8.05216e-05
4.66638e-12	8.04952e-05
4.75878e-12	8.04684e-05
4.85118e-12	8.04413e-05
4.94359e-12	8.0414e-05
5.03599e-12	8.03864e-05
5.12839e-12	8.03585e-05
5.2208e-12	8.03303e-05
5.3132e-12	8.03018e-05
5.4056e-12	8.0273e-05
5.49801e-12	8.0244e-05
5.59041e-12	8.02146e-05
5.68281e-12	8.0185e-05
5.77522e-12	8.01551e-05
5.86762e-12	8.01248e-05
5.96003e-12	8.00943e-05
6.05243e-12	8.00635e-05
6.14483e-12	8.00324e-05
6.23724e-12	8.0001e-05
6.32964e-12	7.99694e-05
6.42204e-12	7.99374e-05
6.51445e-12	7.99051e-05
6.60685e-12	7.98725e-05
6.69925e-12	7.98397e-05
6.79166e-12	7.98065e-05
6.88406e-12	7.97731e-05
6.97646e-12	7.97393e-05
7.06887e-12	7.97053e-05
7.16127e-12	7.96709e-05
7.25367e-12	7.96363e-05
7.34608e-12	7.96013e-05
7.43848e-12	7.95661e-05
7.53088e-12	7.95305e-05
7.62329e-12	7.94947e-05
7.71569e-12	7.94585e-05
7.80809e-12	7.9422e-05
7.9005e-12	7.93853e-05
7.9929e-12	7.93482e-05
8.08531e-12	7.93108e-05
8.17771e-12	7.92732e-05
8.27011e-12	7.92352e-05
8.36252e-12	7.91969e-05
8.45492e-12	7.91583e-05
8.54732e-12	7.91194e-05
8.63973e-12	7.90802e-05
8.73213e-12	7.90406e-05
8.82453e-12	7.90008e-05
8.91694e-12	7.89607e-05
9.00934e-12	7.89202e-05
9.10174e-12	7.88795e-05
9.19415e-12	7.88384e-05
9.28655e-12	7.8797e-05
9.37895e-12	7.87553e-05
9.47136e-12	7.87133e-05
9.56376e-12	7.8671e-05
9.65616e-12	7.86283e-05
9.74857e-12	7.85854e-05
9.84097e-12	7.85421e-05
9.93338e-12	7.84985e-05
1.00258e-11	7.84546e-05
1.01182e-11	7.84104e-05
1.02106e-11	7.83658e-05
1.0303e-11	7.8321e-05
1.03954e-11	7.82758e-05
1.04878e-11	7.82303e-05
1.05802e-11	7.81845e-05
1.06726e-11	7.81383e-05
1.0765e-11	7.80919e-05
1.08574e-11	7.80451e-05
1.09498e-11	7.7998e-05
1.10422e-11	7.79506e-05
1.11346e-11	7.79028e-05
1.1227e-11	7.78547e-05
1.13194e-11	7.78063e-05
1.14118e-11	7.77576e-05
1.15042e-11	7.77085e-05
1.15966e-11	7.76591e-05
1.1689e-11	7.76094e-05
1.17814e-11	7.75594e-05
1.18738e-11	7.7509e-05
1.19663e-11	7.74583e-05
1.20587e-11	7.74073e-05
1.21511e-11	7.73559e-05
1.22435e-11	7.73042e-05
1.23359e-11	7.72522e-05
1.24283e-11	7.71999e-05
1.25207e-11	7.71472e-05
1.26131e-11	7.70942e-05
1.27055e-11	7.70408e-05
1.27979e-11	7.69871e-05
1.28903e-11	7.69331e-05
1.29827e-11	7.68787e-05
1.30751e-11	7.6824e-05
1.31675e-11	7.6769e-05
1.32599e-11	7.67136e-05
1.33523e-11	7.66579e-05
1.34447e-11	7.66018e-05
1.35371e-11	7.65454e-05
1.36295e-11	7.64887e-05
1.37219e-11	7.64316e-05
1.38143e-11	7.63742e-05
1.39067e-11	7.63165e-05
1.39991e-11	7.62584e-05
1.40915e-11	7.61999e-05
1.41839e-11	7.61411e-05
1.42763e-11	7.6082e-05
1.43687e-11	7.60225e-05
1.44611e-11	7.59627e-05
1.45535e-11	7.59025e-05
1.4646e-11	7.5842e-05
1.47384e-11	7.57812e-05
1.48308e-11	7.57199e-05
1.49232e-11	7.56584e-05
1.50156e-11	7.55965e-05
1.5108e-11	7.55342e-05
1.52004e-11	7.54716e-05
1.52928e-11	7.54086e-05
1.53852e-11	7.53453e-05
1.54776e-11	7.52817e-05
1.557e-11	7.52176e-05
1.56624e-11	7.51533e-05
1.57548e-11	7.50885e-05
1.58472e-11	7.50234e-05
1.59396e-11	7.4958e-05
1.6032e-11	7.48922e-05
1.61244e-11	7.48261e-05
1.62168e-11	7.47596e-05
1.63092e-11	7.46927e-05
1.64016e-11	7.46255e-05
1.6494e-11	7.45579e-05
1.65864e-11	7.44899e-05
1.66788e-11	7.44216e-05
1.67712e-11	7.4353e-05
1.68636e-11	7.42839e-05
1.6956e-11	7.42145e-05
1.70484e-11	7.41448e-05
1.71408e-11	7.40747e-05
1.72333e-11	7.40042e-05
1.73257e-11	7.39333e-05
1.74181e-11	7.38621e-05
1.75105e-11	7.37906e-05
1.76029e-11	7.37186e-05
1.76953e-11	7.36463e-05
1.77877e-11	7.35736e-05
1.78801e-11	7.35006e-05
1.79725e-11	7.34271e-05
1.80649e-11	7.33534e-05
1.81573e-11	7.32792e-05
1.82497e-11	7.32047e-05
1.83421e-11	7.31298e-05
1.84345e-11	7.30545e-05
1.85269e-11	7.29789e-05
1.86193e-11	7.29028e-05
1.87117e-11	7.28264e-05
1.88041e-11	7.27497e-05
1.88965e-11	7.26725e-05
1.89889e-11	7.2595e-05
1.90813e-11	7.25171e-05
1.91737e-11	7.24388e-05
1.92661e-11	7.23602e-05
1.93585e-11	7.22811e-05
1.94509e-11	7.22017e-05
1.95433e-11	7.21219e-05
1.96357e-11	7.20418e-05
1.97281e-11	7.19612e-05
1.98205e-11	7.18803e-05
1.9913e-11	7.1799e-05
2.00054e-11	7.17173e-05
2.00978e-11	7.16352e-05
2.01902e-11	7.15527e-05
2.02826e-11	7.14699e-05
2.0375e-11	7.13866e-05
2.04674e-11	7.1303e-05
2.05598e-11	7.1219e-05
2.06522e-11	7.11346e-05
2.07446e-11	7.10498e-05
2.0837e-11	7.09647e-05
2.09294e-11	7.08791e-05
2.10218e-11	7.07931e-05
2.11142e-11	7.07068e-05
2.12066e-11	7.06201e-05
2.1299e-11	7.05329e-05
2.13914e-11	7.04454e-05
2.14838e-11	7.03575e-05
2.15762e-11	7.02692e-05
2.16686e-11	7.01805e-05
2.1761e-11	7.00914e-05
2.18534e-11	7.00019e-05
2.19458e-11	6.9912e-05
2.20382e-11	6.98217e-05
2.21306e-11	6.97311e-05
2.2223e-11	6.964e-05
2.23154e-11	6.95485e-05
2.24078e-11	6.94566e-05
2.25002e-11	6.93643e-05
2.25927e-11	6.92717e-05
2.26851e-11	6.91786e-05
2.27775e-11	6.90851e-05
2.28699e-11	6.89912e-05
2.29623e-11	6.88969e-05
2.30547e-11	6.88022e-05
2.31471e-11	6.87071e-05
2.32395e-11	6.86116e-05
2.33319e-11	6.85157e-05
2.34243e-11	6.84194e-05
2.35167e-11	6.83227e-05
2.36091e-11	6.82256e-05
2.37015e-11	6.8128e-05
2.37939e-11	6.80301e-05
2.38863e-11	6.79317e-05
2.39787e-11	6.7833e-05
2.40711e-11	6.77338e-05
2.41635e-11	6.76342e-05
2.42559e-11	6.75342e-05
2.43483e-11	6.74338e-05
2.44407e-11	6.73329e-05
2.45331e-11	6.72317e-05
2.46255e-11	6.71301e-05
2.47179e-11	6.7028e-05
2.48103e-11	6.69255e-05
2.49027e-11	6.68226e-05
2.49951e-11	6.67193e-05
2.50875e-11	6.66155e-05
2.518e-11	6.65114e-05
2.52724e-11	6.64068e-05
2.53648e-11	6.63018e-05
2.54572e-11	6.61964e-05
2.55496e-11	6.60905e-05
2.5642e-11	6.59843e-05
2.57344e-11	6.58776e-05
2.58268e-11	6.57705e-05
2.59192e-11	6.56629e-05
2.60116e-11	6.5555e-05
2.6104e-11	6.54466e-05
2.61964e-11	6.53378e-05
2.62888e-11	6.52286e-05
2.63812e-11	6.51189e-05
2.64736e-11	6.50088e-05
2.6566e-11	6.48983e-05
2.66584e-11	6.47873e-05
2.67508e-11	6.4676e-05
2.68432e-11	6.45642e-05
2.69356e-11	6.44519e-05
2.7028e-11	6.43393e-05
2.71204e-11	6.42262e-05
2.72128e-11	6.41126e-05
2.73052e-11	6.39987e-05
2.73976e-11	6.38843e-05
2.749e-11	6.37694e-05
2.75824e-11	6.36541e-05
2.76748e-11	6.35384e-05
2.77672e-11	6.34223e-05
2.78597e-11	6.33057e-05
2.79521e-11	6.31887e-05
2.80445e-11	6.30712e-05
2.81369e-11	6.29533e-05
2.82293e-11	6.2835e-05
2.83217e-11	6.27162e-05
2.84141e-11	6.2597e-05
2.85065e-11	6.24773e-05
2.85989e-11	6.23572e-05
2.86913e-11	6.22367e-05
2.87837e-11	6.21157e-05
2.88761e-11	6.19942e-05
2.89685e-11	6.18724e-05
2.90609e-11	6.175e-05
2.91533e-11	6.16273e-05
2.92457e-11	6.1504e-05
2.93381e-11	6.13804e-05
2.94305e-11	6.12562e-05
2.95229e-11	6.11317e-05
2.96153e-11	6.10066e-05
2.97077e-11	6.08812e-05
2.98001e-11	6.07553e-05
2.98925e-11	6.06289e-05
2.99849e-11	6.05021e-05
3.00773e-11	6.03748e-05
3.01697e-11	6.0247e-05
3.02621e-11	6.01189e-05
3.03545e-11	5.99902e-05
3.04469e-11	5.98611e-05
3.05394e-11	5.97316e-05
3.06318e-11	5.96016e-05
3.07242e-11	5.94711e-05
3.08166e-11	5.93402e-05
3.0909e-11	5.92088e-05
3.10014e-11	5.90769e-05
3.10938e-11	5.89446e-05
3.11862e-11	5.88118e-05
3.12786e-11	5.86786e-05
3.1371e-11	5.85449e-05
3.14634e-11	5.84108e-05
3.15558e-11	5.82761e-05
3.16482e-11	5.81411e-05
3.17406e-11	5.80055e-05
3.1833e-11	5.78695e-05
3.19254e-11	5.7733e-05
3.20178e-11	5.75961e-05
3.21102e-11	5.74587e-05
3.22026e-11	5.73208e-05
3.2295e-11	5.71824e-05
3.23874e-11	5.70436e-05
3.24798e-11	5.69043e-05
3.25722e-11	5.67645e-05
3.26646e-11	5.66243e-05
3.2757e-11	5.64836e-05
3.28494e-11	5.63424e-05
3.29418e-11	5.62008e-05
3.30342e-11	5.60586e-05
3.31267e-11	5.5916e-05
3.32191e-11	5.5773e-05
3.33115e-11	5.56294e-05
3.34039e-11	5.54854e-05
3.34963e-11	5.53409e-05
3.35887e-11	5.51959e-05
3.36811e-11	5.50504e-05
3.37735e-11	5.49045e-05
3.38659e-11	5.4758e-05
3.39583e-11	5.46111e-05
3.40507e-11	5.44637e-05
3.41431e-11	5.43159e-05
3.42355e-11	5.41675e-05
3.43279e-11	5.40187e-05
3.44203e-11	5.38694e-05
3.45127e-11	5.37196e-05
3.46051e-11	5.35693e-05
3.46975e-11	5.34185e-05
3.47899e-11	5.32672e-05
3.48823e-11	5.31155e-05
3.49747e-11	5.29632e-05
3.50671e-11	5.28105e-05
3.51595e-11	5.26573e-05
3.52519e-11	5.25036e-05
3.53443e-11	5.23494e-05
3.54367e-11	5.21947e-05
3.55291e-11	5.20395e-05
3.56215e-11	5.18838e-05
3.57139e-11	5.17277e-05
3.58064e-11	5.1571e-05
3.58988e-11	5.14138e-05
3.59912e-11	5.12562e-05
3.60836e-11	5.1098e-05
3.6176e-11	5.09394e-05
3.62684e-11	5.07802e-05
3.63608e-11	5.06206e-05
3.64532e-11	5.04605e-05
3.65456e-11	5.02998e-05
3.6638e-11	5.01387e-05
3.67304e-11	4.9977e-05
3.68228e-11	4.98149e-05
3.69152e-11	4.96522e-05
3.70076e-11	4.94891e-05
3.71e-11	4.93254e-05
3.71924e-11	4.91613e-05
3.72848e-11	4.89966e-05
3.73772e-11	4.88315e-05
3.74696e-11	4.86658e-05
3.7562e-11	4.84996e-05
3.76544e-11	4.83329e-05
3.77468e-11	4.81657e-05
3.78392e-11	4.7998e-05
3.79316e-11	4.78298e-05
3.8024e-11	4.76611e-05
3.81164e-11	4.74919e-05
3.82088e-11	4.73221e-05
3.83012e-11	4.71519e-05
3.83936e-11	4.69811e-05
3.84861e-11	4.68098e-05
3.85785e-11	4.6638e-05
3.86709e-11	4.64657e-05
3.87633e-11	4.62929e-05
3.88557e-11	4.61195e-05
3.89481e-11	4.59457e-05
3.90405e-11	4.57713e-05
3.91329e-11	4.55964e-05
3.92253e-11	4.5421e-05
3.93177e-11	4.52451e-05
3.94101e-11	4.50686e-05
3.95025e-11	4.48916e-05
3.95949e-11	4.47141e-05
3.96873e-11	4.45361e-05
3.97797e-11	4.43576e-05
3.98721e-11	4.41785e-05
3.99645e-11	4.39989e-05
4.00569e-11	4.38188e-05
4.01493e-11	4.36382e-05
4.02417e-11	4.3457e-05
4.03341e-11	4.32753e-05
4.04265e-11	4.30931e-05
4.05189e-11	4.29104e-05
4.06113e-11	4.27271e-05
4.07037e-11	4.25433e-05
4.07961e-11	4.2359e-05
4.08885e-11	4.21741e-05
4.09809e-11	4.19887e-05
4.10734e-11	4.18028e-05
4.11658e-11	4.16163e-05
4.12582e-11	4.14293e-05
4.13506e-11	4.12418e-05
4.1443e-11	4.10537e-05
4.15354e-11	4.08651e-05
4.16278e-11	4.0676e-05
4.17202e-11	4.04863e-05
4.18126e-11	4.02961e-05
4.1905e-11	4.01054e-05
4.19974e-11	3.99141e-05
4.20898e-11	3.97223e-05
4.21822e-11	3.95299e-05
4.22746e-11	3.9337e-05
4.2367e-11	3.91436e-05
4.24594e-11	3.89496e-05
4.25518e-11	3.8755e-05
4.26442e-11	3.856e-05
4.27366e-11	3.83643e-05
4.2829e-11	3.81682e-05
4.29214e-11	3.79715e-05
4.30138e-11	3.77742e-05
4.31062e-11	3.75764e-05
4.31986e-11	3.73781e-05
4.3291e-11	3.71792e-05
4.33834e-11	3.69797e-05
4.34758e-11	3.67798e-05
4.35682e-11	3.65792e-05
4.36606e-11	3.63781e-05
4.37531e-11	3.61765e-05
4.38455e-11	3.59743e-05
4.39379e-11	3.57715e-05
4.40303e-11	3.55682e-05
4.41227e-11	3.53644e-05
4.42151e-11	3.516e-05
4.43075e-11	3.4955e-05
4.43999e-11	3.47495e-05
4.44923e-11	3.45434e-05
4.45847e-11	3.43367e-05
4.46771e-11	3.41296e-05
4.47695e-11	3.39218e-05
4.48619e-11	3.37135e-05
4.49543e-11	3.35046e-05
4.50467e-11	3.32952e-05
4.51391e-11	3.30852e-05
4.52315e-11	3.28746e-05
4.53239e-11	3.26635e-05
4.54163e-11	3.24518e-05
4.55087e-11	3.22396e-05
4.56011e-11	3.20268e-05
4.56935e-11	3.18134e-05
4.57859e-11	3.15995e-05
4.58783e-11	3.1385e-05
4.59707e-11	3.11699e-05
4.60631e-11	3.09542e-05
4.61555e-11	3.0738e-05
4.62479e-11	3.05213e-05
4.63403e-11	3.03039e-05
4.64328e-11	3.0086e-05
4.65252e-11	2.98675e-05
4.66176e-11	2.96484e-05
4.671e-11	2.94288e-05
4.68024e-11	2.92086e-05
4.68948e-11	2.89878e-05
4.69872e-11	2.87665e-05
4.70796e-11	2.85445e-05
4.7172e-11	2.8322e-05
4.72644e-11	2.80989e-05
4.73568e-11	2.78753e-05
4.74492e-11	2.7651e-05
4.75416e-11	2.74262e-05
4.7634e-11	2.72008e-05
4.77264e-11	2.69748e-05
4.78188e-11	2.67483e-05
4.79112e-11	2.65211e-05
4.80036e-11	2.62934e-05
4.8096e-11	2.60651e-05
4.81884e-11	2.58362e-05
4.82808e-11	2.56068e-05
4.83732e-11	2.53767e-05
4.84656e-11	2.51461e-05
4.8558e-11	2.49149e-05
4.86504e-11	2.46831e-05
4.87428e-11	2.44507e-05
4.88352e-11	2.42177e-05
4.89276e-11	2.39841e-05
4.90201e-11	2.375e-05
4.91125e-11	2.35152e-05
4.92049e-11	2.32799e-05
4.92973e-11	2.30439e-05
4.93897e-11	2.28074e-05
4.94821e-11	2.25703e-05
4.95745e-11	2.23326e-05
4.96669e-11	2.20943e-05
4.97593e-11	2.18554e-05
4.98517e-11	2.16159e-05
4.99441e-11	2.13758e-05
5.00365e-11	2.11351e-05
5.01289e-11	2.08939e-05
5.02213e-11	2.0652e-05
5.03137e-11	2.04095e-05
5.04061e-11	2.01664e-05
5.04985e-11	1.99228e-05
5.05909e-11	1.96785e-05
5.06833e-11	1.94336e-05
5.07757e-11	1.91882e-05
5.08681e-11	1.89421e-05
5.09605e-11	1.86954e-05
5.10529e-11	1.84481e-05
5.11453e-11	1.82002e-05
5.12377e-11	1.79518e-05
5.13301e-11	1.77027e-05
5.14225e-11	1.7453e-05
5.15149e-11	1.72027e-05
5.16073e-11	1.69517e-05
5.16998e-11	1.67002e-05
5.17922e-11	1.64481e-05
5.18846e-11	1.61954e-05
5.1977e-11	1.5942e-05
5.20694e-11	1.5688e-05
5.21618e-11	1.54335e-05
5.22542e-11	1.51783e-05
5.23466e-11	1.49225e-05
5.2439e-11	1.46661e-05
5.25314e-11	1.44091e-05
5.26238e-11	1.41514e-05
5.27162e-11	1.38932e-05
5.28086e-11	1.36343e-05
5.2901e-11	1.33748e-05
5.29934e-11	1.31147e-05
5.30858e-11	1.2854e-05
5.31782e-11	1.25927e-05
5.32706e-11	1.23307e-05
5.3363e-11	1.20682e-05
5.34554e-11	1.1805e-05
5.35478e-11	1.15412e-05
5.36402e-11	1.12767e-05
5.37326e-11	1.10117e-05
5.3825e-11	1.0746e-05
5.39174e-11	1.04797e-05
5.40098e-11	1.02128e-05
5.41022e-11	9.94523e-06
5.41946e-11	9.67706e-06
5.4287e-11	9.40826e-06
5.43795e-11	9.13883e-06
5.44719e-11	8.86878e-06
5.45643e-11	8.5981e-06
5.46567e-11	8.32679e-06
5.47491e-11	8.05485e-06
5.48415e-11	7.78228e-06
5.49339e-11	7.50908e-06
5.50263e-11	7.23525e-06
5.51187e-11	6.96079e-06
5.52111e-11	6.6857e-06
5.53035e-11	6.40997e-06
5.53959e-11	6.13361e-06
5.54883e-11	5.85662e-06
5.55807e-11	5.57899e-06
5.56731e-11	5.30073e-06
5.57655e-11	5.02183e-06
5.58579e-11	4.74229e-06
5.59503e-11	4.46212e-06
5.60427e-11	4.18131e-06
5.61351e-11	3.89986e-06
5.62275e-11	3.61777e-06
5.63199e-11	3.33504e-06
5.64123e-11	3.05167e-06
5.65047e-11	2.76766e-06
5.65971e-11	2.48301e-06
5.66895e-11	2.19772e-06
5.67819e-11	1.91178e-06
5.68743e-11	1.6252e-06
5.69668e-11	1.33798e-06
5.70592e-11	1.05011e-06
5.71516e-11	7.61592e-07
5.7244e-11	4.72432e-07
5.73364e-11	1.82624e-07
5.74288e-11	-1.0783e-07
5.75212e-11	-3.98933e-07
5.76136e-11	-6.90684e-07
5.7706e-11	-9.83084e-07
5.77984e-11	-1.27613e-06
5.78908e-11	-1.56984e-06
5.79832e-11	-1.86419e-06
5.80756e-11	-2.15919e-06
5.8168e-11	-2.45485e-06
5.82604e-11	-2.75115e-06
5.83528e-11	-3.04812e-06
5.84452e-11	-3.34573e-06
5.85376e-11	-3.644e-06
5.863e-11	-3.94293e-06
5.87224e-11	-4.24251e-06
5.88148e-11	-4.54275e-06
5.89072e-11	-4.84365e-06
5.89996e-11	-5.1452e-06
5.9092e-11	-5.44741e-06
5.91844e-11	-5.75029e-06
5.92768e-11	-6.05382e-06
5.93692e-11	-6.35801e-06
5.94616e-11	-6.66286e-06
5.9554e-11	-6.96838e-06
5.96465e-11	-7.27455e-06
5.97389e-11	-7.58139e-06
5.98313e-11	-7.8889e-06
5.99237e-11	-8.19706e-06
6.00161e-11	-8.50589e-06
6.01085e-11	-8.81539e-06
6.02009e-11	-9.12555e-06
6.02933e-11	-9.43638e-06
6.03857e-11	-9.74788e-06
6.04781e-11	-1.006e-05
6.05705e-11	-1.03729e-05
6.06629e-11	-1.06864e-05
6.07553e-11	-1.10005e-05
6.08477e-11	-1.13154e-05
6.09401e-11	-1.16309e-05
6.10325e-11	-1.19471e-05
6.11249e-11	-1.22639e-05
6.12173e-11	-1.25815e-05
6.13097e-11	-1.28997e-05
6.14021e-11	-1.32185e-05
6.14945e-11	-1.35381e-05
6.15869e-11	-1.38583e-05
6.16793e-11	-1.41792e-05
6.17717e-11	-1.45008e-05
6.18641e-11	-1.4823e-05
6.19565e-11	-1.5146e-05
6.20489e-11	-1.54696e-05
6.21413e-11	-1.57939e-05
6.22337e-11	-1.61188e-05
6.23262e-11	-1.64445e-05
6.24186e-11	-1.67708e-05
6.2511e-11	-1.70978e-05
6.26034e-11	-1.74255e-05
6.26958e-11	-1.77539e-05
6.27882e-11	-1.80829e-05
6.28806e-11	-1.84127e-05
6.2973e-11	-1.87431e-05
6.30654e-11	-1.90742e-05
6.31578e-11	-1.9406e-05
6.32502e-11	-1.97385e-05
6.33426e-11	-2.00716e-05
6.3435e-11	-2.04055e-05
6.35274e-11	-2.074e-05
6.36198e-11	-2.10752e-05
6.37122e-11	-2.14112e-05
6.38046e-11	-2.17478e-05
6.3897e-11	-2.20851e-05
6.39894e-11	-2.2423e-05
6.40818e-11	-2.27617e-05
6.41742e-11	-2.31011e-05
6.42666e-11	-2.34411e-05
6.4359e-11	-2.37819e-05
6.44514e-11	-2.41233e-05
6.45438e-11	-2.44655e-05
6.46362e-11	-2.48083e-05
6.47286e-11	-2.51518e-05
6.4821e-11	-2.54961e-05
6.49135e-11	-2.5841e-05
6.50059e-11	-2.61866e-05
6.50983e-11	-2.65329e-05
6.51907e-11	-2.68799e-05
6.52831e-11	-2.72277e-05
6.53755e-11	-2.75761e-05
6.54679e-11	-2.79252e-05
6.55603e-11	-2.8275e-05
6.56527e-11	-2.86255e-05
6.57451e-11	-2.89767e-05
6.58375e-11	-2.93286e-05
6.59299e-11	-2.96813e-05
6.60223e-11	-3.00346e-05
6.61147e-11	-3.03886e-05
6.62071e-11	-3.07434e-05
6.62995e-11	-3.10988e-05
6.63919e-11	-3.14549e-05
6.64843e-11	-3.18118e-05
6.65767e-11	-3.21693e-05
6.66691e-11	-3.25276e-05
6.67615e-11	-3.28866e-05
6.68539e-11	-3.32463e-05
6.69463e-11	-3.36066e-05
6.70387e-11	-3.39677e-05
6.71311e-11	-3.43296e-05
6.72235e-11	-3.46921e-05
6.73159e-11	-3.50553e-05
6.74083e-11	-3.54192e-05
6.75007e-11	-3.57839e-05
6.75932e-11	-3.61493e-05
6.76856e-11	-3.65154e-05
6.7778e-11	-3.68821e-05
6.78704e-11	-3.72497e-05
6.79628e-11	-3.76179e-05
6.80552e-11	-3.79868e-05
6.81476e-11	-3.83565e-05
6.824e-11	-3.87269e-05
6.83324e-11	-3.90979e-05
6.84248e-11	-3.94698e-05
6.85172e-11	-3.98423e-05
6.86096e-11	-4.02155e-05
6.8702e-11	-4.05895e-05
6.87944e-11	-4.09642e-05
6.88868e-11	-4.13396e-05
6.89792e-11	-4.17157e-05
6.90716e-11	-4.20926e-05
6.9164e-11	-4.24702e-05
6.92564e-11	-4.28485e-05
6.93488e-11	-4.32275e-05
6.94412e-11	-4.36072e-05
6.95336e-11	-4.39877e-05
6.9626e-11	-4.43689e-05
6.97184e-11	-4.47508e-05
6.98108e-11	-4.51335e-05
6.99032e-11	-4.55168e-05
6.99956e-11	-4.59009e-05
7.0088e-11	-4.62858e-05
7.01804e-11	-4.66713e-05
7.02729e-11	-4.70576e-05
7.03653e-11	-4.74446e-05
7.04577e-11	-4.78324e-05
7.05501e-11	-4.82208e-05
7.06425e-11	-4.86101e-05
7.07349e-11	-4.9e-05
7.08273e-11	-4.93907e-05
7.09197e-11	-4.97821e-05
7.10121e-11	-5.01742e-05
7.11045e-11	-5.05671e-05
7.11969e-11	-5.09607e-05
7.12893e-11	-5.1355e-05
7.13817e-11	-5.17501e-05
7.14741e-11	-5.21459e-05
7.15665e-11	-5.25425e-05
7.16589e-11	-5.29398e-05
7.17513e-11	-5.33378e-05
7.18437e-11	-5.37365e-05
7.19361e-11	-5.4136e-05
7.20285e-11	-5.45363e-05
7.21209e-11	-5.49373e-05
7.22133e-11	-5.5339e-05
7.23057e-11	-5.57414e-05
7.23981e-11	-5.61446e-05
7.24905e-11	-5.65486e-05
7.25829e-11	-5.69533e-05
7.26753e-11	-5.73587e-05
7.27677e-11	-5.77649e-05
7.28602e-11	-5.81718e-05
7.29526e-11	-5.85794e-05
7.3045e-11	-5.89878e-05
7.31374e-11	-5.9397e-05
7.32298e-11	-5.98069e-05
7.33222e-11	-6.02175e-05
7.34146e-11	-6.06289e-05
7.3507e-11	-6.1041e-05
7.35994e-11	-6.14539e-05
7.36918e-11	-6.18676e-05
7.37842e-11	-6.22819e-05
7.38766e-11	-6.26971e-05
7.3969e-11	-6.3113e-05
7.40614e-11	-6.35296e-05
7.41538e-11	-6.3947e-05
7.42462e-11	-6.43651e-05
7.43386e-11	-6.4784e-05
7.4431e-11	-6.52036e-05
7.45234e-11	-6.5624e-05
7.46158e-11	-6.60451e-05
7.47082e-11	-6.64671e-05
7.48006e-11	-6.68897e-05
7.4893e-11	-6.73131e-05
7.49854e-11	-6.77373e-05
7.50778e-11	-6.81622e-05
7.51702e-11	-6.85879e-05
7.52626e-11	-6.90143e-05
7.5355e-11	-6.94415e-05
7.54474e-11	-6.98694e-05
7.55399e-11	-7.02981e-05
7.56323e-11	-7.07276e-05
7.57247e-11	-7.11578e-05
7.58171e-11	-7.15888e-05
7.59095e-11	-7.20205e-05
7.60019e-11	-7.2453e-05
7.60943e-11	-7.28863e-05
7.61867e-11	-7.33203e-05
7.62791e-11	-7.37551e-05
7.63715e-11	-7.41907e-05
7.64639e-11	-7.4627e-05
7.65563e-11	-7.50641e-05
7.66487e-11	-7.55019e-05
7.67411e-11	-7.59405e-05
7.68335e-11	-7.63799e-05
7.69259e-11	-7.682e-05
7.70183e-11	-7.72609e-05
7.71107e-11	-7.77026e-05
7.72031e-11	-7.8145e-05
7.72955e-11	-7.85883e-05
7.73879e-11	-7.90322e-05
7.74803e-11	-7.9477e-05
7.75727e-11	-7.99225e-05
7.76651e-11	-8.03688e-05
7.77575e-11	-8.08158e-05
7.78499e-11	-8.12636e-05
7.79423e-11	-8.17122e-05
7.80347e-11	-8.21616e-05
7.81271e-11	-8.26117e-05
7.82196e-11	-8.30626e-05
7.8312e-11	-8.35143e-05
7.84044e-11	-8.39667e-05
7.84968e-11	-8.442e-05
7.85892e-11	-8.4874e-05
7.86816e-11	-8.53287e-05
7.8774e-11	-8.57843e-05
7.88664e-11	-8.62406e-05
7.89588e-11	-8.66977e-05
7.90512e-11	-8.71556e-05
7.91436e-11	-8.76142e-05
7.9236e-11	-8.80736e-05
7.93284e-11	-8.85338e-05
7.94208e-11	-8.89948e-05
7.95132e-11	-8.94566e-05
7.96056e-11	-8.99191e-05
7.9698e-11	-9.03824e-05
7.97904e-11	-9.08465e-05
7.98828e-11	-9.13114e-05
7.99752e-11	-9.17771e-05
8.00676e-11	-9.22435e-05
8.016e-11	-9.27107e-05
8.02524e-11	-9.31788e-05
8.03448e-11	-9.36475e-05
8.04372e-11	-9.41171e-05
8.05296e-11	-9.45874e-05
8.0622e-11	-9.50586e-05
8.07144e-11	-9.55305e-05
8.08069e-11	-9.60032e-05
8.08993e-11	-9.64767e-05
8.09917e-11	-9.6951e-05
8.10841e-11	-9.7426e-05
8.11765e-11	-9.79019e-05
8.12689e-11	-9.83785e-05
8.13613e-11	-9.88559e-05
8.14537e-11	-9.93341e-05
8.15461e-11	-9.98131e-05
8.16385e-11	-0.000100293
8.17309e-11	-0.000100773
8.18233e-11	-0.000101255
8.19157e-11	-0.000101737
8.20081e-11	-0.00010222
8.21005e-11	-0.000102704
8.21929e-11	-0.000103188
8.22853e-11	-0.000103673
8.23777e-11	-0.00010416
8.24701e-11	-0.000104646
8.25625e-11	-0.000105134
8.26549e-11	-0.000105623
8.27473e-11	-0.000106112
8.28397e-11	-0.000106602
8.29321e-11	-0.000107093
8.30245e-11	-0.000107584
8.31169e-11	-0.000108077
8.32093e-11	-0.00010857
8.33017e-11	-0.000109064
8.33941e-11	-0.000109559
8.34866e-11	-0.000110055
8.3579e-11	-0.000110551
8.36714e-11	-0.000111048
8.37638e-11	-0.000111546
8.38562e-11	-0.000112045
8.39486e-11	-0.000112545
8.4041e-11	-0.000113045
8.41334e-11	-0.000113546
8.42258e-11	-0.000114048
8.43182e-11	-0.000114551
8.44106e-11	-0.000115055
8.4503e-11	-0.000115559
8.45954e-11	-0.000116064
8.46878e-11	-0.000116571
8.47802e-11	-0.000117077
8.48726e-11	-0.000117585
8.4965e-11	-0.000118093
8.50574e-11	-0.000118603
8.51498e-11	-0.000119113
8.52422e-11	-0.000119623
8.53346e-11	-0.000120135
8.5427e-11	-0.000120648
8.55194e-11	-0.000121161
8.56118e-11	-0.000121675
8.57042e-11	-0.00012219
8.57966e-11	-0.000122705
8.5889e-11	-0.000123222
8.59814e-11	-0.000123739
8.60738e-11	-0.000124257
8.61663e-11	-0.000124776
8.62587e-11	-0.000125296
8.63511e-11	-0.000125816
8.64435e-11	-0.000126338
8.65359e-11	-0.00012686
8.66283e-11	-0.000127383
8.67207e-11	-0.000127906
8.68131e-11	-0.000128431
8.69055e-11	-0.000128956
8.69979e-11	-0.000129482
8.70903e-11	-0.000130009
8.71827e-11	-0.000130537
8.72751e-11	-0.000131066
8.73675e-11	-0.000131595
8.74599e-11	-0.000132125
8.75523e-11	-0.000132656
8.76447e-11	-0.000133188
8.77371e-11	-0.000133721
8.78295e-11	-0.000134254
8.79219e-11	-0.000134789
8.80143e-11	-0.000135324
8.81067e-11	-0.00013586
8.81991e-11	-0.000136396
8.82915e-11	-0.000136934
8.83839e-11	-0.000137472
8.84763e-11	-0.000138011
8.85687e-11	-0.000138551
8.86611e-11	-0.000139092
8.87536e-11	-0.000139634
8.8846e-11	-0.000140176
8.89384e-11	-0.000140719
8.90308e-11	-0.000141263
8.91232e-11	-0.000141808
8.92156e-11	-0.000142354
8.9308e-11	-0.000142901
8.94004e-11	-0.000143448
8.94928e-11	-0.000143996
8.95852e-11	-0.000144545
8.96776e-11	-0.000145095
8.977e-11	-0.000145645
8.98624e-11	-0.000146197
8.99548e-11	-0.000146749
9.00472e-11	-0.000147302
9.01396e-11	-0.000147856
9.0232e-11	-0.000148411
9.03244e-11	-0.000148966
9.04168e-11	-0.000149523
9.05092e-11	-0.00015008
9.06016e-11	-0.000150638
9.0694e-11	-0.000151197
9.07864e-11	-0.000151756
9.08788e-11	-0.000152317
9.09712e-11	-0.000152878
9.10636e-11	-0.00015344
9.1156e-11	-0.000154003
9.12484e-11	-0.000154567
9.13408e-11	-0.000155131
9.14333e-11	-0.000155697
9.15257e-11	-0.000156263
9.16181e-11	-0.00015683
9.17105e-11	-0.000157398
9.18029e-11	-0.000157967
9.18953e-11	-0.000158536
9.19877e-11	-0.000159106
9.20801e-11	-0.000159678
9.21725e-11	-0.00016025
9.22649e-11	-0.000160823
9.23573e-11	-0.000161396
9.24497e-11	-0.000161971
9.25421e-11	-0.000162546
9.26345e-11	-0.000163122
9.27269e-11	-0.000163699
9.28193e-11	-0.000164277
9.29117e-11	-0.000164856
9.30041e-11	-0.000165435
9.30965e-11	-0.000166015
9.31889e-11	-0.000166596
9.32813e-11	-0.000167178
9.33737e-11	-0.000167761
9.34661e-11	-0.000168345
9.35585e-11	-0.000168929
9.36509e-11	-0.000169514
9.37433e-11	-0.0001701
9.38357e-11	-0.000170687
9.39281e-11	-0.000171275
9.40205e-11	-0.000171864
9.4113e-11	-0.000172453
9.42054e-11	-0.000173043
9.42978e-11	-0.000173634
9.43902e-11	-0.000174226
9.44826e-11	-0.000174819
9.4575e-11	-0.000175413
9.46674e-11	-0.000176007
9.47598e-11	-0.000176602
9.48522e-11	-0.000177198
9.49446e-11	-0.000177795
9.5037e-11	-0.000178393
9.51294e-11	-0.000178992
9.52218e-11	-0.000179591
9.53142e-11	-0.000180191
9.54066e-11	-0.000180792
9.5499e-11	-0.000181394
9.55914e-11	-0.000181997
9.56838e-11	-0.000182601
9.57762e-11	-0.000183205
9.58686e-11	-0.00018381
9.5961e-11	-0.000184416
9.60534e-11	-0.000185023
9.61458e-11	-0.000185631
9.62382e-11	-0.00018624
9.63306e-11	-0.000186849
9.6423e-11	-0.000187459
9.65154e-11	-0.00018807
9.66078e-11	-0.000188682
9.67003e-11	-0.000189295
9.67927e-11	-0.000189909
9.68851e-11	-0.000190523
9.69775e-11	-0.000191138
9.70699e-11	-0.000191754
9.71623e-11	-0.000192371
9.72547e-11	-0.000192989
9.73471e-11	-0.000193608
9.74395e-11	-0.000194227
9.75319e-11	-0.000194848
9.76243e-11	-0.000195469
9.77167e-11	-0.000196091
9.78091e-11	-0.000196714
9.79015e-11	-0.000197337
9.79939e-11	-0.000197962
9.80863e-11	-0.000198587
9.81787e-11	-0.000199213
9.82711e-11	-0.00019984
9.83635e-11	-0.000200468
9.84559e-11	-0.000201097
9.85483e-11	-0.000201726
9.86407e-11	-0.000202357
9.87331e-11	-0.000202988
9.88255e-11	-0.00020362
9.89179e-11	-0.000204253
9.90103e-11	-0.000204886
9.91027e-11	-0.000205521
9.91951e-11	-0.000206156
9.92875e-11	-0.000206793
9.938e-11	-0.00020743
9.94724e-11	-0.000208068
9.95648e-11	-0.000208706
9.96572e-11	-0.000209346
9.97496e-11	-0.000209987
9.9842e-11	-0.000210628
9.99344e-11	-0.00021127
1.00027e-10	-0.000211913
1.00119e-10	-0.000212557
1.00212e-10	-0.000213201
1.00304e-10	-0.000213847
1.00396e-10	-0.000214493
1.00489e-10	-0.00021514
1.00581e-10	-0.000215788
1.00674e-10	-0.000216437
1.00766e-10	-0.000217087
1.00858e-10	-0.000217737
1.00951e-10	-0.000218389
1.01043e-10	-0.000219041
1.01136e-10	-0.000219694
1.01228e-10	-0.000220348
1.0132e-10	-0.000221003
1.01413e-10	-0.000221658
1.01505e-10	-0.000222315
1.01598e-10	-0.000222972
1.0169e-10	-0.00022363
1.01782e-10	-0.000224289
1.01875e-10	-0.000224949
1.01967e-10	-0.00022561
1.0206e-10	-0.000226271
1.02152e-10	-0.000226933
1.02244e-10	-0.000227597
1.02337e-10	-0.000228261
1.02429e-10	-0.000228926
1.02522e-10	-0.000229591
1.02614e-10	-0.000230258
1.02706e-10	-0.000230925
1.02799e-10	-0.000231593
1.02891e-10	-0.000232262
1.02984e-10	-0.000232932
1.03076e-10	-0.000233603
1.03168e-10	-0.000234275
1.03261e-10	-0.000234947
1.03353e-10	-0.00023562
1.03446e-10	-0.000236295
1.03538e-10	-0.00023697
1.03631e-10	-0.000237645
1.03723e-10	-0.000238322
1.03815e-10	-0.000239
1.03908e-10	-0.000239678
1.04e-10	-0.000240357
1.04093e-10	-0.000241037
1.04185e-10	-0.000241718
1.04277e-10	-0.0002424
1.0437e-10	-0.000243082
1.04462e-10	-0.000243766
1.04555e-10	-0.00024445
1.04647e-10	-0.000245135
1.04739e-10	-0.000245821
1.04832e-10	-0.000246508
1.04924e-10	-0.000247195
1.05017e-10	-0.000247884
1.05109e-10	-0.000248573
1.05201e-10	-0.000249263
1.05294e-10	-0.000249954
1.05386e-10	-0.000250646
1.05479e-10	-0.000251339
1.05571e-10	-0.000252032
1.05663e-10	-0.000252727
1.05756e-10	-0.000253422
1.05848e-10	-0.000254118
1.05941e-10	-0.000254815
1.06033e-10	-0.000255512
1.06125e-10	-0.000256211
1.06218e-10	-0.00025691
1.0631e-10	-0.000257611
1.06403e-10	-0.000258312
1.06495e-10	-0.000259014
1.06587e-10	-0.000259716
1.0668e-10	-0.00026042
1.06772e-10	-0.000261124
1.06865e-10	-0.00026183
1.06957e-10	-0.000262536
1.07049e-10	-0.000263243
1.07142e-10	-0.000263951
1.07234e-10	-0.000264659
1.07327e-10	-0.000265369
1.07419e-10	-0.000266079
1.07511e-10	-0.00026679
1.07604e-10	-0.000267503
1.07696e-10	-0.000268215
1.07789e-10	-0.000268929
1.07881e-10	-0.000269644
1.07973e-10	-0.000270359
1.08066e-10	-0.000271075
1.08158e-10	-0.000271792
1.08251e-10	-0.00027251
1.08343e-10	-0.000273229
1.08435e-10	-0.000273949
1.08528e-10	-0.000274669
1.0862e-10	-0.00027539
1.08713e-10	-0.000276112
1.08805e-10	-0.000276835
1.08898e-10	-0.000277559
1.0899e-10	-0.000278284
1.09082e-10	-0.000279009
1.09175e-10	-0.000279736
1.09267e-10	-0.000280463
1.0936e-10	-0.000281191
1.09452e-10	-0.00028192
1.09544e-10	-0.000282649
1.09637e-10	-0.00028338
1.09729e-10	-0.000284111
1.09822e-10	-0.000284843
1.09914e-10	-0.000285576
1.10006e-10	-0.00028631
1.10099e-10	-0.000287045
1.10191e-10	-0.000287781
1.10284e-10	-0.000288517
1.10376e-10	-0.000289254
1.10468e-10	-0.000289992
1.10561e-10	-0.000290731
1.10653e-10	-0.000291471
1.10746e-10	-0.000292211
1.10838e-10	-0.000292953
1.1093e-10	-0.000293695
1.11023e-10	-0.000294438
1.11115e-10	-0.000295182
1.11208e-10	-0.000295927
1.113e-10	-0.000296672
1.11392e-10	-0.000297419
1.11485e-10	-0.000298166
1.11577e-10	-0.000298914
1.1167e-10	-0.000299663
1.11762e-10	-0.000300413
1.11854e-10	-0.000301163
1.11947e-10	-0.000301915
1.12039e-10	-0.000302667
1.12132e-10	-0.00030342
1.12224e-10	-0.000304174
1.12316e-10	-0.000304929
1.12409e-10	-0.000305684
1.12501e-10	-0.000306441
1.12594e-10	-0.000307198
1.12686e-10	-0.000307956
1.12778e-10	-0.000308715
1.12871e-10	-0.000309475
1.12963e-10	-0.000310235
1.13056e-10	-0.000310997
1.13148e-10	-0.000311759
1.1324e-10	-0.000312522
1.13333e-10	-0.000313286
1.13425e-10	-0.000314051
1.13518e-10	-0.000314816
1.1361e-10	-0.000315583
1.13702e-10	-0.00031635
1.13795e-10	-0.000317118
1.13887e-10	-0.000317887
1.1398e-10	-0.000318657
1.14072e-10	-0.000319427
1.14165e-10	-0.000320198
1.14257e-10	-0.000320971
1.14349e-10	-0.000321744
1.14442e-10	-0.000322518
1.14534e-10	-0.000323292
1.14627e-10	-0.000324068
1.14719e-10	-0.000324844
1.14811e-10	-0.000325621
1.14904e-10	-0.000326399
1.14996e-10	-0.000327178
1.15089e-10	-0.000327958
1.15181e-10	-0.000328738
1.15273e-10	-0.000329519
1.15366e-10	-0.000330302
1.15458e-10	-0.000331085
1.15551e-10	-0.000331868
1.15643e-10	-0.000332653
1.15735e-10	-0.000333438
1.15828e-10	-0.000334225
1.1592e-10	-0.000335012
1.16013e-10	-0.000335799
1.16105e-10	-0.000336588
1.16197e-10	-0.000337378
1.1629e-10	-0.000338168
1.16382e-10	-0.000338959
1.16475e-10	-0.000339751
1.16567e-10	-0.000340544
1.16659e-10	-0.000341338
1.16752e-10	-0.000342132
1.16844e-10	-0.000342927
1.16937e-10	-0.000343723
1.17029e-10	-0.00034452
1.17121e-10	-0.000345318
1.17214e-10	-0.000346117
1.17306e-10	-0.000346916
1.17399e-10	-0.000347716
1.17491e-10	-0.000348517
1.17583e-10	-0.000349319
1.17676e-10	-0.000350122
1.17768e-10	-0.000350925
1.17861e-10	-0.000351729
1.17953e-10	-0.000352534
1.18045e-10	-0.00035334
1.18138e-10	-0.000354147
1.1823e-10	-0.000354954
1.18323e-10	-0.000355763
1.18415e-10	-0.000356572
1.18507e-10	-0.000357382
1.186e-10	-0.000358193
1.18692e-10	-0.000359004
1.18785e-10	-0.000359817
1.18877e-10	-0.00036063
1.18969e-10	-0.000361444
1.19062e-10	-0.000362259
1.19154e-10	-0.000363074
1.19247e-10	-0.000363891
1.19339e-10	-0.000364708
1.19432e-10	-0.000365526
1.19524e-10	-0.000366345
1.19616e-10	-0.000367164
1.19709e-10	-0.000367985
1.19801e-10	-0.000368806
1.19894e-10	-0.000369628
1.19986e-10	-0.000370451
1.20078e-10	-0.000371275
1.20171e-10	-0.000372099
1.20263e-10	-0.000372925
1.20356e-10	-0.000373751
1.20448e-10	-0.000374578
1.2054e-10	-0.000375405
1.20633e-10	-0.000376234
1.20725e-10	-0.000377063
1.20818e-10	-0.000377893
1.2091e-10	-0.000378724
1.21002e-10	-0.000379556
1.21095e-10	-0.000380389
1.21187e-10	-0.000381222
1.2128e-10	-0.000382056
1.21372e-10	-0.000382891
1.21464e-10	-0.000383727
1.21557e-10	-0.000384563
1.21649e-10	-0.000385401
1.21742e-10	-0.000386239
1.21834e-10	-0.000387078
1.21926e-10	-0.000387917
1.22019e-10	-0.000388758
1.22111e-10	-0.000389599
1.22204e-10	-0.000390441
1.22296e-10	-0.000391284
1.22388e-10	-0.000392128
1.22481e-10	-0.000392972
1.22573e-10	-0.000393817
1.22666e-10	-0.000394664
1.22758e-10	-0.00039551
1.2285e-10	-0.000396358
1.22943e-10	-0.000397206
1.23035e-10	-0.000398056
1.23128e-10	-0.000398906
1.2322e-10	-0.000399756
1.23312e-10	-0.000400608
1.23405e-10	-0.00040146
1.23497e-10	-0.000402314
1.2359e-10	-0.000403167
1.23682e-10	-0.000404022
1.23774e-10	-0.000404878
1.23867e-10	-0.000405734
1.23959e-10	-0.000406591
1.24052e-10	-0.000407449
1.24144e-10	-0.000408308
1.24236e-10	-0.000409167
1.24329e-10	-0.000410027
1.24421e-10	-0.000410888
1.24514e-10	-0.00041175
1.24606e-10	-0.000412612
1.24699e-10	-0.000413476
1.24791e-10	-0.00041434
1.24883e-10	-0.000415205
1.24976e-10	-0.00041607
1.25068e-10	-0.000416937
1.25161e-10	-0.000417804
1.25253e-10	-0.000418672
1.25345e-10	-0.000419541
1.25438e-10	-0.00042041
1.2553e-10	-0.000421281
1.25623e-10	-0.000422152
1.25715e-10	-0.000423024
1.25807e-10	-0.000423896
1.259e-10	-0.00042477
1.25992e-10	-0.000425644
1.26085e-10	-0.000426519
1.26177e-10	-0.000427394
1.26269e-10	-0.000428271
1.26362e-10	-0.000429148
1.26454e-10	-0.000430026
1.26547e-10	-0.000430905
1.26639e-10	-0.000431784
1.26731e-10	-0.000432665
1.26824e-10	-0.000433546
1.26916e-10	-0.000434427
1.27009e-10	-0.00043531
1.27101e-10	-0.000436193
1.27193e-10	-0.000437077
1.27286e-10	-0.000437962
1.27378e-10	-0.000438848
1.27471e-10	-0.000439734
1.27563e-10	-0.000440621
1.27655e-10	-0.000441509
1.27748e-10	-0.000442398
1.2784e-10	-0.000443287
1.27933e-10	-0.000444178
1.28025e-10	-0.000445068
1.28117e-10	-0.00044596
1.2821e-10	-0.000446853
1.28302e-10	-0.000447746
1.28395e-10	-0.00044864
1.28487e-10	-0.000449534
1.28579e-10	-0.00045043
1.28672e-10	-0.000451326
1.28764e-10	-0.000452223
1.28857e-10	-0.000453121
1.28949e-10	-0.000454019
1.29041e-10	-0.000454918
1.29134e-10	-0.000455818
1.29226e-10	-0.000456719
1.29319e-10	-0.00045762
1.29411e-10	-0.000458522
1.29503e-10	-0.000459425
1.29596e-10	-0.000460329
1.29688e-10	-0.000461233
1.29781e-10	-0.000462138
1.29873e-10	-0.000463044
1.29966e-10	-0.000463951
1.30058e-10	-0.000464858
1.3015e-10	-0.000465766
1.30243e-10	-0.000466675
1.30335e-10	-0.000467584
1.30428e-10	-0.000468495
1.3052e-10	-0.000469406
1.30612e-10	-0.000470317
1.30705e-10	-0.00047123
1.30797e-10	-0.000472143
1.3089e-10	-0.000473057
1.30982e-10	-0.000473972
1.31074e-10	-0.000474887
1.31167e-10	-0.000475803
1.31259e-10	-0.00047672
1.31352e-10	-0.000477638
1.31444e-10	-0.000478556
1.31536e-10	-0.000479475
1.31629e-10	-0.000480395
1.31721e-10	-0.000481315
1.31814e-10	-0.000482236
1.31906e-10	-0.000483158
1.31998e-10	-0.000484081
1.32091e-10	-0.000485004
1.32183e-10	-0.000485928
1.32276e-10	-0.000486853
1.32368e-10	-0.000487779
1.3246e-10	-0.000488705
1.32553e-10	-0.000489632
1.32645e-10	-0.000490559
1.32738e-10	-0.000491488
1.3283e-10	-0.000492417
1.32922e-10	-0.000493347
1.33015e-10	-0.000494277
1.33107e-10	-0.000495208
1.332e-10	-0.00049614
1.33292e-10	-0.000497073
1.33384e-10	-0.000498006
1.33477e-10	-0.00049894
1.33569e-10	-0.000499875
1.33662e-10	-0.00050081
1.33754e-10	-0.000501746
1.33846e-10	-0.000502683
1.33939e-10	-0.000503621
1.34031e-10	-0.000504559
1.34124e-10	-0.000505498
1.34216e-10	-0.000506438
1.34308e-10	-0.000507378
1.34401e-10	-0.000508319
1.34493e-10	-0.000509261
1.34586e-10	-0.000510203
1.34678e-10	-0.000511146
1.3477e-10	-0.00051209
1.34863e-10	-0.000513034
1.34955e-10	-0.00051398
1.35048e-10	-0.000514926
1.3514e-10	-0.000515872
1.35233e-10	-0.000516819
1.35325e-10	-0.000517767
1.35417e-10	-0.000518716
1.3551e-10	-0.000519665
1.35602e-10	-0.000520615
1.35695e-10	-0.000521566
1.35787e-10	-0.000522517
1.35879e-10	-0.000523469
1.35972e-10	-0.000524422
1.36064e-10	-0.000525375
1.36157e-10	-0.000526329
1.36249e-10	-0.000527284
1.36341e-10	-0.000528239
1.36434e-10	-0.000529196
1.36526e-10	-0.000530152
1.36619e-10	-0.00053111
1.36711e-10	-0.000532068
1.36803e-10	-0.000533027
1.36896e-10	-0.000533986
1.36988e-10	-0.000534946
1.37081e-10	-0.000535907
1.37173e-10	-0.000536868
1.37265e-10	-0.00053783
1.37358e-10	-0.000538793
1.3745e-10	-0.000539756
1.37543e-10	-0.000540721
1.37635e-10	-0.000541685
1.37727e-10	-0.000542651
1.3782e-10	-0.000543617
1.37912e-10	-0.000544583
1.38005e-10	-0.000545551
1.38097e-10	-0.000546519
1.38189e-10	-0.000547488
1.38282e-10	-0.000548457
1.38374e-10	-0.000549427
1.38467e-10	-0.000550397
1.38559e-10	-0.000551369
1.38651e-10	-0.000552341
1.38744e-10	-0.000553313
1.38836e-10	-0.000554286
1.38929e-10	-0.00055526
1.39021e-10	-0.000556235
1.39113e-10	-0.00055721
1.39206e-10	-0.000558186
1.39298e-10	-0.000559162
1.39391e-10	-0.000560139
1.39483e-10	-0.000561117
1.39575e-10	-0.000562095
1.39668e-10	-0.000563074
1.3976e-10	-0.000564054
1.39853e-10	-0.000565034
1.39945e-10	-0.000566015
1.40037e-10	-0.000566996
1.4013e-10	-0.000567978
1.40222e-10	-0.000568961
1.40315e-10	-0.000569944
1.40407e-10	-0.000570928
1.405e-10	-0.000571913
1.40592e-10	-0.000572898
1.40684e-10	-0.000573884
1.40777e-10	-0.00057487
1.40869e-10	-0.000575857
1.40962e-10	-0.000576845
1.41054e-10	-0.000577833
1.41146e-10	-0.000578822
1.41239e-10	-0.000579812
1.41331e-10	-0.000580802
1.41424e-10	-0.000581793
1.41516e-10	-0.000582784
1.41608e-10	-0.000583776
1.41701e-10	-0.000584769
1.41793e-10	-0.000585762
1.41886e-10	-0.000586756
1.41978e-10	-0.00058775
1.4207e-10	-0.000588745
1.42163e-10	-0.000589741
1.42255e-10	-0.000590737
1.42348e-10	-0.000591734
1.4244e-10	-0.000592731
1.42532e-10	-0.000593729
1.42625e-10	-0.000594728
1.42717e-10	-0.000595727
1.4281e-10	-0.000596727
1.42902e-10	-0.000597727
1.42994e-10	-0.000598728
1.43087e-10	-0.000599729
1.43179e-10	-0.000600732
1.43272e-10	-0.000601734
1.43364e-10	-0.000602737
1.43456e-10	-0.000603741
1.43549e-10	-0.000604746
1.43641e-10	-0.000605751
1.43734e-10	-0.000606756
1.43826e-10	-0.000607763
1.43918e-10	-0.000608769
1.44011e-10	-0.000609777
1.44103e-10	-0.000610785
1.44196e-10	-0.000611793
1.44288e-10	-0.000612802
1.4438e-10	-0.000613812
1.44473e-10	-0.000614822
1.44565e-10	-0.000615833
1.44658e-10	-0.000616844
1.4475e-10	-0.000617856
1.44842e-10	-0.000618868
1.44935e-10	-0.000619881
1.45027e-10	-0.000620895
1.4512e-10	-0.000621909
1.45212e-10	-0.000622923
1.45304e-10	-0.000623939
1.45397e-10	-0.000624954
1.45489e-10	-0.000625971
1.45582e-10	-0.000626987
1.45674e-10	-0.000628005
1.45767e-10	-0.000629023
1.45859e-10	-0.000630041
1.45951e-10	-0.00063106
1.46044e-10	-0.00063208
1.46136e-10	-0.0006331
1.46229e-10	-0.000634121
1.46321e-10	-0.000635142
1.46413e-10	-0.000636163
1.46506e-10	-0.000637186
1.46598e-10	-0.000638209
1.46691e-10	-0.000639232
1.46783e-10	-0.000640256
1.46875e-10	-0.00064128
1.46968e-10	-0.000642305
1.4706e-10	-0.00064333
1.47153e-10	-0.000644356
1.47245e-10	-0.000645383
1.47337e-10	-0.00064641
1.4743e-10	-0.000647437
1.47522e-10	-0.000648465
1.47615e-10	-0.000649494
1.47707e-10	-0.000650523
1.47799e-10	-0.000651553
1.47892e-10	-0.000652583
1.47984e-10	-0.000653613
1.48077e-10	-0.000654644
1.48169e-10	-0.000655676
1.48261e-10	-0.000656708
1.48354e-10	-0.000657741
1.48446e-10	-0.000658774
1.48539e-10	-0.000659807
1.48631e-10	-0.000660841
1.48723e-10	-0.000661876
1.48816e-10	-0.000662911
1.48908e-10	-0.000663947
1.49001e-10	-0.000664983
1.49093e-10	-0.000666019
1.49185e-10	-0.000667056
1.49278e-10	-0.000668094
1.4937e-10	-0.000669132
1.49463e-10	-0.000670171
1.49555e-10	-0.00067121
1.49647e-10	-0.000672249
1.4974e-10	-0.000673289
1.49832e-10	-0.000674329
1.49925e-10	-0.00067537
1.50017e-10	-0.000676412
1.50109e-10	-0.000677454
1.50202e-10	-0.000678496
1.50294e-10	-0.000679539
1.50387e-10	-0.000680582
1.50479e-10	-0.000681626
1.50571e-10	-0.00068267
1.50664e-10	-0.000683715
1.50756e-10	-0.00068476
1.50849e-10	-0.000685805
1.50941e-10	-0.000686851
1.51034e-10	-0.000687898
1.51126e-10	-0.000688945
1.51218e-10	-0.000689992
1.51311e-10	-0.00069104
1.51403e-10	-0.000692088
1.51496e-10	-0.000693137
1.51588e-10	-0.000694186
1.5168e-10	-0.000695236
1.51773e-10	-0.000696286
1.51865e-10	-0.000697336
1.51958e-10	-0.000698387
1.5205e-10	-0.000699439
1.52142e-10	-0.000700491
1.52235e-10	-0.000701543
1.52327e-10	-0.000702595
1.5242e-10	-0.000703649
1.52512e-10	-0.000704702
1.52604e-10	-0.000705756
1.52697e-10	-0.00070681
1.52789e-10	-0.000707865
1.52882e-10	-0.00070892
1.52974e-10	-0.000709976
1.53066e-10	-0.000711032
1.53159e-10	-0.000712089
1.53251e-10	-0.000713145
1.53344e-10	-0.000714203
1.53436e-10	-0.00071526
1.53528e-10	-0.000716319
1.53621e-10	-0.000717377
1.53713e-10	-0.000718436
1.53806e-10	-0.000719495
1.53898e-10	-0.000720555
1.5399e-10	-0.000721615
1.54083e-10	-0.000722676
1.54175e-10	-0.000723737
1.54268e-10	-0.000724798
1.5436e-10	-0.00072586
1.54452e-10	-0.000726922
1.54545e-10	-0.000727984
1.54637e-10	-0.000729047
1.5473e-10	-0.00073011
1.54822e-10	-0.000731174
1.54914e-10	-0.000732238
1.55007e-10	-0.000733302
1.55099e-10	-0.000734367
1.55192e-10	-0.000735432
1.55284e-10	-0.000736497
1.55376e-10	-0.000737563
1.55469e-10	-0.000738629
1.55561e-10	-0.000739696
1.55654e-10	-0.000740763
1.55746e-10	-0.00074183
1.55838e-10	-0.000742898
1.55931e-10	-0.000743966
1.56023e-10	-0.000745034
1.56116e-10	-0.000746103
1.56208e-10	-0.000747172
1.56301e-10	-0.000748242
1.56393e-10	-0.000749311
1.56485e-10	-0.000750381
1.56578e-10	-0.000751452
1.5667e-10	-0.000752523
1.56763e-10	-0.000753594
1.56855e-10	-0.000754665
1.56947e-10	-0.000755737
1.5704e-10	-0.000756809
1.57132e-10	-0.000757882
1.57225e-10	-0.000758955
1.57317e-10	-0.000760028
1.57409e-10	-0.000761101
1.57502e-10	-0.000762175
1.57594e-10	-0.000763249
1.57687e-10	-0.000764324
1.57779e-10	-0.000765398
1.57871e-10	-0.000766473
1.57964e-10	-0.000767549
1.58056e-10	-0.000768624
1.58149e-10	-0.0007697
1.58241e-10	-0.000770777
1.58333e-10	-0.000771853
1.58426e-10	-0.00077293
1.58518e-10	-0.000774007
1.58611e-10	-0.000775085
1.58703e-10	-0.000776163
1.58795e-10	-0.000777241
1.58888e-10	-0.000778319
1.5898e-10	-0.000779398
1.59073e-10	-0.000780477
1.59165e-10	-0.000781556
1.59257e-10	-0.000782636
1.5935e-10	-0.000783715
1.59442e-10	-0.000784795
1.59535e-10	-0.000785876
1.59627e-10	-0.000786957
1.59719e-10	-0.000788037
1.59812e-10	-0.000789119
1.59904e-10	-0.0007902
1.59997e-10	-0.000791282
1.60089e-10	-0.000792364
1.60181e-10	-0.000793446
1.60274e-10	-0.000794529
1.60366e-10	-0.000795611
1.60459e-10	-0.000796694
1.60551e-10	-0.000797778
1.60643e-10	-0.000798861
1.60736e-10	-0.000799945
1.60828e-10	-0.000801029
1.60921e-10	-0.000802113
1.61013e-10	-0.000803198
1.61105e-10	-0.000804282
1.61198e-10	-0.000805367
1.6129e-10	-0.000806453
1.61383e-10	-0.000807538
1.61475e-10	-0.000808624
1.61568e-10	-0.00080971
1.6166e-10	-0.000810796
1.61752e-10	-0.000811882
1.61845e-10	-0.000812969
1.61937e-10	-0.000814055
1.6203e-10	-0.000815142
1.62122e-10	-0.00081623
1.62214e-10	-0.000817317
1.62307e-10	-0.000818405
1.62399e-10	-0.000819493
1.62492e-10	-0.000820581
1.62584e-10	-0.000821669
1.62676e-10	-0.000822757
1.62769e-10	-0.000823846
1.62861e-10	-0.000824935
1.62954e-10	-0.000826024
1.63046e-10	-0.000827113
1.63138e-10	-0.000828203
1.63231e-10	-0.000829292
1.63323e-10	-0.000830382
1.63416e-10	-0.000831472
1.63508e-10	-0.000832562
1.636e-10	-0.000833652
1.63693e-10	-0.000834743
1.63785e-10	-0.000835834
1.63878e-10	-0.000836924
1.6397e-10	-0.000838015
1.64062e-10	-0.000839107
1.64155e-10	-0.000840198
1.64247e-10	-0.00084129
1.6434e-10	-0.000842381
1.64432e-10	-0.000843473
1.64524e-10	-0.000844565
1.64617e-10	-0.000845657
1.64709e-10	-0.000846749
1.64802e-10	-0.000847842
1.64894e-10	-0.000848934
1.64986e-10	-0.000850027
1.65079e-10	-0.00085112
1.65171e-10	-0.000852213
1.65264e-10	-0.000853306
1.65356e-10	-0.000854399
1.65448e-10	-0.000855493
1.65541e-10	-0.000856586
1.65633e-10	-0.00085768
1.65726e-10	-0.000858773
1.65818e-10	-0.000859867
1.6591e-10	-0.000860961
1.66003e-10	-0.000862055
1.66095e-10	-0.00086315
1.66188e-10	-0.000864244
1.6628e-10	-0.000865338
1.66372e-10	-0.000866433
1.66465e-10	-0.000867527
1.66557e-10	-0.000868622
1.6665e-10	-0.000869717
1.66742e-10	-0.000870812
1.66834e-10	-0.000871907
1.66927e-10	-0.000873002
1.67019e-10	-0.000874097
1.67112e-10	-0.000875192
1.67204e-10	-0.000876288
1.67297e-10	-0.000877383
1.67389e-10	-0.000878479
1.67481e-10	-0.000879574
1.67574e-10	-0.00088067
1.67666e-10	-0.000881766
1.67759e-10	-0.000882861
1.67851e-10	-0.000883957
1.67943e-10	-0.000885053
1.68036e-10	-0.000886149
1.68128e-10	-0.000887245
1.68221e-10	-0.000888341
1.68313e-10	-0.000889437
1.68405e-10	-0.000890533
1.68498e-10	-0.000891629
1.6859e-10	-0.000892726
1.68683e-10	-0.000893822
1.68775e-10	-0.000894918
1.68867e-10	-0.000896015
1.6896e-10	-0.000897111
1.69052e-10	-0.000898207
1.69145e-10	-0.000899304
1.69237e-10	-0.0009004
1.69329e-10	-0.000901497
1.69422e-10	-0.000902593
1.69514e-10	-0.00090369
1.69607e-10	-0.000904786
1.69699e-10	-0.000905883
1.69791e-10	-0.000906979
1.69884e-10	-0.000908076
1.69976e-10	-0.000909172
1.70069e-10	-0.000910269
1.70161e-10	-0.000911365
1.70253e-10	-0.000912462
1.70346e-10	-0.000913558
1.70438e-10	-0.000914655
1.70531e-10	-0.000915751
1.70623e-10	-0.000916848
1.70715e-10	-0.000917944
1.70808e-10	-0.000919041
1.709e-10	-0.000920137
1.70993e-10	-0.000921233
1.71085e-10	-0.00092233
1.71177e-10	-0.000923426
1.7127e-10	-0.000924522
1.71362e-10	-0.000925619
1.71455e-10	-0.000926715
1.71547e-10	-0.000927811
1.71639e-10	-0.000928907
1.71732e-10	-0.000930003
1.71824e-10	-0.000931099
1.71917e-10	-0.000932195
1.72009e-10	-0.000933291
1.72101e-10	-0.000934386
1.72194e-10	-0.000935482
1.72286e-10	-0.000936578
1.72379e-10	-0.000937673
1.72471e-10	-0.000938769
1.72564e-10	-0.000939864
1.72656e-10	-0.00094096
1.72748e-10	-0.000942055
1.72841e-10	-0.00094315
1.72933e-10	-0.000944245
1.73026e-10	-0.00094534
1.73118e-10	-0.000946435
1.7321e-10	-0.00094753
1.73303e-10	-0.000948625
1.73395e-10	-0.000949719
1.73488e-10	-0.000950814
1.7358e-10	-0.000951908
1.73672e-10	-0.000953002
1.73765e-10	-0.000954096
1.73857e-10	-0.00095519
1.7395e-10	-0.000956284
1.74042e-10	-0.000957378
1.74134e-10	-0.000958472
1.74227e-10	-0.000959565
1.74319e-10	-0.000960659
1.74412e-10	-0.000961752
1.74504e-10	-0.000962845
1.74596e-10	-0.000963938
1.74689e-10	-0.000965031
1.74781e-10	-0.000966124
1.74874e-10	-0.000967216
1.74966e-10	-0.000968309
1.75058e-10	-0.000969401
1.75151e-10	-0.000970493
1.75243e-10	-0.000971585
1.75336e-10	-0.000972676
1.75428e-10	-0.000973768
1.7552e-10	-0.000974859
1.75613e-10	-0.000975951
1.75705e-10	-0.000977042
1.75798e-10	-0.000978132
1.7589e-10	-0.000979223
1.75982e-10	-0.000980314
1.76075e-10	-0.000981404
1.76167e-10	-0.000982494
1.7626e-10	-0.000983584
1.76352e-10	-0.000984674
1.76444e-10	-0.000985763
1.76537e-10	-0.000986852
1.76629e-10	-0.000987942
1.76722e-10	-0.00098903
1.76814e-10	-0.000990119
1.76906e-10	-0.000991207
1.76999e-10	-0.000992296
1.77091e-10	-0.000993384
1.77184e-10	-0.000994471
1.77276e-10	-0.000995559
1.77368e-10	-0.000996646
1.77461e-10	-0.000997733
1.77553e-10	-0.00099882
1.77646e-10	-0.000999907
1.77738e-10	-0.00100099
1.77831e-10	-0.00100208
1.77923e-10	-0.00100316
1.78015e-10	-0.00100425
1.78108e-10	-0.00100534
1.782e-10	-0.00100642
1.78293e-10	-0.00100751
1.78385e-10	-0.00100859
1.78477e-10	-0.00100967
1.7857e-10	-0.00101076
1.78662e-10	-0.00101184
1.78755e-10	-0.00101293
1.78847e-10	-0.00101401
1.78939e-10	-0.00101509
1.79032e-10	-0.00101617
1.79124e-10	-0.00101726
1.79217e-10	-0.00101834
1.79309e-10	-0.00101942
1.79401e-10	-0.0010205
1.79494e-10	-0.00102158
1.79586e-10	-0.00102266
1.79679e-10	-0.00102374
1.79771e-10	-0.00102482
1.79863e-10	-0.0010259
1.79956e-10	-0.00102698
1.80048e-10	-0.00102806
1.80141e-10	-0.00102914
1.80233e-10	-0.00103022
1.80325e-10	-0.0010313
1.80418e-10	-0.00103237
1.8051e-10	-0.00103345
1.80603e-10	-0.00103453
1.80695e-10	-0.00103561
1.80787e-10	-0.00103668
1.8088e-10	-0.00103776
1.80972e-10	-0.00103883
1.81065e-10	-0.00103991
1.81157e-10	-0.00104098
1.81249e-10	-0.00104206
1.81342e-10	-0.00104313
1.81434e-10	-0.00104421
1.81527e-10	-0.00104528
1.81619e-10	-0.00104635
1.81711e-10	-0.00104742
1.81804e-10	-0.0010485
1.81896e-10	-0.00104957
1.81989e-10	-0.00105064
1.82081e-10	-0.00105171
1.82173e-10	-0.00105278
1.82266e-10	-0.00105385
1.82358e-10	-0.00105492
1.82451e-10	-0.00105599
1.82543e-10	-0.00105706
1.82635e-10	-0.00105813
1.82728e-10	-0.0010592
1.8282e-10	-0.00106026
1.82913e-10	-0.00106133
1.83005e-10	-0.0010624
1.83098e-10	-0.00106346
1.8319e-10	-0.00106453
1.83282e-10	-0.0010656
1.83375e-10	-0.00106666
1.83467e-10	-0.00106773
1.8356e-10	-0.00106879
1.83652e-10	-0.00106985
1.83744e-10	-0.00107092
1.83837e-10	-0.00107198
1.83929e-10	-0.00107304
1.84022e-10	-0.0010741
1.84114e-10	-0.00107516
1.84206e-10	-0.00107622
1.84299e-10	-0.00107728
1.84391e-10	-0.00107834
1.84484e-10	-0.0010794
1.84576e-10	-0.00108046
1.84668e-10	-0.00108152
1.84761e-10	-0.00108258
1.84853e-10	-0.00108364
1.84946e-10	-0.00108469
1.85038e-10	-0.00108575
1.8513e-10	-0.0010868
1.85223e-10	-0.00108786
1.85315e-10	-0.00108891
1.85408e-10	-0.00108997
1.855e-10	-0.00109102
1.85592e-10	-0.00109208
1.85685e-10	-0.00109313
1.85777e-10	-0.00109418
1.8587e-10	-0.00109523
1.85962e-10	-0.00109628
1.86054e-10	-0.00109733
1.86147e-10	-0.00109838
1.86239e-10	-0.00109943
1.86332e-10	-0.00110048
1.86424e-10	-0.00110153
1.86516e-10	-0.00110258
1.86609e-10	-0.00110362
1.86701e-10	-0.00110467
1.86794e-10	-0.00110571
1.86886e-10	-0.00110676
1.86978e-10	-0.0011078
1.87071e-10	-0.00110885
1.87163e-10	-0.00110989
1.87256e-10	-0.00111093
1.87348e-10	-0.00111198
1.8744e-10	-0.00111302
1.87533e-10	-0.00111406
1.87625e-10	-0.0011151
1.87718e-10	-0.00111614
1.8781e-10	-0.00111718
1.87902e-10	-0.00111822
1.87995e-10	-0.00111925
1.88087e-10	-0.00112029
1.8818e-10	-0.00112133
1.88272e-10	-0.00112236
1.88365e-10	-0.0011234
1.88457e-10	-0.00112443
1.88549e-10	-0.00112547
1.88642e-10	-0.0011265
1.88734e-10	-0.00112753
1.88827e-10	-0.00112857
1.88919e-10	-0.0011296
1.89011e-10	-0.00113063
1.89104e-10	-0.00113166
1.89196e-10	-0.00113269
1.89289e-10	-0.00113371
1.89381e-10	-0.00113474
1.89473e-10	-0.00113577
1.89566e-10	-0.0011368
1.89658e-10	-0.00113782
1.89751e-10	-0.00113885
1.89843e-10	-0.00113987
1.89935e-10	-0.00114089
1.90028e-10	-0.00114192
1.9012e-10	-0.00114294
1.90213e-10	-0.00114396
1.90305e-10	-0.00114498
1.90397e-10	-0.001146
1.9049e-10	-0.00114702
1.90582e-10	-0.00114804
1.90675e-10	-0.00114906
1.90767e-10	-0.00115007
1.90859e-10	-0.00115109
1.90952e-10	-0.0011521
1.91044e-10	-0.00115312
1.91137e-10	-0.00115413
1.91229e-10	-0.00115515
1.91321e-10	-0.00115616
1.91414e-10	-0.00115717
1.91506e-10	-0.00115818
1.91599e-10	-0.00115919
1.91691e-10	-0.0011602
1.91783e-10	-0.00116121
1.91876e-10	-0.00116222
1.91968e-10	-0.00116322
1.92061e-10	-0.00116423
1.92153e-10	-0.00116523
1.92245e-10	-0.00116624
1.92338e-10	-0.00116724
1.9243e-10	-0.00116825
1.92523e-10	-0.00116925
1.92615e-10	-0.00117025
1.92707e-10	-0.00117125
1.928e-10	-0.00117225
1.92892e-10	-0.00117325
1.92985e-10	-0.00117424
1.93077e-10	-0.00117524
1.93169e-10	-0.00117624
1.93262e-10	-0.00117723
1.93354e-10	-0.00117823
1.93447e-10	-0.00117922
1.93539e-10	-0.00118021
1.93632e-10	-0.0011812
1.93724e-10	-0.00118219
1.93816e-10	-0.00118318
1.93909e-10	-0.00118417
1.94001e-10	-0.00118516
1.94094e-10	-0.00118615
1.94186e-10	-0.00118713
1.94278e-10	-0.00118812
1.94371e-10	-0.0011891
1.94463e-10	-0.00119009
1.94556e-10	-0.00119107
1.94648e-10	-0.00119205
1.9474e-10	-0.00119303
1.94833e-10	-0.00119401
1.94925e-10	-0.00119499
1.95018e-10	-0.00119597
1.9511e-10	-0.00119695
1.95202e-10	-0.00119792
1.95295e-10	-0.0011989
1.95387e-10	-0.00119987
1.9548e-10	-0.00120085
1.95572e-10	-0.00120182
1.95664e-10	-0.00120279
1.95757e-10	-0.00120376
1.95849e-10	-0.00120473
1.95942e-10	-0.0012057
1.96034e-10	-0.00120666
1.96126e-10	-0.00120763
1.96219e-10	-0.0012086
1.96311e-10	-0.00120956
1.96404e-10	-0.00121052
1.96496e-10	-0.00121149
1.96588e-10	-0.00121245
1.96681e-10	-0.00121341
1.96773e-10	-0.00121437
1.96866e-10	-0.00121533
1.96958e-10	-0.00121628
1.9705e-10	-0.00121724
1.97143e-10	-0.00121819
1.97235e-10	-0.00121915
1.97328e-10	-0.0012201
1.9742e-10	-0.00122105
1.97512e-10	-0.001222
1.97605e-10	-0.00122295
1.97697e-10	-0.0012239
1.9779e-10	-0.00122485
1.97882e-10	-0.0012258
1.97974e-10	-0.00122674
1.98067e-10	-0.00122769
1.98159e-10	-0.00122863
1.98252e-10	-0.00122957
1.98344e-10	-0.00123051
1.98436e-10	-0.00123146
1.98529e-10	-0.00123239
1.98621e-10	-0.00123333
1.98714e-10	-0.00123427
1.98806e-10	-0.0012352
1.98899e-10	-0.00123614
1.98991e-10	-0.00123707
1.99083e-10	-0.00123801
1.99176e-10	-0.00123894
1.99268e-10	-0.00123987
1.99361e-10	-0.0012408
1.99453e-10	-0.00124172
1.99545e-10	-0.00124265
1.99638e-10	-0.00124357
1.9973e-10	-0.0012445
1.99823e-10	-0.00124542
1.99915e-10	-0.00124634
2.00007e-10	-0.00124727
2.001e-10	-0.00124818
2.00192e-10	-0.0012491
2.00285e-10	-0.00125002
2.00377e-10	-0.00125094
2.00469e-10	-0.00125185
2.00562e-10	-0.00125276
2.00654e-10	-0.00125368
2.00747e-10	-0.00125459
2.00839e-10	-0.0012555
2.00931e-10	-0.00125641
2.01024e-10	-0.00125731
2.01116e-10	-0.00125822
2.01209e-10	-0.00125913
2.01301e-10	-0.00126003
2.01393e-10	-0.00126093
2.01486e-10	-0.00126183
2.01578e-10	-0.00126273
2.01671e-10	-0.00126363
2.01763e-10	-0.00126453
2.01855e-10	-0.00126543
2.01948e-10	-0.00126632
2.0204e-10	-0.00126721
2.02133e-10	-0.00126811
2.02225e-10	-0.001269
2.02317e-10	-0.00126989
2.0241e-10	-0.00127078
2.02502e-10	-0.00127166
2.02595e-10	-0.00127255
2.02687e-10	-0.00127343
2.02779e-10	-0.00127432
2.02872e-10	-0.0012752
2.02964e-10	-0.00127608
2.03057e-10	-0.00127696
2.03149e-10	-0.00127784
2.03241e-10	-0.00127871
2.03334e-10	-0.00127959
2.03426e-10	-0.00128046
2.03519e-10	-0.00128134
2.03611e-10	-0.00128221
2.03703e-10	-0.00128308
2.03796e-10	-0.00128395
2.03888e-10	-0.00128481
2.03981e-10	-0.00128568
2.04073e-10	-0.00128654
2.04166e-10	-0.00128741
2.04258e-10	-0.00128827
2.0435e-10	-0.00128913
2.04443e-10	-0.00128999
2.04535e-10	-0.00129085
2.04628e-10	-0.0012917
2.0472e-10	-0.00129256
2.04812e-10	-0.00129341
2.04905e-10	-0.00129426
2.04997e-10	-0.00129511
2.0509e-10	-0.00129596
2.05182e-10	-0.00129681
2.05274e-10	-0.00129765
2.05367e-10	-0.0012985
2.05459e-10	-0.00129934
2.05552e-10	-0.00130018
2.05644e-10	-0.00130102
2.05736e-10	-0.00130186
2.05829e-10	-0.0013027
2.05921e-10	-0.00130353
2.06014e-10	-0.00130437
2.06106e-10	-0.0013052
2.06198e-10	-0.00130603
2.06291e-10	-0.00130686
2.06383e-10	-0.00130769
2.06476e-10	-0.00130852
2.06568e-10	-0.00130934
2.0666e-10	-0.00131017
2.06753e-10	-0.00131099
2.06845e-10	-0.00131181
2.06938e-10	-0.00131263
2.0703e-10	-0.00131345
2.07122e-10	-0.00131426
2.07215e-10	-0.00131508
2.07307e-10	-0.00131589
2.074e-10	-0.0013167
2.07492e-10	-0.00131751
2.07584e-10	-0.00131832
2.07677e-10	-0.00131913
2.07769e-10	-0.00131993
2.07862e-10	-0.00132074
2.07954e-10	-0.00132154
2.08046e-10	-0.00132234
2.08139e-10	-0.00132314
2.08231e-10	-0.00132393
2.08324e-10	-0.00132473
2.08416e-10	-0.00132552
2.08508e-10	-0.00132632
2.08601e-10	-0.00132711
2.08693e-10	-0.0013279
2.08786e-10	-0.00132868
2.08878e-10	-0.00132947
2.0897e-10	-0.00133025
2.09063e-10	-0.00133104
2.09155e-10	-0.00133182
2.09248e-10	-0.0013326
2.0934e-10	-0.00133337
2.09433e-10	-0.00133415
2.09525e-10	-0.00133492
2.09617e-10	-0.0013357
2.0971e-10	-0.00133647
2.09802e-10	-0.00133724
2.09895e-10	-0.001338
2.09987e-10	-0.00133877
2.10079e-10	-0.00133953
2.10172e-10	-0.0013403
2.10264e-10	-0.00134106
2.10357e-10	-0.00134182
2.10449e-10	-0.00134257
2.10541e-10	-0.00134333
2.10634e-10	-0.00134408
2.10726e-10	-0.00134483
2.10819e-10	-0.00134558
2.10911e-10	-0.00134633
2.11003e-10	-0.00134708
2.11096e-10	-0.00134782
2.11188e-10	-0.00134857
2.11281e-10	-0.00134931
2.11373e-10	-0.00135005
2.11465e-10	-0.00135079
2.11558e-10	-0.00135152
2.1165e-10	-0.00135226
2.11743e-10	-0.00135299
2.11835e-10	-0.00135372
2.11927e-10	-0.00135445
2.1202e-10	-0.00135518
2.12112e-10	-0.0013559
2.12205e-10	-0.00135663
2.12297e-10	-0.00135735
2.12389e-10	-0.00135807
2.12482e-10	-0.00135878
2.12574e-10	-0.0013595
2.12667e-10	-0.00136022
2.12759e-10	-0.00136093
2.12851e-10	-0.00136164
2.12944e-10	-0.00136235
2.13036e-10	-0.00136305
2.13129e-10	-0.00136376
2.13221e-10	-0.00136446
2.13313e-10	-0.00136516
2.13406e-10	-0.00136586
2.13498e-10	-0.00136656
2.13591e-10	-0.00136725
2.13683e-10	-0.00136795
2.13775e-10	-0.00136864
2.13868e-10	-0.00136933
2.1396e-10	-0.00137002
2.14053e-10	-0.0013707
2.14145e-10	-0.00137139
2.14237e-10	-0.00137207
2.1433e-10	-0.00137275
2.14422e-10	-0.00137343
2.14515e-10	-0.0013741
2.14607e-10	-0.00137478
2.147e-10	-0.00137545
2.14792e-10	-0.00137612
2.14884e-10	-0.00137679
2.14977e-10	-0.00137746
2.15069e-10	-0.00137812
2.15162e-10	-0.00137878
2.15254e-10	-0.00137944
2.15346e-10	-0.0013801
2.15439e-10	-0.00138076
2.15531e-10	-0.00138141
2.15624e-10	-0.00138206
2.15716e-10	-0.00138271
2.15808e-10	-0.00138336
2.15901e-10	-0.00138401
2.15993e-10	-0.00138465
2.16086e-10	-0.00138529
2.16178e-10	-0.00138593
2.1627e-10	-0.00138657
2.16363e-10	-0.00138721
2.16455e-10	-0.00138784
2.16548e-10	-0.00138847
2.1664e-10	-0.0013891
2.16732e-10	-0.00138973
2.16825e-10	-0.00139036
2.16917e-10	-0.00139098
2.1701e-10	-0.0013916
2.17102e-10	-0.00139222
2.17194e-10	-0.00139284
2.17287e-10	-0.00139345
2.17379e-10	-0.00139406
2.17472e-10	-0.00139468
2.17564e-10	-0.00139528
2.17656e-10	-0.00139589
2.17749e-10	-0.00139649
2.17841e-10	-0.0013971
2.17934e-10	-0.0013977
2.18026e-10	-0.00139829
2.18118e-10	-0.00139889
2.18211e-10	-0.00139948
2.18303e-10	-0.00140007
2.18396e-10	-0.00140066
2.18488e-10	-0.00140125
2.1858e-10	-0.00140184
2.18673e-10	-0.00140242
2.18765e-10	-0.001403
2.18858e-10	-0.00140358
2.1895e-10	-0.00140415
2.19042e-10	-0.00140473
2.19135e-10	-0.0014053
2.19227e-10	-0.00140587
2.1932e-10	-0.00140643
2.19412e-10	-0.001407
2.19504e-10	-0.00140756
2.19597e-10	-0.00140812
2.19689e-10	-0.00140868
2.19782e-10	-0.00140923
2.19874e-10	-0.00140979
2.19967e-10	-0.00141034
2.20059e-10	-0.00141089
2.20151e-10	-0.00141143
2.20244e-10	-0.00141198
2.20336e-10	-0.00141252
2.20429e-10	-0.00141306
2.20521e-10	-0.0014136
2.20613e-10	-0.00141413
2.20706e-10	-0.00141466
2.20798e-10	-0.00141519
2.20891e-10	-0.00141572
2.20983e-10	-0.00141625
2.21075e-10	-0.00141677
2.21168e-10	-0.00141729
2.2126e-10	-0.00141781
2.21353e-10	-0.00141833
2.21445e-10	-0.00141884
2.21537e-10	-0.00141935
2.2163e-10	-0.00141986
2.21722e-10	-0.00142037
2.21815e-10	-0.00142087
2.21907e-10	-0.00142137
2.21999e-10	-0.00142187
2.22092e-10	-0.00142237
2.22184e-10	-0.00142286
2.22277e-10	-0.00142335
2.22369e-10	-0.00142384
2.22461e-10	-0.00142433
2.22554e-10	-0.00142482
2.22646e-10	-0.0014253
2.22739e-10	-0.00142578
2.22831e-10	-0.00142626
2.22923e-10	-0.00142673
2.23016e-10	-0.0014272
2.23108e-10	-0.00142767
2.23201e-10	-0.00142814
2.23293e-10	-0.00142861
2.23385e-10	-0.00142907
2.23478e-10	-0.00142953
2.2357e-10	-0.00142999
2.23663e-10	-0.00143044
2.23755e-10	-0.00143089
2.23847e-10	-0.00143134
2.2394e-10	-0.00143179
2.24032e-10	-0.00143224
2.24125e-10	-0.00143268
2.24217e-10	-0.00143312
2.24309e-10	-0.00143355
2.24402e-10	-0.00143399
2.24494e-10	-0.00143442
2.24587e-10	-0.00143485
2.24679e-10	-0.00143528
2.24771e-10	-0.0014357
2.24864e-10	-0.00143612
2.24956e-10	-0.00143654
2.25049e-10	-0.00143696
2.25141e-10	-0.00143737
2.25234e-10	-0.00143778
2.25326e-10	-0.00143819
2.25418e-10	-0.0014386
2.25511e-10	-0.001439
2.25603e-10	-0.0014394
2.25696e-10	-0.0014398
2.25788e-10	-0.0014402
2.2588e-10	-0.00144059
2.25973e-10	-0.00144098
2.26065e-10	-0.00144137
2.26158e-10	-0.00144175
2.2625e-10	-0.00144214
2.26342e-10	-0.00144251
2.26435e-10	-0.00144289
2.26527e-10	-0.00144327
2.2662e-10	-0.00144364
2.26712e-10	-0.00144401
2.26804e-10	-0.00144437
2.26897e-10	-0.00144473
2.26989e-10	-0.0014451
2.27082e-10	-0.00144545
2.27174e-10	-0.00144581
2.27266e-10	-0.00144616
2.27359e-10	-0.00144651
2.27451e-10	-0.00144686
2.27544e-10	-0.0014472
2.27636e-10	-0.00144754
2.27728e-10	-0.00144788
2.27821e-10	-0.00144822
2.27913e-10	-0.00144855
2.28006e-10	-0.00144888
2.28098e-10	-0.00144921
2.2819e-10	-0.00144953
2.28283e-10	-0.00144985
2.28375e-10	-0.00145017
2.28468e-10	-0.00145049
2.2856e-10	-0.0014508
2.28652e-10	-0.00145111
2.28745e-10	-0.00145142
2.28837e-10	-0.00145172
2.2893e-10	-0.00145203
2.29022e-10	-0.00145232
2.29114e-10	-0.00145262
2.29207e-10	-0.00145291
2.29299e-10	-0.0014532
2.29392e-10	-0.00145349
2.29484e-10	-0.00145378
2.29576e-10	-0.00145406
2.29669e-10	-0.00145434
2.29761e-10	-0.00145461
2.29854e-10	-0.00145488
2.29946e-10	-0.00145515
2.30038e-10	-0.00145542
2.30131e-10	-0.00145569
2.30223e-10	-0.00145595
2.30316e-10	-0.00145621
2.30408e-10	-0.00145646
2.30501e-10	-0.00145671
2.30593e-10	-0.00145696
2.30685e-10	-0.00145721
2.30778e-10	-0.00145745
2.3087e-10	-0.00145769
2.30963e-10	-0.00145793
2.31055e-10	-0.00145816
2.31147e-10	-0.0014584
2.3124e-10	-0.00145862
2.31332e-10	-0.00145885
2.31425e-10	-0.00145907
2.31517e-10	-0.00145929
2.31609e-10	-0.00145951
2.31702e-10	-0.00145972
2.31794e-10	-0.00145993
2.31887e-10	-0.00146014
2.31979e-10	-0.00146034
2.32071e-10	-0.00146054
2.32164e-10	-0.00146074
2.32256e-10	-0.00146094
2.32349e-10	-0.00146113
2.32441e-10	-0.00146132
2.32533e-10	-0.0014615
2.32626e-10	-0.00146168
2.32718e-10	-0.00146186
2.32811e-10	-0.00146204
2.32903e-10	-0.00146221
2.32995e-10	-0.00146238
2.33088e-10	-0.00146255
2.3318e-10	-0.00146271
2.33273e-10	-0.00146287
2.33365e-10	-0.00146303
2.33457e-10	-0.00146319
2.3355e-10	-0.00146334
2.33642e-10	-0.00146349
2.33735e-10	-0.00146363
2.33827e-10	-0.00146377
2.33919e-10	-0.00146391
2.34012e-10	-0.00146405
2.34104e-10	-0.00146418
2.34197e-10	-0.00146431
2.34289e-10	-0.00146443
2.34381e-10	-0.00146455
2.34474e-10	-0.00146467
2.34566e-10	-0.00146479
2.34659e-10	-0.0014649
2.34751e-10	-0.00146501
2.34843e-10	-0.00146512
2.34936e-10	-0.00146522
2.35028e-10	-0.00146532
2.35121e-10	-0.00146542
2.35213e-10	-0.00146551
2.35305e-10	-0.0014656
2.35398e-10	-0.00146568
2.3549e-10	-0.00146577
2.35583e-10	-0.00146585
2.35675e-10	-0.00146592
2.35768e-10	-0.001466
2.3586e-10	-0.00146607
2.35952e-10	-0.00146613
2.36045e-10	-0.0014662
2.36137e-10	-0.00146626
2.3623e-10	-0.00146631
2.36322e-10	-0.00146637
2.36414e-10	-0.00146642
2.36507e-10	-0.00146646
2.36599e-10	-0.0014665
2.36692e-10	-0.00146654
2.36784e-10	-0.00146658
2.36876e-10	-0.00146661
2.36969e-10	-0.00146664
2.37061e-10	-0.00146667
2.37154e-10	-0.00146669
2.37246e-10	-0.00146671
2.37338e-10	-0.00146673
2.37431e-10	-0.00146674
2.37523e-10	-0.00146675
2.37616e-10	-0.00146675
2.37708e-10	-0.00146675
2.378e-10	-0.00146675
2.37893e-10	-0.00146675
2.37985e-10	-0.00146674
2.38078e-10	-0.00146673
2.3817e-10	-0.00146671
2.38262e-10	-0.00146669
2.38355e-10	-0.00146667
2.38447e-10	-0.00146664
2.3854e-10	-0.00146662
2.38632e-10	-0.00146658
2.38724e-10	-0.00146655
2.38817e-10	-0.00146651
2.38909e-10	-0.00146646
2.39002e-10	-0.00146642
2.39094e-10	-0.00146636
2.39186e-10	-0.00146631
2.39279e-10	-0.00146625
2.39371e-10	-0.00146619
2.39464e-10	-0.00146613
2.39556e-10	-0.00146606
2.39648e-10	-0.00146599
2.39741e-10	-0.00146591
2.39833e-10	-0.00146583
2.39926e-10	-0.00146575
2.40018e-10	-0.00146566
2.4011e-10	-0.00146557
2.40203e-10	-0.00146548
2.40295e-10	-0.00146538
2.40388e-10	-0.00146528
2.4048e-10	-0.00146517
2.40572e-10	-0.00146506
2.40665e-10	-0.00146495
2.40757e-10	-0.00146484
2.4085e-10	-0.00146472
2.40942e-10	-0.00146459
2.41035e-10	-0.00146447
2.41127e-10	-0.00146434
2.41219e-10	-0.0014642
2.41312e-10	-0.00146406
2.41404e-10	-0.00146392
2.41497e-10	-0.00146378
2.41589e-10	-0.00146363
2.41681e-10	-0.00146348
2.41774e-10	-0.00146332
2.41866e-10	-0.00146316
2.41959e-10	-0.00146299
2.42051e-10	-0.00146283
2.42143e-10	-0.00146265
2.42236e-10	-0.00146248
2.42328e-10	-0.0014623
2.42421e-10	-0.00146212
2.42513e-10	-0.00146193
2.42605e-10	-0.00146174
2.42698e-10	-0.00146155
2.4279e-10	-0.00146135
2.42883e-10	-0.00146114
2.42975e-10	-0.00146094
2.43067e-10	-0.00146073
2.4316e-10	-0.00146052
2.43252e-10	-0.0014603
2.43345e-10	-0.00146008
2.43437e-10	-0.00145985
2.43529e-10	-0.00145962
2.43622e-10	-0.00145939
2.43714e-10	-0.00145915
2.43807e-10	-0.00145891
2.43899e-10	-0.00145867
2.43991e-10	-0.00145842
2.44084e-10	-0.00145817
2.44176e-10	-0.00145791
2.44269e-10	-0.00145765
2.44361e-10	-0.00145739
2.44453e-10	-0.00145712
2.44546e-10	-0.00145685
2.44638e-10	-0.00145657
2.44731e-10	-0.00145629
2.44823e-10	-0.00145601
2.44915e-10	-0.00145572
2.45008e-10	-0.00145543
2.451e-10	-0.00145513
2.45193e-10	-0.00145483
2.45285e-10	-0.00145453
2.45377e-10	-0.00145422
2.4547e-10	-0.00145391
2.45562e-10	-0.00145359
2.45655e-10	-0.00145327
2.45747e-10	-0.00145295
2.45839e-10	-0.00145262
2.45932e-10	-0.00145229
2.46024e-10	-0.00145195
2.46117e-10	-0.00145161
2.46209e-10	-0.00145127
2.46301e-10	-0.00145092
2.46394e-10	-0.00145057
2.46486e-10	-0.00145021
2.46579e-10	-0.00144985
2.46671e-10	-0.00144948
2.46764e-10	-0.00144911
2.46856e-10	-0.00144874
2.46948e-10	-0.00144836
2.47041e-10	-0.00144798
2.47133e-10	-0.0014476
2.47226e-10	-0.00144721
2.47318e-10	-0.00144682
2.4741e-10	-0.00144642
2.47503e-10	-0.00144602
2.47595e-10	-0.00144561
2.47688e-10	-0.0014452
2.4778e-10	-0.00144479
2.47872e-10	-0.00144437
2.47965e-10	-0.00144394
2.48057e-10	-0.00144352
2.4815e-10	-0.00144309
2.48242e-10	-0.00144265
2.48334e-10	-0.00144221
2.48427e-10	-0.00144177
2.48519e-10	-0.00144132
2.48612e-10	-0.00144087
2.48704e-10	-0.00144041
2.48796e-10	-0.00143995
2.48889e-10	-0.00143948
2.48981e-10	-0.00143901
2.49074e-10	-0.00143854
2.49166e-10	-0.00143806
2.49258e-10	-0.00143758
2.49351e-10	-0.00143709
2.49443e-10	-0.0014366
2.49536e-10	-0.00143611
2.49628e-10	-0.00143561
2.4972e-10	-0.0014351
2.49813e-10	-0.0014346
2.49905e-10	-0.00143408
2.49998e-10	-0.00143357
2.5009e-10	-0.00143305
2.50182e-10	-0.00143252
2.50275e-10	-0.00143199
2.50367e-10	-0.00143146
2.5046e-10	-0.00143092
2.50552e-10	-0.00143037
2.50644e-10	-0.00142983
2.50737e-10	-0.00142928
2.50829e-10	-0.00142872
2.50922e-10	-0.00142816
2.51014e-10	-0.00142759
2.51106e-10	-0.00142702
2.51199e-10	-0.00142645
2.51291e-10	-0.00142587
2.51384e-10	-0.00142529
2.51476e-10	-0.0014247
2.51568e-10	-0.00142411
2.51661e-10	-0.00142351
2.51753e-10	-0.00142291
2.51846e-10	-0.00142231
2.51938e-10	-0.0014217
2.52031e-10	-0.00142108
2.52123e-10	-0.00142047
2.52215e-10	-0.00141984
2.52308e-10	-0.00141921
2.524e-10	-0.00141858
2.52493e-10	-0.00141795
2.52585e-10	-0.0014173
2.52677e-10	-0.00141666
2.5277e-10	-0.00141601
2.52862e-10	-0.00141535
2.52955e-10	-0.00141469
2.53047e-10	-0.00141403
2.53139e-10	-0.00141336
2.53232e-10	-0.00141269
2.53324e-10	-0.00141201
2.53417e-10	-0.00141133
2.53509e-10	-0.00141064
2.53601e-10	-0.00140995
2.53694e-10	-0.00140925
2.53786e-10	-0.00140855
2.53879e-10	-0.00140785
2.53971e-10	-0.00140714
2.54063e-10	-0.00140642
2.54156e-10	-0.0014057
2.54248e-10	-0.00140498
2.54341e-10	-0.00140425
2.54433e-10	-0.00140352
2.54525e-10	-0.00140278
2.54618e-10	-0.00140203
2.5471e-10	-0.00140129
2.54803e-10	-0.00140053
2.54895e-10	-0.00139978
2.54987e-10	-0.00139902
2.5508e-10	-0.00139825
2.55172e-10	-0.00139748
2.55265e-10	-0.0013967
2.55357e-10	-0.00139592
2.55449e-10	-0.00139514
2.55542e-10	-0.00139435
2.55634e-10	-0.00139355
2.55727e-10	-0.00139275
2.55819e-10	-0.00139195
2.55911e-10	-0.00139114
2.56004e-10	-0.00139032
2.56096e-10	-0.00138951
2.56189e-10	-0.00138868
2.56281e-10	-0.00138785
2.56373e-10	-0.00138702
2.56466e-10	-0.00138618
2.56558e-10	-0.00138534
2.56651e-10	-0.00138449
2.56743e-10	-0.00138364
2.56835e-10	-0.00138278
2.56928e-10	-0.00138192
2.5702e-10	-0.00138105
2.57113e-10	-0.00138018
2.57205e-10	-0.0013793
2.57298e-10	-0.00137842
2.5739e-10	-0.00137753
2.57482e-10	-0.00137664
2.57575e-10	-0.00137575
2.57667e-10	-0.00137484
2.5776e-10	-0.00137394
2.57852e-10	-0.00137303
2.57944e-10	-0.00137211
2.58037e-10	-0.00137119
2.58129e-10	-0.00137026
2.58222e-10	-0.00136933
2.58314e-10	-0.0013684
2.58406e-10	-0.00136745
2.58499e-10	-0.00136651
2.58591e-10	-0.00136556
2.58684e-10	-0.0013646
2.58776e-10	-0.00136364
2.58868e-10	-0.00136267
2.58961e-10	-0.0013617
2.59053e-10	-0.00136073
2.59146e-10	-0.00135975
2.59238e-10	-0.00135876
2.5933e-10	-0.00135777
2.59423e-10	-0.00135677
2.59515e-10	-0.00135577
2.59608e-10	-0.00135476
2.597e-10	-0.00135375
2.59792e-10	-0.00135274
2.59885e-10	-0.00135171
2.59977e-10	-0.00135069
2.6007e-10	-0.00134966
2.60162e-10	-0.00134862
2.60254e-10	-0.00134758
2.60347e-10	-0.00134653
2.60439e-10	-0.00134548
2.60532e-10	-0.00134442
2.60624e-10	-0.00134336
2.60716e-10	-0.00134229
2.60809e-10	-0.00134122
2.60901e-10	-0.00134014
2.60994e-10	-0.00133906
2.61086e-10	-0.00133797
2.61178e-10	-0.00133687
2.61271e-10	-0.00133578
2.61363e-10	-0.00133467
2.61456e-10	-0.00133356
2.61548e-10	-0.00133245
2.6164e-10	-0.00133133
2.61733e-10	-0.0013302
2.61825e-10	-0.00132907
2.61918e-10	-0.00132794
2.6201e-10	-0.0013268
2.62102e-10	-0.00132565
2.62195e-10	-0.0013245
2.62287e-10	-0.00132335
2.6238e-10	-0.00132218
2.62472e-10	-0.00132102
2.62565e-10	-0.00131984
2.62657e-10	-0.00131867
2.62749e-10	-0.00131748
2.62842e-10	-0.0013163
2.62934e-10	-0.0013151
2.63027e-10	-0.0013139
2.63119e-10	-0.0013127
2.63211e-10	-0.00131149
2.63304e-10	-0.00131028
2.63396e-10	-0.00130906
2.63489e-10	-0.00130783
2.63581e-10	-0.0013066
2.63673e-10	-0.00130536
2.63766e-10	-0.00130412
2.63858e-10	-0.00130288
2.63951e-10	-0.00130162
2.64043e-10	-0.00130037
2.64135e-10	-0.0012991
2.64228e-10	-0.00129783
2.6432e-10	-0.00129656
2.64413e-10	-0.00129528
2.64505e-10	-0.001294
2.64597e-10	-0.00129271
2.6469e-10	-0.00129141
2.64782e-10	-0.00129011
2.64875e-10	-0.0012888
2.64967e-10	-0.00128749
2.65059e-10	-0.00128617
2.65152e-10	-0.00128485
2.65244e-10	-0.00128352
2.65337e-10	-0.00128219
2.65429e-10	-0.00128085
2.65521e-10	-0.0012795
2.65614e-10	-0.00127815
2.65706e-10	-0.0012768
2.65799e-10	-0.00127544
2.65891e-10	-0.00127407
2.65983e-10	-0.0012727
2.66076e-10	-0.00127132
2.66168e-10	-0.00126994
2.66261e-10	-0.00126855
2.66353e-10	-0.00126715
2.66445e-10	-0.00126575
2.66538e-10	-0.00126434
2.6663e-10	-0.00126293
2.66723e-10	-0.00126152
2.66815e-10	-0.00126009
2.66907e-10	-0.00125866
2.67e-10	-0.00125723
2.67092e-10	-0.00125579
2.67185e-10	-0.00125435
2.67277e-10	-0.00125289
2.67369e-10	-0.00125144
2.67462e-10	-0.00124998
2.67554e-10	-0.00124851
2.67647e-10	-0.00124703
2.67739e-10	-0.00124556
2.67832e-10	-0.00124407
2.67924e-10	-0.00124258
2.68016e-10	-0.00124108
2.68109e-10	-0.00123958
2.68201e-10	-0.00123807
2.68294e-10	-0.00123656
2.68386e-10	-0.00123504
2.68478e-10	-0.00123352
2.68571e-10	-0.00123199
2.68663e-10	-0.00123045
2.68756e-10	-0.00122891
2.68848e-10	-0.00122736
2.6894e-10	-0.00122581
2.69033e-10	-0.00122425
2.69125e-10	-0.00122268
2.69218e-10	-0.00122111
2.6931e-10	-0.00121953
2.69402e-10	-0.00121795
2.69495e-10	-0.00121636
2.69587e-10	-0.00121477
2.6968e-10	-0.00121317
2.69772e-10	-0.00121156
2.69864e-10	-0.00120995
2.69957e-10	-0.00120833
2.70049e-10	-0.00120671
2.70142e-10	-0.00120508
2.70234e-10	-0.00120345
2.70326e-10	-0.00120181
2.70419e-10	-0.00120016
2.70511e-10	-0.00119851
2.70604e-10	-0.00119685
2.70696e-10	-0.00119518
2.70788e-10	-0.00119351
2.70881e-10	-0.00119184
2.70973e-10	-0.00119015
2.71066e-10	-0.00118847
2.71158e-10	-0.00118677
2.7125e-10	-0.00118507
2.71343e-10	-0.00118337
2.71435e-10	-0.00118165
2.71528e-10	-0.00117994
2.7162e-10	-0.00117821
2.71712e-10	-0.00117648
2.71805e-10	-0.00117475
2.71897e-10	-0.00117301
2.7199e-10	-0.00117126
2.72082e-10	-0.0011695
2.72174e-10	-0.00116774
2.72267e-10	-0.00116598
2.72359e-10	-0.00116421
2.72452e-10	-0.00116243
2.72544e-10	-0.00116065
2.72636e-10	-0.00115886
2.72729e-10	-0.00115706
2.72821e-10	-0.00115526
2.72914e-10	-0.00115345
2.73006e-10	-0.00115164
2.73099e-10	-0.00114982
2.73191e-10	-0.00114799
2.73283e-10	-0.00114616
2.73376e-10	-0.00114432
2.73468e-10	-0.00114247
2.73561e-10	-0.00114062
2.73653e-10	-0.00113877
2.73745e-10	-0.0011369
2.73838e-10	-0.00113504
2.7393e-10	-0.00113316
2.74023e-10	-0.00113128
2.74115e-10	-0.00112939
2.74207e-10	-0.0011275
2.743e-10	-0.0011256
2.74392e-10	-0.00112369
2.74485e-10	-0.00112178
2.74577e-10	-0.00111986
2.74669e-10	-0.00111794
2.74762e-10	-0.00111601
2.74854e-10	-0.00111407
2.74947e-10	-0.00111213
2.75039e-10	-0.00111018
2.75131e-10	-0.00110822
2.75224e-10	-0.00110626
2.75316e-10	-0.00110429
2.75409e-10	-0.00110232
2.75501e-10	-0.00110034
2.75593e-10	-0.00109835
2.75686e-10	-0.00109636
2.75778e-10	-0.00109436
2.75871e-10	-0.00109236
2.75963e-10	-0.00109034
2.76055e-10	-0.00108833
2.76148e-10	-0.0010863
2.7624e-10	-0.00108427
2.76333e-10	-0.00108223
2.76425e-10	-0.00108019
2.76517e-10	-0.00107814
2.7661e-10	-0.00107609
2.76702e-10	-0.00107402
2.76795e-10	-0.00107196
2.76887e-10	-0.00106988
2.76979e-10	-0.0010678
2.77072e-10	-0.00106571
2.77164e-10	-0.00106362
2.77257e-10	-0.00106152
2.77349e-10	-0.00105941
2.77441e-10	-0.0010573
2.77534e-10	-0.00105518
2.77626e-10	-0.00105305
2.77719e-10	-0.00105092
2.77811e-10	-0.00104878
2.77903e-10	-0.00104664
2.77996e-10	-0.00104448
2.78088e-10	-0.00104233
2.78181e-10	-0.00104016
2.78273e-10	-0.00103799
2.78366e-10	-0.00103581
2.78458e-10	-0.00103363
2.7855e-10	-0.00103144
2.78643e-10	-0.00102924
2.78735e-10	-0.00102704
2.78828e-10	-0.00102483
2.7892e-10	-0.00102261
2.79012e-10	-0.00102039
2.79105e-10	-0.00101816
2.79197e-10	-0.00101593
2.7929e-10	-0.00101368
2.79382e-10	-0.00101144
2.79474e-10	-0.00100918
2.79567e-10	-0.00100692
2.79659e-10	-0.00100465
2.79752e-10	-0.00100238
2.79844e-10	-0.00100009
2.79936e-10	-0.000997806
2.80029e-10	-0.000995511
2.80121e-10	-0.00099321
2.80214e-10	-0.000990902
2.80306e-10	-0.000988588
2.80398e-10	-0.000986267
2.80491e-10	-0.000983939
2.80583e-10	-0.000981605
2.80676e-10	-0.000979264
2.80768e-10	-0.000976917
2.8086e-10	-0.000974563
2.80953e-10	-0.000972202
2.81045e-10	-0.000969834
2.81138e-10	-0.00096746
2.8123e-10	-0.00096508
2.81322e-10	-0.000962692
2.81415e-10	-0.000960298
2.81507e-10	-0.000957898
2.816e-10	-0.00095549
2.81692e-10	-0.000953076
2.81784e-10	-0.000950656
2.81877e-10	-0.000948228
2.81969e-10	-0.000945794
2.82062e-10	-0.000943353
2.82154e-10	-0.000940906
2.82246e-10	-0.000938451
2.82339e-10	-0.00093599
2.82431e-10	-0.000933522
2.82524e-10	-0.000931048
2.82616e-10	-0.000928567
2.82708e-10	-0.000926079
2.82801e-10	-0.000923584
2.82893e-10	-0.000921082
2.82986e-10	-0.000918574
2.83078e-10	-0.000916059
2.8317e-10	-0.000913537
2.83263e-10	-0.000911008
2.83355e-10	-0.000908472
2.83448e-10	-0.00090593
2.8354e-10	-0.000903381
2.83633e-10	-0.000900825
2.83725e-10	-0.000898262
2.83817e-10	-0.000895692
2.8391e-10	-0.000893116
2.84002e-10	-0.000890532
2.84095e-10	-0.000887942
2.84187e-10	-0.000885345
2.84279e-10	-0.000882741
2.84372e-10	-0.00088013
2.84464e-10	-0.000877513
2.84557e-10	-0.000874888
2.84649e-10	-0.000872257
2.84741e-10	-0.000869618
2.84834e-10	-0.000866973
2.84926e-10	-0.000864321
2.85019e-10	-0.000861662
2.85111e-10	-0.000858996
2.85203e-10	-0.000856323
2.85296e-10	-0.000853643
2.85388e-10	-0.000850956
2.85481e-10	-0.000848262
2.85573e-10	-0.000845561
2.85665e-10	-0.000842854
2.85758e-10	-0.000840139
2.8585e-10	-0.000837417
2.85943e-10	-0.000834688
2.86035e-10	-0.000831953
2.86127e-10	-0.00082921
2.8622e-10	-0.000826461
2.86312e-10	-0.000823704
2.86405e-10	-0.00082094
2.86497e-10	-0.00081817
2.86589e-10	-0.000815392
2.86682e-10	-0.000812607
2.86774e-10	-0.000809815
2.86867e-10	-0.000807017
2.86959e-10	-0.000804211
2.87051e-10	-0.000801398
2.87144e-10	-0.000798578
2.87236e-10	-0.000795751
2.87329e-10	-0.000792917
2.87421e-10	-0.000790076
2.87513e-10	-0.000787227
2.87606e-10	-0.000784372
2.87698e-10	-0.00078151
2.87791e-10	-0.00077864
2.87883e-10	-0.000775763
2.87975e-10	-0.000772879
2.88068e-10	-0.000769989
2.8816e-10	-0.00076709
2.88253e-10	-0.000764185
2.88345e-10	-0.000761273
2.88437e-10	-0.000758354
2.8853e-10	-0.000755427
2.88622e-10	-0.000752493
2.88715e-10	-0.000749552
2.88807e-10	-0.000746604
2.889e-10	-0.000743649
2.88992e-10	-0.000740686
2.89084e-10	-0.000737717
2.89177e-10	-0.00073474
2.89269e-10	-0.000731756
2.89362e-10	-0.000728764
2.89454e-10	-0.000725766
2.89546e-10	-0.00072276
2.89639e-10	-0.000719747
2.89731e-10	-0.000716727
2.89824e-10	-0.0007137
2.89916e-10	-0.000710665
2.90008e-10	-0.000707623
2.90101e-10	-0.000704574
2.90193e-10	-0.000701518
2.90286e-10	-0.000698454
2.90378e-10	-0.000695383
2.9047e-10	-0.000692305
2.90563e-10	-0.000689219
2.90655e-10	-0.000686126
2.90748e-10	-0.000683026
2.9084e-10	-0.000679919
2.90932e-10	-0.000676804
2.91025e-10	-0.000673682
2.91117e-10	-0.000670553
2.9121e-10	-0.000667416
2.91302e-10	-0.000664272
2.91394e-10	-0.000661121
2.91487e-10	-0.000657962
2.91579e-10	-0.000654796
2.91672e-10	-0.000651623
2.91764e-10	-0.000648442
2.91856e-10	-0.000645254
2.91949e-10	-0.000642059
2.92041e-10	-0.000638856
2.92134e-10	-0.000635646
2.92226e-10	-0.000632428
2.92318e-10	-0.000629203
2.92411e-10	-0.00062597
2.92503e-10	-0.000622731
2.92596e-10	-0.000619483
2.92688e-10	-0.000616229
2.9278e-10	-0.000612967
2.92873e-10	-0.000609697
2.92965e-10	-0.00060642
2.93058e-10	-0.000603136
2.9315e-10	-0.000599844
2.93242e-10	-0.000596545
2.93335e-10	-0.000593238
2.93427e-10	-0.000589924
2.9352e-10	-0.000586602
2.93612e-10	-0.000583273
2.93704e-10	-0.000579936
2.93797e-10	-0.000576592
2.93889e-10	-0.000573241
2.93982e-10	-0.000569881
2.94074e-10	-0.000566515
2.94167e-10	-0.000563141
2.94259e-10	-0.000559759
2.94351e-10	-0.00055637
2.94444e-10	-0.000552973
2.94536e-10	-0.000549569
2.94629e-10	-0.000546157
2.94721e-10	-0.000542738
2.94813e-10	-0.000539311
2.94906e-10	-0.000535877
2.94998e-10	-0.000532435
2.95091e-10	-0.000528985
2.95183e-10	-0.000525528
2.95275e-10	-0.000522063
2.95368e-10	-0.000518591
2.9546e-10	-0.000515111
2.95553e-10	-0.000511624
2.95645e-10	-0.000508129
2.95737e-10	-0.000504626
2.9583e-10	-0.000501116
2.95922e-10	-0.000497598
2.96015e-10	-0.000494073
2.96107e-10	-0.00049054
2.96199e-10	-0.000486999
2.96292e-10	-0.000483451
2.96384e-10	-0.000479895
2.96477e-10	-0.000476331
2.96569e-10	-0.00047276
2.96661e-10	-0.000469181
2.96754e-10	-0.000465594
2.96846e-10	-0.000462
2.96939e-10	-0.000458398
2.97031e-10	-0.000454788
2.97123e-10	-0.000451171
2.97216e-10	-0.000447546
2.97308e-10	-0.000443913
2.97401e-10	-0.000440273
2.97493e-10	-0.000436625
2.97585e-10	-0.000432969
2.97678e-10	-0.000429305
2.9777e-10	-0.000425634
2.97863e-10	-0.000421955
2.97955e-10	-0.000418268
2.98047e-10	-0.000414574
2.9814e-10	-0.000410872
2.98232e-10	-0.000407162
2.98325e-10	-0.000403444
2.98417e-10	-0.000399718
2.98509e-10	-0.000395985
2.98602e-10	-0.000392244
2.98694e-10	-0.000388496
2.98787e-10	-0.000384739
2.98879e-10	-0.000380975
2.98971e-10	-0.000377203
2.99064e-10	-0.000373423
2.99156e-10	-0.000369635
2.99249e-10	-0.000365839
2.99341e-10	-0.000362036
2.99434e-10	-0.000358225
2.99526e-10	-0.000354406
2.99618e-10	-0.000350579
2.99711e-10	-0.000346745
2.99803e-10	-0.000342902
2.99896e-10	-0.000339052
2.99988e-10	-0.000335194
3.0008e-10	-0.000331328
3.00173e-10	-0.000327454
3.00265e-10	-0.000323572
3.00358e-10	-0.000319683
3.0045e-10	-0.000315785
3.00542e-10	-0.00031188
3.00635e-10	-0.000307967
3.00727e-10	-0.000304046
3.0082e-10	-0.000300117
3.00912e-10	-0.00029618
3.01004e-10	-0.000292235
3.01097e-10	-0.000288282
3.01189e-10	-0.000284322
3.01282e-10	-0.000280353
3.01374e-10	-0.000276377
3.01466e-10	-0.000272393
3.01559e-10	-0.0002684
3.01651e-10	-0.0002644
3.01744e-10	-0.000260392
3.01836e-10	-0.000256376
3.01928e-10	-0.000252352
3.02021e-10	-0.00024832
3.02113e-10	-0.00024428
3.02206e-10	-0.000240232
3.02298e-10	-0.000236176
3.0239e-10	-0.000232112
3.02483e-10	-0.000228041
3.02575e-10	-0.000223961
3.02668e-10	-0.000219873
3.0276e-10	-0.000215777
3.02852e-10	-0.000211673
3.02945e-10	-0.000207562
3.03037e-10	-0.000203442
3.0313e-10	-0.000199314
3.03222e-10	-0.000195178
3.03314e-10	-0.000191034
3.03407e-10	-0.000186883
3.03499e-10	-0.000182723
3.03592e-10	-0.000178555
3.03684e-10	-0.000174379
3.03776e-10	-0.000170195
3.03869e-10	-0.000166003
3.03961e-10	-0.000161803
3.04054e-10	-0.000157594
3.04146e-10	-0.000153378
3.04238e-10	-0.000149154
3.04331e-10	-0.000144922
3.04423e-10	-0.000140681
3.04516e-10	-0.000136433
3.04608e-10	-0.000132176
3.04701e-10	-0.000127911
3.04793e-10	-0.000123638
3.04885e-10	-0.000119358
3.04978e-10	-0.000115069
3.0507e-10	-0.000110771
3.05163e-10	-0.000106466
3.05255e-10	-0.000102153
3.05347e-10	-9.78315e-05
3.0544e-10	-9.35019e-05
3.05532e-10	-8.91642e-05
3.05625e-10	-8.48184e-05
3.05717e-10	-8.04645e-05
3.05809e-10	-7.61023e-05
3.05902e-10	-7.17321e-05
3.05994e-10	-6.73537e-05
3.06087e-10	-6.29671e-05
3.06179e-10	-5.85724e-05
3.06271e-10	-5.41695e-05
3.06364e-10	-4.97584e-05
3.06456e-10	-4.53392e-05
3.06549e-10	-4.09118e-05
3.06641e-10	-3.64762e-05
3.06733e-10	-3.20324e-05
3.06826e-10	-2.75805e-05
3.06918e-10	-2.31203e-05
3.07011e-10	-1.8652e-05
3.07103e-10	-1.41754e-05
3.07195e-10	-9.69063e-06
3.07288e-10	-5.19765e-06
3.0738e-10	-6.96462e-07
3.07473e-10	3.81295e-06
3.07565e-10	8.33058e-06
3.07657e-10	1.28564e-05
3.0775e-10	1.73905e-05
3.07842e-10	2.19329e-05
3.07935e-10	2.64834e-05
3.08027e-10	3.10422e-05
3.08119e-10	3.56093e-05
3.08212e-10	4.01846e-05
3.08304e-10	4.47682e-05
3.08397e-10	4.936e-05
3.08489e-10	5.39601e-05
3.08581e-10	5.85685e-05
3.08674e-10	6.31851e-05
3.08766e-10	6.781e-05
3.08859e-10	7.24432e-05
3.08951e-10	7.70847e-05
3.09043e-10	8.17344e-05
3.09136e-10	8.63925e-05
3.09228e-10	9.10588e-05
3.09321e-10	9.57335e-05
3.09413e-10	0.000100416
3.09505e-10	0.000105108
3.09598e-10	0.000109807
3.0969e-10	0.000114515
3.09783e-10	0.000119231
3.09875e-10	0.000123956
3.09968e-10	0.000128689
3.1006e-10	0.00013343
3.10152e-10	0.000138179
3.10245e-10	0.000142937
3.10337e-10	0.000147704
3.1043e-10	0.000152478
3.10522e-10	0.000157261
3.10614e-10	0.000162052
3.10707e-10	0.000166852
3.10799e-10	0.00017166
3.10892e-10	0.000176476
3.10984e-10	0.000181301
3.11076e-10	0.000186134
3.11169e-10	0.000190975
3.11261e-10	0.000195825
3.11354e-10	0.000200683
3.11446e-10	0.00020555
3.11538e-10	0.000210425
3.11631e-10	0.000215308
3.11723e-10	0.0002202
3.11816e-10	0.0002251
3.11908e-10	0.000230009
3.12e-10	0.000234926
3.12093e-10	0.000239851
3.12185e-10	0.000244785
3.12278e-10	0.000249727
3.1237e-10	0.000254678
3.12462e-10	0.000259637
3.12555e-10	0.000264605
3.12647e-10	0.000269581
3.1274e-10	0.000274565
3.12832e-10	0.000279558
3.12924e-10	0.000284559
3.13017e-10	0.000289569
3.13109e-10	0.000294587
3.13202e-10	0.000299614
3.13294e-10	0.000304649
3.13386e-10	0.000309692
3.13479e-10	0.000314744
3.13571e-10	0.000319805
3.13664e-10	0.000324873
3.13756e-10	0.000329951
3.13848e-10	0.000335037
3.13941e-10	0.000340131
3.14033e-10	0.000345234
3.14126e-10	0.000350345
3.14218e-10	0.000355465
3.1431e-10	0.000360593
3.14403e-10	0.00036573
3.14495e-10	0.000370875
3.14588e-10	0.000376029
3.1468e-10	0.000381191
3.14772e-10	0.000386362
3.14865e-10	0.000391541
3.14957e-10	0.000396729
3.1505e-10	0.000401926
3.15142e-10	0.000407131
3.15235e-10	0.000412344
3.15327e-10	0.000417566
3.15419e-10	0.000422796
3.15512e-10	0.000428035
3.15604e-10	0.000433283
3.15697e-10	0.000438539
3.15789e-10	0.000443803
3.15881e-10	0.000449076
3.15974e-10	0.000454358
3.16066e-10	0.000459648
3.16159e-10	0.000464947
3.16251e-10	0.000470254
3.16343e-10	0.00047557
3.16436e-10	0.000480895
3.16528e-10	0.000486228
3.16621e-10	0.000491569
3.16713e-10	0.000496919
3.16805e-10	0.000502278
3.16898e-10	0.000507645
3.1699e-10	0.000513021
3.17083e-10	0.000518406
3.17175e-10	0.000523799
3.17267e-10	0.0005292
3.1736e-10	0.00053461
3.17452e-10	0.000540029
3.17545e-10	0.000545457
3.17637e-10	0.000550893
3.17729e-10	0.000556337
3.17822e-10	0.00056179
3.17914e-10	0.000567252
3.18007e-10	0.000572723
3.18099e-10	0.000578202
3.18191e-10	0.000583689
3.18284e-10	0.000589185
3.18376e-10	0.00059469
3.18469e-10	0.000600204
3.18561e-10	0.000605726
3.18653e-10	0.000611256
3.18746e-10	0.000616796
3.18838e-10	0.000622344
3.18931e-10	0.0006279
3.19023e-10	0.000633466
3.19115e-10	0.000639039
3.19208e-10	0.000644622
3.193e-10	0.000650213
3.19393e-10	0.000655813
3.19485e-10	0.000661421
3.19577e-10	0.000667038
3.1967e-10	0.000672664
3.19762e-10	0.000678298
3.19855e-10	0.000683941
3.19947e-10	0.000689593
3.20039e-10	0.000695253
3.20132e-10	0.000700922
3.20224e-10	0.0007066
3.20317e-10	0.000712286
3.20409e-10	0.000717981
3.20502e-10	0.000723685
3.20594e-10	0.000729397
3.20686e-10	0.000735119
3.20779e-10	0.000740848
3.20871e-10	0.000746587
3.20964e-10	0.000752334
3.21056e-10	0.000758089
3.21148e-10	0.000763854
3.21241e-10	0.000769627
3.21333e-10	0.000775409
3.21426e-10	0.000781199
3.21518e-10	0.000786998
3.2161e-10	0.000792806
3.21703e-10	0.000798623
3.21795e-10	0.000804448
3.21888e-10	0.000810282
3.2198e-10	0.000816125
3.22072e-10	0.000821976
3.22165e-10	0.000827836
3.22257e-10	0.000833705
3.2235e-10	0.000839582
3.22442e-10	0.000845469
3.22534e-10	0.000851364
3.22627e-10	0.000857267
3.22719e-10	0.00086318
3.22812e-10	0.000869101
3.22904e-10	0.00087503
3.22996e-10	0.000880969
3.23089e-10	0.000886916
3.23181e-10	0.000892872
3.23274e-10	0.000898837
3.23366e-10	0.00090481
3.23458e-10	0.000910792
3.23551e-10	0.000916783
3.23643e-10	0.000922783
3.23736e-10	0.000928791
3.23828e-10	0.000934808
3.2392e-10	0.000940834
3.24013e-10	0.000946869
3.24105e-10	0.000952912
3.24198e-10	0.000958964
3.2429e-10	0.000965025
3.24382e-10	0.000971094
3.24475e-10	0.000977172
3.24567e-10	0.000983259
3.2466e-10	0.000989355
3.24752e-10	0.00099546
3.24844e-10	0.00100157
3.24937e-10	0.00100769
3.25029e-10	0.00101383
3.25122e-10	0.00101997
3.25214e-10	0.00102611
3.25306e-10	0.00103227
3.25399e-10	0.00103844
3.25491e-10	0.00104461
3.25584e-10	0.00105079
3.25676e-10	0.00105699
3.25768e-10	0.00106319
3.25861e-10	0.0010694
3.25953e-10	0.00107562
3.26046e-10	0.00108184
3.26138e-10	0.00108808
3.26231e-10	0.00109432
3.26323e-10	0.00110058
3.26415e-10	0.00110684
3.26508e-10	0.00111311
3.266e-10	0.00111939
3.26693e-10	0.00112568
3.26785e-10	0.00113198
3.26877e-10	0.00113828
3.2697e-10	0.0011446
3.27062e-10	0.00115092
3.27155e-10	0.00115725
3.27247e-10	0.00116359
3.27339e-10	0.00116994
3.27432e-10	0.0011763
3.27524e-10	0.00118267
3.27617e-10	0.00118905
3.27709e-10	0.00119543
3.27801e-10	0.00120182
3.27894e-10	0.00120823
3.27986e-10	0.00121464
3.28079e-10	0.00122106
3.28171e-10	0.00122749
3.28263e-10	0.00123393
3.28356e-10	0.00124037
3.28448e-10	0.00124683
3.28541e-10	0.00125329
3.28633e-10	0.00125977
3.28725e-10	0.00126625
3.28818e-10	0.00127274
3.2891e-10	0.00127924
3.29003e-10	0.00128574
3.29095e-10	0.00129226
3.29187e-10	0.00129879
3.2928e-10	0.00130532
3.29372e-10	0.00131187
3.29465e-10	0.00131842
3.29557e-10	0.00132498
3.29649e-10	0.00133155
3.29742e-10	0.00133813
3.29834e-10	0.00134471
3.29927e-10	0.00135131
3.30019e-10	0.00135791
3.30111e-10	0.00136453
3.30204e-10	0.00137115
3.30296e-10	0.00137778
3.30389e-10	0.00138442
3.30481e-10	0.00139107
3.30573e-10	0.00139773
3.30666e-10	0.00140439
3.30758e-10	0.00141107
3.30851e-10	0.00141775
3.30943e-10	0.00142445
3.31035e-10	0.00143115
3.31128e-10	0.00143786
3.3122e-10	0.00144458
3.31313e-10	0.00145131
3.31405e-10	0.00145804
3.31498e-10	0.00146479
3.3159e-10	0.00147154
3.31682e-10	0.00147831
3.31775e-10	0.00148508
3.31867e-10	0.00149186
3.3196e-10	0.00149865
3.32052e-10	0.00150545
3.32144e-10	0.00151225
3.32237e-10	0.00151907
3.32329e-10	0.0015259
3.32422e-10	0.00153273
3.32514e-10	0.00153957
3.32606e-10	0.00154642
3.32699e-10	0.00155328
3.32791e-10	0.00156015
3.32884e-10	0.00156703
3.32976e-10	0.00157391
3.33068e-10	0.00158081
3.33161e-10	0.00158771
3.33253e-10	0.00159463
3.33346e-10	0.00160155
3.33438e-10	0.00160848
3.3353e-10	0.00161542
3.33623e-10	0.00162237
3.33715e-10	0.00162932
3.33808e-10	0.00163629
3.339e-10	0.00164326
3.33992e-10	0.00165024
3.34085e-10	0.00165724
3.34177e-10	0.00166424
3.3427e-10	0.00167125
3.34362e-10	0.00167826
3.34454e-10	0.00168529
3.34547e-10	0.00169233
3.34639e-10	0.00169937
3.34732e-10	0.00170642
3.34824e-10	0.00171349
3.34916e-10	0.00172056
3.35009e-10	0.00172764
3.35101e-10	0.00173473
3.35194e-10	0.00174182
3.35286e-10	0.00174893
3.35378e-10	0.00175604
3.35471e-10	0.00176317
3.35563e-10	0.0017703
3.35656e-10	0.00177744
3.35748e-10	0.00178459
3.3584e-10	0.00179175
3.35933e-10	0.00179892
3.36025e-10	0.00180609
3.36118e-10	0.00181328
3.3621e-10	0.00182047
3.36302e-10	0.00182767
3.36395e-10	0.00183488
3.36487e-10	0.0018421
3.3658e-10	0.00184933
3.36672e-10	0.00185657
3.36765e-10	0.00186382
3.36857e-10	0.00187107
3.36949e-10	0.00187834
3.37042e-10	0.00188561
3.37134e-10	0.00189289
3.37227e-10	0.00190018
3.37319e-10	0.00190748
3.37411e-10	0.00191479
3.37504e-10	0.0019221
3.37596e-10	0.00192943
3.37689e-10	0.00193676
3.37781e-10	0.0019441
3.37873e-10	0.00195145
3.37966e-10	0.00195881
3.38058e-10	0.00196618
3.38151e-10	0.00197356
3.38243e-10	0.00198095
3.38335e-10	0.00198834
3.38428e-10	0.00199575
3.3852e-10	0.00200316
3.38613e-10	0.00201058
3.38705e-10	0.00201801
3.38797e-10	0.00202545
3.3889e-10	0.00203289
3.38982e-10	0.00204035
3.39075e-10	0.00204781
3.39167e-10	0.00205529
3.39259e-10	0.00206277
3.39352e-10	0.00207026
3.39444e-10	0.00207776
3.39537e-10	0.00208527
3.39629e-10	0.00209279
3.39721e-10	0.00210031
3.39814e-10	0.00210785
3.39906e-10	0.00211539
3.39999e-10	0.00212294
3.40091e-10	0.0021305
3.40183e-10	0.00213807
3.40276e-10	0.00214565
3.40368e-10	0.00215323
3.40461e-10	0.00216083
3.40553e-10	0.00216843
3.40645e-10	0.00217605
3.40738e-10	0.00218367
3.4083e-10	0.0021913
3.40923e-10	0.00219894
3.41015e-10	0.00220658
3.41107e-10	0.00221424
3.412e-10	0.0022219
3.41292e-10	0.00222958
3.41385e-10	0.00223726
3.41477e-10	0.00224495
3.41569e-10	0.00225265
3.41662e-10	0.00226036
3.41754e-10	0.00226807
3.41847e-10	0.0022758
3.41939e-10	0.00228353
3.42032e-10	0.00229128
3.42124e-10	0.00229903
3.42216e-10	0.00230679
3.42309e-10	0.00231456
3.42401e-10	0.00232233
3.42494e-10	0.00233012
3.42586e-10	0.00233791
3.42678e-10	0.00234572
3.42771e-10	0.00235353
3.42863e-10	0.00236135
3.42956e-10	0.00236918
3.43048e-10	0.00237701
3.4314e-10	0.00238486
3.43233e-10	0.00239271
3.43325e-10	0.00240058
3.43418e-10	0.00240845
3.4351e-10	0.00241633
3.43602e-10	0.00242422
3.43695e-10	0.00243212
3.43787e-10	0.00244002
3.4388e-10	0.00244794
3.43972e-10	0.00245586
3.44064e-10	0.00246379
3.44157e-10	0.00247174
3.44249e-10	0.00247968
3.44342e-10	0.00248764
3.44434e-10	0.00249561
3.44526e-10	0.00250358
3.44619e-10	0.00251157
3.44711e-10	0.00251956
3.44804e-10	0.00252756
3.44896e-10	0.00253557
3.44988e-10	0.00254359
3.45081e-10	0.00255161
3.45173e-10	0.00255965
3.45266e-10	0.00256769
3.45358e-10	0.00257574
3.4545e-10	0.0025838
3.45543e-10	0.00259187
3.45635e-10	0.00259995
3.45728e-10	0.00260804
3.4582e-10	0.00261613
3.45912e-10	0.00262423
3.46005e-10	0.00263234
3.46097e-10	0.00264046
3.4619e-10	0.00264859
3.46282e-10	0.00265673
3.46374e-10	0.00266488
3.46467e-10	0.00267303
3.46559e-10	0.00268119
3.46652e-10	0.00268936
3.46744e-10	0.00269754
3.46836e-10	0.00270573
3.46929e-10	0.00271393
3.47021e-10	0.00272213
3.47114e-10	0.00273035
3.47206e-10	0.00273857
3.47299e-10	0.0027468
3.47391e-10	0.00275504
3.47483e-10	0.00276328
3.47576e-10	0.00277154
3.47668e-10	0.0027798
3.47761e-10	0.00278808
3.47853e-10	0.00279636
3.47945e-10	0.00280465
3.48038e-10	0.00281294
3.4813e-10	0.00282125
3.48223e-10	0.00282956
3.48315e-10	0.00283789
3.48407e-10	0.00284622
3.485e-10	0.00285456
3.48592e-10	0.00286291
3.48685e-10	0.00287126
3.48777e-10	0.00287963
3.48869e-10	0.002888
3.48962e-10	0.00289638
3.49054e-10	0.00290477
3.49147e-10	0.00291317
3.49239e-10	0.00292158
3.49331e-10	0.00292999
3.49424e-10	0.00293842
3.49516e-10	0.00294685
3.49609e-10	0.00295529
3.49701e-10	0.00296374
3.49793e-10	0.0029722
3.49886e-10	0.00298066
3.49978e-10	0.00298913
3.50071e-10	0.00299762
3.50163e-10	0.00300611
3.50255e-10	0.00301461
3.50348e-10	0.00302311
3.5044e-10	0.00303163
3.50533e-10	0.00304015
3.50625e-10	0.00304868
3.50717e-10	0.00305722
3.5081e-10	0.00306577
3.50902e-10	0.00307433
3.50995e-10	0.00308289
3.51087e-10	0.00309147
3.51179e-10	0.00310005
3.51272e-10	0.00310864
3.51364e-10	0.00311724
3.51457e-10	0.00312584
3.51549e-10	0.00313446
3.51641e-10	0.00314308
3.51734e-10	0.00315171
3.51826e-10	0.00316035
3.51919e-10	0.003169
3.52011e-10	0.00317765
3.52103e-10	0.00318632
3.52196e-10	0.00319499
3.52288e-10	0.00320367
3.52381e-10	0.00321236
3.52473e-10	0.00322105
3.52566e-10	0.00322976
3.52658e-10	0.00323847
3.5275e-10	0.00324719
3.52843e-10	0.00325592
3.52935e-10	0.00326466
3.53028e-10	0.0032734
3.5312e-10	0.00328216
3.53212e-10	0.00329092
3.53305e-10	0.00329969
3.53397e-10	0.00330847
3.5349e-10	0.00331725
3.53582e-10	0.00332605
3.53674e-10	0.00333485
3.53767e-10	0.00334366
3.53859e-10	0.00335248
3.53952e-10	0.00336131
3.54044e-10	0.00337014
3.54136e-10	0.00337898
3.54229e-10	0.00338783
3.54321e-10	0.00339669
3.54414e-10	0.00340556
3.54506e-10	0.00341444
3.54598e-10	0.00342332
3.54691e-10	0.00343221
3.54783e-10	0.00344111
3.54876e-10	0.00345002
3.54968e-10	0.00345893
3.5506e-10	0.00346786
3.55153e-10	0.00347679
3.55245e-10	0.00348573
3.55338e-10	0.00349467
3.5543e-10	0.00350363
3.55522e-10	0.00351259
3.55615e-10	0.00352156
3.55707e-10	0.00353054
3.558e-10	0.00353953
3.55892e-10	0.00354853
3.55984e-10	0.00355753
3.56077e-10	0.00356654
3.56169e-10	0.00357556
3.56262e-10	0.00358459
3.56354e-10	0.00359362
3.56446e-10	0.00360266
3.56539e-10	0.00361171
3.56631e-10	0.00362077
3.56724e-10	0.00362984
3.56816e-10	0.00363891
3.56908e-10	0.003648
3.57001e-10	0.00365709
3.57093e-10	0.00366619
3.57186e-10	0.00367529
3.57278e-10	0.00368441
3.5737e-10	0.00369353
3.57463e-10	0.00370266
3.57555e-10	0.00371179
3.57648e-10	0.00372094
3.5774e-10	0.00373009
3.57833e-10	0.00373925
3.57925e-10	0.00374842
3.58017e-10	0.0037576
3.5811e-10	0.00376678
3.58202e-10	0.00377597
3.58295e-10	0.00378517
3.58387e-10	0.00379438
3.58479e-10	0.0038036
3.58572e-10	0.00381282
3.58664e-10	0.00382205
3.58757e-10	0.00383129
3.58849e-10	0.00384054
3.58941e-10	0.00384979
3.59034e-10	0.00385905
3.59126e-10	0.00386832
3.59219e-10	0.0038776
3.59311e-10	0.00388688
3.59403e-10	0.00389618
3.59496e-10	0.00390548
3.59588e-10	0.00391478
3.59681e-10	0.0039241
3.59773e-10	0.00393342
3.59865e-10	0.00394275
3.59958e-10	0.00395209
3.6005e-10	0.00396144
3.60143e-10	0.00397079
3.60235e-10	0.00398015
3.60327e-10	0.00398952
3.6042e-10	0.0039989
3.60512e-10	0.00400828
3.60605e-10	0.00401767
3.60697e-10	0.00402707
3.60789e-10	0.00403648
3.60882e-10	0.0040459
3.60974e-10	0.00405532
3.61067e-10	0.00406475
3.61159e-10	0.00407418
3.61251e-10	0.00408363
3.61344e-10	0.00409308
3.61436e-10	0.00410254
3.61529e-10	0.00411201
3.61621e-10	0.00412148
3.61713e-10	0.00413097
3.61806e-10	0.00414045
3.61898e-10	0.00414995
3.61991e-10	0.00415946
3.62083e-10	0.00416897
3.62175e-10	0.00417849
3.62268e-10	0.00418801
3.6236e-10	0.00419755
3.62453e-10	0.00420709
3.62545e-10	0.00421664
3.62637e-10	0.0042262
3.6273e-10	0.00423576
3.62822e-10	0.00424533
3.62915e-10	0.00425491
3.63007e-10	0.0042645
3.631e-10	0.00427409
3.63192e-10	0.00428369
3.63284e-10	0.0042933
3.63377e-10	0.00430291
3.63469e-10	0.00431254
3.63562e-10	0.00432217
3.63654e-10	0.0043318
3.63746e-10	0.00434145
3.63839e-10	0.0043511
3.63931e-10	0.00436076
3.64024e-10	0.00437043
3.64116e-10	0.0043801
3.64208e-10	0.00438978
3.64301e-10	0.00439947
3.64393e-10	0.00440916
3.64486e-10	0.00441887
3.64578e-10	0.00442858
3.6467e-10	0.00443829
3.64763e-10	0.00444802
3.64855e-10	0.00445775
3.64948e-10	0.00446749
3.6504e-10	0.00447723
3.65132e-10	0.00448698
3.65225e-10	0.00449674
3.65317e-10	0.00450651
3.6541e-10	0.00451629
3.65502e-10	0.00452607
3.65594e-10	0.00453586
3.65687e-10	0.00454565
3.65779e-10	0.00455545
3.65872e-10	0.00456526
3.65964e-10	0.00457508
3.66056e-10	0.0045849
3.66149e-10	0.00459473
3.66241e-10	0.00460457
3.66334e-10	0.00461442
3.66426e-10	0.00462427
3.66518e-10	0.00463413
3.66611e-10	0.00464399
3.66703e-10	0.00465387
3.66796e-10	0.00466375
3.66888e-10	0.00467363
3.6698e-10	0.00468353
3.67073e-10	0.00469343
3.67165e-10	0.00470333
3.67258e-10	0.00471325
3.6735e-10	0.00472317
3.67442e-10	0.0047331
3.67535e-10	0.00474303
3.67627e-10	0.00475297
3.6772e-10	0.00476292
3.67812e-10	0.00477288
3.67904e-10	0.00478284
3.67997e-10	0.00479281
3.68089e-10	0.00480279
3.68182e-10	0.00481277
3.68274e-10	0.00482276
3.68367e-10	0.00483276
3.68459e-10	0.00484276
3.68551e-10	0.00485277
3.68644e-10	0.00486279
3.68736e-10	0.00487281
3.68829e-10	0.00488284
3.68921e-10	0.00489288
3.69013e-10	0.00490292
3.69106e-10	0.00491297
3.69198e-10	0.00492303
3.69291e-10	0.00493309
3.69383e-10	0.00494316
3.69475e-10	0.00495324
3.69568e-10	0.00496333
3.6966e-10	0.00497342
3.69753e-10	0.00498351
3.69845e-10	0.00499362
3.69937e-10	0.00500373
3.7003e-10	0.00501384
3.70122e-10	0.00502397
3.70215e-10	0.0050341
3.70307e-10	0.00504423
3.70399e-10	0.00505438
3.70492e-10	0.00506453
3.70584e-10	0.00507468
3.70677e-10	0.00508485
3.70769e-10	0.00509501
3.70861e-10	0.00510519
3.70954e-10	0.00511537
3.71046e-10	0.00512556
3.71139e-10	0.00513576
3.71231e-10	0.00514596
3.71323e-10	0.00515617
3.71416e-10	0.00516638
3.71508e-10	0.0051766
3.71601e-10	0.00518683
3.71693e-10	0.00519706
3.71785e-10	0.0052073
3.71878e-10	0.00521755
3.7197e-10	0.0052278
3.72063e-10	0.00523806
3.72155e-10	0.00524832
3.72247e-10	0.0052586
3.7234e-10	0.00526887
3.72432e-10	0.00527916
3.72525e-10	0.00528945
3.72617e-10	0.00529974
3.72709e-10	0.00531005
3.72802e-10	0.00532036
3.72894e-10	0.00533067
3.72987e-10	0.00534099
3.73079e-10	0.00535132
3.73171e-10	0.00536165
3.73264e-10	0.00537199
3.73356e-10	0.00538234
3.73449e-10	0.00539269
3.73541e-10	0.00540305
3.73634e-10	0.00541342
3.73726e-10	0.00542379
3.73818e-10	0.00543416
3.73911e-10	0.00544455
3.74003e-10	0.00545493
3.74096e-10	0.00546533
3.74188e-10	0.00547573
3.7428e-10	0.00548614
3.74373e-10	0.00549655
3.74465e-10	0.00550697
3.74558e-10	0.00551739
3.7465e-10	0.00552783
3.74742e-10	0.00553826
3.74835e-10	0.00554871
3.74927e-10	0.00555915
3.7502e-10	0.00556961
3.75112e-10	0.00558007
3.75204e-10	0.00559054
3.75297e-10	0.00560101
3.75389e-10	0.00561149
3.75482e-10	0.00562197
3.75574e-10	0.00563246
3.75666e-10	0.00564296
3.75759e-10	0.00565346
3.75851e-10	0.00566397
3.75944e-10	0.00567448
3.76036e-10	0.005685
3.76128e-10	0.00569552
3.76221e-10	0.00570605
3.76313e-10	0.00571659
3.76406e-10	0.00572713
3.76498e-10	0.00573768
3.7659e-10	0.00574823
3.76683e-10	0.00575879
3.76775e-10	0.00576936
3.76868e-10	0.00577993
3.7696e-10	0.0057905
3.77052e-10	0.00580108
3.77145e-10	0.00581167
3.77237e-10	0.00582227
3.7733e-10	0.00583286
3.77422e-10	0.00584347
3.77514e-10	0.00585408
3.77607e-10	0.00586469
3.77699e-10	0.00587531
3.77792e-10	0.00588594
3.77884e-10	0.00589657
3.77976e-10	0.00590721
3.78069e-10	0.00591785
3.78161e-10	0.0059285
3.78254e-10	0.00593915
3.78346e-10	0.00594981
3.78438e-10	0.00596047
3.78531e-10	0.00597114
3.78623e-10	0.00598182
3.78716e-10	0.0059925
3.78808e-10	0.00600319
3.78901e-10	0.00601388
3.78993e-10	0.00602457
3.79085e-10	0.00603527
3.79178e-10	0.00604598
3.7927e-10	0.00605669
3.79363e-10	0.00606741
3.79455e-10	0.00607813
3.79547e-10	0.00608886
3.7964e-10	0.0060996
3.79732e-10	0.00611033
3.79825e-10	0.00612108
3.79917e-10	0.00613183
3.80009e-10	0.00614258
3.80102e-10	0.00615334
3.80194e-10	0.0061641
3.80287e-10	0.00617487
3.80379e-10	0.00618565
3.80471e-10	0.00619643
3.80564e-10	0.00620721
3.80656e-10	0.006218
3.80749e-10	0.0062288
3.80841e-10	0.0062396
3.80933e-10	0.0062504
3.81026e-10	0.00626121
3.81118e-10	0.00627202
3.81211e-10	0.00628284
3.81303e-10	0.00629367
3.81395e-10	0.0063045
3.81488e-10	0.00631533
3.8158e-10	0.00632617
3.81673e-10	0.00633702
3.81765e-10	0.00634786
3.81857e-10	0.00635872
3.8195e-10	0.00636958
3.82042e-10	0.00638044
3.82135e-10	0.00639131
3.82227e-10	0.00640218
3.82319e-10	0.00641306
3.82412e-10	0.00642394
3.82504e-10	0.00643483
3.82597e-10	0.00644572
3.82689e-10	0.00645662
3.82781e-10	0.00646752
3.82874e-10	0.00647843
3.82966e-10	0.00648934
3.83059e-10	0.00650025
3.83151e-10	0.00651117
3.83243e-10	0.0065221
3.83336e-10	0.00653303
3.83428e-10	0.00654396
3.83521e-10	0.0065549
3.83613e-10	0.00656584
3.83705e-10	0.00657679
3.83798e-10	0.00658774
3.8389e-10	0.0065987
3.83983e-10	0.00660966
3.84075e-10	0.00662062
3.84168e-10	0.00663159
3.8426e-10	0.00664257
3.84352e-10	0.00665354
3.84445e-10	0.00666453
3.84537e-10	0.00667551
3.8463e-10	0.00668651
3.84722e-10	0.0066975
3.84814e-10	0.0067085
3.84907e-10	0.00671951
3.84999e-10	0.00673052
3.85092e-10	0.00674153
3.85184e-10	0.00675255
3.85276e-10	0.00676357
3.85369e-10	0.00677459
3.85461e-10	0.00678562
3.85554e-10	0.00679666
3.85646e-10	0.0068077
3.85738e-10	0.00681874
3.85831e-10	0.00682978
3.85923e-10	0.00684084
3.86016e-10	0.00685189
3.86108e-10	0.00686295
3.862e-10	0.00687401
3.86293e-10	0.00688508
3.86385e-10	0.00689615
3.86478e-10	0.00690723
3.8657e-10	0.0069183
3.86662e-10	0.00692939
3.86755e-10	0.00694047
3.86847e-10	0.00695157
3.8694e-10	0.00696266
3.87032e-10	0.00697376
3.87124e-10	0.00698486
3.87217e-10	0.00699597
3.87309e-10	0.00700708
3.87402e-10	0.00701819
3.87494e-10	0.00702931
3.87586e-10	0.00704043
3.87679e-10	0.00705156
3.87771e-10	0.00706269
3.87864e-10	0.00707382
3.87956e-10	0.00708496
3.88048e-10	0.0070961
3.88141e-10	0.00710724
3.88233e-10	0.00711839
3.88326e-10	0.00712954
3.88418e-10	0.00714069
3.8851e-10	0.00715185
3.88603e-10	0.00716302
3.88695e-10	0.00717418
3.88788e-10	0.00718535
3.8888e-10	0.00719652
3.88972e-10	0.0072077
3.89065e-10	0.00721888
3.89157e-10	0.00723006
3.8925e-10	0.00724125
3.89342e-10	0.00725244
3.89435e-10	0.00726363
3.89527e-10	0.00727483
3.89619e-10	0.00728603
3.89712e-10	0.00729724
3.89804e-10	0.00730844
3.89897e-10	0.00731965
3.89989e-10	0.00733087
3.90081e-10	0.00734208
3.90174e-10	0.0073533
3.90266e-10	0.00736453
3.90359e-10	0.00737575
3.90451e-10	0.00738698
3.90543e-10	0.00739822
3.90636e-10	0.00740945
3.90728e-10	0.00742069
3.90821e-10	0.00743194
3.90913e-10	0.00744318
3.91005e-10	0.00745443
3.91098e-10	0.00746568
3.9119e-10	0.00747694
3.91283e-10	0.0074882
3.91375e-10	0.00749946
3.91467e-10	0.00751072
3.9156e-10	0.00752199
3.91652e-10	0.00753326
3.91745e-10	0.00754453
3.91837e-10	0.00755581
3.91929e-10	0.00756708
3.92022e-10	0.00757837
3.92114e-10	0.00758965
3.92207e-10	0.00760094
3.92299e-10	0.00761223
3.92391e-10	0.00762352
3.92484e-10	0.00763482
3.92576e-10	0.00764612
3.92669e-10	0.00765742
3.92761e-10	0.00766872
3.92853e-10	0.00768003
3.92946e-10	0.00769134
3.93038e-10	0.00770265
3.93131e-10	0.00771396
3.93223e-10	0.00772528
3.93315e-10	0.0077366
3.93408e-10	0.00774792
3.935e-10	0.00775925
3.93593e-10	0.00777057
3.93685e-10	0.0077819
3.93777e-10	0.00779324
3.9387e-10	0.00780457
3.93962e-10	0.00781591
3.94055e-10	0.00782725
3.94147e-10	0.00783859
3.94239e-10	0.00784993
3.94332e-10	0.00786128
3.94424e-10	0.00787263
3.94517e-10	0.00788398
3.94609e-10	0.00789534
3.94702e-10	0.00790669
3.94794e-10	0.00791805
3.94886e-10	0.00792941
3.94979e-10	0.00794077
3.95071e-10	0.00795214
3.95164e-10	0.00796351
3.95256e-10	0.00797488
3.95348e-10	0.00798625
3.95441e-10	0.00799762
3.95533e-10	0.008009
3.95626e-10	0.00802037
3.95718e-10	0.00803175
3.9581e-10	0.00804314
3.95903e-10	0.00805452
3.95995e-10	0.00806591
3.96088e-10	0.00807729
3.9618e-10	0.00808868
3.96272e-10	0.00810007
3.96365e-10	0.00811147
3.96457e-10	0.00812286
3.9655e-10	0.00813426
3.96642e-10	0.00814566
3.96734e-10	0.00815706
3.96827e-10	0.00816846
3.96919e-10	0.00817987
3.97012e-10	0.00819127
3.97104e-10	0.00820268
3.97196e-10	0.00821409
3.97289e-10	0.0082255
3.97381e-10	0.00823692
3.97474e-10	0.00824833
3.97566e-10	0.00825975
3.97658e-10	0.00827116
3.97751e-10	0.00828258
3.97843e-10	0.008294
3.97936e-10	0.00830543
3.98028e-10	0.00831685
3.9812e-10	0.00832828
3.98213e-10	0.0083397
3.98305e-10	0.00835113
3.98398e-10	0.00836256
3.9849e-10	0.00837399
3.98582e-10	0.00838542
3.98675e-10	0.00839686
3.98767e-10	0.00840829
3.9886e-10	0.00841973
3.98952e-10	0.00843117
3.99044e-10	0.00844261
3.99137e-10	0.00845405
3.99229e-10	0.00846549
3.99322e-10	0.00847693
3.99414e-10	0.00848837
3.99506e-10	0.00849982
3.99599e-10	0.00851126
3.99691e-10	0.00852271
3.99784e-10	0.00853416
3.99876e-10	0.00854561
3.99969e-10	0.00855706
4.00061e-10	0.00856851
4.00153e-10	0.00857996
4.00246e-10	0.00859141
4.00338e-10	0.00860287
4.00431e-10	0.00861432
4.00523e-10	0.00862578
4.00615e-10	0.00863724
4.00708e-10	0.00864869
4.008e-10	0.00866015
4.00893e-10	0.00867161
4.00985e-10	0.00868307
4.01077e-10	0.00869453
4.0117e-10	0.00870599
4.01262e-10	0.00871745
4.01355e-10	0.00872892
4.01447e-10	0.00874038
4.01539e-10	0.00875184
4.01632e-10	0.00876331
4.01724e-10	0.00877477
4.01817e-10	0.00878624
4.01909e-10	0.0087977
4.02001e-10	0.00880917
4.02094e-10	0.00882064
4.02186e-10	0.0088321
4.02279e-10	0.00884357
4.02371e-10	0.00885504
4.02463e-10	0.00886651
4.02556e-10	0.00887798
4.02648e-10	0.00888945
4.02741e-10	0.00890092
4.02833e-10	0.00891239
4.02925e-10	0.00892386
4.03018e-10	0.00893533
4.0311e-10	0.0089468
4.03203e-10	0.00895827
4.03295e-10	0.00896974
4.03387e-10	0.00898121
4.0348e-10	0.00899268
4.03572e-10	0.00900415
4.03665e-10	0.00901562
4.03757e-10	0.0090271
4.03849e-10	0.00903857
4.03942e-10	0.00905004
4.04034e-10	0.00906151
4.04127e-10	0.00907298
4.04219e-10	0.00908445
4.04311e-10	0.00909592
4.04404e-10	0.00910739
4.04496e-10	0.00911886
4.04589e-10	0.00913033
4.04681e-10	0.0091418
4.04773e-10	0.00915327
4.04866e-10	0.00916474
4.04958e-10	0.00917621
4.05051e-10	0.00918768
4.05143e-10	0.00919915
4.05236e-10	0.00921062
4.05328e-10	0.00922209
4.0542e-10	0.00923356
4.05513e-10	0.00924502
4.05605e-10	0.00925649
4.05698e-10	0.00926796
4.0579e-10	0.00927942
4.05882e-10	0.00929089
4.05975e-10	0.00930235
4.06067e-10	0.00931382
4.0616e-10	0.00932528
4.06252e-10	0.00933674
4.06344e-10	0.0093482
4.06437e-10	0.00935966
4.06529e-10	0.00937112
4.06622e-10	0.00938258
4.06714e-10	0.00939404
4.06806e-10	0.0094055
4.06899e-10	0.00941696
4.06991e-10	0.00942842
4.07084e-10	0.00943987
4.07176e-10	0.00945133
4.07268e-10	0.00946278
4.07361e-10	0.00947423
4.07453e-10	0.00948568
4.07546e-10	0.00949713
4.07638e-10	0.00950858
4.0773e-10	0.00952003
4.07823e-10	0.00953148
4.07915e-10	0.00954293
4.08008e-10	0.00955437
4.081e-10	0.00956582
4.08192e-10	0.00957726
4.08285e-10	0.0095887
4.08377e-10	0.00960014
4.0847e-10	0.00961158
4.08562e-10	0.00962302
4.08654e-10	0.00963445
4.08747e-10	0.00964589
4.08839e-10	0.00965732
4.08932e-10	0.00966876
4.09024e-10	0.00968019
4.09116e-10	0.00969162
4.09209e-10	0.00970304
4.09301e-10	0.00971447
4.09394e-10	0.00972589
4.09486e-10	0.00973732
4.09578e-10	0.00974874
4.09671e-10	0.00976016
4.09763e-10	0.00977158
4.09856e-10	0.00978299
4.09948e-10	0.00979441
4.1004e-10	0.00980582
4.10133e-10	0.00981723
4.10225e-10	0.00982864
4.10318e-10	0.00984005
4.1041e-10	0.00985146
4.10502e-10	0.00986286
4.10595e-10	0.00987426
4.10687e-10	0.00988566
4.1078e-10	0.00989706
4.10872e-10	0.00990846
4.10965e-10	0.00991985
4.11057e-10	0.00993124
4.11149e-10	0.00994263
4.11242e-10	0.00995402
4.11334e-10	0.00996541
4.11427e-10	0.00997679
4.11519e-10	0.00998817
4.11611e-10	0.00999955
4.11704e-10	0.0100109
4.11796e-10	0.0100223
4.11889e-10	0.0100337
4.11981e-10	0.010045
4.12073e-10	0.0100564
4.12166e-10	0.0100678
4.12258e-10	0.0100791
4.12351e-10	0.0100905
4.12443e-10	0.0101019
4.12535e-10	0.0101132
4.12628e-10	0.0101246
4.1272e-10	0.0101359
4.12813e-10	0.0101473
4.12905e-10	0.0101586
4.12997e-10	0.01017
4.1309e-10	0.0101813
4.13182e-10	0.0101926
4.13275e-10	0.010204
4.13367e-10	0.0102153
4.13459e-10	0.0102266
4.13552e-10	0.0102379
4.13644e-10	0.0102493
4.13737e-10	0.0102606
4.13829e-10	0.0102719
4.13921e-10	0.0102832
4.14014e-10	0.0102945
4.14106e-10	0.0103058
4.14199e-10	0.0103171
4.14291e-10	0.0103285
4.14383e-10	0.0103398
4.14476e-10	0.010351
4.14568e-10	0.0103623
4.14661e-10	0.0103736
4.14753e-10	0.0103849
4.14845e-10	0.0103962
4.14938e-10	0.0104075
4.1503e-10	0.0104188
4.15123e-10	0.01043
4.15215e-10	0.0104413
4.15307e-10	0.0104526
4.154e-10	0.0104638
4.15492e-10	0.0104751
4.15585e-10	0.0104863
4.15677e-10	0.0104976
4.15769e-10	0.0105089
4.15862e-10	0.0105201
4.15954e-10	0.0105313
4.16047e-10	0.0105426
4.16139e-10	0.0105538
4.16232e-10	0.010565
4.16324e-10	0.0105763
4.16416e-10	0.0105875
4.16509e-10	0.0105987
4.16601e-10	0.0106099
4.16694e-10	0.0106211
4.16786e-10	0.0106324
4.16878e-10	0.0106436
4.16971e-10	0.0106548
4.17063e-10	0.010666
4.17156e-10	0.0106771
4.17248e-10	0.0106883
4.1734e-10	0.0106995
4.17433e-10	0.0107107
4.17525e-10	0.0107219
4.17618e-10	0.0107331
4.1771e-10	0.0107442
4.17802e-10	0.0107554
4.17895e-10	0.0107665
4.17987e-10	0.0107777
4.1808e-10	0.0107889
4.18172e-10	0.0108
4.18264e-10	0.0108111
4.18357e-10	0.0108223
4.18449e-10	0.0108334
4.18542e-10	0.0108445
4.18634e-10	0.0108557
4.18726e-10	0.0108668
4.18819e-10	0.0108779
4.18911e-10	0.010889
4.19004e-10	0.0109001
4.19096e-10	0.0109112
4.19188e-10	0.0109223
4.19281e-10	0.0109334
4.19373e-10	0.0109445
4.19466e-10	0.0109556
4.19558e-10	0.0109667
4.1965e-10	0.0109777
4.19743e-10	0.0109888
4.19835e-10	0.0109999
4.19928e-10	0.0110109
4.2002e-10	0.011022
4.20112e-10	0.011033
4.20205e-10	0.0110441
4.20297e-10	0.0110551
4.2039e-10	0.0110662
4.20482e-10	0.0110772
4.20574e-10	0.0110882
4.20667e-10	0.0110992
4.20759e-10	0.0111102
4.20852e-10	0.0111213
4.20944e-10	0.0111323
4.21036e-10	0.0111433
4.21129e-10	0.0111543
4.21221e-10	0.0111652
4.21314e-10	0.0111762
4.21406e-10	0.0111872
4.21499e-10	0.0111982
4.21591e-10	0.0112091
4.21683e-10	0.0112201
4.21776e-10	0.011231
4.21868e-10	0.011242
4.21961e-10	0.0112529
4.22053e-10	0.0112639
4.22145e-10	0.0112748
4.22238e-10	0.0112857
4.2233e-10	0.0112967
4.22423e-10	0.0113076
4.22515e-10	0.0113185
4.22607e-10	0.0113294
4.227e-10	0.0113403
4.22792e-10	0.0113512
4.22885e-10	0.0113621
4.22977e-10	0.0113729
4.23069e-10	0.0113838
4.23162e-10	0.0113947
4.23254e-10	0.0114055
4.23347e-10	0.0114164
4.23439e-10	0.0114272
4.23531e-10	0.0114381
4.23624e-10	0.0114489
4.23716e-10	0.0114598
4.23809e-10	0.0114706
4.23901e-10	0.0114814
4.23993e-10	0.0114922
4.24086e-10	0.011503
4.24178e-10	0.0115138
4.24271e-10	0.0115246
4.24363e-10	0.0115354
4.24455e-10	0.0115462
4.24548e-10	0.0115569
4.2464e-10	0.0115677
4.24733e-10	0.0115785
4.24825e-10	0.0115892
4.24917e-10	0.0116
4.2501e-10	0.0116107
4.25102e-10	0.0116214
4.25195e-10	0.0116322
4.25287e-10	0.0116429
4.25379e-10	0.0116536
4.25472e-10	0.0116643
4.25564e-10	0.011675
4.25657e-10	0.0116857
4.25749e-10	0.0116964
4.25841e-10	0.0117071
4.25934e-10	0.0117177
4.26026e-10	0.0117284
4.26119e-10	0.0117391
4.26211e-10	0.0117497
4.26303e-10	0.0117603
4.26396e-10	0.011771
4.26488e-10	0.0117816
4.26581e-10	0.0117922
4.26673e-10	0.0118028
4.26766e-10	0.0118134
4.26858e-10	0.011824
4.2695e-10	0.0118346
4.27043e-10	0.0118452
4.27135e-10	0.0118558
4.27228e-10	0.0118664
4.2732e-10	0.0118769
4.27412e-10	0.0118875
4.27505e-10	0.011898
4.27597e-10	0.0119086
4.2769e-10	0.0119191
4.27782e-10	0.0119296
4.27874e-10	0.0119401
4.27967e-10	0.0119506
4.28059e-10	0.0119611
4.28152e-10	0.0119716
4.28244e-10	0.0119821
4.28336e-10	0.0119926
4.28429e-10	0.0120031
4.28521e-10	0.0120135
4.28614e-10	0.012024
4.28706e-10	0.0120344
4.28798e-10	0.0120449
4.28891e-10	0.0120553
4.28983e-10	0.0120657
4.29076e-10	0.0120761
4.29168e-10	0.0120865
4.2926e-10	0.0120969
4.29353e-10	0.0121073
4.29445e-10	0.0121177
4.29538e-10	0.012128
4.2963e-10	0.0121384
4.29722e-10	0.0121488
4.29815e-10	0.0121591
4.29907e-10	0.0121694
4.3e-10	0.0121798
4.30092e-10	0.0121901
4.30184e-10	0.0122004
4.30277e-10	0.0122107
4.30369e-10	0.012221
4.30462e-10	0.0122313
4.30554e-10	0.0122416
4.30646e-10	0.0122518
4.30739e-10	0.0122621
4.30831e-10	0.0122723
4.30924e-10	0.0122826
4.31016e-10	0.0122928
4.31108e-10	0.012303
4.31201e-10	0.0123132
4.31293e-10	0.0123234
4.31386e-10	0.0123336
4.31478e-10	0.0123438
4.3157e-10	0.012354
4.31663e-10	0.0123642
4.31755e-10	0.0123743
4.31848e-10	0.0123845
4.3194e-10	0.0123946
4.32033e-10	0.0124047
4.32125e-10	0.0124149
4.32217e-10	0.012425
4.3231e-10	0.0124351
4.32402e-10	0.0124452
4.32495e-10	0.0124552
4.32587e-10	0.0124653
4.32679e-10	0.0124754
4.32772e-10	0.0124854
4.32864e-10	0.0124955
4.32957e-10	0.0125055
4.33049e-10	0.0125155
4.33141e-10	0.0125255
4.33234e-10	0.0125356
4.33326e-10	0.0125455
4.33419e-10	0.0125555
4.33511e-10	0.0125655
4.33603e-10	0.0125755
4.33696e-10	0.0125854
4.33788e-10	0.0125954
4.33881e-10	0.0126053
4.33973e-10	0.0126152
4.34065e-10	0.0126251
4.34158e-10	0.0126351
4.3425e-10	0.0126449
4.34343e-10	0.0126548
4.34435e-10	0.0126647
4.34527e-10	0.0126746
4.3462e-10	0.0126844
4.34712e-10	0.0126943
4.34805e-10	0.0127041
4.34897e-10	0.0127139
4.34989e-10	0.0127237
4.35082e-10	0.0127335
4.35174e-10	0.0127433
4.35267e-10	0.0127531
4.35359e-10	0.0127629
4.35451e-10	0.0127726
4.35544e-10	0.0127824
4.35636e-10	0.0127921
4.35729e-10	0.0128018
4.35821e-10	0.0128115
4.35913e-10	0.0128212
4.36006e-10	0.0128309
4.36098e-10	0.0128406
4.36191e-10	0.0128503
4.36283e-10	0.01286
4.36375e-10	0.0128696
4.36468e-10	0.0128792
4.3656e-10	0.0128889
4.36653e-10	0.0128985
4.36745e-10	0.0129081
4.36837e-10	0.0129177
4.3693e-10	0.0129273
4.37022e-10	0.0129368
4.37115e-10	0.0129464
4.37207e-10	0.0129559
4.373e-10	0.0129655
4.37392e-10	0.012975
4.37484e-10	0.0129845
4.37577e-10	0.012994
4.37669e-10	0.0130035
4.37762e-10	0.013013
4.37854e-10	0.0130224
4.37946e-10	0.0130319
4.38039e-10	0.0130413
4.38131e-10	0.0130508
4.38224e-10	0.0130602
4.38316e-10	0.0130696
4.38408e-10	0.013079
4.38501e-10	0.0130884
4.38593e-10	0.0130977
4.38686e-10	0.0131071
4.38778e-10	0.0131164
4.3887e-10	0.0131258
4.38963e-10	0.0131351
4.39055e-10	0.0131444
4.39148e-10	0.0131537
4.3924e-10	0.013163
4.39332e-10	0.0131723
4.39425e-10	0.0131815
4.39517e-10	0.0131908
4.3961e-10	0.0132
4.39702e-10	0.0132092
4.39794e-10	0.0132185
4.39887e-10	0.0132277
4.39979e-10	0.0132368
4.40072e-10	0.013246
4.40164e-10	0.0132552
4.40256e-10	0.0132643
4.40349e-10	0.0132735
4.40441e-10	0.0132826
4.40534e-10	0.0132917
4.40626e-10	0.0133008
4.40718e-10	0.0133099
4.40811e-10	0.0133189
4.40903e-10	0.013328
4.40996e-10	0.013337
4.41088e-10	0.0133461
4.4118e-10	0.0133551
4.41273e-10	0.0133641
4.41365e-10	0.0133731
4.41458e-10	0.0133821
4.4155e-10	0.013391
4.41642e-10	0.0134
4.41735e-10	0.0134089
4.41827e-10	0.0134179
4.4192e-10	0.0134268
4.42012e-10	0.0134357
4.42104e-10	0.0134445
4.42197e-10	0.0134534
4.42289e-10	0.0134623
4.42382e-10	0.0134711
4.42474e-10	0.01348
4.42567e-10	0.0134888
4.42659e-10	0.0134976
4.42751e-10	0.0135064
4.42844e-10	0.0135151
4.42936e-10	0.0135239
4.43029e-10	0.0135326
4.43121e-10	0.0135414
4.43213e-10	0.0135501
4.43306e-10	0.0135588
4.43398e-10	0.0135675
4.43491e-10	0.0135762
4.43583e-10	0.0135848
4.43675e-10	0.0135935
4.43768e-10	0.0136021
4.4386e-10	0.0136108
4.43953e-10	0.0136194
4.44045e-10	0.013628
4.44137e-10	0.0136365
4.4423e-10	0.0136451
4.44322e-10	0.0136536
4.44415e-10	0.0136622
4.44507e-10	0.0136707
4.44599e-10	0.0136792
4.44692e-10	0.0136877
4.44784e-10	0.0136962
4.44877e-10	0.0137046
4.44969e-10	0.0137131
4.45061e-10	0.0137215
4.45154e-10	0.0137299
4.45246e-10	0.0137383
4.45339e-10	0.0137467
4.45431e-10	0.0137551
4.45523e-10	0.0137634
4.45616e-10	0.0137718
4.45708e-10	0.0137801
4.45801e-10	0.0137884
4.45893e-10	0.0137967
4.45985e-10	0.013805
4.46078e-10	0.0138133
4.4617e-10	0.0138215
4.46263e-10	0.0138298
4.46355e-10	0.013838
4.46447e-10	0.0138462
4.4654e-10	0.0138544
4.46632e-10	0.0138626
4.46725e-10	0.0138707
4.46817e-10	0.0138789
4.46909e-10	0.013887
4.47002e-10	0.0138951
4.47094e-10	0.0139032
4.47187e-10	0.0139113
4.47279e-10	0.0139193
4.47371e-10	0.0139274
4.47464e-10	0.0139354
4.47556e-10	0.0139434
4.47649e-10	0.0139514
4.47741e-10	0.0139594
4.47834e-10	0.0139674
4.47926e-10	0.0139753
4.48018e-10	0.0139833
4.48111e-10	0.0139912
4.48203e-10	0.0139991
4.48296e-10	0.014007
4.48388e-10	0.0140149
4.4848e-10	0.0140227
4.48573e-10	0.0140306
4.48665e-10	0.0140384
4.48758e-10	0.0140462
4.4885e-10	0.014054
4.48942e-10	0.0140618
4.49035e-10	0.0140695
4.49127e-10	0.0140773
4.4922e-10	0.014085
4.49312e-10	0.0140927
4.49404e-10	0.0141004
4.49497e-10	0.014108
4.49589e-10	0.0141157
4.49682e-10	0.0141233
4.49774e-10	0.014131
4.49866e-10	0.0141386
4.49959e-10	0.0141462
4.50051e-10	0.0141537
4.50144e-10	0.0141613
4.50236e-10	0.0141688
4.50328e-10	0.0141764
4.50421e-10	0.0141839
4.50513e-10	0.0141913
4.50606e-10	0.0141988
4.50698e-10	0.0142063
4.5079e-10	0.0142137
4.50883e-10	0.0142211
4.50975e-10	0.0142285
4.51068e-10	0.0142359
4.5116e-10	0.0142433
4.51252e-10	0.0142506
4.51345e-10	0.0142579
4.51437e-10	0.0142652
4.5153e-10	0.0142725
4.51622e-10	0.0142798
4.51714e-10	0.0142871
4.51807e-10	0.0142943
4.51899e-10	0.0143015
4.51992e-10	0.0143087
4.52084e-10	0.0143159
4.52176e-10	0.0143231
4.52269e-10	0.0143302
4.52361e-10	0.0143374
4.52454e-10	0.0143445
4.52546e-10	0.0143516
4.52638e-10	0.0143587
4.52731e-10	0.0143657
4.52823e-10	0.0143728
4.52916e-10	0.0143798
4.53008e-10	0.0143868
4.53101e-10	0.0143938
4.53193e-10	0.0144008
4.53285e-10	0.0144077
4.53378e-10	0.0144146
4.5347e-10	0.0144215
4.53563e-10	0.0144284
4.53655e-10	0.0144353
4.53747e-10	0.0144422
4.5384e-10	0.014449
4.53932e-10	0.0144558
4.54025e-10	0.0144626
4.54117e-10	0.0144694
4.54209e-10	0.0144762
4.54302e-10	0.0144829
4.54394e-10	0.0144896
4.54487e-10	0.0144963
4.54579e-10	0.014503
4.54671e-10	0.0145097
4.54764e-10	0.0145163
4.54856e-10	0.014523
4.54949e-10	0.0145296
4.55041e-10	0.0145362
4.55133e-10	0.0145427
4.55226e-10	0.0145493
4.55318e-10	0.0145558
4.55411e-10	0.0145623
4.55503e-10	0.0145688
4.55595e-10	0.0145753
4.55688e-10	0.0145817
4.5578e-10	0.0145882
4.55873e-10	0.0145946
4.55965e-10	0.014601
4.56057e-10	0.0146073
4.5615e-10	0.0146137
4.56242e-10	0.01462
4.56335e-10	0.0146264
4.56427e-10	0.0146326
4.56519e-10	0.0146389
4.56612e-10	0.0146452
4.56704e-10	0.0146514
4.56797e-10	0.0146576
4.56889e-10	0.0146638
4.56981e-10	0.01467
4.57074e-10	0.0146761
4.57166e-10	0.0146823
4.57259e-10	0.0146884
4.57351e-10	0.0146945
4.57443e-10	0.0147005
4.57536e-10	0.0147066
4.57628e-10	0.0147126
4.57721e-10	0.0147186
4.57813e-10	0.0147246
4.57905e-10	0.0147306
4.57998e-10	0.0147365
4.5809e-10	0.0147425
4.58183e-10	0.0147484
4.58275e-10	0.0147543
4.58368e-10	0.0147601
4.5846e-10	0.014766
4.58552e-10	0.0147718
4.58645e-10	0.0147776
4.58737e-10	0.0147834
4.5883e-10	0.0147891
4.58922e-10	0.0147949
4.59014e-10	0.0148006
4.59107e-10	0.0148063
4.59199e-10	0.0148119
4.59292e-10	0.0148176
4.59384e-10	0.0148232
4.59476e-10	0.0148288
4.59569e-10	0.0148344
4.59661e-10	0.01484
4.59754e-10	0.0148455
4.59846e-10	0.0148511
4.59938e-10	0.0148566
4.60031e-10	0.014862
4.60123e-10	0.0148675
4.60216e-10	0.0148729
4.60308e-10	0.0148783
4.604e-10	0.0148837
4.60493e-10	0.0148891
4.60585e-10	0.0148944
4.60678e-10	0.0148998
4.6077e-10	0.0149051
4.60862e-10	0.0149104
4.60955e-10	0.0149156
4.61047e-10	0.0149209
4.6114e-10	0.0149261
4.61232e-10	0.0149313
4.61324e-10	0.0149364
4.61417e-10	0.0149416
4.61509e-10	0.0149467
4.61602e-10	0.0149518
4.61694e-10	0.0149569
4.61786e-10	0.014962
4.61879e-10	0.014967
4.61971e-10	0.014972
4.62064e-10	0.014977
4.62156e-10	0.014982
4.62248e-10	0.0149869
4.62341e-10	0.0149918
4.62433e-10	0.0149967
4.62526e-10	0.0150016
4.62618e-10	0.0150065
4.6271e-10	0.0150113
4.62803e-10	0.0150161
4.62895e-10	0.0150209
4.62988e-10	0.0150256
4.6308e-10	0.0150304
4.63172e-10	0.0150351
4.63265e-10	0.0150398
4.63357e-10	0.0150444
4.6345e-10	0.0150491
4.63542e-10	0.0150537
4.63635e-10	0.0150583
4.63727e-10	0.0150629
4.63819e-10	0.0150674
4.63912e-10	0.015072
4.64004e-10	0.0150765
4.64097e-10	0.0150809
4.64189e-10	0.0150854
4.64281e-10	0.0150898
4.64374e-10	0.0150942
4.64466e-10	0.0150986
4.64559e-10	0.015103
4.64651e-10	0.0151073
4.64743e-10	0.0151116
4.64836e-10	0.0151159
4.64928e-10	0.0151202
4.65021e-10	0.0151244
4.65113e-10	0.0151286
4.65205e-10	0.0151328
4.65298e-10	0.015137
4.6539e-10	0.0151411
4.65483e-10	0.0151453
4.65575e-10	0.0151494
4.65667e-10	0.0151534
4.6576e-10	0.0151575
4.65852e-10	0.0151615
4.65945e-10	0.0151655
4.66037e-10	0.0151695
4.66129e-10	0.0151734
4.66222e-10	0.0151773
4.66314e-10	0.0151812
4.66407e-10	0.0151851
4.66499e-10	0.0151889
4.66591e-10	0.0151928
4.66684e-10	0.0151966
4.66776e-10	0.0152003
4.66869e-10	0.0152041
4.66961e-10	0.0152078
4.67053e-10	0.0152115
4.67146e-10	0.0152152
4.67238e-10	0.0152188
4.67331e-10	0.0152224
4.67423e-10	0.015226
4.67515e-10	0.0152296
4.67608e-10	0.0152331
4.677e-10	0.0152367
4.67793e-10	0.0152402
4.67885e-10	0.0152436
4.67977e-10	0.0152471
4.6807e-10	0.0152505
4.68162e-10	0.0152539
4.68255e-10	0.0152572
4.68347e-10	0.0152606
4.68439e-10	0.0152639
4.68532e-10	0.0152672
4.68624e-10	0.0152705
4.68717e-10	0.0152737
4.68809e-10	0.0152769
4.68902e-10	0.0152801
4.68994e-10	0.0152832
4.69086e-10	0.0152864
4.69179e-10	0.0152895
4.69271e-10	0.0152926
4.69364e-10	0.0152956
4.69456e-10	0.0152986
4.69548e-10	0.0153016
4.69641e-10	0.0153046
4.69733e-10	0.0153076
4.69826e-10	0.0153105
4.69918e-10	0.0153134
4.7001e-10	0.0153162
4.70103e-10	0.0153191
4.70195e-10	0.0153219
4.70288e-10	0.0153247
4.7038e-10	0.0153275
4.70472e-10	0.0153302
4.70565e-10	0.0153329
4.70657e-10	0.0153356
4.7075e-10	0.0153382
4.70842e-10	0.0153409
4.70934e-10	0.0153435
4.71027e-10	0.015346
4.71119e-10	0.0153486
4.71212e-10	0.0153511
4.71304e-10	0.0153536
4.71396e-10	0.015356
4.71489e-10	0.0153585
4.71581e-10	0.0153609
4.71674e-10	0.0153633
4.71766e-10	0.0153656
4.71858e-10	0.0153679
4.71951e-10	0.0153702
4.72043e-10	0.0153725
4.72136e-10	0.0153748
4.72228e-10	0.015377
4.7232e-10	0.0153792
4.72413e-10	0.0153813
4.72505e-10	0.0153835
4.72598e-10	0.0153856
4.7269e-10	0.0153876
4.72782e-10	0.0153897
4.72875e-10	0.0153917
4.72967e-10	0.0153937
4.7306e-10	0.0153957
4.73152e-10	0.0153976
4.73244e-10	0.0153995
4.73337e-10	0.0154014
4.73429e-10	0.0154032
4.73522e-10	0.0154051
4.73614e-10	0.0154068
4.73706e-10	0.0154086
4.73799e-10	0.0154103
4.73891e-10	0.0154121
4.73984e-10	0.0154137
4.74076e-10	0.0154154
4.74169e-10	0.015417
4.74261e-10	0.0154186
4.74353e-10	0.0154202
4.74446e-10	0.0154217
4.74538e-10	0.0154232
4.74631e-10	0.0154247
4.74723e-10	0.0154261
4.74815e-10	0.0154276
4.74908e-10	0.0154289
4.75e-10	0.0154303
4.75093e-10	0.0154316
4.75185e-10	0.0154329
4.75277e-10	0.0154342
4.7537e-10	0.0154355
4.75462e-10	0.0154367
4.75555e-10	0.0154379
4.75647e-10	0.015439
4.75739e-10	0.0154402
4.75832e-10	0.0154412
4.75924e-10	0.0154423
4.76017e-10	0.0154434
4.76109e-10	0.0154444
4.76201e-10	0.0154453
4.76294e-10	0.0154463
4.76386e-10	0.0154472
4.76479e-10	0.0154481
4.76571e-10	0.015449
4.76663e-10	0.0154498
4.76756e-10	0.0154506
4.76848e-10	0.0154514
4.76941e-10	0.0154521
4.77033e-10	0.0154528
4.77125e-10	0.0154535
4.77218e-10	0.0154541
4.7731e-10	0.0154548
4.77403e-10	0.0154553
4.77495e-10	0.0154559
4.77587e-10	0.0154564
4.7768e-10	0.0154569
4.77772e-10	0.0154574
4.77865e-10	0.0154578
4.77957e-10	0.0154582
4.78049e-10	0.0154586
4.78142e-10	0.015459
4.78234e-10	0.0154593
4.78327e-10	0.0154596
4.78419e-10	0.0154598
4.78511e-10	0.01546
4.78604e-10	0.0154602
4.78696e-10	0.0154604
4.78789e-10	0.0154605
4.78881e-10	0.0154606
4.78973e-10	0.0154607
4.79066e-10	0.0154607
4.79158e-10	0.0154607
4.79251e-10	0.0154607
4.79343e-10	0.0154606
4.79436e-10	0.0154605
4.79528e-10	0.0154604
4.7962e-10	0.0154603
4.79713e-10	0.0154601
4.79805e-10	0.0154599
4.79898e-10	0.0154596
4.7999e-10	0.0154593
4.80082e-10	0.015459
4.80175e-10	0.0154587
4.80267e-10	0.0154583
4.8036e-10	0.0154579
4.80452e-10	0.0154574
4.80544e-10	0.015457
4.80637e-10	0.0154565
4.80729e-10	0.0154559
4.80822e-10	0.0154554
4.80914e-10	0.0154548
4.81006e-10	0.0154541
4.81099e-10	0.0154535
4.81191e-10	0.0154528
4.81284e-10	0.0154521
4.81376e-10	0.0154513
4.81468e-10	0.0154505
4.81561e-10	0.0154497
4.81653e-10	0.0154488
4.81746e-10	0.0154479
4.81838e-10	0.015447
4.8193e-10	0.0154461
4.82023e-10	0.0154451
4.82115e-10	0.0154441
4.82208e-10	0.015443
4.823e-10	0.0154419
4.82392e-10	0.0154408
4.82485e-10	0.0154397
4.82577e-10	0.0154385
4.8267e-10	0.0154373
4.82762e-10	0.015436
4.82854e-10	0.0154347
4.82947e-10	0.0154334
4.83039e-10	0.0154321
4.83132e-10	0.0154307
4.83224e-10	0.0154293
4.83316e-10	0.0154278
4.83409e-10	0.0154263
4.83501e-10	0.0154248
4.83594e-10	0.0154233
4.83686e-10	0.0154217
4.83778e-10	0.0154201
4.83871e-10	0.0154184
4.83963e-10	0.0154167
4.84056e-10	0.015415
4.84148e-10	0.0154133
4.8424e-10	0.0154115
4.84333e-10	0.0154097
4.84425e-10	0.0154078
4.84518e-10	0.0154059
4.8461e-10	0.015404
4.84703e-10	0.015402
4.84795e-10	0.0154001
4.84887e-10	0.015398
4.8498e-10	0.015396
4.85072e-10	0.0153939
4.85165e-10	0.0153918
4.85257e-10	0.0153896
4.85349e-10	0.0153874
4.85442e-10	0.0153852
4.85534e-10	0.0153829
4.85627e-10	0.0153806
4.85719e-10	0.0153783
4.85811e-10	0.0153759
4.85904e-10	0.0153735
4.85996e-10	0.0153711
4.86089e-10	0.0153686
4.86181e-10	0.0153661
4.86273e-10	0.0153636
4.86366e-10	0.015361
4.86458e-10	0.0153584
4.86551e-10	0.0153558
4.86643e-10	0.0153531
4.86735e-10	0.0153504
4.86828e-10	0.0153476
4.8692e-10	0.0153448
4.87013e-10	0.015342
4.87105e-10	0.0153392
4.87197e-10	0.0153363
4.8729e-10	0.0153333
4.87382e-10	0.0153304
4.87475e-10	0.0153274
4.87567e-10	0.0153244
4.87659e-10	0.0153213
4.87752e-10	0.0153182
4.87844e-10	0.0153151
4.87937e-10	0.0153119
4.88029e-10	0.0153087
4.88121e-10	0.0153054
4.88214e-10	0.0153021
4.88306e-10	0.0152988
4.88399e-10	0.0152955
4.88491e-10	0.0152921
4.88583e-10	0.0152887
4.88676e-10	0.0152852
4.88768e-10	0.0152817
4.88861e-10	0.0152782
4.88953e-10	0.0152746
4.89045e-10	0.015271
4.89138e-10	0.0152674
4.8923e-10	0.0152637
4.89323e-10	0.01526
4.89415e-10	0.0152562
4.89507e-10	0.0152524
4.896e-10	0.0152486
4.89692e-10	0.0152448
4.89785e-10	0.0152409
4.89877e-10	0.0152369
4.89969e-10	0.015233
4.90062e-10	0.015229
4.90154e-10	0.0152249
4.90247e-10	0.0152209
4.90339e-10	0.0152167
4.90432e-10	0.0152126
4.90524e-10	0.0152084
4.90616e-10	0.0152042
4.90709e-10	0.0151999
4.90801e-10	0.0151956
4.90894e-10	0.0151913
4.90986e-10	0.0151869
4.91078e-10	0.0151825
4.91171e-10	0.015178
4.91263e-10	0.0151736
4.91356e-10	0.015169
4.91448e-10	0.0151645
4.9154e-10	0.0151599
4.91633e-10	0.0151552
4.91725e-10	0.0151506
4.91818e-10	0.0151459
4.9191e-10	0.0151411
4.92002e-10	0.0151363
4.92095e-10	0.0151315
4.92187e-10	0.0151266
4.9228e-10	0.0151217
4.92372e-10	0.0151168
4.92464e-10	0.0151118
4.92557e-10	0.0151068
4.92649e-10	0.0151018
4.92742e-10	0.0150967
4.92834e-10	0.0150916
4.92926e-10	0.0150864
4.93019e-10	0.0150812
4.93111e-10	0.015076
4.93204e-10	0.0150707
4.93296e-10	0.0150654
4.93388e-10	0.01506
4.93481e-10	0.0150546
4.93573e-10	0.0150492
4.93666e-10	0.0150437
4.93758e-10	0.0150382
4.9385e-10	0.0150327
4.93943e-10	0.0150271
4.94035e-10	0.0150214
4.94128e-10	0.0150158
4.9422e-10	0.0150101
4.94312e-10	0.0150043
4.94405e-10	0.0149986
4.94497e-10	0.0149927
4.9459e-10	0.0149869
4.94682e-10	0.014981
4.94774e-10	0.0149751
4.94867e-10	0.0149691
4.94959e-10	0.0149631
4.95052e-10	0.014957
4.95144e-10	0.0149509
4.95236e-10	0.0149448
4.95329e-10	0.0149386
4.95421e-10	0.0149324
4.95514e-10	0.0149262
4.95606e-10	0.0149199
4.95699e-10	0.0149136
4.95791e-10	0.0149072
4.95883e-10	0.0149008
4.95976e-10	0.0148943
4.96068e-10	0.0148879
4.96161e-10	0.0148813
4.96253e-10	0.0148748
4.96345e-10	0.0148682
4.96438e-10	0.0148615
4.9653e-10	0.0148548
4.96623e-10	0.0148481
4.96715e-10	0.0148414
4.96807e-10	0.0148346
4.969e-10	0.0148277
4.96992e-10	0.0148208
4.97085e-10	0.0148139
4.97177e-10	0.0148069
4.97269e-10	0.0147999
4.97362e-10	0.0147929
4.97454e-10	0.0147858
4.97547e-10	0.0147787
4.97639e-10	0.0147715
4.97731e-10	0.0147643
4.97824e-10	0.0147571
4.97916e-10	0.0147498
4.98009e-10	0.0147425
4.98101e-10	0.0147351
4.98193e-10	0.0147277
4.98286e-10	0.0147202
4.98378e-10	0.0147127
4.98471e-10	0.0147052
4.98563e-10	0.0146976
4.98655e-10	0.01469
4.98748e-10	0.0146824
4.9884e-10	0.0146747
4.98933e-10	0.014667
4.99025e-10	0.0146592
4.99117e-10	0.0146514
4.9921e-10	0.0146435
4.99302e-10	0.0146356
4.99395e-10	0.0146277
4.99487e-10	0.0146197
4.99579e-10	0.0146117
4.99672e-10	0.0146036
4.99764e-10	0.0145955
4.99857e-10	0.0145873
4.99949e-10	0.0145792
5.00041e-10	0.0145709
5.00134e-10	0.0145627
5.00226e-10	0.0145543
5.00319e-10	0.014546
5.00411e-10	0.0145376
5.00503e-10	0.0145292
5.00596e-10	0.0145207
5.00688e-10	0.0145122
5.00781e-10	0.0145036
5.00873e-10	0.014495
5.00966e-10	0.0144863
5.01058e-10	0.0144777
5.0115e-10	0.0144689
5.01243e-10	0.0144602
5.01335e-10	0.0144513
5.01428e-10	0.0144425
5.0152e-10	0.0144336
5.01612e-10	0.0144246
5.01705e-10	0.0144157
5.01797e-10	0.0144066
5.0189e-10	0.0143976
5.01982e-10	0.0143885
5.02074e-10	0.0143793
5.02167e-10	0.0143701
5.02259e-10	0.0143609
5.02352e-10	0.0143516
5.02444e-10	0.0143423
5.02536e-10	0.0143329
5.02629e-10	0.0143235
5.02721e-10	0.014314
5.02814e-10	0.0143045
5.02906e-10	0.014295
5.02998e-10	0.0142854
5.03091e-10	0.0142758
5.03183e-10	0.0142661
5.03276e-10	0.0142564
5.03368e-10	0.0142467
5.0346e-10	0.0142369
5.03553e-10	0.014227
5.03645e-10	0.0142172
5.03738e-10	0.0142072
5.0383e-10	0.0141973
5.03922e-10	0.0141873
5.04015e-10	0.0141772
5.04107e-10	0.0141671
5.042e-10	0.014157
5.04292e-10	0.0141468
5.04384e-10	0.0141366
5.04477e-10	0.0141263
5.04569e-10	0.014116
5.04662e-10	0.0141056
5.04754e-10	0.0140952
5.04846e-10	0.0140848
5.04939e-10	0.0140743
5.05031e-10	0.0140637
5.05124e-10	0.0140532
5.05216e-10	0.0140425
5.05308e-10	0.0140319
5.05401e-10	0.0140212
5.05493e-10	0.0140104
5.05586e-10	0.0139996
5.05678e-10	0.0139888
5.0577e-10	0.0139779
5.05863e-10	0.013967
5.05955e-10	0.013956
5.06048e-10	0.013945
5.0614e-10	0.0139339
5.06233e-10	0.0139228
5.06325e-10	0.0139117
5.06417e-10	0.0139005
5.0651e-10	0.0138892
5.06602e-10	0.0138779
5.06695e-10	0.0138666
5.06787e-10	0.0138552
5.06879e-10	0.0138438
5.06972e-10	0.0138324
5.07064e-10	0.0138208
5.07157e-10	0.0138093
5.07249e-10	0.0137977
5.07341e-10	0.0137861
5.07434e-10	0.0137744
5.07526e-10	0.0137626
5.07619e-10	0.0137509
5.07711e-10	0.013739
5.07803e-10	0.0137272
5.07896e-10	0.0137153
5.07988e-10	0.0137033
5.08081e-10	0.0136913
5.08173e-10	0.0136793
5.08265e-10	0.0136672
5.08358e-10	0.013655
5.0845e-10	0.0136428
5.08543e-10	0.0136306
5.08635e-10	0.0136183
5.08727e-10	0.013606
5.0882e-10	0.0135937
5.08912e-10	0.0135812
5.09005e-10	0.0135688
5.09097e-10	0.0135563
5.09189e-10	0.0135437
5.09282e-10	0.0135312
5.09374e-10	0.0135185
5.09467e-10	0.0135058
5.09559e-10	0.0134931
5.09651e-10	0.0134803
5.09744e-10	0.0134675
5.09836e-10	0.0134546
5.09929e-10	0.0134417
5.10021e-10	0.0134288
5.10113e-10	0.0134158
5.10206e-10	0.0134027
5.10298e-10	0.0133896
5.10391e-10	0.0133765
5.10483e-10	0.0133633
5.10575e-10	0.01335
5.10668e-10	0.0133368
5.1076e-10	0.0133234
5.10853e-10	0.0133101
5.10945e-10	0.0132966
5.11037e-10	0.0132832
5.1113e-10	0.0132697
5.11222e-10	0.0132561
5.11315e-10	0.0132425
5.11407e-10	0.0132288
5.115e-10	0.0132151
5.11592e-10	0.0132014
5.11684e-10	0.0131876
5.11777e-10	0.0131737
5.11869e-10	0.0131599
5.11962e-10	0.0131459
5.12054e-10	0.0131319
5.12146e-10	0.0131179
5.12239e-10	0.0131038
5.12331e-10	0.0130897
5.12424e-10	0.0130755
5.12516e-10	0.0130613
5.12608e-10	0.0130471
5.12701e-10	0.0130328
5.12793e-10	0.0130184
5.12886e-10	0.013004
5.12978e-10	0.0129895
5.1307e-10	0.012975
5.13163e-10	0.0129605
5.13255e-10	0.0129459
5.13348e-10	0.0129313
5.1344e-10	0.0129166
5.13532e-10	0.0129018
5.13625e-10	0.0128871
5.13717e-10	0.0128722
5.1381e-10	0.0128573
5.13902e-10	0.0128424
5.13994e-10	0.0128274
5.14087e-10	0.0128124
5.14179e-10	0.0127974
5.14272e-10	0.0127822
5.14364e-10	0.0127671
5.14456e-10	0.0127519
5.14549e-10	0.0127366
5.14641e-10	0.0127213
5.14734e-10	0.0127059
5.14826e-10	0.0126905
5.14918e-10	0.0126751
5.15011e-10	0.0126596
5.15103e-10	0.012644
5.15196e-10	0.0126284
5.15288e-10	0.0126128
5.1538e-10	0.0125971
5.15473e-10	0.0125814
5.15565e-10	0.0125656
5.15658e-10	0.0125497
5.1575e-10	0.0125338
5.15842e-10	0.0125179
5.15935e-10	0.0125019
5.16027e-10	0.0124859
5.1612e-10	0.0124698
5.16212e-10	0.0124537
5.16304e-10	0.0124375
5.16397e-10	0.0124213
5.16489e-10	0.012405
5.16582e-10	0.0123887
5.16674e-10	0.0123723
5.16767e-10	0.0123559
5.16859e-10	0.0123394
5.16951e-10	0.0123229
5.17044e-10	0.0123063
5.17136e-10	0.0122897
5.17229e-10	0.012273
5.17321e-10	0.0122563
5.17413e-10	0.0122396
5.17506e-10	0.0122227
5.17598e-10	0.0122059
5.17691e-10	0.012189
5.17783e-10	0.012172
5.17875e-10	0.012155
5.17968e-10	0.0121379
5.1806e-10	0.0121208
5.18153e-10	0.0121037
5.18245e-10	0.0120865
5.18337e-10	0.0120692
5.1843e-10	0.0120519
5.18522e-10	0.0120346
5.18615e-10	0.0120172
5.18707e-10	0.0119997
5.18799e-10	0.0119822
5.18892e-10	0.0119646
5.18984e-10	0.011947
5.19077e-10	0.0119294
5.19169e-10	0.0119117
5.19261e-10	0.0118939
5.19354e-10	0.0118761
5.19446e-10	0.0118583
5.19539e-10	0.0118404
5.19631e-10	0.0118224
5.19723e-10	0.0118044
5.19816e-10	0.0117864
5.19908e-10	0.0117683
5.20001e-10	0.0117501
5.20093e-10	0.0117319
5.20185e-10	0.0117137
5.20278e-10	0.0116954
5.2037e-10	0.011677
5.20463e-10	0.0116586
5.20555e-10	0.0116402
5.20647e-10	0.0116217
5.2074e-10	0.0116031
5.20832e-10	0.0115845
5.20925e-10	0.0115659
5.21017e-10	0.0115472
5.21109e-10	0.0115284
5.21202e-10	0.0115096
5.21294e-10	0.0114908
5.21387e-10	0.0114719
5.21479e-10	0.0114529
5.21571e-10	0.0114339
5.21664e-10	0.0114148
5.21756e-10	0.0113957
5.21849e-10	0.0113766
5.21941e-10	0.0113574
5.22034e-10	0.0113381
5.22126e-10	0.0113188
5.22218e-10	0.0112994
5.22311e-10	0.01128
5.22403e-10	0.0112606
5.22496e-10	0.011241
5.22588e-10	0.0112215
5.2268e-10	0.0112019
5.22773e-10	0.0111822
5.22865e-10	0.0111625
5.22958e-10	0.0111427
5.2305e-10	0.0111229
5.23142e-10	0.011103
5.23235e-10	0.0110831
5.23327e-10	0.0110631
5.2342e-10	0.0110431
5.23512e-10	0.011023
5.23604e-10	0.0110029
5.23697e-10	0.0109827
5.23789e-10	0.0109625
5.23882e-10	0.0109422
5.23974e-10	0.0109219
5.24066e-10	0.0109015
5.24159e-10	0.0108811
5.24251e-10	0.0108606
5.24344e-10	0.01084
5.24436e-10	0.0108195
5.24528e-10	0.0107988
5.24621e-10	0.0107781
5.24713e-10	0.0107574
5.24806e-10	0.0107366
5.24898e-10	0.0107157
5.2499e-10	0.0106948
5.25083e-10	0.0106739
5.25175e-10	0.0106529
5.25268e-10	0.0106318
5.2536e-10	0.0106107
5.25452e-10	0.0105895
5.25545e-10	0.0105683
5.25637e-10	0.0105471
5.2573e-10	0.0105258
5.25822e-10	0.0105044
5.25914e-10	0.010483
5.26007e-10	0.0104615
5.26099e-10	0.01044
5.26192e-10	0.0104184
5.26284e-10	0.0103968
5.26376e-10	0.0103751
5.26469e-10	0.0103534
5.26561e-10	0.0103316
5.26654e-10	0.0103097
5.26746e-10	0.0102879
5.26838e-10	0.0102659
5.26931e-10	0.0102439
5.27023e-10	0.0102219
5.27116e-10	0.0101998
5.27208e-10	0.0101776
5.27301e-10	0.0101554
5.27393e-10	0.0101332
5.27485e-10	0.0101109
5.27578e-10	0.0100885
5.2767e-10	0.0100661
5.27763e-10	0.0100436
5.27855e-10	0.0100211
5.27947e-10	0.00999852
5.2804e-10	0.00997589
5.28132e-10	0.00995321
5.28225e-10	0.00993048
5.28317e-10	0.0099077
5.28409e-10	0.00988486
5.28502e-10	0.00986197
5.28594e-10	0.00983903
5.28687e-10	0.00981604
5.28779e-10	0.00979299
5.28871e-10	0.00976989
5.28964e-10	0.00974673
5.29056e-10	0.00972353
5.29149e-10	0.00970027
5.29241e-10	0.00967695
5.29333e-10	0.00965359
5.29426e-10	0.00963017
5.29518e-10	0.0096067
5.29611e-10	0.00958317
5.29703e-10	0.00955959
5.29795e-10	0.00953596
5.29888e-10	0.00951227
5.2998e-10	0.00948853
5.30073e-10	0.00946474
5.30165e-10	0.0094409
5.30257e-10	0.009417
5.3035e-10	0.00939304
5.30442e-10	0.00936904
5.30535e-10	0.00934498
5.30627e-10	0.00932086
5.30719e-10	0.0092967
5.30812e-10	0.00927248
5.30904e-10	0.0092482
5.30997e-10	0.00922388
5.31089e-10	0.0091995
5.31181e-10	0.00917506
5.31274e-10	0.00915057
5.31366e-10	0.00912603
5.31459e-10	0.00910143
5.31551e-10	0.00907678
5.31643e-10	0.00905208
5.31736e-10	0.00902732
5.31828e-10	0.00900251
5.31921e-10	0.00897765
5.32013e-10	0.00895273
5.32105e-10	0.00892776
5.32198e-10	0.00890273
5.3229e-10	0.00887765
5.32383e-10	0.00885251
5.32475e-10	0.00882732
5.32568e-10	0.00880208
5.3266e-10	0.00877678
5.32752e-10	0.00875143
5.32845e-10	0.00872603
5.32937e-10	0.00870057
5.3303e-10	0.00867506
5.33122e-10	0.00864949
5.33214e-10	0.00862387
5.33307e-10	0.00859819
5.33399e-10	0.00857246
5.33492e-10	0.00854667
5.33584e-10	0.00852084
5.33676e-10	0.00849494
5.33769e-10	0.00846899
5.33861e-10	0.00844299
5.33954e-10	0.00841693
5.34046e-10	0.00839082
5.34138e-10	0.00836466
5.34231e-10	0.00833844
5.34323e-10	0.00831216
5.34416e-10	0.00828584
5.34508e-10	0.00825945
5.346e-10	0.00823301
5.34693e-10	0.00820652
5.34785e-10	0.00817997
5.34878e-10	0.00815337
5.3497e-10	0.00812671
5.35062e-10	0.0081
5.35155e-10	0.00807324
5.35247e-10	0.00804642
5.3534e-10	0.00801954
5.35432e-10	0.00799261
5.35524e-10	0.00796563
5.35617e-10	0.00793859
5.35709e-10	0.00791149
5.35802e-10	0.00788434
5.35894e-10	0.00785714
5.35986e-10	0.00782988
5.36079e-10	0.00780256
5.36171e-10	0.00777519
5.36264e-10	0.00774777
5.36356e-10	0.00772029
5.36448e-10	0.00769275
5.36541e-10	0.00766516
5.36633e-10	0.00763752
5.36726e-10	0.00760982
5.36818e-10	0.00758207
5.3691e-10	0.00755426
5.37003e-10	0.00752639
5.37095e-10	0.00749847
5.37188e-10	0.0074705
5.3728e-10	0.00744246
5.37372e-10	0.00741438
5.37465e-10	0.00738624
5.37557e-10	0.00735804
5.3765e-10	0.00732979
5.37742e-10	0.00730148
5.37835e-10	0.00727312
5.37927e-10	0.0072447
5.38019e-10	0.00721623
5.38112e-10	0.0071877
5.38204e-10	0.00715912
5.38297e-10	0.00713048
5.38389e-10	0.00710178
5.38481e-10	0.00707303
5.38574e-10	0.00704423
5.38666e-10	0.00701537
5.38759e-10	0.00698645
5.38851e-10	0.00695748
5.38943e-10	0.00692845
5.39036e-10	0.00689937
5.39128e-10	0.00687023
5.39221e-10	0.00684103
5.39313e-10	0.00681178
5.39405e-10	0.00678248
5.39498e-10	0.00675312
5.3959e-10	0.0067237
5.39683e-10	0.00669423
5.39775e-10	0.0066647
5.39867e-10	0.00663511
5.3996e-10	0.00660547
5.40052e-10	0.00657578
5.40145e-10	0.00654602
5.40237e-10	0.00651622
5.40329e-10	0.00648635
5.40422e-10	0.00645643
5.40514e-10	0.00642646
5.40607e-10	0.00639643
5.40699e-10	0.00636634
5.40791e-10	0.0063362
5.40884e-10	0.006306
5.40976e-10	0.00627574
5.41069e-10	0.00624543
5.41161e-10	0.00621507
5.41253e-10	0.00618464
5.41346e-10	0.00615416
5.41438e-10	0.00612363
5.41531e-10	0.00609304
5.41623e-10	0.00606239
5.41715e-10	0.00603169
5.41808e-10	0.00600093
5.419e-10	0.00597011
5.41993e-10	0.00593924
5.42085e-10	0.00590831
5.42177e-10	0.00587733
5.4227e-10	0.00584629
5.42362e-10	0.00581519
5.42455e-10	0.00578404
5.42547e-10	0.00575283
5.42639e-10	0.00572157
5.42732e-10	0.00569025
5.42824e-10	0.00565887
5.42917e-10	0.00562744
5.43009e-10	0.00559595
5.43102e-10	0.0055644
5.43194e-10	0.0055328
5.43286e-10	0.00550114
5.43379e-10	0.00546942
5.43471e-10	0.00543765
5.43564e-10	0.00540582
5.43656e-10	0.00537394
5.43748e-10	0.005342
5.43841e-10	0.00531
5.43933e-10	0.00527795
5.44026e-10	0.00524584
5.44118e-10	0.00521367
5.4421e-10	0.00518145
5.44303e-10	0.00514917
5.44395e-10	0.00511683
5.44488e-10	0.00508444
5.4458e-10	0.00505199
5.44672e-10	0.00501948
5.44765e-10	0.00498692
5.44857e-10	0.0049543
5.4495e-10	0.00492162
5.45042e-10	0.00488889
5.45134e-10	0.0048561
5.45227e-10	0.00482326
5.45319e-10	0.00479036
5.45412e-10	0.0047574
5.45504e-10	0.00472438
5.45596e-10	0.00469131
5.45689e-10	0.00465818
5.45781e-10	0.00462499
5.45874e-10	0.00459175
5.45966e-10	0.00455845
5.46058e-10	0.0045251
5.46151e-10	0.00449168
5.46243e-10	0.00445822
5.46336e-10	0.00442469
5.46428e-10	0.00439111
5.4652e-10	0.00435747
5.46613e-10	0.00432377
5.46705e-10	0.00429002
5.46798e-10	0.00425621
5.4689e-10	0.00422234
5.46982e-10	0.00418842
5.47075e-10	0.00415444
5.47167e-10	0.0041204
5.4726e-10	0.0040863
5.47352e-10	0.00405215
5.47444e-10	0.00401794
5.47537e-10	0.00398368
5.47629e-10	0.00394936
5.47722e-10	0.00391498
5.47814e-10	0.00388054
5.47906e-10	0.00384605
5.47999e-10	0.0038115
5.48091e-10	0.00377689
5.48184e-10	0.00374223
5.48276e-10	0.00370751
5.48369e-10	0.00367273
5.48461e-10	0.0036379
5.48553e-10	0.003603
5.48646e-10	0.00356806
5.48738e-10	0.00353305
5.48831e-10	0.00349799
5.48923e-10	0.00346287
5.49015e-10	0.00342769
5.49108e-10	0.00339246
5.492e-10	0.00335717
5.49293e-10	0.00332182
5.49385e-10	0.00328641
5.49477e-10	0.00325095
5.4957e-10	0.00321543
5.49662e-10	0.00317985
5.49755e-10	0.00314422
5.49847e-10	0.00310853
5.49939e-10	0.00307278
5.50032e-10	0.00303698
5.50124e-10	0.00300112
5.50217e-10	0.0029652
5.50309e-10	0.00292922
5.50401e-10	0.00289319
5.50494e-10	0.0028571
5.50586e-10	0.00282095
5.50679e-10	0.00278474
5.50771e-10	0.00274848
5.50863e-10	0.00271216
5.50956e-10	0.00267578
5.51048e-10	0.00263935
5.51141e-10	0.00260286
5.51233e-10	0.00256631
5.51325e-10	0.00252971
5.51418e-10	0.00249304
5.5151e-10	0.00245632
5.51603e-10	0.00241955
5.51695e-10	0.00238271
5.51787e-10	0.00234582
5.5188e-10	0.00230887
5.51972e-10	0.00227187
5.52065e-10	0.0022348
5.52157e-10	0.00219768
5.52249e-10	0.0021605
5.52342e-10	0.00212327
5.52434e-10	0.00208598
5.52527e-10	0.00204863
5.52619e-10	0.00201122
5.52711e-10	0.00197376
5.52804e-10	0.00193623
5.52896e-10	0.00189866
5.52989e-10	0.00186102
5.53081e-10	0.00182333
5.53173e-10	0.00178558
5.53266e-10	0.00174777
5.53358e-10	0.0017099
5.53451e-10	0.00167198
5.53543e-10	0.001634
5.53636e-10	0.00159596
5.53728e-10	0.00155787
5.5382e-10	0.00151972
5.53913e-10	0.00148151
5.54005e-10	0.00144324
5.54098e-10	0.00140492
5.5419e-10	0.00136654
5.54282e-10	0.0013281
5.54375e-10	0.0012896
5.54467e-10	0.00125105
5.5456e-10	0.00121244
5.54652e-10	0.00117377
5.54744e-10	0.00113504
5.54837e-10	0.00109626
5.54929e-10	0.00105742
5.55022e-10	0.00101852
5.55114e-10	0.00097957
5.55206e-10	0.000940559
5.55299e-10	0.000901489
5.55391e-10	0.000862363
5.55484e-10	0.000823179
5.55576e-10	0.000783938
5.55668e-10	0.000744639
5.55761e-10	0.000705283
5.55853e-10	0.00066587
5.55946e-10	0.0006264
5.56038e-10	0.000586872
5.5613e-10	0.000547287
5.56223e-10	0.000507644
5.56315e-10	0.000467944
5.56408e-10	0.000428187
5.565e-10	0.000388373
5.56592e-10	0.000348501
5.56685e-10	0.000308572
5.56777e-10	0.000268585
5.5687e-10	0.000228541
5.56962e-10	0.00018844
5.57054e-10	0.000148282
5.57147e-10	0.000108066
5.57239e-10	6.77926e-05
5.57332e-10	2.74622e-05
5.57424e-10	-1.29256e-05
5.57516e-10	-5.33706e-05
5.57609e-10	-9.3873e-05
5.57701e-10	-0.000134433
5.57794e-10	-0.00017505
5.57886e-10	-0.000215724
5.57978e-10	-0.000256455
5.58071e-10	-0.000297244
5.58163e-10	-0.00033809
5.58256e-10	-0.000378994
5.58348e-10	-0.000419955
5.5844e-10	-0.000460973
5.58533e-10	-0.000502048
5.58625e-10	-0.00054318
5.58718e-10	-0.00058437
5.5881e-10	-0.000625617
5.58903e-10	-0.000666921
5.58995e-10	-0.000708283
5.59087e-10	-0.000749702
5.5918e-10	-0.000791178
5.59272e-10	-0.000832711
5.59365e-10	-0.000874302
5.59457e-10	-0.000915949
5.59549e-10	-0.000957654
5.59642e-10	-0.000999417
5.59734e-10	-0.00104124
5.59827e-10	-0.00108311
5.59919e-10	-0.00112505
5.60011e-10	-0.00116704
5.60104e-10	-0.00120909
5.60196e-10	-0.00125119
5.60289e-10	-0.00129335
5.60381e-10	-0.00133557
5.60473e-10	-0.00137785
5.60566e-10	-0.00142018
5.60658e-10	-0.00146258
5.60751e-10	-0.00150502
5.60843e-10	-0.00154753
5.60935e-10	-0.00159009
5.61028e-10	-0.00163271
5.6112e-10	-0.00167539
5.61213e-10	-0.00171812
5.61305e-10	-0.00176091
5.61397e-10	-0.00180376
5.6149e-10	-0.00184667
5.61582e-10	-0.00188963
5.61675e-10	-0.00193265
5.61767e-10	-0.00197572
5.61859e-10	-0.00201886
5.61952e-10	-0.00206205
5.62044e-10	-0.0021053
5.62137e-10	-0.0021486
5.62229e-10	-0.00219196
5.62321e-10	-0.00223538
5.62414e-10	-0.00227886
5.62506e-10	-0.00232239
5.62599e-10	-0.00236598
5.62691e-10	-0.00240962
5.62783e-10	-0.00245333
5.62876e-10	-0.00249709
5.62968e-10	-0.00254091
5.63061e-10	-0.00258478
5.63153e-10	-0.00262871
5.63245e-10	-0.0026727
5.63338e-10	-0.00271674
5.6343e-10	-0.00276085
5.63523e-10	-0.002805
5.63615e-10	-0.00284922
5.63707e-10	-0.00289349
5.638e-10	-0.00293782
5.63892e-10	-0.00298221
5.63985e-10	-0.00302665
5.64077e-10	-0.00307115
5.6417e-10	-0.00311571
5.64262e-10	-0.00316032
5.64354e-10	-0.00320499
5.64447e-10	-0.00324972
5.64539e-10	-0.0032945
5.64632e-10	-0.00333934
5.64724e-10	-0.00338424
5.64816e-10	-0.00342919
5.64909e-10	-0.0034742
5.65001e-10	-0.00351927
5.65094e-10	-0.00356439
5.65186e-10	-0.00360957
5.65278e-10	-0.00365481
5.65371e-10	-0.00370011
5.65463e-10	-0.00374546
5.65556e-10	-0.00379086
5.65648e-10	-0.00383633
5.6574e-10	-0.00388185
5.65833e-10	-0.00392742
5.65925e-10	-0.00397306
5.66018e-10	-0.00401875
5.6611e-10	-0.00406449
5.66202e-10	-0.00411029
5.66295e-10	-0.00415615
5.66387e-10	-0.00420207
5.6648e-10	-0.00424804
5.66572e-10	-0.00429407
5.66664e-10	-0.00434016
5.66757e-10	-0.0043863
5.66849e-10	-0.00443249
5.66942e-10	-0.00447875
5.67034e-10	-0.00452506
5.67126e-10	-0.00457143
5.67219e-10	-0.00461785
5.67311e-10	-0.00466433
5.67404e-10	-0.00471087
5.67496e-10	-0.00475746
5.67588e-10	-0.00480411
5.67681e-10	-0.00485081
5.67773e-10	-0.00489757
5.67866e-10	-0.00494439
5.67958e-10	-0.00499126
5.6805e-10	-0.00503819
5.68143e-10	-0.00508518
5.68235e-10	-0.00513222
5.68328e-10	-0.00517932
5.6842e-10	-0.00522647
5.68512e-10	-0.00527368
5.68605e-10	-0.00532095
5.68697e-10	-0.00536827
5.6879e-10	-0.00541565
5.68882e-10	-0.00546308
5.68974e-10	-0.00551057
5.69067e-10	-0.00555812
5.69159e-10	-0.00560572
5.69252e-10	-0.00565338
5.69344e-10	-0.00570109
5.69436e-10	-0.00574886
5.69529e-10	-0.00579669
5.69621e-10	-0.00584457
5.69714e-10	-0.00589251
5.69806e-10	-0.0059405
5.69899e-10	-0.00598855
5.69991e-10	-0.00603666
5.70083e-10	-0.00608482
5.70176e-10	-0.00613303
5.70268e-10	-0.0061813
5.70361e-10	-0.00622963
5.70453e-10	-0.00627802
5.70545e-10	-0.00632646
5.70638e-10	-0.00637495
5.7073e-10	-0.0064235
5.70823e-10	-0.00647211
5.70915e-10	-0.00652077
5.71007e-10	-0.00656948
5.711e-10	-0.00661826
5.71192e-10	-0.00666709
5.71285e-10	-0.00671597
5.71377e-10	-0.00676491
5.71469e-10	-0.0068139
5.71562e-10	-0.00686295
5.71654e-10	-0.00691206
5.71747e-10	-0.00696122
5.71839e-10	-0.00701043
5.71931e-10	-0.00705971
5.72024e-10	-0.00710903
5.72116e-10	-0.00715841
5.72209e-10	-0.00720785
5.72301e-10	-0.00725734
5.72393e-10	-0.00730689
5.72486e-10	-0.00735649
5.72578e-10	-0.00740615
5.72671e-10	-0.00745587
5.72763e-10	-0.00750563
5.72855e-10	-0.00755546
5.72948e-10	-0.00760533
5.7304e-10	-0.00765527
5.73133e-10	-0.00770526
5.73225e-10	-0.0077553
5.73317e-10	-0.0078054
5.7341e-10	-0.00785555
5.73502e-10	-0.00790576
5.73595e-10	-0.00795602
5.73687e-10	-0.00800634
5.73779e-10	-0.00805671
5.73872e-10	-0.00810714
5.73964e-10	-0.00815762
5.74057e-10	-0.00820816
5.74149e-10	-0.00825875
5.74241e-10	-0.0083094
5.74334e-10	-0.0083601
5.74426e-10	-0.00841085
5.74519e-10	-0.00846166
5.74611e-10	-0.00851253
5.74703e-10	-0.00856345
5.74796e-10	-0.00861442
5.74888e-10	-0.00866545
5.74981e-10	-0.00871653
5.75073e-10	-0.00876767
5.75166e-10	-0.00881886
5.75258e-10	-0.00887011
5.7535e-10	-0.00892141
5.75443e-10	-0.00897276
5.75535e-10	-0.00902417
5.75628e-10	-0.00907563
5.7572e-10	-0.00912715
5.75812e-10	-0.00917872
5.75905e-10	-0.00923035
5.75997e-10	-0.00928203
5.7609e-10	-0.00933376
5.76182e-10	-0.00938555
5.76274e-10	-0.00943739
5.76367e-10	-0.00948929
5.76459e-10	-0.00954124
5.76552e-10	-0.00959324
5.76644e-10	-0.0096453
5.76736e-10	-0.00969741
5.76829e-10	-0.00974958
5.76921e-10	-0.0098018
5.77014e-10	-0.00985407
5.77106e-10	-0.0099064
5.77198e-10	-0.00995878
5.77291e-10	-0.0100112
5.77383e-10	-0.0100637
5.77476e-10	-0.0101162
5.77568e-10	-0.0101688
5.7766e-10	-0.0102215
5.77753e-10	-0.0102742
5.77845e-10	-0.0103269
5.77938e-10	-0.0103798
5.7803e-10	-0.0104326
5.78122e-10	-0.0104855
5.78215e-10	-0.0105385
5.78307e-10	-0.0105915
5.784e-10	-0.0106446
5.78492e-10	-0.0106977
5.78584e-10	-0.0107509
5.78677e-10	-0.0108042
5.78769e-10	-0.0108574
5.78862e-10	-0.0109108
5.78954e-10	-0.0109642
5.79046e-10	-0.0110176
5.79139e-10	-0.0110711
5.79231e-10	-0.0111247
5.79324e-10	-0.0111783
5.79416e-10	-0.011232
5.79508e-10	-0.0112857
5.79601e-10	-0.0113394
5.79693e-10	-0.0113933
5.79786e-10	-0.0114471
5.79878e-10	-0.011501
5.7997e-10	-0.011555
5.80063e-10	-0.0116091
5.80155e-10	-0.0116631
5.80248e-10	-0.0117173
5.8034e-10	-0.0117715
5.80433e-10	-0.0118257
5.80525e-10	-0.01188
5.80617e-10	-0.0119343
5.8071e-10	-0.0119887
5.80802e-10	-0.0120432
5.80895e-10	-0.0120977
5.80987e-10	-0.0121522
5.81079e-10	-0.0122069
5.81172e-10	-0.0122615
5.81264e-10	-0.0123162
5.81357e-10	-0.012371
5.81449e-10	-0.0124258
5.81541e-10	-0.0124807
5.81634e-10	-0.0125356
5.81726e-10	-0.0125906
5.81819e-10	-0.0126456
5.81911e-10	-0.0127007
5.82003e-10	-0.0127558
5.82096e-10	-0.012811
5.82188e-10	-0.0128662
5.82281e-10	-0.0129215
5.82373e-10	-0.0129768
5.82465e-10	-0.0130322
5.82558e-10	-0.0130876
5.8265e-10	-0.0131431
5.82743e-10	-0.0131987
5.82835e-10	-0.0132543
5.82927e-10	-0.0133099
5.8302e-10	-0.0133656
5.83112e-10	-0.0134213
5.83205e-10	-0.0134771
5.83297e-10	-0.013533
5.83389e-10	-0.0135889
5.83482e-10	-0.0136448
5.83574e-10	-0.0137009
5.83667e-10	-0.0137569
5.83759e-10	-0.013813
5.83851e-10	-0.0138692
5.83944e-10	-0.0139254
5.84036e-10	-0.0139816
5.84129e-10	-0.0140379
5.84221e-10	-0.0140943
5.84313e-10	-0.0141507
5.84406e-10	-0.0142072
5.84498e-10	-0.0142637
5.84591e-10	-0.0143202
5.84683e-10	-0.0143769
5.84775e-10	-0.0144335
5.84868e-10	-0.0144902
5.8496e-10	-0.014547
5.85053e-10	-0.0146038
5.85145e-10	-0.0146607
5.85237e-10	-0.0147176
5.8533e-10	-0.0147746
5.85422e-10	-0.0148316
5.85515e-10	-0.0148887
5.85607e-10	-0.0149458
5.857e-10	-0.0150029
5.85792e-10	-0.0150602
5.85884e-10	-0.0151174
5.85977e-10	-0.0151747
5.86069e-10	-0.0152321
5.86162e-10	-0.0152895
5.86254e-10	-0.015347
5.86346e-10	-0.0154045
5.86439e-10	-0.0154621
5.86531e-10	-0.0155197
5.86624e-10	-0.0155774
5.86716e-10	-0.0156351
5.86808e-10	-0.0156928
5.86901e-10	-0.0157507
5.86993e-10	-0.0158085
5.87086e-10	-0.0158664
5.87178e-10	-0.0159244
5.8727e-10	-0.0159824
5.87363e-10	-0.0160405
5.87455e-10	-0.0160986
5.87548e-10	-0.0161567
5.8764e-10	-0.016215
5.87732e-10	-0.0162732
5.87825e-10	-0.0163315
5.87917e-10	-0.0163899
5.8801e-10	-0.0164483
5.88102e-10	-0.0165067
5.88194e-10	-0.0165652
5.88287e-10	-0.0166238
5.88379e-10	-0.0166824
5.88472e-10	-0.016741
5.88564e-10	-0.0167997
5.88656e-10	-0.0168585
5.88749e-10	-0.0169173
5.88841e-10	-0.0169761
5.88934e-10	-0.017035
5.89026e-10	-0.017094
5.89118e-10	-0.0171529
5.89211e-10	-0.017212
5.89303e-10	-0.0172711
5.89396e-10	-0.0173302
5.89488e-10	-0.0173894
5.8958e-10	-0.0174486
5.89673e-10	-0.0175079
5.89765e-10	-0.0175672
5.89858e-10	-0.0176266
5.8995e-10	-0.017686
5.90042e-10	-0.0177455
5.90135e-10	-0.017805
5.90227e-10	-0.0178646
5.9032e-10	-0.0179242
5.90412e-10	-0.0179838
5.90504e-10	-0.0180435
5.90597e-10	-0.0181033
5.90689e-10	-0.0181631
5.90782e-10	-0.0182229
5.90874e-10	-0.0182828
5.90967e-10	-0.0183428
5.91059e-10	-0.0184028
5.91151e-10	-0.0184628
5.91244e-10	-0.0185229
5.91336e-10	-0.018583
5.91429e-10	-0.0186432
5.91521e-10	-0.0187034
5.91613e-10	-0.0187637
5.91706e-10	-0.018824
5.91798e-10	-0.0188844
5.91891e-10	-0.0189448
5.91983e-10	-0.0190053
5.92075e-10	-0.0190658
5.92168e-10	-0.0191263
5.9226e-10	-0.0191869
5.92353e-10	-0.0192476
5.92445e-10	-0.0193082
5.92537e-10	-0.019369
5.9263e-10	-0.0194298
5.92722e-10	-0.0194906
5.92815e-10	-0.0195515
5.92907e-10	-0.0196124
5.92999e-10	-0.0196734
5.93092e-10	-0.0197344
5.93184e-10	-0.0197954
5.93277e-10	-0.0198565
5.93369e-10	-0.0199177
5.93461e-10	-0.0199789
5.93554e-10	-0.0200401
5.93646e-10	-0.0201014
5.93739e-10	-0.0201628
5.93831e-10	-0.0202241
5.93923e-10	-0.0202856
5.94016e-10	-0.020347
5.94108e-10	-0.0204085
5.94201e-10	-0.0204701
5.94293e-10	-0.0205317
5.94385e-10	-0.0205934
5.94478e-10	-0.020655
5.9457e-10	-0.0207168
5.94663e-10	-0.0207786
5.94755e-10	-0.0208404
5.94847e-10	-0.0209023
5.9494e-10	-0.0209642
5.95032e-10	-0.0210262
5.95125e-10	-0.0210882
5.95217e-10	-0.0211502
5.95309e-10	-0.0212123
5.95402e-10	-0.0212745
5.95494e-10	-0.0213366
5.95587e-10	-0.0213989
5.95679e-10	-0.0214611
5.95771e-10	-0.0215235
5.95864e-10	-0.0215858
5.95956e-10	-0.0216482
5.96049e-10	-0.0217107
5.96141e-10	-0.0217732
5.96234e-10	-0.0218357
5.96326e-10	-0.0218983
5.96418e-10	-0.0219609
5.96511e-10	-0.0220236
5.96603e-10	-0.0220863
5.96696e-10	-0.0221491
5.96788e-10	-0.0222118
5.9688e-10	-0.0222747
5.96973e-10	-0.0223376
5.97065e-10	-0.0224005
5.97158e-10	-0.0224635
5.9725e-10	-0.0225265
5.97342e-10	-0.0225895
5.97435e-10	-0.0226526
5.97527e-10	-0.0227158
5.9762e-10	-0.022779
5.97712e-10	-0.0228422
5.97804e-10	-0.0229055
5.97897e-10	-0.0229688
5.97989e-10	-0.0230321
5.98082e-10	-0.0230955
5.98174e-10	-0.023159
5.98266e-10	-0.0232225
5.98359e-10	-0.023286
5.98451e-10	-0.0233496
5.98544e-10	-0.0234132
5.98636e-10	-0.0234768
5.98728e-10	-0.0235405
5.98821e-10	-0.0236043
5.98913e-10	-0.023668
5.99006e-10	-0.0237319
5.99098e-10	-0.0237957
5.9919e-10	-0.0238596
5.99283e-10	-0.0239236
5.99375e-10	-0.0239875
5.99468e-10	-0.0240516
5.9956e-10	-0.0241156
5.99652e-10	-0.0241797
5.99745e-10	-0.0242439
5.99837e-10	-0.0243081
5.9993e-10	-0.0243723
6.00022e-10	-0.0244366
6.00114e-10	-0.0245009
6.00207e-10	-0.0245653
6.00299e-10	-0.0246297
6.00392e-10	-0.0246941
6.00484e-10	-0.0247586
6.00576e-10	-0.0248231
6.00669e-10	-0.0248876
6.00761e-10	-0.0249522
6.00854e-10	-0.0250169
6.00946e-10	-0.0250816
6.01038e-10	-0.0251463
6.01131e-10	-0.025211
6.01223e-10	-0.0252758
6.01316e-10	-0.0253407
6.01408e-10	-0.0254056
6.01501e-10	-0.0254705
6.01593e-10	-0.0255354
6.01685e-10	-0.0256004
6.01778e-10	-0.0256655
6.0187e-10	-0.0257305
6.01963e-10	-0.0257957
6.02055e-10	-0.0258608
6.02147e-10	-0.025926
6.0224e-10	-0.0259912
6.02332e-10	-0.0260565
6.02425e-10	-0.0261218
6.02517e-10	-0.0261872
6.02609e-10	-0.0262526
6.02702e-10	-0.026318
6.02794e-10	-0.0263835
6.02887e-10	-0.026449
6.02979e-10	-0.0265145
6.03071e-10	-0.0265801
6.03164e-10	-0.0266457
6.03256e-10	-0.0267114
6.03349e-10	-0.0267771
6.03441e-10	-0.0268428
6.03533e-10	-0.0269086
6.03626e-10	-0.0269744
6.03718e-10	-0.0270402
6.03811e-10	-0.0271061
6.03903e-10	-0.027172
6.03995e-10	-0.027238
6.04088e-10	-0.027304
6.0418e-10	-0.02737
6.04273e-10	-0.0274361
6.04365e-10	-0.0275022
6.04457e-10	-0.0275684
6.0455e-10	-0.0276346
6.04642e-10	-0.0277008
6.04735e-10	-0.0277671
6.04827e-10	-0.0278334
6.04919e-10	-0.0278997
6.05012e-10	-0.0279661
6.05104e-10	-0.0280325
6.05197e-10	-0.0280989
6.05289e-10	-0.0281654
6.05381e-10	-0.0282319
6.05474e-10	-0.0282985
6.05566e-10	-0.0283651
6.05659e-10	-0.0284317
6.05751e-10	-0.0284983
6.05843e-10	-0.028565
6.05936e-10	-0.0286318
6.06028e-10	-0.0286985
6.06121e-10	-0.0287654
6.06213e-10	-0.0288322
6.06305e-10	-0.0288991
6.06398e-10	-0.028966
6.0649e-10	-0.0290329
6.06583e-10	-0.0290999
6.06675e-10	-0.0291669
6.06768e-10	-0.029234
6.0686e-10	-0.0293011
6.06952e-10	-0.0293682
6.07045e-10	-0.0294354
6.07137e-10	-0.0295026
6.0723e-10	-0.0295698
6.07322e-10	-0.029637
6.07414e-10	-0.0297043
6.07507e-10	-0.0297717
6.07599e-10	-0.029839
6.07692e-10	-0.0299064
6.07784e-10	-0.0299739
6.07876e-10	-0.0300413
6.07969e-10	-0.0301088
6.08061e-10	-0.0301764
6.08154e-10	-0.030244
6.08246e-10	-0.0303116
6.08338e-10	-0.0303792
6.08431e-10	-0.0304469
6.08523e-10	-0.0305146
6.08616e-10	-0.0305823
6.08708e-10	-0.0306501
6.088e-10	-0.0307179
6.08893e-10	-0.0307857
6.08985e-10	-0.0308536
6.09078e-10	-0.0309215
6.0917e-10	-0.0309894
6.09262e-10	-0.0310574
6.09355e-10	-0.0311254
6.09447e-10	-0.0311935
6.0954e-10	-0.0312615
6.09632e-10	-0.0313296
6.09724e-10	-0.0313978
6.09817e-10	-0.0314659
6.09909e-10	-0.0315341
6.10002e-10	-0.0316023
6.10094e-10	-0.0316706
6.10186e-10	-0.0317389
6.10279e-10	-0.0318072
6.10371e-10	-0.0318756
6.10464e-10	-0.031944
6.10556e-10	-0.0320124
6.10648e-10	-0.0320808
6.10741e-10	-0.0321493
6.10833e-10	-0.0322178
6.10926e-10	-0.0322864
6.11018e-10	-0.032355
6.1111e-10	-0.0324236
6.11203e-10	-0.0324922
6.11295e-10	-0.0325609
6.11388e-10	-0.0326296
6.1148e-10	-0.0326983
6.11572e-10	-0.0327671
6.11665e-10	-0.0328358
6.11757e-10	-0.0329047
6.1185e-10	-0.0329735
6.11942e-10	-0.0330424
6.12035e-10	-0.0331113
6.12127e-10	-0.0331803
6.12219e-10	-0.0332492
6.12312e-10	-0.0333182
6.12404e-10	-0.0333873
6.12497e-10	-0.0334563
6.12589e-10	-0.0335254
6.12681e-10	-0.0335945
6.12774e-10	-0.0336637
6.12866e-10	-0.0337328
6.12959e-10	-0.0338021
6.13051e-10	-0.0338713
6.13143e-10	-0.0339405
6.13236e-10	-0.0340098
6.13328e-10	-0.0340792
6.13421e-10	-0.0341485
6.13513e-10	-0.0342179
6.13605e-10	-0.0342873
6.13698e-10	-0.0343567
6.1379e-10	-0.0344262
6.13883e-10	-0.0344957
6.13975e-10	-0.0345652
6.14067e-10	-0.0346348
6.1416e-10	-0.0347043
6.14252e-10	-0.0347739
6.14345e-10	-0.0348436
6.14437e-10	-0.0349132
6.14529e-10	-0.0349829
6.14622e-10	-0.0350526
6.14714e-10	-0.0351223
6.14807e-10	-0.0351921
6.14899e-10	-0.0352619
6.14991e-10	-0.0353317
6.15084e-10	-0.0354016
6.15176e-10	-0.0354714
6.15269e-10	-0.0355413
6.15361e-10	-0.0356113
6.15453e-10	-0.0356812
6.15546e-10	-0.0357512
6.15638e-10	-0.0358212
6.15731e-10	-0.0358912
6.15823e-10	-0.0359613
6.15915e-10	-0.0360314
6.16008e-10	-0.0361015
6.161e-10	-0.0361716
6.16193e-10	-0.0362418
6.16285e-10	-0.036312
6.16377e-10	-0.0363822
6.1647e-10	-0.0364524
6.16562e-10	-0.0365227
6.16655e-10	-0.036593
6.16747e-10	-0.0366633
6.16839e-10	-0.0367336
6.16932e-10	-0.036804
6.17024e-10	-0.0368743
6.17117e-10	-0.0369448
6.17209e-10	-0.0370152
6.17302e-10	-0.0370856
6.17394e-10	-0.0371561
6.17486e-10	-0.0372266
6.17579e-10	-0.0372972
6.17671e-10	-0.0373677
6.17764e-10	-0.0374383
6.17856e-10	-0.0375089
6.17948e-10	-0.0375795
6.18041e-10	-0.0376502
6.18133e-10	-0.0377208
6.18226e-10	-0.0377915
6.18318e-10	-0.0378622
6.1841e-10	-0.037933
6.18503e-10	-0.0380038
6.18595e-10	-0.0380745
6.18688e-10	-0.0381453
6.1878e-10	-0.0382162
6.18872e-10	-0.038287
6.18965e-10	-0.0383579
6.19057e-10	-0.0384288
6.1915e-10	-0.0384997
6.19242e-10	-0.0385707
6.19334e-10	-0.0386416
6.19427e-10	-0.0387126
6.19519e-10	-0.0387836
6.19612e-10	-0.0388547
6.19704e-10	-0.0389257
6.19796e-10	-0.0389968
6.19889e-10	-0.0390679
6.19981e-10	-0.039139
6.20074e-10	-0.0392101
6.20166e-10	-0.0392813
6.20258e-10	-0.0393525
6.20351e-10	-0.0394237
6.20443e-10	-0.0394949
6.20536e-10	-0.0395661
6.20628e-10	-0.0396374
6.2072e-10	-0.0397086
6.20813e-10	-0.0397799
6.20905e-10	-0.0398513
6.20998e-10	-0.0399226
6.2109e-10	-0.039994
6.21182e-10	-0.0400653
6.21275e-10	-0.0401367
6.21367e-10	-0.0402082
6.2146e-10	-0.0402796
6.21552e-10	-0.040351
6.21644e-10	-0.0404225
6.21737e-10	-0.040494
6.21829e-10	-0.0405655
6.21922e-10	-0.0406371
6.22014e-10	-0.0407086
6.22106e-10	-0.0407802
6.22199e-10	-0.0408518
6.22291e-10	-0.0409234
6.22384e-10	-0.040995
6.22476e-10	-0.0410666
6.22569e-10	-0.0411383
6.22661e-10	-0.04121
6.22753e-10	-0.0412817
6.22846e-10	-0.0413534
6.22938e-10	-0.0414251
6.23031e-10	-0.0414969
6.23123e-10	-0.0415686
6.23215e-10	-0.0416404
6.23308e-10	-0.0417122
6.234e-10	-0.041784
6.23493e-10	-0.0418559
6.23585e-10	-0.0419277
6.23677e-10	-0.0419996
6.2377e-10	-0.0420715
6.23862e-10	-0.0421434
6.23955e-10	-0.0422153
6.24047e-10	-0.0422872
6.24139e-10	-0.0423591
6.24232e-10	-0.0424311
6.24324e-10	-0.0425031
6.24417e-10	-0.0425751
6.24509e-10	-0.0426471
6.24601e-10	-0.0427191
6.24694e-10	-0.0427912
6.24786e-10	-0.0428632
6.24879e-10	-0.0429353
6.24971e-10	-0.0430074
6.25063e-10	-0.0430795
6.25156e-10	-0.0431516
6.25248e-10	-0.0432237
6.25341e-10	-0.0432958
6.25433e-10	-0.043368
6.25525e-10	-0.0434402
6.25618e-10	-0.0435124
6.2571e-10	-0.0435846
6.25803e-10	-0.0436568
6.25895e-10	-0.043729
6.25987e-10	-0.0438012
6.2608e-10	-0.0438735
6.26172e-10	-0.0439458
6.26265e-10	-0.044018
6.26357e-10	-0.0440903
6.26449e-10	-0.0441626
6.26542e-10	-0.044235
6.26634e-10	-0.0443073
6.26727e-10	-0.0443796
6.26819e-10	-0.044452
6.26911e-10	-0.0445244
6.27004e-10	-0.0445967
6.27096e-10	-0.0446691
6.27189e-10	-0.0447415
6.27281e-10	-0.044814
6.27373e-10	-0.0448864
6.27466e-10	-0.0449588
6.27558e-10	-0.0450313
6.27651e-10	-0.0451037
6.27743e-10	-0.0451762
6.27836e-10	-0.0452487
6.27928e-10	-0.0453212
6.2802e-10	-0.0453937
6.28113e-10	-0.0454662
6.28205e-10	-0.0455387
6.28298e-10	-0.0456113
6.2839e-10	-0.0456838
6.28482e-10	-0.0457564
6.28575e-10	-0.0458289
6.28667e-10	-0.0459015
6.2876e-10	-0.0459741
6.28852e-10	-0.0460467
6.28944e-10	-0.0461193
6.29037e-10	-0.0461919
6.29129e-10	-0.0462646
6.29222e-10	-0.0463372
6.29314e-10	-0.0464098
6.29406e-10	-0.0464825
6.29499e-10	-0.0465552
6.29591e-10	-0.0466278
6.29684e-10	-0.0467005
6.29776e-10	-0.0467732
6.29868e-10	-0.0468459
6.29961e-10	-0.0469186
6.30053e-10	-0.0469913
6.30146e-10	-0.047064
6.30238e-10	-0.0471368
6.3033e-10	-0.0472095
6.30423e-10	-0.0472822
6.30515e-10	-0.047355
6.30608e-10	-0.0474277
6.307e-10	-0.0475005
6.30792e-10	-0.0475733
6.30885e-10	-0.047646
6.30977e-10	-0.0477188
6.3107e-10	-0.0477916
6.31162e-10	-0.0478644
6.31254e-10	-0.0479372
6.31347e-10	-0.04801
6.31439e-10	-0.0480828
6.31532e-10	-0.0481557
6.31624e-10	-0.0482285
6.31716e-10	-0.0483013
6.31809e-10	-0.0483742
6.31901e-10	-0.048447
6.31994e-10	-0.0485198
6.32086e-10	-0.0485927
6.32178e-10	-0.0486656
6.32271e-10	-0.0487384
6.32363e-10	-0.0488113
6.32456e-10	-0.0488842
6.32548e-10	-0.048957
6.3264e-10	-0.0490299
6.32733e-10	-0.0491028
6.32825e-10	-0.0491757
6.32918e-10	-0.0492486
6.3301e-10	-0.0493215
6.33103e-10	-0.0493944
6.33195e-10	-0.0494673
6.33287e-10	-0.0495402
6.3338e-10	-0.0496131
6.33472e-10	-0.049686
6.33565e-10	-0.0497589
6.33657e-10	-0.0498318
6.33749e-10	-0.0499048
6.33842e-10	-0.0499777
6.33934e-10	-0.0500506
6.34027e-10	-0.0501235
6.34119e-10	-0.0501965
6.34211e-10	-0.0502694
6.34304e-10	-0.0503423
6.34396e-10	-0.0504153
6.34489e-10	-0.0504882
6.34581e-10	-0.0505612
6.34673e-10	-0.0506341
6.34766e-10	-0.050707
6.34858e-10	-0.05078
6.34951e-10	-0.0508529
6.35043e-10	-0.0509259
6.35135e-10	-0.0509988
6.35228e-10	-0.0510718
6.3532e-10	-0.0511447
6.35413e-10	-0.0512176
6.35505e-10	-0.0512906
6.35597e-10	-0.0513635
6.3569e-10	-0.0514365
6.35782e-10	-0.0515094
6.35875e-10	-0.0515824
6.35967e-10	-0.0516553
6.36059e-10	-0.0517282
6.36152e-10	-0.0518012
6.36244e-10	-0.0518741
6.36337e-10	-0.0519471
6.36429e-10	-0.05202
6.36521e-10	-0.0520929
6.36614e-10	-0.0521659
6.36706e-10	-0.0522388
6.36799e-10	-0.0523117
6.36891e-10	-0.0523847
6.36983e-10	-0.0524576
6.37076e-10	-0.0525305
6.37168e-10	-0.0526034
6.37261e-10	-0.0526763
6.37353e-10	-0.0527493
6.37445e-10	-0.0528222
6.37538e-10	-0.0528951
6.3763e-10	-0.052968
6.37723e-10	-0.0530409
6.37815e-10	-0.0531138
6.37907e-10	-0.0531867
6.38e-10	-0.0532596
6.38092e-10	-0.0533324
6.38185e-10	-0.0534053
6.38277e-10	-0.0534782
6.3837e-10	-0.0535511
6.38462e-10	-0.053624
6.38554e-10	-0.0536968
6.38647e-10	-0.0537697
6.38739e-10	-0.0538425
6.38832e-10	-0.0539154
6.38924e-10	-0.0539882
6.39016e-10	-0.0540611
6.39109e-10	-0.0541339
6.39201e-10	-0.0542067
6.39294e-10	-0.0542795
6.39386e-10	-0.0543524
6.39478e-10	-0.0544252
6.39571e-10	-0.054498
6.39663e-10	-0.0545708
6.39756e-10	-0.0546436
6.39848e-10	-0.0547163
6.3994e-10	-0.0547891
6.40033e-10	-0.0548619
6.40125e-10	-0.0549346
6.40218e-10	-0.0550074
6.4031e-10	-0.0550801
6.40402e-10	-0.0551529
6.40495e-10	-0.0552256
6.40587e-10	-0.0552983
6.4068e-10	-0.055371
6.40772e-10	-0.0554438
6.40864e-10	-0.0555165
6.40957e-10	-0.0555891
6.41049e-10	-0.0556618
6.41142e-10	-0.0557345
6.41234e-10	-0.0558072
6.41326e-10	-0.0558798
6.41419e-10	-0.0559525
6.41511e-10	-0.0560251
6.41604e-10	-0.0560977
6.41696e-10	-0.0561703
6.41788e-10	-0.0562429
6.41881e-10	-0.0563155
6.41973e-10	-0.0563881
6.42066e-10	-0.0564607
6.42158e-10	-0.0565333
6.4225e-10	-0.0566058
6.42343e-10	-0.0566784
6.42435e-10	-0.0567509
6.42528e-10	-0.0568234
6.4262e-10	-0.0568959
6.42712e-10	-0.0569684
6.42805e-10	-0.0570409
6.42897e-10	-0.0571134
6.4299e-10	-0.0571858
6.43082e-10	-0.0572583
6.43174e-10	-0.0573307
6.43267e-10	-0.0574031
6.43359e-10	-0.0574756
6.43452e-10	-0.057548
6.43544e-10	-0.0576203
6.43637e-10	-0.0576927
6.43729e-10	-0.0577651
6.43821e-10	-0.0578374
6.43914e-10	-0.0579098
6.44006e-10	-0.0579821
6.44099e-10	-0.0580544
6.44191e-10	-0.0581267
6.44283e-10	-0.058199
6.44376e-10	-0.0582712
6.44468e-10	-0.0583435
6.44561e-10	-0.0584157
6.44653e-10	-0.0584879
6.44745e-10	-0.0585601
6.44838e-10	-0.0586323
6.4493e-10	-0.0587045
6.45023e-10	-0.0587767
6.45115e-10	-0.0588488
6.45207e-10	-0.0589209
6.453e-10	-0.0589931
6.45392e-10	-0.0590652
6.45485e-10	-0.0591372
6.45577e-10	-0.0592093
6.45669e-10	-0.0592814
6.45762e-10	-0.0593534
6.45854e-10	-0.0594254
6.45947e-10	-0.0594974
6.46039e-10	-0.0595694
6.46131e-10	-0.0596414
6.46224e-10	-0.0597133
6.46316e-10	-0.0597852
6.46409e-10	-0.0598571
6.46501e-10	-0.059929
6.46593e-10	-0.0600009
6.46686e-10	-0.0600728
6.46778e-10	-0.0601446
6.46871e-10	-0.0602164
6.46963e-10	-0.0602882
6.47055e-10	-0.06036
6.47148e-10	-0.0604318
6.4724e-10	-0.0605035
6.47333e-10	-0.0605753
6.47425e-10	-0.060647
6.47517e-10	-0.0607186
6.4761e-10	-0.0607903
6.47702e-10	-0.060862
6.47795e-10	-0.0609336
6.47887e-10	-0.0610052
6.47979e-10	-0.0610768
6.48072e-10	-0.0611483
6.48164e-10	-0.0612199
6.48257e-10	-0.0612914
6.48349e-10	-0.0613629
6.48441e-10	-0.0614344
6.48534e-10	-0.0615059
6.48626e-10	-0.0615773
6.48719e-10	-0.0616487
6.48811e-10	-0.0617201
6.48903e-10	-0.0617915
6.48996e-10	-0.0618628
6.49088e-10	-0.0619342
6.49181e-10	-0.0620055
6.49273e-10	-0.0620768
6.49366e-10	-0.062148
6.49458e-10	-0.0622193
6.4955e-10	-0.0622905
6.49643e-10	-0.0623617
6.49735e-10	-0.0624328
6.49828e-10	-0.062504
6.4992e-10	-0.0625751
6.50012e-10	-0.0626462
6.50105e-10	-0.0627173
6.50197e-10	-0.0627883
6.5029e-10	-0.0628593
6.50382e-10	-0.0629303
6.50474e-10	-0.0630013
6.50567e-10	-0.0630722
6.50659e-10	-0.0631432
6.50752e-10	-0.0632141
6.50844e-10	-0.0632849
6.50936e-10	-0.0633558
6.51029e-10	-0.0634266
6.51121e-10	-0.0634974
6.51214e-10	-0.0635682
6.51306e-10	-0.0636389
6.51398e-10	-0.0637096
6.51491e-10	-0.0637803
6.51583e-10	-0.063851
6.51676e-10	-0.0639216
6.51768e-10	-0.0639922
6.5186e-10	-0.0640628
6.51953e-10	-0.0641334
6.52045e-10	-0.0642039
6.52138e-10	-0.0642744
6.5223e-10	-0.0643449
6.52322e-10	-0.0644153
6.52415e-10	-0.0644857
6.52507e-10	-0.0645561
6.526e-10	-0.0646264
6.52692e-10	-0.0646968
6.52784e-10	-0.0647671
6.52877e-10	-0.0648373
6.52969e-10	-0.0649076
6.53062e-10	-0.0649778
6.53154e-10	-0.065048
6.53246e-10	-0.0651181
6.53339e-10	-0.0651882
6.53431e-10	-0.0652583
6.53524e-10	-0.0653284
6.53616e-10	-0.0653984
6.53708e-10	-0.0654684
6.53801e-10	-0.0655384
6.53893e-10	-0.0656083
6.53986e-10	-0.0656782
6.54078e-10	-0.0657481
6.5417e-10	-0.0658179
6.54263e-10	-0.0658877
6.54355e-10	-0.0659575
6.54448e-10	-0.0660273
6.5454e-10	-0.066097
6.54633e-10	-0.0661667
6.54725e-10	-0.0662363
6.54817e-10	-0.0663059
6.5491e-10	-0.0663755
6.55002e-10	-0.0664451
6.55095e-10	-0.0665146
6.55187e-10	-0.0665841
6.55279e-10	-0.0666535
6.55372e-10	-0.0667229
6.55464e-10	-0.0667923
6.55557e-10	-0.0668617
6.55649e-10	-0.066931
6.55741e-10	-0.0670002
6.55834e-10	-0.0670695
6.55926e-10	-0.0671387
6.56019e-10	-0.0672079
6.56111e-10	-0.067277
6.56203e-10	-0.0673461
6.56296e-10	-0.0674152
6.56388e-10	-0.0674842
6.56481e-10	-0.0675532
6.56573e-10	-0.0676222
6.56665e-10	-0.0676911
6.56758e-10	-0.06776
6.5685e-10	-0.0678288
6.56943e-10	-0.0678976
6.57035e-10	-0.0679664
6.57127e-10	-0.0680352
6.5722e-10	-0.0681039
6.57312e-10	-0.0681725
6.57405e-10	-0.0682411
6.57497e-10	-0.0683097
6.57589e-10	-0.0683783
6.57682e-10	-0.0684468
6.57774e-10	-0.0685153
6.57867e-10	-0.0685837
6.57959e-10	-0.0686521
6.58051e-10	-0.0687205
6.58144e-10	-0.0687888
6.58236e-10	-0.0688571
6.58329e-10	-0.0689253
6.58421e-10	-0.0689935
6.58513e-10	-0.0690617
6.58606e-10	-0.0691298
6.58698e-10	-0.0691979
6.58791e-10	-0.0692659
6.58883e-10	-0.0693339
6.58975e-10	-0.0694019
6.59068e-10	-0.0694698
6.5916e-10	-0.0695377
6.59253e-10	-0.0696055
6.59345e-10	-0.0696733
6.59437e-10	-0.069741
6.5953e-10	-0.0698088
6.59622e-10	-0.0698764
6.59715e-10	-0.0699441
6.59807e-10	-0.0700116
6.599e-10	-0.0700792
6.59992e-10	-0.0701467
6.60084e-10	-0.0702141
6.60177e-10	-0.0702816
6.60269e-10	-0.0703489
6.60362e-10	-0.0704162
6.60454e-10	-0.0704835
6.60546e-10	-0.0705508
6.60639e-10	-0.070618
6.60731e-10	-0.0706851
6.60824e-10	-0.0707522
6.60916e-10	-0.0708193
6.61008e-10	-0.0708863
6.61101e-10	-0.0709533
6.61193e-10	-0.0710202
6.61286e-10	-0.0710871
6.61378e-10	-0.0711539
6.6147e-10	-0.0712207
6.61563e-10	-0.0712875
6.61655e-10	-0.0713542
6.61748e-10	-0.0714208
6.6184e-10	-0.0714874
6.61932e-10	-0.071554
6.62025e-10	-0.0716205
6.62117e-10	-0.071687
6.6221e-10	-0.0717534
6.62302e-10	-0.0718198
6.62394e-10	-0.0718861
6.62487e-10	-0.0719524
6.62579e-10	-0.0720186
6.62672e-10	-0.0720848
6.62764e-10	-0.0721509
6.62856e-10	-0.072217
6.62949e-10	-0.0722831
6.63041e-10	-0.0723491
6.63134e-10	-0.072415
6.63226e-10	-0.0724809
6.63318e-10	-0.0725467
6.63411e-10	-0.0726125
6.63503e-10	-0.0726783
6.63596e-10	-0.072744
6.63688e-10	-0.0728096
6.6378e-10	-0.0728752
6.63873e-10	-0.0729408
6.63965e-10	-0.0730063
6.64058e-10	-0.0730717
6.6415e-10	-0.0731371
6.64242e-10	-0.0732024
6.64335e-10	-0.0732677
6.64427e-10	-0.073333
6.6452e-10	-0.0733982
6.64612e-10	-0.0734633
6.64704e-10	-0.0735284
6.64797e-10	-0.0735934
6.64889e-10	-0.0736584
6.64982e-10	-0.0737233
6.65074e-10	-0.0737882
6.65167e-10	-0.073853
6.65259e-10	-0.0739178
6.65351e-10	-0.0739825
6.65444e-10	-0.0740471
6.65536e-10	-0.0741118
6.65629e-10	-0.0741763
6.65721e-10	-0.0742408
6.65813e-10	-0.0743053
6.65906e-10	-0.0743696
6.65998e-10	-0.074434
6.66091e-10	-0.0744983
6.66183e-10	-0.0745625
6.66275e-10	-0.0746267
6.66368e-10	-0.0746908
6.6646e-10	-0.0747548
6.66553e-10	-0.0748188
6.66645e-10	-0.0748828
6.66737e-10	-0.0749467
6.6683e-10	-0.0750105
6.66922e-10	-0.0750743
6.67015e-10	-0.075138
6.67107e-10	-0.0752017
6.67199e-10	-0.0752653
6.67292e-10	-0.0753289
6.67384e-10	-0.0753924
6.67477e-10	-0.0754558
6.67569e-10	-0.0755192
6.67661e-10	-0.0755825
6.67754e-10	-0.0756458
6.67846e-10	-0.075709
6.67939e-10	-0.0757721
6.68031e-10	-0.0758352
6.68123e-10	-0.0758982
6.68216e-10	-0.0759612
6.68308e-10	-0.0760241
6.68401e-10	-0.076087
6.68493e-10	-0.0761498
6.68585e-10	-0.0762125
6.68678e-10	-0.0762752
6.6877e-10	-0.0763378
6.68863e-10	-0.0764003
6.68955e-10	-0.0764628
6.69047e-10	-0.0765252
6.6914e-10	-0.0765876
6.69232e-10	-0.0766499
6.69325e-10	-0.0767122
6.69417e-10	-0.0767744
6.69509e-10	-0.0768365
6.69602e-10	-0.0768985
6.69694e-10	-0.0769605
6.69787e-10	-0.0770225
6.69879e-10	-0.0770844
6.69971e-10	-0.0771462
6.70064e-10	-0.0772079
6.70156e-10	-0.0772696
6.70249e-10	-0.0773312
6.70341e-10	-0.0773928
6.70434e-10	-0.0774543
6.70526e-10	-0.0775157
6.70618e-10	-0.0775771
6.70711e-10	-0.0776384
6.70803e-10	-0.0776996
6.70896e-10	-0.0777608
6.70988e-10	-0.0778219
6.7108e-10	-0.0778829
6.71173e-10	-0.0779439
6.71265e-10	-0.0780048
6.71358e-10	-0.0780657
6.7145e-10	-0.0781265
6.71542e-10	-0.0781872
6.71635e-10	-0.0782478
6.71727e-10	-0.0783084
6.7182e-10	-0.0783689
6.71912e-10	-0.0784294
6.72004e-10	-0.0784898
6.72097e-10	-0.0785501
6.72189e-10	-0.0786103
6.72282e-10	-0.0786705
6.72374e-10	-0.0787306
6.72466e-10	-0.0787907
6.72559e-10	-0.0788507
6.72651e-10	-0.0789106
6.72744e-10	-0.0789704
6.72836e-10	-0.0790302
6.72928e-10	-0.0790899
6.73021e-10	-0.0791495
6.73113e-10	-0.0792091
6.73206e-10	-0.0792686
6.73298e-10	-0.079328
6.7339e-10	-0.0793874
6.73483e-10	-0.0794467
6.73575e-10	-0.0795059
6.73668e-10	-0.079565
6.7376e-10	-0.0796241
6.73852e-10	-0.0796831
6.73945e-10	-0.079742
6.74037e-10	-0.0798009
6.7413e-10	-0.0798597
6.74222e-10	-0.0799184
6.74314e-10	-0.079977
6.74407e-10	-0.0800356
6.74499e-10	-0.0800941
6.74592e-10	-0.0801525
6.74684e-10	-0.0802109
6.74776e-10	-0.0802692
6.74869e-10	-0.0803274
6.74961e-10	-0.0803855
6.75054e-10	-0.0804436
6.75146e-10	-0.0805016
6.75238e-10	-0.0805595
6.75331e-10	-0.0806174
6.75423e-10	-0.0806751
6.75516e-10	-0.0807328
6.75608e-10	-0.0807905
6.75701e-10	-0.080848
6.75793e-10	-0.0809055
6.75885e-10	-0.0809629
6.75978e-10	-0.0810202
6.7607e-10	-0.0810774
6.76163e-10	-0.0811346
6.76255e-10	-0.0811917
6.76347e-10	-0.0812487
6.7644e-10	-0.0813057
6.76532e-10	-0.0813625
6.76625e-10	-0.0814193
6.76717e-10	-0.081476
6.76809e-10	-0.0815327
6.76902e-10	-0.0815892
6.76994e-10	-0.0816457
6.77087e-10	-0.0817021
6.77179e-10	-0.0817584
6.77271e-10	-0.0818147
6.77364e-10	-0.0818708
6.77456e-10	-0.0819269
6.77549e-10	-0.0819829
6.77641e-10	-0.0820389
6.77733e-10	-0.0820947
6.77826e-10	-0.0821505
6.77918e-10	-0.0822062
6.78011e-10	-0.0822618
6.78103e-10	-0.0823173
6.78195e-10	-0.0823728
6.78288e-10	-0.0824282
6.7838e-10	-0.0824835
6.78473e-10	-0.0825387
6.78565e-10	-0.0825938
6.78657e-10	-0.0826489
6.7875e-10	-0.0827038
6.78842e-10	-0.0827587
6.78935e-10	-0.0828135
6.79027e-10	-0.0828682
6.79119e-10	-0.0829229
6.79212e-10	-0.0829774
6.79304e-10	-0.0830319
6.79397e-10	-0.0830863
6.79489e-10	-0.0831406
6.79581e-10	-0.0831949
6.79674e-10	-0.083249
6.79766e-10	-0.0833031
6.79859e-10	-0.083357
6.79951e-10	-0.0834109
6.80043e-10	-0.0834647
6.80136e-10	-0.0835185
6.80228e-10	-0.0835721
6.80321e-10	-0.0836257
6.80413e-10	-0.0836792
6.80505e-10	-0.0837325
6.80598e-10	-0.0837858
6.8069e-10	-0.0838391
6.80783e-10	-0.0838922
6.80875e-10	-0.0839452
6.80968e-10	-0.0839982
6.8106e-10	-0.0840511
6.81152e-10	-0.0841039
6.81245e-10	-0.0841566
6.81337e-10	-0.0842092
6.8143e-10	-0.0842617
6.81522e-10	-0.0843141
6.81614e-10	-0.0843665
6.81707e-10	-0.0844188
6.81799e-10	-0.0844709
6.81892e-10	-0.084523
6.81984e-10	-0.084575
6.82076e-10	-0.0846269
6.82169e-10	-0.0846787
6.82261e-10	-0.0847305
6.82354e-10	-0.0847821
6.82446e-10	-0.0848337
6.82538e-10	-0.0848852
6.82631e-10	-0.0849365
6.82723e-10	-0.0849878
6.82816e-10	-0.085039
6.82908e-10	-0.0850901
6.83e-10	-0.0851411
6.83093e-10	-0.0851921
6.83185e-10	-0.0852429
6.83278e-10	-0.0852936
6.8337e-10	-0.0853443
6.83462e-10	-0.0853948
6.83555e-10	-0.0854453
6.83647e-10	-0.0854957
6.8374e-10	-0.085546
6.83832e-10	-0.0855962
6.83924e-10	-0.0856463
6.84017e-10	-0.0856963
6.84109e-10	-0.0857462
6.84202e-10	-0.085796
6.84294e-10	-0.0858457
6.84386e-10	-0.0858954
6.84479e-10	-0.0859449
6.84571e-10	-0.0859944
6.84664e-10	-0.0860437
6.84756e-10	-0.086093
6.84848e-10	-0.0861421
6.84941e-10	-0.0861912
6.85033e-10	-0.0862402
6.85126e-10	-0.0862891
6.85218e-10	-0.0863378
6.8531e-10	-0.0863865
6.85403e-10	-0.0864351
6.85495e-10	-0.0864836
6.85588e-10	-0.086532
6.8568e-10	-0.0865803
6.85772e-10	-0.0866285
6.85865e-10	-0.0866766
6.85957e-10	-0.0867247
6.8605e-10	-0.0867726
6.86142e-10	-0.0868204
6.86235e-10	-0.0868681
6.86327e-10	-0.0869157
6.86419e-10	-0.0869633
6.86512e-10	-0.0870107
6.86604e-10	-0.087058
6.86697e-10	-0.0871053
6.86789e-10	-0.0871524
6.86881e-10	-0.0871994
6.86974e-10	-0.0872464
6.87066e-10	-0.0872932
6.87159e-10	-0.0873399
6.87251e-10	-0.0873866
6.87343e-10	-0.0874331
6.87436e-10	-0.0874795
6.87528e-10	-0.0875259
6.87621e-10	-0.0875721
6.87713e-10	-0.0876182
6.87805e-10	-0.0876643
6.87898e-10	-0.0877102
6.8799e-10	-0.087756
6.88083e-10	-0.0878018
6.88175e-10	-0.0878474
6.88267e-10	-0.0878929
6.8836e-10	-0.0879383
6.88452e-10	-0.0879837
6.88545e-10	-0.0880289
6.88637e-10	-0.088074
6.88729e-10	-0.088119
6.88822e-10	-0.0881639
6.88914e-10	-0.0882087
6.89007e-10	-0.0882534
6.89099e-10	-0.088298
6.89191e-10	-0.0883425
6.89284e-10	-0.0883869
6.89376e-10	-0.0884312
6.89469e-10	-0.0884754
6.89561e-10	-0.0885194
6.89653e-10	-0.0885634
6.89746e-10	-0.0886073
6.89838e-10	-0.088651
6.89931e-10	-0.0886947
6.90023e-10	-0.0887382
6.90115e-10	-0.0887817
6.90208e-10	-0.088825
6.903e-10	-0.0888682
6.90393e-10	-0.0889114
6.90485e-10	-0.0889544
6.90577e-10	-0.0889973
6.9067e-10	-0.0890401
6.90762e-10	-0.0890828
6.90855e-10	-0.0891254
6.90947e-10	-0.0891678
6.91039e-10	-0.0892102
6.91132e-10	-0.0892525
6.91224e-10	-0.0892946
6.91317e-10	-0.0893367
6.91409e-10	-0.0893786
6.91502e-10	-0.0894204
6.91594e-10	-0.0894622
6.91686e-10	-0.0895038
6.91779e-10	-0.0895453
6.91871e-10	-0.0895867
6.91964e-10	-0.0896279
6.92056e-10	-0.0896691
6.92148e-10	-0.0897102
6.92241e-10	-0.0897511
6.92333e-10	-0.0897919
6.92426e-10	-0.0898327
6.92518e-10	-0.0898733
6.9261e-10	-0.0899138
6.92703e-10	-0.0899542
6.92795e-10	-0.0899944
6.92888e-10	-0.0900346
6.9298e-10	-0.0900747
6.93072e-10	-0.0901146
6.93165e-10	-0.0901544
6.93257e-10	-0.0901941
6.9335e-10	-0.0902337
6.93442e-10	-0.0902732
6.93534e-10	-0.0903126
6.93627e-10	-0.0903518
6.93719e-10	-0.090391
6.93812e-10	-0.09043
6.93904e-10	-0.0904689
6.93996e-10	-0.0905077
6.94089e-10	-0.0905464
6.94181e-10	-0.090585
6.94274e-10	-0.0906235
6.94366e-10	-0.0906618
6.94458e-10	-0.0907
6.94551e-10	-0.0907381
6.94643e-10	-0.0907761
6.94736e-10	-0.090814
6.94828e-10	-0.0908518
6.9492e-10	-0.0908894
6.95013e-10	-0.0909269
6.95105e-10	-0.0909644
6.95198e-10	-0.0910017
6.9529e-10	-0.0910388
6.95382e-10	-0.0910759
6.95475e-10	-0.0911128
6.95567e-10	-0.0911497
6.9566e-10	-0.0911864
6.95752e-10	-0.0912229
6.95844e-10	-0.0912594
6.95937e-10	-0.0912957
6.96029e-10	-0.091332
6.96122e-10	-0.0913681
6.96214e-10	-0.0914041
6.96306e-10	-0.0914399
6.96399e-10	-0.0914757
6.96491e-10	-0.0915113
6.96584e-10	-0.0915468
6.96676e-10	-0.0915822
6.96769e-10	-0.0916175
6.96861e-10	-0.0916526
6.96953e-10	-0.0916877
6.97046e-10	-0.0917226
6.97138e-10	-0.0917573
6.97231e-10	-0.091792
6.97323e-10	-0.0918265
6.97415e-10	-0.091861
6.97508e-10	-0.0918953
6.976e-10	-0.0919294
6.97693e-10	-0.0919635
6.97785e-10	-0.0919974
6.97877e-10	-0.0920312
6.9797e-10	-0.0920649
6.98062e-10	-0.0920984
6.98155e-10	-0.0921319
6.98247e-10	-0.0921652
6.98339e-10	-0.0921984
6.98432e-10	-0.0922314
6.98524e-10	-0.0922644
6.98617e-10	-0.0922972
6.98709e-10	-0.0923298
6.98801e-10	-0.0923624
6.98894e-10	-0.0923948
6.98986e-10	-0.0924271
6.99079e-10	-0.0924593
6.99171e-10	-0.0924914
6.99263e-10	-0.0925233
6.99356e-10	-0.0925551
6.99448e-10	-0.0925868
6.99541e-10	-0.0926183
6.99633e-10	-0.0926498
6.99725e-10	-0.0926811
6.99818e-10	-0.0927122
6.9991e-10	-0.0927433
7.00003e-10	-0.0927742
7.00095e-10	-0.092805
7.00187e-10	-0.0928356
7.0028e-10	-0.0928661
7.00372e-10	-0.0928965
7.00465e-10	-0.0929268
7.00557e-10	-0.092957
7.00649e-10	-0.092987
7.00742e-10	-0.0930168
7.00834e-10	-0.0930466
7.00927e-10	-0.0930762
7.01019e-10	-0.0931057
7.01111e-10	-0.0931351
7.01204e-10	-0.0931643
7.01296e-10	-0.0931934
7.01389e-10	-0.0932224
7.01481e-10	-0.0932512
7.01573e-10	-0.0932799
7.01666e-10	-0.0933085
7.01758e-10	-0.0933369
7.01851e-10	-0.0933652
7.01943e-10	-0.0933934
7.02036e-10	-0.0934215
7.02128e-10	-0.0934494
7.0222e-10	-0.0934772
7.02313e-10	-0.0935048
7.02405e-10	-0.0935323
7.02498e-10	-0.0935597
7.0259e-10	-0.093587
7.02682e-10	-0.0936141
7.02775e-10	-0.0936411
7.02867e-10	-0.0936679
7.0296e-10	-0.0936946
7.03052e-10	-0.0937212
7.03144e-10	-0.0937476
7.03237e-10	-0.0937739
7.03329e-10	-0.0938001
7.03422e-10	-0.0938261
7.03514e-10	-0.0938521
7.03606e-10	-0.0938778
7.03699e-10	-0.0939034
7.03791e-10	-0.0939289
7.03884e-10	-0.0939543
7.03976e-10	-0.0939795
7.04068e-10	-0.0940046
7.04161e-10	-0.0940295
7.04253e-10	-0.0940543
7.04346e-10	-0.094079
7.04438e-10	-0.0941036
7.0453e-10	-0.094128
7.04623e-10	-0.0941522
7.04715e-10	-0.0941763
7.04808e-10	-0.0942003
7.049e-10	-0.0942242
7.04992e-10	-0.0942479
7.05085e-10	-0.0942714
7.05177e-10	-0.0942948
7.0527e-10	-0.0943181
7.05362e-10	-0.0943413
7.05454e-10	-0.0943643
7.05547e-10	-0.0943872
7.05639e-10	-0.0944099
7.05732e-10	-0.0944325
7.05824e-10	-0.0944549
7.05916e-10	-0.0944772
7.06009e-10	-0.0944994
7.06101e-10	-0.0945214
7.06194e-10	-0.0945433
7.06286e-10	-0.094565
7.06378e-10	-0.0945866
7.06471e-10	-0.0946081
7.06563e-10	-0.0946294
7.06656e-10	-0.0946506
7.06748e-10	-0.0946716
7.0684e-10	-0.0946925
7.06933e-10	-0.0947132
7.07025e-10	-0.0947338
7.07118e-10	-0.0947543
7.0721e-10	-0.0947746
7.07303e-10	-0.0947947
7.07395e-10	-0.0948148
7.07487e-10	-0.0948346
7.0758e-10	-0.0948544
7.07672e-10	-0.094874
7.07765e-10	-0.0948934
7.07857e-10	-0.0949127
7.07949e-10	-0.0949319
7.08042e-10	-0.0949509
7.08134e-10	-0.0949697
7.08227e-10	-0.0949885
7.08319e-10	-0.095007
7.08411e-10	-0.0950255
7.08504e-10	-0.0950437
7.08596e-10	-0.0950619
7.08689e-10	-0.0950799
7.08781e-10	-0.0950977
7.08873e-10	-0.0951154
7.08966e-10	-0.0951329
7.09058e-10	-0.0951503
7.09151e-10	-0.0951676
7.09243e-10	-0.0951847
7.09335e-10	-0.0952016
7.09428e-10	-0.0952184
7.0952e-10	-0.0952351
7.09613e-10	-0.0952516
7.09705e-10	-0.095268
7.09797e-10	-0.0952842
7.0989e-10	-0.0953002
7.09982e-10	-0.0953161
7.10075e-10	-0.0953319
7.10167e-10	-0.0953475
7.10259e-10	-0.095363
7.10352e-10	-0.0953783
7.10444e-10	-0.0953934
7.10537e-10	-0.0954085
7.10629e-10	-0.0954233
7.10721e-10	-0.095438
7.10814e-10	-0.0954526
7.10906e-10	-0.095467
7.10999e-10	-0.0954812
7.11091e-10	-0.0954953
7.11183e-10	-0.0955093
7.11276e-10	-0.0955231
7.11368e-10	-0.0955367
7.11461e-10	-0.0955502
7.11553e-10	-0.0955635
7.11645e-10	-0.0955767
7.11738e-10	-0.0955897
7.1183e-10	-0.0956026
7.11923e-10	-0.0956153
7.12015e-10	-0.0956279
7.12107e-10	-0.0956403
7.122e-10	-0.0956526
7.12292e-10	-0.0956647
7.12385e-10	-0.0956766
7.12477e-10	-0.0956884
7.1257e-10	-0.0957001
7.12662e-10	-0.0957116
7.12754e-10	-0.0957229
7.12847e-10	-0.0957341
7.12939e-10	-0.0957451
7.13032e-10	-0.095756
7.13124e-10	-0.0957667
7.13216e-10	-0.0957772
7.13309e-10	-0.0957876
7.13401e-10	-0.0957978
7.13494e-10	-0.0958079
7.13586e-10	-0.0958178
7.13678e-10	-0.0958276
7.13771e-10	-0.0958372
7.13863e-10	-0.0958467
7.13956e-10	-0.095856
7.14048e-10	-0.0958651
7.1414e-10	-0.0958741
7.14233e-10	-0.0958829
7.14325e-10	-0.0958915
7.14418e-10	-0.0959
7.1451e-10	-0.0959084
7.14602e-10	-0.0959166
7.14695e-10	-0.0959246
7.14787e-10	-0.0959324
7.1488e-10	-0.0959401
7.14972e-10	-0.0959477
7.15064e-10	-0.0959551
7.15157e-10	-0.0959623
7.15249e-10	-0.0959693
7.15342e-10	-0.0959762
7.15434e-10	-0.095983
7.15526e-10	-0.0959895
7.15619e-10	-0.095996
7.15711e-10	-0.0960022
7.15804e-10	-0.0960083
7.15896e-10	-0.0960142
7.15988e-10	-0.09602
7.16081e-10	-0.0960256
7.16173e-10	-0.096031
7.16266e-10	-0.0960363
7.16358e-10	-0.0960414
7.1645e-10	-0.0960464
7.16543e-10	-0.0960512
7.16635e-10	-0.0960558
7.16728e-10	-0.0960603
7.1682e-10	-0.0960646
7.16912e-10	-0.0960687
7.17005e-10	-0.0960727
7.17097e-10	-0.0960765
7.1719e-10	-0.0960801
7.17282e-10	-0.0960836
7.17374e-10	-0.0960869
7.17467e-10	-0.09609
7.17559e-10	-0.096093
7.17652e-10	-0.0960958
7.17744e-10	-0.0960985
7.17837e-10	-0.0961009
7.17929e-10	-0.0961033
7.18021e-10	-0.0961054
7.18114e-10	-0.0961074
7.18206e-10	-0.0961092
7.18299e-10	-0.0961109
7.18391e-10	-0.0961123
7.18483e-10	-0.0961137
7.18576e-10	-0.0961148
7.18668e-10	-0.0961158
7.18761e-10	-0.0961166
7.18853e-10	-0.0961172
7.18945e-10	-0.0961177
7.19038e-10	-0.096118
7.1913e-10	-0.0961181
7.19223e-10	-0.0961181
7.19315e-10	-0.0961179
7.19407e-10	-0.0961175
7.195e-10	-0.096117
7.19592e-10	-0.0961163
7.19685e-10	-0.0961154
7.19777e-10	-0.0961144
7.19869e-10	-0.0961131
7.19962e-10	-0.0961117
7.20054e-10	-0.0961102
7.20147e-10	-0.0961085
7.20239e-10	-0.0961066
7.20331e-10	-0.0961045
7.20424e-10	-0.0961022
7.20516e-10	-0.0960998
7.20609e-10	-0.0960972
7.20701e-10	-0.0960945
7.20793e-10	-0.0960915
7.20886e-10	-0.0960884
7.20978e-10	-0.0960852
7.21071e-10	-0.0960817
7.21163e-10	-0.0960781
7.21255e-10	-0.0960743
7.21348e-10	-0.0960703
7.2144e-10	-0.0960662
7.21533e-10	-0.0960619
7.21625e-10	-0.0960574
7.21717e-10	-0.0960527
7.2181e-10	-0.0960479
7.21902e-10	-0.0960429
7.21995e-10	-0.0960377
7.22087e-10	-0.0960323
7.22179e-10	-0.0960268
7.22272e-10	-0.0960211
7.22364e-10	-0.0960152
7.22457e-10	-0.0960091
7.22549e-10	-0.0960029
7.22641e-10	-0.0959965
7.22734e-10	-0.0959899
7.22826e-10	-0.0959831
7.22919e-10	-0.0959762
7.23011e-10	-0.0959691
7.23104e-10	-0.0959618
7.23196e-10	-0.0959543
7.23288e-10	-0.0959467
7.23381e-10	-0.0959389
7.23473e-10	-0.0959309
7.23566e-10	-0.0959227
7.23658e-10	-0.0959143
7.2375e-10	-0.0959058
7.23843e-10	-0.0958971
7.23935e-10	-0.0958882
7.24028e-10	-0.0958791
7.2412e-10	-0.0958699
7.24212e-10	-0.0958605
7.24305e-10	-0.0958508
7.24397e-10	-0.0958411
7.2449e-10	-0.0958311
7.24582e-10	-0.095821
7.24674e-10	-0.0958106
7.24767e-10	-0.0958001
7.24859e-10	-0.0957894
7.24952e-10	-0.0957786
7.25044e-10	-0.0957675
7.25136e-10	-0.0957563
7.25229e-10	-0.0957449
7.25321e-10	-0.0957333
7.25414e-10	-0.0957216
7.25506e-10	-0.0957096
7.25598e-10	-0.0956975
7.25691e-10	-0.0956852
7.25783e-10	-0.0956727
7.25876e-10	-0.09566
7.25968e-10	-0.0956472
7.2606e-10	-0.0956341
7.26153e-10	-0.0956209
7.26245e-10	-0.0956075
7.26338e-10	-0.0955939
7.2643e-10	-0.0955801
7.26522e-10	-0.0955662
7.26615e-10	-0.095552
7.26707e-10	-0.0955377
7.268e-10	-0.0955232
7.26892e-10	-0.0955085
7.26984e-10	-0.0954937
7.27077e-10	-0.0954786
7.27169e-10	-0.0954634
7.27262e-10	-0.095448
7.27354e-10	-0.0954323
7.27446e-10	-0.0954165
7.27539e-10	-0.0954006
7.27631e-10	-0.0953844
7.27724e-10	-0.0953681
7.27816e-10	-0.0953515
7.27908e-10	-0.0953348
7.28001e-10	-0.0953179
7.28093e-10	-0.0953008
7.28186e-10	-0.0952835
7.28278e-10	-0.095266
7.28371e-10	-0.0952484
7.28463e-10	-0.0952305
7.28555e-10	-0.0952125
7.28648e-10	-0.0951943
7.2874e-10	-0.0951759
7.28833e-10	-0.0951573
7.28925e-10	-0.0951385
7.29017e-10	-0.0951196
7.2911e-10	-0.0951004
7.29202e-10	-0.0950811
7.29295e-10	-0.0950616
7.29387e-10	-0.0950418
7.29479e-10	-0.0950219
7.29572e-10	-0.0950018
7.29664e-10	-0.0949816
7.29757e-10	-0.0949611
7.29849e-10	-0.0949404
7.29941e-10	-0.0949196
7.30034e-10	-0.0948985
7.30126e-10	-0.0948773
7.30219e-10	-0.0948559
7.30311e-10	-0.0948342
7.30403e-10	-0.0948124
7.30496e-10	-0.0947905
7.30588e-10	-0.0947683
7.30681e-10	-0.0947459
7.30773e-10	-0.0947233
7.30865e-10	-0.0947006
7.30958e-10	-0.0946776
7.3105e-10	-0.0946545
7.31143e-10	-0.0946311
7.31235e-10	-0.0946076
7.31327e-10	-0.0945839
7.3142e-10	-0.09456
7.31512e-10	-0.0945359
7.31605e-10	-0.0945116
7.31697e-10	-0.0944871
7.31789e-10	-0.0944624
7.31882e-10	-0.0944376
7.31974e-10	-0.0944125
7.32067e-10	-0.0943872
7.32159e-10	-0.0943618
7.32251e-10	-0.0943361
7.32344e-10	-0.0943103
7.32436e-10	-0.0942843
7.32529e-10	-0.094258
7.32621e-10	-0.0942316
7.32713e-10	-0.094205
7.32806e-10	-0.0941782
7.32898e-10	-0.0941512
7.32991e-10	-0.094124
7.33083e-10	-0.0940966
7.33175e-10	-0.094069
7.33268e-10	-0.0940412
7.3336e-10	-0.0940132
7.33453e-10	-0.093985
7.33545e-10	-0.0939567
7.33637e-10	-0.0939281
7.3373e-10	-0.0938993
7.33822e-10	-0.0938704
7.33915e-10	-0.0938412
7.34007e-10	-0.0938118
7.341e-10	-0.0937823
7.34192e-10	-0.0937525
7.34284e-10	-0.0937226
7.34377e-10	-0.0936924
7.34469e-10	-0.0936621
7.34562e-10	-0.0936316
7.34654e-10	-0.0936008
7.34746e-10	-0.0935699
7.34839e-10	-0.0935387
7.34931e-10	-0.0935074
7.35024e-10	-0.0934759
7.35116e-10	-0.0934442
7.35208e-10	-0.0934122
7.35301e-10	-0.0933801
7.35393e-10	-0.0933478
7.35486e-10	-0.0933152
7.35578e-10	-0.0932825
7.3567e-10	-0.0932496
7.35763e-10	-0.0932165
7.35855e-10	-0.0931831
7.35948e-10	-0.0931496
7.3604e-10	-0.0931159
7.36132e-10	-0.093082
7.36225e-10	-0.0930478
7.36317e-10	-0.0930135
7.3641e-10	-0.092979
7.36502e-10	-0.0929442
7.36594e-10	-0.0929093
7.36687e-10	-0.0928742
7.36779e-10	-0.0928388
7.36872e-10	-0.0928033
7.36964e-10	-0.0927676
7.37056e-10	-0.0927316
7.37149e-10	-0.0926955
7.37241e-10	-0.0926591
7.37334e-10	-0.0926226
7.37426e-10	-0.0925858
7.37518e-10	-0.0925489
7.37611e-10	-0.0925117
7.37703e-10	-0.0924744
7.37796e-10	-0.0924368
7.37888e-10	-0.0923991
7.3798e-10	-0.0923611
7.38073e-10	-0.0923229
7.38165e-10	-0.0922846
7.38258e-10	-0.092246
7.3835e-10	-0.0922072
7.38442e-10	-0.0921682
7.38535e-10	-0.092129
7.38627e-10	-0.0920896
7.3872e-10	-0.09205
7.38812e-10	-0.0920102
7.38904e-10	-0.0919702
7.38997e-10	-0.09193
7.39089e-10	-0.0918896
7.39182e-10	-0.091849
7.39274e-10	-0.0918081
7.39367e-10	-0.0917671
7.39459e-10	-0.0917258
7.39551e-10	-0.0916844
7.39644e-10	-0.0916427
7.39736e-10	-0.0916009
7.39829e-10	-0.0915588
7.39921e-10	-0.0915165
7.40013e-10	-0.0914741
7.40106e-10	-0.0914314
7.40198e-10	-0.0913885
7.40291e-10	-0.0913454
7.40383e-10	-0.0913021
7.40475e-10	-0.0912586
7.40568e-10	-0.0912148
7.4066e-10	-0.0911709
7.40753e-10	-0.0911268
7.40845e-10	-0.0910824
7.40937e-10	-0.0910379
7.4103e-10	-0.0909931
7.41122e-10	-0.0909481
7.41215e-10	-0.090903
7.41307e-10	-0.0908576
7.41399e-10	-0.090812
7.41492e-10	-0.0907662
7.41584e-10	-0.0907202
7.41677e-10	-0.0906739
7.41769e-10	-0.0906275
7.41861e-10	-0.0905809
7.41954e-10	-0.090534
7.42046e-10	-0.0904869
7.42139e-10	-0.0904397
7.42231e-10	-0.0903922
7.42323e-10	-0.0903445
7.42416e-10	-0.0902966
7.42508e-10	-0.0902485
7.42601e-10	-0.0902001
7.42693e-10	-0.0901516
7.42785e-10	-0.0901029
7.42878e-10	-0.0900539
7.4297e-10	-0.0900047
7.43063e-10	-0.0899554
7.43155e-10	-0.0899058
7.43247e-10	-0.089856
7.4334e-10	-0.089806
7.43432e-10	-0.0897557
7.43525e-10	-0.0897053
7.43617e-10	-0.0896546
7.43709e-10	-0.0896038
7.43802e-10	-0.0895527
7.43894e-10	-0.0895014
7.43987e-10	-0.0894499
7.44079e-10	-0.0893982
7.44171e-10	-0.0893463
7.44264e-10	-0.0892942
7.44356e-10	-0.0892418
7.44449e-10	-0.0891892
7.44541e-10	-0.0891365
7.44634e-10	-0.0890835
7.44726e-10	-0.0890303
7.44818e-10	-0.0889768
7.44911e-10	-0.0889232
7.45003e-10	-0.0888694
7.45096e-10	-0.0888153
7.45188e-10	-0.088761
7.4528e-10	-0.0887065
7.45373e-10	-0.0886518
7.45465e-10	-0.0885969
7.45558e-10	-0.0885418
7.4565e-10	-0.0884864
7.45742e-10	-0.0884309
7.45835e-10	-0.0883751
7.45927e-10	-0.0883191
7.4602e-10	-0.0882629
7.46112e-10	-0.0882065
7.46204e-10	-0.0881498
7.46297e-10	-0.088093
7.46389e-10	-0.0880359
7.46482e-10	-0.0879786
7.46574e-10	-0.0879211
7.46666e-10	-0.0878634
7.46759e-10	-0.0878054
7.46851e-10	-0.0877473
7.46944e-10	-0.0876889
7.47036e-10	-0.0876303
7.47128e-10	-0.0875715
7.47221e-10	-0.0875125
7.47313e-10	-0.0874532
7.47406e-10	-0.0873938
7.47498e-10	-0.0873341
7.4759e-10	-0.0872742
7.47683e-10	-0.0872141
7.47775e-10	-0.0871538
7.47868e-10	-0.0870932
7.4796e-10	-0.0870325
7.48052e-10	-0.0869715
7.48145e-10	-0.0869103
7.48237e-10	-0.0868489
7.4833e-10	-0.0867872
7.48422e-10	-0.0867254
7.48514e-10	-0.0866633
7.48607e-10	-0.086601
7.48699e-10	-0.0865385
7.48792e-10	-0.0864758
7.48884e-10	-0.0864128
7.48976e-10	-0.0863496
7.49069e-10	-0.0862862
7.49161e-10	-0.0862226
7.49254e-10	-0.0861588
7.49346e-10	-0.0860948
7.49438e-10	-0.0860305
7.49531e-10	-0.085966
7.49623e-10	-0.0859013
7.49716e-10	-0.0858364
7.49808e-10	-0.0857712
7.49901e-10	-0.0857058
7.49993e-10	-0.0856402
7.50085e-10	-0.0855744
7.50178e-10	-0.0855084
7.5027e-10	-0.0854421
7.50363e-10	-0.0853757
7.50455e-10	-0.085309
7.50547e-10	-0.085242
7.5064e-10	-0.0851749
7.50732e-10	-0.0851075
7.50825e-10	-0.08504
7.50917e-10	-0.0849722
7.51009e-10	-0.0849041
7.51102e-10	-0.0848359
7.51194e-10	-0.0847674
7.51287e-10	-0.0846987
7.51379e-10	-0.0846298
7.51471e-10	-0.0845607
7.51564e-10	-0.0844913
7.51656e-10	-0.0844217
7.51749e-10	-0.0843519
7.51841e-10	-0.0842819
7.51933e-10	-0.0842116
7.52026e-10	-0.0841412
7.52118e-10	-0.0840705
7.52211e-10	-0.0839995
7.52303e-10	-0.0839284
7.52395e-10	-0.083857
7.52488e-10	-0.0837854
7.5258e-10	-0.0837136
7.52673e-10	-0.0836416
7.52765e-10	-0.0835693
7.52857e-10	-0.0834968
7.5295e-10	-0.0834241
7.53042e-10	-0.0833512
7.53135e-10	-0.083278
7.53227e-10	-0.0832046
7.53319e-10	-0.083131
7.53412e-10	-0.0830572
7.53504e-10	-0.0829831
7.53597e-10	-0.0829088
7.53689e-10	-0.0828343
7.53781e-10	-0.0827596
7.53874e-10	-0.0826846
7.53966e-10	-0.0826094
7.54059e-10	-0.082534
7.54151e-10	-0.0824584
7.54243e-10	-0.0823825
7.54336e-10	-0.0823065
7.54428e-10	-0.0822301
7.54521e-10	-0.0821536
7.54613e-10	-0.0820768
7.54705e-10	-0.0819998
7.54798e-10	-0.0819226
7.5489e-10	-0.0818452
7.54983e-10	-0.0817675
7.55075e-10	-0.0816896
7.55168e-10	-0.0816115
7.5526e-10	-0.0815331
7.55352e-10	-0.0814546
7.55445e-10	-0.0813758
7.55537e-10	-0.0812967
7.5563e-10	-0.0812175
7.55722e-10	-0.081138
7.55814e-10	-0.0810583
7.55907e-10	-0.0809784
7.55999e-10	-0.0808982
7.56092e-10	-0.0808178
7.56184e-10	-0.0807372
7.56276e-10	-0.0806563
7.56369e-10	-0.0805753
7.56461e-10	-0.0804939
7.56554e-10	-0.0804124
7.56646e-10	-0.0803307
7.56738e-10	-0.0802487
7.56831e-10	-0.0801665
7.56923e-10	-0.080084
7.57016e-10	-0.0800013
7.57108e-10	-0.0799184
7.572e-10	-0.0798353
7.57293e-10	-0.0797519
7.57385e-10	-0.0796684
7.57478e-10	-0.0795845
7.5757e-10	-0.0795005
7.57662e-10	-0.0794162
7.57755e-10	-0.0793317
7.57847e-10	-0.079247
7.5794e-10	-0.079162
7.58032e-10	-0.0790768
7.58124e-10	-0.0789914
7.58217e-10	-0.0789058
7.58309e-10	-0.0788199
7.58402e-10	-0.0787338
7.58494e-10	-0.0786474
7.58586e-10	-0.0785609
7.58679e-10	-0.0784741
7.58771e-10	-0.078387
7.58864e-10	-0.0782998
7.58956e-10	-0.0782123
7.59048e-10	-0.0781246
7.59141e-10	-0.0780366
7.59233e-10	-0.0779484
7.59326e-10	-0.07786
7.59418e-10	-0.0777714
7.5951e-10	-0.0776825
7.59603e-10	-0.0775934
7.59695e-10	-0.0775041
7.59788e-10	-0.0774145
7.5988e-10	-0.0773247
7.59972e-10	-0.0772347
7.60065e-10	-0.0771444
7.60157e-10	-0.0770539
7.6025e-10	-0.0769632
7.60342e-10	-0.0768723
7.60435e-10	-0.0767811
7.60527e-10	-0.0766897
7.60619e-10	-0.076598
7.60712e-10	-0.0765061
7.60804e-10	-0.076414
7.60897e-10	-0.0763217
7.60989e-10	-0.0762291
7.61081e-10	-0.0761363
7.61174e-10	-0.0760433
7.61266e-10	-0.07595
7.61359e-10	-0.0758565
7.61451e-10	-0.0757628
7.61543e-10	-0.0756688
7.61636e-10	-0.0755746
7.61728e-10	-0.0754802
7.61821e-10	-0.0753855
7.61913e-10	-0.0752906
7.62005e-10	-0.0751955
7.62098e-10	-0.0751001
7.6219e-10	-0.0750045
7.62283e-10	-0.0749087
7.62375e-10	-0.0748126
7.62467e-10	-0.0747163
7.6256e-10	-0.0746198
7.62652e-10	-0.074523
7.62745e-10	-0.0744261
7.62837e-10	-0.0743288
7.62929e-10	-0.0742314
7.63022e-10	-0.0741337
7.63114e-10	-0.0740357
7.63207e-10	-0.0739376
7.63299e-10	-0.0738392
7.63391e-10	-0.0737406
7.63484e-10	-0.0736417
7.63576e-10	-0.0735426
7.63669e-10	-0.0734433
7.63761e-10	-0.0733437
7.63853e-10	-0.0732439
7.63946e-10	-0.0731439
7.64038e-10	-0.0730436
7.64131e-10	-0.0729431
7.64223e-10	-0.0728424
7.64315e-10	-0.0727414
7.64408e-10	-0.0726402
7.645e-10	-0.0725388
7.64593e-10	-0.0724371
7.64685e-10	-0.0723352
7.64777e-10	-0.0722331
7.6487e-10	-0.0721307
7.64962e-10	-0.0720281
7.65055e-10	-0.0719252
7.65147e-10	-0.0718222
7.65239e-10	-0.0717188
7.65332e-10	-0.0716153
7.65424e-10	-0.0715115
7.65517e-10	-0.0714075
7.65609e-10	-0.0713032
7.65702e-10	-0.0711987
7.65794e-10	-0.071094
7.65886e-10	-0.0709891
7.65979e-10	-0.0708839
7.66071e-10	-0.0707784
7.66164e-10	-0.0706728
7.66256e-10	-0.0705669
7.66348e-10	-0.0704607
7.66441e-10	-0.0703544
7.66533e-10	-0.0702477
7.66626e-10	-0.0701409
7.66718e-10	-0.0700338
7.6681e-10	-0.0699265
7.66903e-10	-0.069819
7.66995e-10	-0.0697112
7.67088e-10	-0.0696032
7.6718e-10	-0.0694949
7.67272e-10	-0.0693864
7.67365e-10	-0.0692777
7.67457e-10	-0.0691687
7.6755e-10	-0.0690595
7.67642e-10	-0.0689501
7.67734e-10	-0.0688404
7.67827e-10	-0.0687305
7.67919e-10	-0.0686203
7.68012e-10	-0.0685099
7.68104e-10	-0.0683993
7.68196e-10	-0.0682885
7.68289e-10	-0.0681774
7.68381e-10	-0.068066
7.68474e-10	-0.0679545
7.68566e-10	-0.0678427
7.68658e-10	-0.0677306
7.68751e-10	-0.0676183
7.68843e-10	-0.0675058
7.68936e-10	-0.0673931
7.69028e-10	-0.0672801
7.6912e-10	-0.0671669
7.69213e-10	-0.0670534
7.69305e-10	-0.0669397
7.69398e-10	-0.0668258
7.6949e-10	-0.0667116
7.69582e-10	-0.0665972
7.69675e-10	-0.0664826
7.69767e-10	-0.0663677
7.6986e-10	-0.0662526
7.69952e-10	-0.0661372
7.70044e-10	-0.0660216
7.70137e-10	-0.0659058
7.70229e-10	-0.0657897
7.70322e-10	-0.0656734
7.70414e-10	-0.0655568
7.70506e-10	-0.0654401
7.70599e-10	-0.065323
7.70691e-10	-0.0652058
7.70784e-10	-0.0650883
7.70876e-10	-0.0649706
7.70969e-10	-0.0648526
7.71061e-10	-0.0647344
7.71153e-10	-0.0646159
7.71246e-10	-0.0644973
7.71338e-10	-0.0643783
7.71431e-10	-0.0642592
7.71523e-10	-0.0641398
7.71615e-10	-0.0640202
7.71708e-10	-0.0639003
7.718e-10	-0.0637802
7.71893e-10	-0.0636598
7.71985e-10	-0.0635393
7.72077e-10	-0.0634184
7.7217e-10	-0.0632974
7.72262e-10	-0.0631761
7.72355e-10	-0.0630545
7.72447e-10	-0.0629328
7.72539e-10	-0.0628108
7.72632e-10	-0.0626885
7.72724e-10	-0.062566
7.72817e-10	-0.0624433
7.72909e-10	-0.0623203
7.73001e-10	-0.0621971
7.73094e-10	-0.0620737
7.73186e-10	-0.06195
7.73279e-10	-0.0618261
7.73371e-10	-0.0617019
7.73463e-10	-0.0615775
7.73556e-10	-0.0614529
7.73648e-10	-0.061328
7.73741e-10	-0.0612029
7.73833e-10	-0.0610776
7.73925e-10	-0.060952
7.74018e-10	-0.0608262
7.7411e-10	-0.0607001
7.74203e-10	-0.0605738
7.74295e-10	-0.0604473
7.74387e-10	-0.0603205
7.7448e-10	-0.0601935
7.74572e-10	-0.0600662
7.74665e-10	-0.0599388
7.74757e-10	-0.059811
7.74849e-10	-0.0596831
7.74942e-10	-0.0595549
7.75034e-10	-0.0594264
7.75127e-10	-0.0592977
7.75219e-10	-0.0591688
7.75311e-10	-0.0590396
7.75404e-10	-0.0589102
7.75496e-10	-0.0587806
7.75589e-10	-0.0586507
7.75681e-10	-0.0585206
7.75773e-10	-0.0583903
7.75866e-10	-0.0582597
7.75958e-10	-0.0581288
7.76051e-10	-0.0579978
7.76143e-10	-0.0578665
7.76236e-10	-0.0577349
7.76328e-10	-0.0576031
7.7642e-10	-0.0574711
7.76513e-10	-0.0573389
7.76605e-10	-0.0572064
7.76698e-10	-0.0570736
7.7679e-10	-0.0569406
7.76882e-10	-0.0568074
7.76975e-10	-0.056674
7.77067e-10	-0.0565403
7.7716e-10	-0.0564063
7.77252e-10	-0.0562722
7.77344e-10	-0.0561378
7.77437e-10	-0.0560031
7.77529e-10	-0.0558682
7.77622e-10	-0.0557331
7.77714e-10	-0.0555978
7.77806e-10	-0.0554621
7.77899e-10	-0.0553263
7.77991e-10	-0.0551902
7.78084e-10	-0.0550539
7.78176e-10	-0.0549174
7.78268e-10	-0.0547806
7.78361e-10	-0.0546435
7.78453e-10	-0.0545063
7.78546e-10	-0.0543687
7.78638e-10	-0.054231
7.7873e-10	-0.054093
7.78823e-10	-0.0539548
7.78915e-10	-0.0538163
7.79008e-10	-0.0536776
7.791e-10	-0.0535387
7.79192e-10	-0.0533995
7.79285e-10	-0.0532601
7.79377e-10	-0.0531204
7.7947e-10	-0.0529805
7.79562e-10	-0.0528404
7.79654e-10	-0.0527
7.79747e-10	-0.0525594
7.79839e-10	-0.0524186
7.79932e-10	-0.0522775
7.80024e-10	-0.0521361
7.80116e-10	-0.0519946
7.80209e-10	-0.0518528
7.80301e-10	-0.0517107
7.80394e-10	-0.0515685
7.80486e-10	-0.0514259
7.80578e-10	-0.0512832
7.80671e-10	-0.0511402
7.80763e-10	-0.050997
7.80856e-10	-0.0508535
7.80948e-10	-0.0507098
7.8104e-10	-0.0505658
7.81133e-10	-0.0504216
7.81225e-10	-0.0502772
7.81318e-10	-0.0501326
7.8141e-10	-0.0499877
7.81503e-10	-0.0498425
7.81595e-10	-0.0496971
7.81687e-10	-0.0495515
7.8178e-10	-0.0494057
7.81872e-10	-0.0492596
7.81965e-10	-0.0491133
7.82057e-10	-0.0489667
7.82149e-10	-0.0488199
7.82242e-10	-0.0486728
7.82334e-10	-0.0485256
7.82427e-10	-0.048378
7.82519e-10	-0.0482303
7.82611e-10	-0.0480823
7.82704e-10	-0.0479341
7.82796e-10	-0.0477856
7.82889e-10	-0.0476369
7.82981e-10	-0.0474879
7.83073e-10	-0.0473388
7.83166e-10	-0.0471893
7.83258e-10	-0.0470397
7.83351e-10	-0.0468898
7.83443e-10	-0.0467397
7.83535e-10	-0.0465893
7.83628e-10	-0.0464387
7.8372e-10	-0.0462878
7.83813e-10	-0.0461367
7.83905e-10	-0.0459854
7.83997e-10	-0.0458339
7.8409e-10	-0.0456821
7.84182e-10	-0.04553
7.84275e-10	-0.0453778
7.84367e-10	-0.0452253
7.84459e-10	-0.0450725
7.84552e-10	-0.0449195
7.84644e-10	-0.0447663
7.84737e-10	-0.0446129
7.84829e-10	-0.0444592
7.84921e-10	-0.0443052
7.85014e-10	-0.0441511
7.85106e-10	-0.0439967
7.85199e-10	-0.043842
7.85291e-10	-0.0436871
7.85383e-10	-0.043532
7.85476e-10	-0.0433767
7.85568e-10	-0.0432211
7.85661e-10	-0.0430653
7.85753e-10	-0.0429092
7.85845e-10	-0.0427529
7.85938e-10	-0.0425964
7.8603e-10	-0.0424396
7.86123e-10	-0.0422826
7.86215e-10	-0.0421254
7.86307e-10	-0.0419679
7.864e-10	-0.0418102
7.86492e-10	-0.0416522
7.86585e-10	-0.041494
7.86677e-10	-0.0413356
7.8677e-10	-0.0411769
7.86862e-10	-0.041018
7.86954e-10	-0.0408589
7.87047e-10	-0.0406995
7.87139e-10	-0.0405399
7.87232e-10	-0.0403801
7.87324e-10	-0.04022
7.87416e-10	-0.0400597
7.87509e-10	-0.0398992
7.87601e-10	-0.0397384
7.87694e-10	-0.0395773
7.87786e-10	-0.0394161
7.87878e-10	-0.0392546
7.87971e-10	-0.0390929
7.88063e-10	-0.0389309
7.88156e-10	-0.0387687
7.88248e-10	-0.0386063
7.8834e-10	-0.0384436
7.88433e-10	-0.0382807
7.88525e-10	-0.0381176
7.88618e-10	-0.0379542
7.8871e-10	-0.0377906
7.88802e-10	-0.0376268
7.88895e-10	-0.0374627
7.88987e-10	-0.0372984
7.8908e-10	-0.0371338
7.89172e-10	-0.036969
7.89264e-10	-0.036804
7.89357e-10	-0.0366388
7.89449e-10	-0.0364733
7.89542e-10	-0.0363076
7.89634e-10	-0.0361416
7.89726e-10	-0.0359754
7.89819e-10	-0.035809
7.89911e-10	-0.0356423
7.90004e-10	-0.0354754
7.90096e-10	-0.0353083
7.90188e-10	-0.035141
7.90281e-10	-0.0349734
7.90373e-10	-0.0348055
7.90466e-10	-0.0346375
7.90558e-10	-0.0344692
7.9065e-10	-0.0343007
7.90743e-10	-0.0341319
7.90835e-10	-0.0339629
7.90928e-10	-0.0337937
7.9102e-10	-0.0336242
7.91112e-10	-0.0334545
7.91205e-10	-0.0332846
7.91297e-10	-0.0331144
7.9139e-10	-0.032944
7.91482e-10	-0.0327734
7.91574e-10	-0.0326025
7.91667e-10	-0.0324314
7.91759e-10	-0.0322601
7.91852e-10	-0.0320886
7.91944e-10	-0.0319168
7.92037e-10	-0.0317447
7.92129e-10	-0.0315725
7.92221e-10	-0.0314
7.92314e-10	-0.0312273
7.92406e-10	-0.0310543
7.92499e-10	-0.0308811
7.92591e-10	-0.0307077
7.92683e-10	-0.0305341
7.92776e-10	-0.0303602
7.92868e-10	-0.0301861
7.92961e-10	-0.0300117
7.93053e-10	-0.0298371
7.93145e-10	-0.0296623
7.93238e-10	-0.0294873
7.9333e-10	-0.029312
7.93423e-10	-0.0291365
7.93515e-10	-0.0289608
7.93607e-10	-0.0287848
7.937e-10	-0.0286086
7.93792e-10	-0.0284322
7.93885e-10	-0.0282555
7.93977e-10	-0.0280787
7.94069e-10	-0.0279015
7.94162e-10	-0.0277242
7.94254e-10	-0.0275466
7.94347e-10	-0.0273688
7.94439e-10	-0.0271908
7.94531e-10	-0.0270125
7.94624e-10	-0.026834
7.94716e-10	-0.0266553
7.94809e-10	-0.0264763
7.94901e-10	-0.0262971
7.94993e-10	-0.0261177
7.95086e-10	-0.025938
7.95178e-10	-0.0257581
7.95271e-10	-0.025578
7.95363e-10	-0.0253977
7.95455e-10	-0.0252171
7.95548e-10	-0.0250363
7.9564e-10	-0.0248553
7.95733e-10	-0.024674
7.95825e-10	-0.0244926
7.95917e-10	-0.0243108
7.9601e-10	-0.0241289
7.96102e-10	-0.0239467
7.96195e-10	-0.0237643
7.96287e-10	-0.0235817
7.96379e-10	-0.0233989
7.96472e-10	-0.0232158
7.96564e-10	-0.0230325
7.96657e-10	-0.0228489
7.96749e-10	-0.0226651
7.96841e-10	-0.0224811
7.96934e-10	-0.0222969
7.97026e-10	-0.0221125
7.97119e-10	-0.0219278
7.97211e-10	-0.0217429
7.97304e-10	-0.0215578
7.97396e-10	-0.0213724
7.97488e-10	-0.0211868
7.97581e-10	-0.021001
7.97673e-10	-0.0208149
7.97766e-10	-0.0206287
7.97858e-10	-0.0204422
7.9795e-10	-0.0202555
7.98043e-10	-0.0200685
7.98135e-10	-0.0198813
7.98228e-10	-0.0196939
7.9832e-10	-0.0195063
7.98412e-10	-0.0193185
7.98505e-10	-0.0191304
7.98597e-10	-0.0189421
7.9869e-10	-0.0187536
7.98782e-10	-0.0185648
7.98874e-10	-0.0183758
7.98967e-10	-0.0181866
7.99059e-10	-0.0179972
7.99152e-10	-0.0178075
7.99244e-10	-0.0176177
7.99336e-10	-0.0174275
7.99429e-10	-0.0172372
7.99521e-10	-0.0170467
7.99614e-10	-0.0168559
7.99706e-10	-0.0166649
7.99798e-10	-0.0164737
7.99891e-10	-0.0162822
7.99983e-10	-0.0160905
8.00076e-10	-0.0158986
8.00168e-10	-0.0157065
8.0026e-10	-0.0155142
8.00353e-10	-0.0153216
8.00445e-10	-0.0151288
8.00538e-10	-0.0149358
8.0063e-10	-0.0147426
8.00722e-10	-0.0145491
8.00815e-10	-0.0143554
8.00907e-10	-0.0141615
8.01e-10	-0.0139674
8.01092e-10	-0.013773
8.01184e-10	-0.0135784
8.01277e-10	-0.0133836
8.01369e-10	-0.0131886
8.01462e-10	-0.0129934
8.01554e-10	-0.0127979
8.01646e-10	-0.0126022
8.01739e-10	-0.0124063
8.01831e-10	-0.0122102
8.01924e-10	-0.0120139
8.02016e-10	-0.0118173
8.02108e-10	-0.0116205
8.02201e-10	-0.0114235
8.02293e-10	-0.0112263
8.02386e-10	-0.0110288
8.02478e-10	-0.0108312
8.02571e-10	-0.0106333
8.02663e-10	-0.0104351
8.02755e-10	-0.0102368
8.02848e-10	-0.0100383
8.0294e-10	-0.00983949
8.03033e-10	-0.0096405
8.03125e-10	-0.00944129
8.03217e-10	-0.00924186
8.0331e-10	-0.00904222
8.03402e-10	-0.00884235
8.03495e-10	-0.00864226
8.03587e-10	-0.00844196
8.03679e-10	-0.00824143
8.03772e-10	-0.00804069
8.03864e-10	-0.00783973
8.03957e-10	-0.00763855
8.04049e-10	-0.00743716
8.04141e-10	-0.00723554
8.04234e-10	-0.00703371
8.04326e-10	-0.00683166
8.04419e-10	-0.0066294
8.04511e-10	-0.00642691
8.04603e-10	-0.00622421
8.04696e-10	-0.0060213
8.04788e-10	-0.00581816
8.04881e-10	-0.00561481
8.04973e-10	-0.00541124
8.05065e-10	-0.00520746
8.05158e-10	-0.00500346
8.0525e-10	-0.00479925
8.05343e-10	-0.00459481
8.05435e-10	-0.00439017
8.05527e-10	-0.0041853
8.0562e-10	-0.00398023
8.05712e-10	-0.00377493
8.05805e-10	-0.00356943
8.05897e-10	-0.0033637
8.05989e-10	-0.00315776
8.06082e-10	-0.00295161
8.06174e-10	-0.00274525
8.06267e-10	-0.00253866
8.06359e-10	-0.00233187
8.06451e-10	-0.00212486
8.06544e-10	-0.00191764
8.06636e-10	-0.0017102
8.06729e-10	-0.00150255
8.06821e-10	-0.00129469
8.06913e-10	-0.00108661
8.07006e-10	-0.000878323
8.07098e-10	-0.000669821
8.07191e-10	-0.000461106
8.07283e-10	-0.000252179
8.07375e-10	-4.30399e-05
8.07468e-10	0.000166312
8.0756e-10	0.000375875
8.07653e-10	0.00058565
8.07745e-10	0.000795637
8.07838e-10	0.00100583
8.0793e-10	0.00121624
8.08022e-10	0.00142686
8.08115e-10	0.0016377
8.08207e-10	0.00184874
8.083e-10	0.00205999
8.08392e-10	0.00227145
8.08484e-10	0.00248313
8.08577e-10	0.00269501
8.08669e-10	0.0029071
8.08762e-10	0.00311941
8.08854e-10	0.00333192
8.08946e-10	0.00354464
8.09039e-10	0.00375757
8.09131e-10	0.00397071
8.09224e-10	0.00418406
8.09316e-10	0.00439762
8.09408e-10	0.00461139
8.09501e-10	0.00482536
8.09593e-10	0.00503954
8.09686e-10	0.00525393
8.09778e-10	0.00546853
8.0987e-10	0.00568334
8.09963e-10	0.00589835
8.10055e-10	0.00611357
8.10148e-10	0.006329
8.1024e-10	0.00654463
8.10332e-10	0.00676047
8.10425e-10	0.00697652
8.10517e-10	0.00719277
8.1061e-10	0.00740923
8.10702e-10	0.0076259
8.10794e-10	0.00784277
8.10887e-10	0.00805984
8.10979e-10	0.00827713
8.11072e-10	0.00849461
8.11164e-10	0.0087123
8.11256e-10	0.0089302
8.11349e-10	0.0091483
8.11441e-10	0.00936661
8.11534e-10	0.00958512
8.11626e-10	0.00980383
8.11718e-10	0.0100227
8.11811e-10	0.0102419
8.11903e-10	0.0104612
8.11996e-10	0.0106807
8.12088e-10	0.0109005
8.1218e-10	0.0111204
8.12273e-10	0.0113405
8.12365e-10	0.0115609
8.12458e-10	0.0117814
8.1255e-10	0.0120021
8.12642e-10	0.0122231
8.12735e-10	0.0124442
8.12827e-10	0.0126656
8.1292e-10	0.0128871
8.13012e-10	0.0131089
8.13104e-10	0.0133308
8.13197e-10	0.013553
8.13289e-10	0.0137753
8.13382e-10	0.0139979
8.13474e-10	0.0142206
8.13567e-10	0.0144436
8.13659e-10	0.0146667
8.13751e-10	0.0148901
8.13844e-10	0.0151136
8.13936e-10	0.0153374
8.14029e-10	0.0155613
8.14121e-10	0.0157855
8.14213e-10	0.0160098
8.14306e-10	0.0162344
8.14398e-10	0.0164591
8.14491e-10	0.0166841
8.14583e-10	0.0169092
8.14675e-10	0.0171345
8.14768e-10	0.0173601
8.1486e-10	0.0175858
8.14953e-10	0.0178117
8.15045e-10	0.0180378
8.15137e-10	0.0182641
8.1523e-10	0.0184907
8.15322e-10	0.0187174
8.15415e-10	0.0189443
8.15507e-10	0.0191714
8.15599e-10	0.0193987
8.15692e-10	0.0196262
8.15784e-10	0.0198538
8.15877e-10	0.0200817
8.15969e-10	0.0203098
8.16061e-10	0.0205381
8.16154e-10	0.0207665
8.16246e-10	0.0209952
8.16339e-10	0.021224
8.16431e-10	0.0214531
8.16523e-10	0.0216823
8.16616e-10	0.0219117
8.16708e-10	0.0221413
8.16801e-10	0.0223712
8.16893e-10	0.0226012
8.16985e-10	0.0228314
8.17078e-10	0.0230617
8.1717e-10	0.0232923
8.17263e-10	0.0235231
8.17355e-10	0.023754
8.17447e-10	0.0239852
8.1754e-10	0.0242165
8.17632e-10	0.0244481
8.17725e-10	0.0246798
8.17817e-10	0.0249117
8.17909e-10	0.0251438
8.18002e-10	0.0253761
8.18094e-10	0.0256086
8.18187e-10	0.0258412
8.18279e-10	0.0260741
8.18371e-10	0.0263071
8.18464e-10	0.0265404
8.18556e-10	0.0267738
8.18649e-10	0.0270074
8.18741e-10	0.0272412
8.18834e-10	0.0274752
8.18926e-10	0.0277094
8.19018e-10	0.0279437
8.19111e-10	0.0281783
8.19203e-10	0.028413
8.19296e-10	0.0286479
8.19388e-10	0.028883
8.1948e-10	0.0291183
8.19573e-10	0.0293538
8.19665e-10	0.0295894
8.19758e-10	0.0298253
8.1985e-10	0.0300613
8.19942e-10	0.0302975
8.20035e-10	0.0305339
8.20127e-10	0.0307705
8.2022e-10	0.0310072
8.20312e-10	0.0312442
8.20404e-10	0.0314813
8.20497e-10	0.0317186
8.20589e-10	0.0319561
8.20682e-10	0.0321938
8.20774e-10	0.0324317
8.20866e-10	0.0326697
8.20959e-10	0.0329079
8.21051e-10	0.0331463
8.21144e-10	0.0333849
8.21236e-10	0.0336237
8.21328e-10	0.0338626
8.21421e-10	0.0341018
8.21513e-10	0.0343411
8.21606e-10	0.0345805
8.21698e-10	0.0348202
8.2179e-10	0.0350601
8.21883e-10	0.0353001
8.21975e-10	0.0355403
8.22068e-10	0.0357807
8.2216e-10	0.0360212
8.22252e-10	0.036262
8.22345e-10	0.0365029
8.22437e-10	0.036744
8.2253e-10	0.0369852
8.22622e-10	0.0372267
8.22714e-10	0.0374683
8.22807e-10	0.0377101
8.22899e-10	0.0379521
8.22992e-10	0.0381942
8.23084e-10	0.0384366
8.23176e-10	0.0386791
8.23269e-10	0.0389218
8.23361e-10	0.0391646
8.23454e-10	0.0394076
8.23546e-10	0.0396508
8.23638e-10	0.0398942
8.23731e-10	0.0401378
8.23823e-10	0.0403815
8.23916e-10	0.0406254
8.24008e-10	0.0408695
8.24101e-10	0.0411137
8.24193e-10	0.0413581
8.24285e-10	0.0416027
8.24378e-10	0.0418475
8.2447e-10	0.0420924
8.24563e-10	0.0423375
8.24655e-10	0.0425828
8.24747e-10	0.0428282
8.2484e-10	0.0430738
8.24932e-10	0.0433196
8.25025e-10	0.0435656
8.25117e-10	0.0438117
8.25209e-10	0.044058
8.25302e-10	0.0443045
8.25394e-10	0.0445511
8.25487e-10	0.0447979
8.25579e-10	0.0450449
8.25671e-10	0.045292
8.25764e-10	0.0455393
8.25856e-10	0.0457868
8.25949e-10	0.0460344
8.26041e-10	0.0462822
8.26133e-10	0.0465302
8.26226e-10	0.0467783
8.26318e-10	0.0470266
8.26411e-10	0.0472751
8.26503e-10	0.0475237
8.26595e-10	0.0477725
8.26688e-10	0.0480215
8.2678e-10	0.0482706
8.26873e-10	0.0485199
8.26965e-10	0.0487694
8.27057e-10	0.049019
8.2715e-10	0.0492688
8.27242e-10	0.0495188
8.27335e-10	0.0497689
8.27427e-10	0.0500192
8.27519e-10	0.0502696
8.27612e-10	0.0505202
8.27704e-10	0.050771
8.27797e-10	0.0510219
8.27889e-10	0.051273
8.27981e-10	0.0515242
8.28074e-10	0.0517756
8.28166e-10	0.0520272
8.28259e-10	0.0522789
8.28351e-10	0.0525308
8.28443e-10	0.0527828
8.28536e-10	0.0530351
8.28628e-10	0.0532874
8.28721e-10	0.0535399
8.28813e-10	0.0537926
8.28905e-10	0.0540455
8.28998e-10	0.0542985
8.2909e-10	0.0545516
8.29183e-10	0.0548049
8.29275e-10	0.0550584
8.29368e-10	0.055312
8.2946e-10	0.0555658
8.29552e-10	0.0558197
8.29645e-10	0.0560738
8.29737e-10	0.0563281
8.2983e-10	0.0565825
8.29922e-10	0.056837
8.30014e-10	0.0570917
8.30107e-10	0.0573466
8.30199e-10	0.0576016
8.30292e-10	0.0578568
8.30384e-10	0.0581121
8.30476e-10	0.0583676
8.30569e-10	0.0586232
8.30661e-10	0.058879
8.30754e-10	0.0591349
8.30846e-10	0.059391
8.30938e-10	0.0596472
8.31031e-10	0.0599036
8.31123e-10	0.0601602
8.31216e-10	0.0604169
8.31308e-10	0.0606737
8.314e-10	0.0609307
8.31493e-10	0.0611878
8.31585e-10	0.0614451
8.31678e-10	0.0617025
8.3177e-10	0.0619601
8.31862e-10	0.0622178
8.31955e-10	0.0624757
8.32047e-10	0.0627337
8.3214e-10	0.0629919
8.32232e-10	0.0632502
8.32324e-10	0.0635087
8.32417e-10	0.0637673
8.32509e-10	0.0640261
8.32602e-10	0.064285
8.32694e-10	0.064544
8.32786e-10	0.0648032
8.32879e-10	0.0650626
8.32971e-10	0.065322
8.33064e-10	0.0655817
8.33156e-10	0.0658414
8.33248e-10	0.0661013
8.33341e-10	0.0663614
8.33433e-10	0.0666216
8.33526e-10	0.0668819
8.33618e-10	0.0671424
8.3371e-10	0.067403
8.33803e-10	0.0676638
8.33895e-10	0.0679247
8.33988e-10	0.0681858
8.3408e-10	0.0684469
8.34172e-10	0.0687083
8.34265e-10	0.0689697
8.34357e-10	0.0692313
8.3445e-10	0.0694931
8.34542e-10	0.069755
8.34635e-10	0.070017
8.34727e-10	0.0702792
8.34819e-10	0.0705414
8.34912e-10	0.0708039
8.35004e-10	0.0710664
8.35097e-10	0.0713292
8.35189e-10	0.071592
8.35281e-10	0.071855
8.35374e-10	0.0721181
8.35466e-10	0.0723813
8.35559e-10	0.0726447
8.35651e-10	0.0729082
8.35743e-10	0.0731719
8.35836e-10	0.0734357
8.35928e-10	0.0736996
8.36021e-10	0.0739637
8.36113e-10	0.0742278
8.36205e-10	0.0744922
8.36298e-10	0.0747566
8.3639e-10	0.0750212
8.36483e-10	0.0752859
8.36575e-10	0.0755508
8.36667e-10	0.0758157
8.3676e-10	0.0760809
8.36852e-10	0.0763461
8.36945e-10	0.0766115
8.37037e-10	0.0768769
8.37129e-10	0.0771426
8.37222e-10	0.0774083
8.37314e-10	0.0776742
8.37407e-10	0.0779402
8.37499e-10	0.0782064
8.37591e-10	0.0784726
8.37684e-10	0.078739
8.37776e-10	0.0790055
8.37869e-10	0.0792722
8.37961e-10	0.0795389
8.38053e-10	0.0798058
8.38146e-10	0.0800729
8.38238e-10	0.08034
8.38331e-10	0.0806073
8.38423e-10	0.0808747
8.38515e-10	0.0811422
8.38608e-10	0.0814098
8.387e-10	0.0816776
8.38793e-10	0.0819455
8.38885e-10	0.0822135
8.38977e-10	0.0824816
8.3907e-10	0.0827499
8.39162e-10	0.0830183
8.39255e-10	0.0832867
8.39347e-10	0.0835554
8.39439e-10	0.0838241
8.39532e-10	0.084093
8.39624e-10	0.0843619
8.39717e-10	0.084631
8.39809e-10	0.0849002
8.39902e-10	0.0851696
8.39994e-10	0.085439
8.40086e-10	0.0857086
8.40179e-10	0.0859783
8.40271e-10	0.0862481
8.40364e-10	0.086518
8.40456e-10	0.086788
8.40548e-10	0.0870582
8.40641e-10	0.0873284
8.40733e-10	0.0875988
8.40826e-10	0.0878693
8.40918e-10	0.0881399
8.4101e-10	0.0884106
8.41103e-10	0.0886815
8.41195e-10	0.0889524
8.41288e-10	0.0892235
8.4138e-10	0.0894946
8.41472e-10	0.0897659
8.41565e-10	0.0900373
8.41657e-10	0.0903088
8.4175e-10	0.0905804
8.41842e-10	0.0908522
8.41934e-10	0.091124
8.42027e-10	0.091396
8.42119e-10	0.091668
8.42212e-10	0.0919402
8.42304e-10	0.0922125
8.42396e-10	0.0924848
8.42489e-10	0.0927573
8.42581e-10	0.0930299
8.42674e-10	0.0933026
8.42766e-10	0.0935755
8.42858e-10	0.0938484
8.42951e-10	0.0941214
8.43043e-10	0.0943945
8.43136e-10	0.0946678
8.43228e-10	0.0949411
8.4332e-10	0.0952146
8.43413e-10	0.0954881
8.43505e-10	0.0957618
8.43598e-10	0.0960355
8.4369e-10	0.0963094
8.43782e-10	0.0965833
8.43875e-10	0.0968574
8.43967e-10	0.0971316
8.4406e-10	0.0974058
8.44152e-10	0.0976802
8.44244e-10	0.0979547
8.44337e-10	0.0982292
8.44429e-10	0.0985039
8.44522e-10	0.0987787
8.44614e-10	0.0990535
8.44706e-10	0.0993285
8.44799e-10	0.0996035
8.44891e-10	0.0998787
8.44984e-10	0.100154
8.45076e-10	0.100429
8.45169e-10	0.100705
8.45261e-10	0.10098
8.45353e-10	0.101256
8.45446e-10	0.101532
8.45538e-10	0.101808
8.45631e-10	0.102083
8.45723e-10	0.102359
8.45815e-10	0.102636
8.45908e-10	0.102912
8.46e-10	0.103188
8.46093e-10	0.103464
8.46185e-10	0.103741
8.46277e-10	0.104018
8.4637e-10	0.104294
8.46462e-10	0.104571
8.46555e-10	0.104848
8.46647e-10	0.105125
8.46739e-10	0.105402
8.46832e-10	0.105679
8.46924e-10	0.105956
8.47017e-10	0.106233
8.47109e-10	0.106511
8.47201e-10	0.106788
8.47294e-10	0.107066
8.47386e-10	0.107343
8.47479e-10	0.107621
8.47571e-10	0.107899
8.47663e-10	0.108177
8.47756e-10	0.108455
8.47848e-10	0.108733
8.47941e-10	0.109011
8.48033e-10	0.109289
8.48125e-10	0.109568
8.48218e-10	0.109846
8.4831e-10	0.110125
8.48403e-10	0.110403
8.48495e-10	0.110682
8.48587e-10	0.110961
8.4868e-10	0.111239
8.48772e-10	0.111518
8.48865e-10	0.111797
8.48957e-10	0.112076
8.49049e-10	0.112356
8.49142e-10	0.112635
8.49234e-10	0.112914
8.49327e-10	0.113193
8.49419e-10	0.113473
8.49511e-10	0.113752
8.49604e-10	0.114032
8.49696e-10	0.114312
8.49789e-10	0.114591
8.49881e-10	0.114871
8.49973e-10	0.115151
8.50066e-10	0.115431
8.50158e-10	0.115711
8.50251e-10	0.115991
8.50343e-10	0.116272
8.50436e-10	0.116552
8.50528e-10	0.116832
8.5062e-10	0.117113
8.50713e-10	0.117393
8.50805e-10	0.117674
8.50898e-10	0.117954
8.5099e-10	0.118235
8.51082e-10	0.118516
8.51175e-10	0.118797
8.51267e-10	0.119078
8.5136e-10	0.119359
8.51452e-10	0.11964
8.51544e-10	0.119921
8.51637e-10	0.120202
8.51729e-10	0.120483
8.51822e-10	0.120765
8.51914e-10	0.121046
8.52006e-10	0.121327
8.52099e-10	0.121609
8.52191e-10	0.121891
8.52284e-10	0.122172
8.52376e-10	0.122454
8.52468e-10	0.122736
8.52561e-10	0.123018
8.52653e-10	0.123299
8.52746e-10	0.123581
8.52838e-10	0.123863
8.5293e-10	0.124146
8.53023e-10	0.124428
8.53115e-10	0.12471
8.53208e-10	0.124992
8.533e-10	0.125275
8.53392e-10	0.125557
8.53485e-10	0.125839
8.53577e-10	0.126122
8.5367e-10	0.126404
8.53762e-10	0.126687
8.53854e-10	0.12697
8.53947e-10	0.127252
8.54039e-10	0.127535
8.54132e-10	0.127818
8.54224e-10	0.128101
8.54316e-10	0.128384
8.54409e-10	0.128667
8.54501e-10	0.12895
8.54594e-10	0.129233
8.54686e-10	0.129516
8.54778e-10	0.1298
8.54871e-10	0.130083
8.54963e-10	0.130366
8.55056e-10	0.13065
8.55148e-10	0.130933
8.5524e-10	0.131216
8.55333e-10	0.1315
8.55425e-10	0.131784
8.55518e-10	0.132067
8.5561e-10	0.132351
8.55703e-10	0.132635
8.55795e-10	0.132918
8.55887e-10	0.133202
8.5598e-10	0.133486
8.56072e-10	0.13377
8.56165e-10	0.134054
8.56257e-10	0.134338
8.56349e-10	0.134622
8.56442e-10	0.134906
8.56534e-10	0.13519
8.56627e-10	0.135474
8.56719e-10	0.135759
8.56811e-10	0.136043
8.56904e-10	0.136327
8.56996e-10	0.136612
8.57089e-10	0.136896
8.57181e-10	0.13718
8.57273e-10	0.137465
8.57366e-10	0.137749
8.57458e-10	0.138034
8.57551e-10	0.138319
8.57643e-10	0.138603
8.57735e-10	0.138888
8.57828e-10	0.139173
8.5792e-10	0.139457
8.58013e-10	0.139742
8.58105e-10	0.140027
8.58197e-10	0.140312
8.5829e-10	0.140597
8.58382e-10	0.140882
8.58475e-10	0.141167
8.58567e-10	0.141452
8.58659e-10	0.141737
8.58752e-10	0.142022
8.58844e-10	0.142307
8.58937e-10	0.142592
8.59029e-10	0.142877
8.59121e-10	0.143162
8.59214e-10	0.143447
8.59306e-10	0.143733
8.59399e-10	0.144018
8.59491e-10	0.144303
8.59583e-10	0.144588
8.59676e-10	0.144874
8.59768e-10	0.145159
8.59861e-10	0.145445
8.59953e-10	0.14573
8.60045e-10	0.146016
8.60138e-10	0.146301
8.6023e-10	0.146587
8.60323e-10	0.146872
8.60415e-10	0.147158
8.60507e-10	0.147443
8.606e-10	0.147729
8.60692e-10	0.148014
8.60785e-10	0.1483
8.60877e-10	0.148586
8.6097e-10	0.148871
8.61062e-10	0.149157
8.61154e-10	0.149443
8.61247e-10	0.149729
8.61339e-10	0.150014
8.61432e-10	0.1503
8.61524e-10	0.150586
8.61616e-10	0.150872
8.61709e-10	0.151158
8.61801e-10	0.151444
8.61894e-10	0.15173
8.61986e-10	0.152015
8.62078e-10	0.152301
8.62171e-10	0.152587
8.62263e-10	0.152873
8.62356e-10	0.153159
8.62448e-10	0.153445
8.6254e-10	0.153731
8.62633e-10	0.154017
8.62725e-10	0.154303
8.62818e-10	0.154589
8.6291e-10	0.154875
8.63002e-10	0.155161
8.63095e-10	0.155447
8.63187e-10	0.155733
8.6328e-10	0.156019
8.63372e-10	0.156306
8.63464e-10	0.156592
8.63557e-10	0.156878
8.63649e-10	0.157164
8.63742e-10	0.15745
8.63834e-10	0.157736
8.63926e-10	0.158022
8.64019e-10	0.158308
8.64111e-10	0.158594
8.64204e-10	0.158881
8.64296e-10	0.159167
8.64388e-10	0.159453
8.64481e-10	0.159739
8.64573e-10	0.160025
8.64666e-10	0.160311
8.64758e-10	0.160598
8.6485e-10	0.160884
8.64943e-10	0.16117
8.65035e-10	0.161456
8.65128e-10	0.161742
8.6522e-10	0.162028
8.65312e-10	0.162314
8.65405e-10	0.162601
8.65497e-10	0.162887
8.6559e-10	0.163173
8.65682e-10	0.163459
8.65774e-10	0.163745
8.65867e-10	0.164031
8.65959e-10	0.164317
8.66052e-10	0.164604
8.66144e-10	0.16489
8.66237e-10	0.165176
8.66329e-10	0.165462
8.66421e-10	0.165748
8.66514e-10	0.166034
8.66606e-10	0.16632
8.66699e-10	0.166606
8.66791e-10	0.166892
8.66883e-10	0.167178
8.66976e-10	0.167464
8.67068e-10	0.16775
8.67161e-10	0.168036
8.67253e-10	0.168322
8.67345e-10	0.168608
8.67438e-10	0.168894
8.6753e-10	0.16918
8.67623e-10	0.169466
8.67715e-10	0.169752
8.67807e-10	0.170038
8.679e-10	0.170324
8.67992e-10	0.17061
8.68085e-10	0.170896
8.68177e-10	0.171182
8.68269e-10	0.171467
8.68362e-10	0.171753
8.68454e-10	0.172039
8.68547e-10	0.172325
8.68639e-10	0.17261
8.68731e-10	0.172896
8.68824e-10	0.173182
8.68916e-10	0.173468
8.69009e-10	0.173753
8.69101e-10	0.174039
8.69193e-10	0.174325
8.69286e-10	0.17461
8.69378e-10	0.174896
8.69471e-10	0.175181
8.69563e-10	0.175467
8.69655e-10	0.175752
8.69748e-10	0.176038
8.6984e-10	0.176323
8.69933e-10	0.176609
8.70025e-10	0.176894
8.70117e-10	0.177179
8.7021e-10	0.177465
8.70302e-10	0.17775
8.70395e-10	0.178035
8.70487e-10	0.178321
8.70579e-10	0.178606
8.70672e-10	0.178891
8.70764e-10	0.179176
8.70857e-10	0.179461
8.70949e-10	0.179746
8.71041e-10	0.180031
8.71134e-10	0.180316
8.71226e-10	0.180601
8.71319e-10	0.180886
8.71411e-10	0.181171
8.71504e-10	0.181456
8.71596e-10	0.181741
8.71688e-10	0.182026
8.71781e-10	0.18231
8.71873e-10	0.182595
8.71966e-10	0.18288
8.72058e-10	0.183165
8.7215e-10	0.183449
8.72243e-10	0.183734
8.72335e-10	0.184018
8.72428e-10	0.184303
8.7252e-10	0.184587
8.72612e-10	0.184872
8.72705e-10	0.185156
8.72797e-10	0.18544
8.7289e-10	0.185724
8.72982e-10	0.186009
8.73074e-10	0.186293
8.73167e-10	0.186577
8.73259e-10	0.186861
8.73352e-10	0.187145
8.73444e-10	0.187429
8.73536e-10	0.187713
8.73629e-10	0.187997
8.73721e-10	0.188281
8.73814e-10	0.188565
8.73906e-10	0.188848
8.73998e-10	0.189132
8.74091e-10	0.189416
8.74183e-10	0.189699
8.74276e-10	0.189983
8.74368e-10	0.190266
8.7446e-10	0.19055
8.74553e-10	0.190833
8.74645e-10	0.191116
8.74738e-10	0.1914
8.7483e-10	0.191683
8.74922e-10	0.191966
8.75015e-10	0.192249
8.75107e-10	0.192532
8.752e-10	0.192815
8.75292e-10	0.193098
8.75384e-10	0.193381
8.75477e-10	0.193664
8.75569e-10	0.193947
8.75662e-10	0.194229
8.75754e-10	0.194512
8.75846e-10	0.194794
8.75939e-10	0.195077
8.76031e-10	0.195359
8.76124e-10	0.195642
8.76216e-10	0.195924
8.76308e-10	0.196206
8.76401e-10	0.196489
8.76493e-10	0.196771
8.76586e-10	0.197053
8.76678e-10	0.197335
8.76771e-10	0.197617
8.76863e-10	0.197899
8.76955e-10	0.19818
8.77048e-10	0.198462
8.7714e-10	0.198744
8.77233e-10	0.199025
8.77325e-10	0.199307
8.77417e-10	0.199588
8.7751e-10	0.19987
8.77602e-10	0.200151
8.77695e-10	0.200432
8.77787e-10	0.200713
8.77879e-10	0.200994
8.77972e-10	0.201275
8.78064e-10	0.201556
8.78157e-10	0.201837
8.78249e-10	0.202118
8.78341e-10	0.202399
8.78434e-10	0.202679
8.78526e-10	0.20296
8.78619e-10	0.20324
8.78711e-10	0.203521
8.78803e-10	0.203801
8.78896e-10	0.204081
8.78988e-10	0.204361
8.79081e-10	0.204642
8.79173e-10	0.204922
8.79265e-10	0.205201
8.79358e-10	0.205481
8.7945e-10	0.205761
8.79543e-10	0.206041
8.79635e-10	0.20632
8.79727e-10	0.2066
8.7982e-10	0.206879
8.79912e-10	0.207158
8.80005e-10	0.207438
8.80097e-10	0.207717
8.80189e-10	0.207996
8.80282e-10	0.208275
8.80374e-10	0.208554
8.80467e-10	0.208833
8.80559e-10	0.209111
8.80651e-10	0.20939
8.80744e-10	0.209668
8.80836e-10	0.209947
8.80929e-10	0.210225
8.81021e-10	0.210504
8.81113e-10	0.210782
8.81206e-10	0.21106
8.81298e-10	0.211338
8.81391e-10	0.211616
8.81483e-10	0.211893
8.81575e-10	0.212171
8.81668e-10	0.212449
8.8176e-10	0.212726
8.81853e-10	0.213004
8.81945e-10	0.213281
8.82038e-10	0.213558
8.8213e-10	0.213835
8.82222e-10	0.214112
8.82315e-10	0.214389
8.82407e-10	0.214666
8.825e-10	0.214943
8.82592e-10	0.215219
8.82684e-10	0.215496
8.82777e-10	0.215772
8.82869e-10	0.216048
8.82962e-10	0.216325
8.83054e-10	0.216601
8.83146e-10	0.216877
8.83239e-10	0.217152
8.83331e-10	0.217428
8.83424e-10	0.217704
8.83516e-10	0.217979
8.83608e-10	0.218255
8.83701e-10	0.21853
8.83793e-10	0.218805
8.83886e-10	0.21908
8.83978e-10	0.219355
8.8407e-10	0.21963
8.84163e-10	0.219905
8.84255e-10	0.22018
8.84348e-10	0.220454
8.8444e-10	0.220729
8.84532e-10	0.221003
8.84625e-10	0.221277
8.84717e-10	0.221551
8.8481e-10	0.221825
8.84902e-10	0.222099
8.84994e-10	0.222373
8.85087e-10	0.222647
8.85179e-10	0.22292
8.85272e-10	0.223194
8.85364e-10	0.223467
8.85456e-10	0.22374
8.85549e-10	0.224013
8.85641e-10	0.224286
8.85734e-10	0.224559
8.85826e-10	0.224831
8.85918e-10	0.225104
8.86011e-10	0.225376
8.86103e-10	0.225649
8.86196e-10	0.225921
8.86288e-10	0.226193
8.8638e-10	0.226465
8.86473e-10	0.226737
8.86565e-10	0.227008
8.86658e-10	0.22728
8.8675e-10	0.227551
8.86842e-10	0.227823
8.86935e-10	0.228094
8.87027e-10	0.228365
8.8712e-10	0.228636
8.87212e-10	0.228906
8.87305e-10	0.229177
8.87397e-10	0.229448
8.87489e-10	0.229718
8.87582e-10	0.229988
8.87674e-10	0.230258
8.87767e-10	0.230528
8.87859e-10	0.230798
8.87951e-10	0.231068
8.88044e-10	0.231337
8.88136e-10	0.231607
8.88229e-10	0.231876
8.88321e-10	0.232145
8.88413e-10	0.232414
8.88506e-10	0.232683
8.88598e-10	0.232952
8.88691e-10	0.23322
8.88783e-10	0.233489
8.88875e-10	0.233757
8.88968e-10	0.234025
8.8906e-10	0.234293
8.89153e-10	0.234561
8.89245e-10	0.234829
8.89337e-10	0.235097
8.8943e-10	0.235364
8.89522e-10	0.235631
8.89615e-10	0.235899
8.89707e-10	0.236166
8.89799e-10	0.236433
8.89892e-10	0.236699
8.89984e-10	0.236966
8.90077e-10	0.237232
8.90169e-10	0.237499
8.90261e-10	0.237765
8.90354e-10	0.238031
8.90446e-10	0.238296
8.90539e-10	0.238562
8.90631e-10	0.238828
8.90723e-10	0.239093
8.90816e-10	0.239358
8.90908e-10	0.239623
8.91001e-10	0.239888
8.91093e-10	0.240153
8.91185e-10	0.240418
8.91278e-10	0.240682
8.9137e-10	0.240946
8.91463e-10	0.24121
8.91555e-10	0.241474
8.91647e-10	0.241738
8.9174e-10	0.242002
8.91832e-10	0.242265
8.91925e-10	0.242529
8.92017e-10	0.242792
8.92109e-10	0.243055
8.92202e-10	0.243318
8.92294e-10	0.24358
8.92387e-10	0.243843
8.92479e-10	0.244105
8.92571e-10	0.244368
8.92664e-10	0.24463
8.92756e-10	0.244891
8.92849e-10	0.245153
8.92941e-10	0.245415
8.93034e-10	0.245676
8.93126e-10	0.245937
8.93218e-10	0.246198
8.93311e-10	0.246459
8.93403e-10	0.24672
8.93496e-10	0.24698
8.93588e-10	0.247241
8.9368e-10	0.247501
8.93773e-10	0.247761
8.93865e-10	0.248021
8.93958e-10	0.24828
8.9405e-10	0.24854
8.94142e-10	0.248799
8.94235e-10	0.249058
8.94327e-10	0.249317
8.9442e-10	0.249576
8.94512e-10	0.249835
8.94604e-10	0.250093
8.94697e-10	0.250351
8.94789e-10	0.250609
8.94882e-10	0.250867
8.94974e-10	0.251125
8.95066e-10	0.251382
8.95159e-10	0.25164
8.95251e-10	0.251897
8.95344e-10	0.252154
8.95436e-10	0.252411
8.95528e-10	0.252667
8.95621e-10	0.252924
8.95713e-10	0.25318
8.95806e-10	0.253436
8.95898e-10	0.253692
8.9599e-10	0.253948
8.96083e-10	0.254203
8.96175e-10	0.254458
8.96268e-10	0.254714
8.9636e-10	0.254968
8.96452e-10	0.255223
8.96545e-10	0.255478
8.96637e-10	0.255732
8.9673e-10	0.255986
8.96822e-10	0.25624
8.96914e-10	0.256494
8.97007e-10	0.256748
8.97099e-10	0.257001
8.97192e-10	0.257254
8.97284e-10	0.257507
8.97376e-10	0.25776
8.97469e-10	0.258013
8.97561e-10	0.258265
8.97654e-10	0.258517
8.97746e-10	0.258769
8.97838e-10	0.259021
8.97931e-10	0.259273
8.98023e-10	0.259524
8.98116e-10	0.259776
8.98208e-10	0.260027
8.98301e-10	0.260277
8.98393e-10	0.260528
8.98485e-10	0.260778
8.98578e-10	0.261029
8.9867e-10	0.261279
8.98763e-10	0.261529
8.98855e-10	0.261778
8.98947e-10	0.262028
8.9904e-10	0.262277
8.99132e-10	0.262526
8.99225e-10	0.262774
8.99317e-10	0.263023
8.99409e-10	0.263271
8.99502e-10	0.26352
8.99594e-10	0.263768
8.99687e-10	0.264015
8.99779e-10	0.264263
8.99871e-10	0.26451
8.99964e-10	0.264757
9.00056e-10	0.265004
9.00149e-10	0.265251
9.00241e-10	0.265497
9.00333e-10	0.265743
9.00426e-10	0.265989
9.00518e-10	0.266235
9.00611e-10	0.266481
9.00703e-10	0.266726
9.00795e-10	0.266971
9.00888e-10	0.267216
9.0098e-10	0.267461
9.01073e-10	0.267706
9.01165e-10	0.26795
9.01257e-10	0.268194
9.0135e-10	0.268438
9.01442e-10	0.268681
9.01535e-10	0.268925
9.01627e-10	0.269168
9.01719e-10	0.269411
9.01812e-10	0.269654
9.01904e-10	0.269896
9.01997e-10	0.270138
9.02089e-10	0.27038
9.02181e-10	0.270622
9.02274e-10	0.270864
9.02366e-10	0.271105
9.02459e-10	0.271346
9.02551e-10	0.271587
9.02643e-10	0.271828
9.02736e-10	0.272068
9.02828e-10	0.272309
9.02921e-10	0.272549
9.03013e-10	0.272788
9.03105e-10	0.273028
9.03198e-10	0.273267
9.0329e-10	0.273506
9.03383e-10	0.273745
9.03475e-10	0.273984
9.03568e-10	0.274222
9.0366e-10	0.27446
9.03752e-10	0.274698
9.03845e-10	0.274936
9.03937e-10	0.275173
9.0403e-10	0.27541
9.04122e-10	0.275647
9.04214e-10	0.275884
9.04307e-10	0.27612
9.04399e-10	0.276356
9.04492e-10	0.276592
9.04584e-10	0.276828
9.04676e-10	0.277064
9.04769e-10	0.277299
9.04861e-10	0.277534
9.04954e-10	0.277769
9.05046e-10	0.278003
9.05138e-10	0.278237
9.05231e-10	0.278471
9.05323e-10	0.278705
9.05416e-10	0.278939
9.05508e-10	0.279172
9.056e-10	0.279405
9.05693e-10	0.279638
9.05785e-10	0.27987
9.05878e-10	0.280102
9.0597e-10	0.280334
9.06062e-10	0.280566
9.06155e-10	0.280798
9.06247e-10	0.281029
9.0634e-10	0.28126
9.06432e-10	0.281491
9.06524e-10	0.281721
9.06617e-10	0.281951
9.06709e-10	0.282181
9.06802e-10	0.282411
9.06894e-10	0.28264
9.06986e-10	0.28287
9.07079e-10	0.283099
9.07171e-10	0.283327
9.07264e-10	0.283556
9.07356e-10	0.283784
9.07448e-10	0.284012
9.07541e-10	0.284239
9.07633e-10	0.284467
9.07726e-10	0.284694
9.07818e-10	0.284921
9.0791e-10	0.285147
9.08003e-10	0.285374
9.08095e-10	0.2856
9.08188e-10	0.285825
9.0828e-10	0.286051
9.08372e-10	0.286276
9.08465e-10	0.286501
9.08557e-10	0.286726
9.0865e-10	0.28695
9.08742e-10	0.287175
9.08835e-10	0.287398
9.08927e-10	0.287622
9.09019e-10	0.287845
9.09112e-10	0.288069
9.09204e-10	0.288291
9.09297e-10	0.288514
9.09389e-10	0.288736
9.09481e-10	0.288958
9.09574e-10	0.28918
9.09666e-10	0.289401
9.09759e-10	0.289623
9.09851e-10	0.289843
9.09943e-10	0.290064
9.10036e-10	0.290284
9.10128e-10	0.290505
9.10221e-10	0.290724
9.10313e-10	0.290944
9.10405e-10	0.291163
9.10498e-10	0.291382
9.1059e-10	0.291601
9.10683e-10	0.291819
9.10775e-10	0.292037
9.10867e-10	0.292255
9.1096e-10	0.292472
9.11052e-10	0.29269
9.11145e-10	0.292907
9.11237e-10	0.293123
9.11329e-10	0.29334
9.11422e-10	0.293556
9.11514e-10	0.293772
9.11607e-10	0.293987
9.11699e-10	0.294202
9.11791e-10	0.294417
9.11884e-10	0.294632
9.11976e-10	0.294846
9.12069e-10	0.29506
9.12161e-10	0.295274
9.12253e-10	0.295488
9.12346e-10	0.295701
9.12438e-10	0.295914
9.12531e-10	0.296126
9.12623e-10	0.296339
9.12715e-10	0.296551
9.12808e-10	0.296762
9.129e-10	0.296974
9.12993e-10	0.297185
9.13085e-10	0.297396
9.13177e-10	0.297606
9.1327e-10	0.297816
9.13362e-10	0.298026
9.13455e-10	0.298236
9.13547e-10	0.298445
9.13639e-10	0.298654
9.13732e-10	0.298863
9.13824e-10	0.299072
9.13917e-10	0.29928
9.14009e-10	0.299487
9.14102e-10	0.299695
9.14194e-10	0.299902
9.14286e-10	0.300109
9.14379e-10	0.300316
9.14471e-10	0.300522
9.14564e-10	0.300728
9.14656e-10	0.300934
9.14748e-10	0.301139
9.14841e-10	0.301344
9.14933e-10	0.301549
9.15026e-10	0.301753
9.15118e-10	0.301957
9.1521e-10	0.302161
9.15303e-10	0.302365
9.15395e-10	0.302568
9.15488e-10	0.302771
9.1558e-10	0.302973
9.15672e-10	0.303175
9.15765e-10	0.303377
9.15857e-10	0.303579
9.1595e-10	0.30378
9.16042e-10	0.303981
9.16134e-10	0.304182
9.16227e-10	0.304382
9.16319e-10	0.304582
9.16412e-10	0.304782
9.16504e-10	0.304981
9.16596e-10	0.30518
9.16689e-10	0.305379
9.16781e-10	0.305577
9.16874e-10	0.305776
9.16966e-10	0.305973
9.17058e-10	0.306171
9.17151e-10	0.306368
9.17243e-10	0.306565
9.17336e-10	0.306761
9.17428e-10	0.306957
9.1752e-10	0.307153
9.17613e-10	0.307349
9.17705e-10	0.307544
9.17798e-10	0.307739
9.1789e-10	0.307933
9.17982e-10	0.308127
9.18075e-10	0.308321
9.18167e-10	0.308515
9.1826e-10	0.308708
9.18352e-10	0.308901
9.18444e-10	0.309093
9.18537e-10	0.309285
9.18629e-10	0.309477
9.18722e-10	0.309669
9.18814e-10	0.30986
9.18906e-10	0.310051
9.18999e-10	0.310241
9.19091e-10	0.310431
9.19184e-10	0.310621
9.19276e-10	0.310811
9.19369e-10	0.311
9.19461e-10	0.311189
9.19553e-10	0.311377
9.19646e-10	0.311565
9.19738e-10	0.311753
9.19831e-10	0.311941
9.19923e-10	0.312128
9.20015e-10	0.312314
9.20108e-10	0.312501
9.202e-10	0.312687
9.20293e-10	0.312873
9.20385e-10	0.313058
9.20477e-10	0.313243
9.2057e-10	0.313428
9.20662e-10	0.313612
9.20755e-10	0.313796
9.20847e-10	0.31398
9.20939e-10	0.314163
9.21032e-10	0.314346
9.21124e-10	0.314529
9.21217e-10	0.314711
9.21309e-10	0.314893
9.21401e-10	0.315074
9.21494e-10	0.315256
9.21586e-10	0.315437
9.21679e-10	0.315617
9.21771e-10	0.315797
9.21863e-10	0.315977
9.21956e-10	0.316156
9.22048e-10	0.316335
9.22141e-10	0.316514
9.22233e-10	0.316693
9.22325e-10	0.316871
9.22418e-10	0.317048
9.2251e-10	0.317226
9.22603e-10	0.317402
9.22695e-10	0.317579
9.22787e-10	0.317755
9.2288e-10	0.317931
9.22972e-10	0.318107
9.23065e-10	0.318282
9.23157e-10	0.318456
9.23249e-10	0.318631
9.23342e-10	0.318805
9.23434e-10	0.318979
9.23527e-10	0.319152
9.23619e-10	0.319325
9.23711e-10	0.319497
9.23804e-10	0.31967
9.23896e-10	0.319841
9.23989e-10	0.320013
9.24081e-10	0.320184
9.24173e-10	0.320355
9.24266e-10	0.320525
9.24358e-10	0.320695
9.24451e-10	0.320865
9.24543e-10	0.321034
9.24636e-10	0.321203
9.24728e-10	0.321371
9.2482e-10	0.32154
9.24913e-10	0.321707
9.25005e-10	0.321875
9.25098e-10	0.322042
9.2519e-10	0.322208
9.25282e-10	0.322375
9.25375e-10	0.32254
9.25467e-10	0.322706
9.2556e-10	0.322871
9.25652e-10	0.323036
9.25744e-10	0.3232
9.25837e-10	0.323364
9.25929e-10	0.323528
9.26022e-10	0.323691
9.26114e-10	0.323854
9.26206e-10	0.324016
9.26299e-10	0.324178
9.26391e-10	0.32434
9.26484e-10	0.324501
9.26576e-10	0.324662
9.26668e-10	0.324823
9.26761e-10	0.324983
9.26853e-10	0.325143
9.26946e-10	0.325302
9.27038e-10	0.325461
9.2713e-10	0.32562
9.27223e-10	0.325778
9.27315e-10	0.325936
9.27408e-10	0.326093
9.275e-10	0.32625
9.27592e-10	0.326407
9.27685e-10	0.326563
9.27777e-10	0.326719
9.2787e-10	0.326875
9.27962e-10	0.32703
9.28054e-10	0.327185
9.28147e-10	0.327339
9.28239e-10	0.327493
9.28332e-10	0.327646
9.28424e-10	0.327799
9.28516e-10	0.327952
9.28609e-10	0.328104
9.28701e-10	0.328256
9.28794e-10	0.328408
9.28886e-10	0.328559
9.28978e-10	0.32871
9.29071e-10	0.32886
9.29163e-10	0.32901
9.29256e-10	0.32916
9.29348e-10	0.329309
9.2944e-10	0.329458
9.29533e-10	0.329606
9.29625e-10	0.329754
9.29718e-10	0.329901
9.2981e-10	0.330048
9.29903e-10	0.330195
9.29995e-10	0.330341
9.30087e-10	0.330487
9.3018e-10	0.330633
9.30272e-10	0.330778
9.30365e-10	0.330923
9.30457e-10	0.331067
9.30549e-10	0.331211
9.30642e-10	0.331354
9.30734e-10	0.331497
9.30827e-10	0.33164
9.30919e-10	0.331782
9.31011e-10	0.331924
9.31104e-10	0.332065
9.31196e-10	0.332206
9.31289e-10	0.332347
9.31381e-10	0.332487
9.31473e-10	0.332627
9.31566e-10	0.332766
9.31658e-10	0.332905
9.31751e-10	0.333044
9.31843e-10	0.333182
9.31935e-10	0.333319
9.32028e-10	0.333457
9.3212e-10	0.333593
9.32213e-10	0.33373
9.32305e-10	0.333866
9.32397e-10	0.334001
9.3249e-10	0.334137
9.32582e-10	0.334271
9.32675e-10	0.334406
9.32767e-10	0.33454
9.32859e-10	0.334673
9.32952e-10	0.334806
9.33044e-10	0.334939
9.33137e-10	0.335071
9.33229e-10	0.335203
9.33321e-10	0.335334
9.33414e-10	0.335465
9.33506e-10	0.335595
9.33599e-10	0.335725
9.33691e-10	0.335855
9.33783e-10	0.335984
9.33876e-10	0.336113
9.33968e-10	0.336241
9.34061e-10	0.336369
9.34153e-10	0.336497
9.34245e-10	0.336624
9.34338e-10	0.336751
9.3443e-10	0.336877
9.34523e-10	0.337003
9.34615e-10	0.337128
9.34707e-10	0.337253
9.348e-10	0.337377
9.34892e-10	0.337501
9.34985e-10	0.337625
9.35077e-10	0.337748
9.3517e-10	0.337871
9.35262e-10	0.337993
9.35354e-10	0.338115
9.35447e-10	0.338236
9.35539e-10	0.338357
9.35632e-10	0.338478
9.35724e-10	0.338598
9.35816e-10	0.338717
9.35909e-10	0.338837
9.36001e-10	0.338955
9.36094e-10	0.339074
9.36186e-10	0.339192
9.36278e-10	0.339309
9.36371e-10	0.339426
9.36463e-10	0.339543
9.36556e-10	0.339659
9.36648e-10	0.339774
9.3674e-10	0.33989
9.36833e-10	0.340004
9.36925e-10	0.340119
9.37018e-10	0.340233
9.3711e-10	0.340346
9.37202e-10	0.340459
9.37295e-10	0.340572
9.37387e-10	0.340684
9.3748e-10	0.340795
9.37572e-10	0.340906
9.37664e-10	0.341017
9.37757e-10	0.341127
9.37849e-10	0.341237
9.37942e-10	0.341347
9.38034e-10	0.341456
9.38126e-10	0.341564
9.38219e-10	0.341672
9.38311e-10	0.34178
9.38404e-10	0.341887
9.38496e-10	0.341993
9.38588e-10	0.3421
9.38681e-10	0.342205
9.38773e-10	0.342311
9.38866e-10	0.342415
9.38958e-10	0.34252
9.3905e-10	0.342624
9.39143e-10	0.342727
9.39235e-10	0.34283
9.39328e-10	0.342933
9.3942e-10	0.343035
9.39512e-10	0.343136
9.39605e-10	0.343237
9.39697e-10	0.343338
9.3979e-10	0.343438
9.39882e-10	0.343538
9.39974e-10	0.343637
9.40067e-10	0.343736
9.40159e-10	0.343834
9.40252e-10	0.343932
9.40344e-10	0.34403
9.40437e-10	0.344127
9.40529e-10	0.344223
9.40621e-10	0.344319
9.40714e-10	0.344415
9.40806e-10	0.34451
9.40899e-10	0.344604
9.40991e-10	0.344699
9.41083e-10	0.344792
9.41176e-10	0.344885
9.41268e-10	0.344978
9.41361e-10	0.34507
9.41453e-10	0.345162
9.41545e-10	0.345254
9.41638e-10	0.345344
9.4173e-10	0.345435
9.41823e-10	0.345525
9.41915e-10	0.345614
9.42007e-10	0.345703
9.421e-10	0.345791
9.42192e-10	0.345879
9.42285e-10	0.345967
9.42377e-10	0.346054
9.42469e-10	0.346141
9.42562e-10	0.346227
9.42654e-10	0.346312
9.42747e-10	0.346397
9.42839e-10	0.346482
9.42931e-10	0.346566
9.43024e-10	0.34665
9.43116e-10	0.346733
9.43209e-10	0.346816
9.43301e-10	0.346898
9.43393e-10	0.34698
9.43486e-10	0.347061
9.43578e-10	0.347142
9.43671e-10	0.347222
9.43763e-10	0.347302
9.43855e-10	0.347381
9.43948e-10	0.34746
9.4404e-10	0.347538
9.44133e-10	0.347616
9.44225e-10	0.347694
9.44317e-10	0.34777
9.4441e-10	0.347847
9.44502e-10	0.347923
9.44595e-10	0.347998
9.44687e-10	0.348073
9.44779e-10	0.348147
9.44872e-10	0.348221
9.44964e-10	0.348295
9.45057e-10	0.348368
9.45149e-10	0.34844
9.45241e-10	0.348512
9.45334e-10	0.348584
9.45426e-10	0.348655
9.45519e-10	0.348725
9.45611e-10	0.348795
9.45704e-10	0.348865
9.45796e-10	0.348934
9.45888e-10	0.349002
9.45981e-10	0.34907
9.46073e-10	0.349138
9.46166e-10	0.349205
9.46258e-10	0.349271
9.4635e-10	0.349337
9.46443e-10	0.349403
9.46535e-10	0.349468
9.46628e-10	0.349532
9.4672e-10	0.349596
9.46812e-10	0.34966
9.46905e-10	0.349723
9.46997e-10	0.349785
9.4709e-10	0.349847
9.47182e-10	0.349909
9.47274e-10	0.34997
9.47367e-10	0.35003
9.47459e-10	0.35009
9.47552e-10	0.35015
9.47644e-10	0.350209
9.47736e-10	0.350267
9.47829e-10	0.350325
9.47921e-10	0.350383
9.48014e-10	0.35044
9.48106e-10	0.350496
9.48198e-10	0.350552
9.48291e-10	0.350607
9.48383e-10	0.350662
9.48476e-10	0.350717
9.48568e-10	0.350771
9.4866e-10	0.350824
9.48753e-10	0.350877
9.48845e-10	0.350929
9.48938e-10	0.350981
9.4903e-10	0.351032
9.49122e-10	0.351083
9.49215e-10	0.351134
9.49307e-10	0.351183
9.494e-10	0.351233
9.49492e-10	0.351281
9.49584e-10	0.35133
9.49677e-10	0.351377
9.49769e-10	0.351425
9.49862e-10	0.351471
9.49954e-10	0.351517
9.50046e-10	0.351563
9.50139e-10	0.351608
9.50231e-10	0.351653
9.50324e-10	0.351697
9.50416e-10	0.351741
9.50508e-10	0.351784
9.50601e-10	0.351826
9.50693e-10	0.351868
9.50786e-10	0.35191
9.50878e-10	0.351951
9.50971e-10	0.351991
9.51063e-10	0.352031
9.51155e-10	0.35207
9.51248e-10	0.352109
9.5134e-10	0.352148
9.51433e-10	0.352185
9.51525e-10	0.352223
9.51617e-10	0.35226
9.5171e-10	0.352296
9.51802e-10	0.352332
9.51895e-10	0.352367
9.51987e-10	0.352401
9.52079e-10	0.352436
9.52172e-10	0.352469
9.52264e-10	0.352502
9.52357e-10	0.352535
9.52449e-10	0.352567
9.52541e-10	0.352598
9.52634e-10	0.352629
9.52726e-10	0.35266
9.52819e-10	0.35269
9.52911e-10	0.352719
9.53003e-10	0.352748
9.53096e-10	0.352776
9.53188e-10	0.352804
9.53281e-10	0.352831
9.53373e-10	0.352858
9.53465e-10	0.352884
9.53558e-10	0.35291
9.5365e-10	0.352935
9.53743e-10	0.352959
9.53835e-10	0.352983
9.53927e-10	0.353007
9.5402e-10	0.35303
9.54112e-10	0.353052
9.54205e-10	0.353074
9.54297e-10	0.353095
9.54389e-10	0.353116
9.54482e-10	0.353136
9.54574e-10	0.353156
9.54667e-10	0.353175
9.54759e-10	0.353194
9.54851e-10	0.353212
9.54944e-10	0.35323
9.55036e-10	0.353247
9.55129e-10	0.353263
9.55221e-10	0.353279
9.55313e-10	0.353294
9.55406e-10	0.353309
9.55498e-10	0.353323
9.55591e-10	0.353337
9.55683e-10	0.35335
9.55775e-10	0.353363
9.55868e-10	0.353375
9.5596e-10	0.353387
9.56053e-10	0.353398
9.56145e-10	0.353408
9.56238e-10	0.353418
9.5633e-10	0.353427
9.56422e-10	0.353436
9.56515e-10	0.353445
9.56607e-10	0.353452
9.567e-10	0.353459
9.56792e-10	0.353466
9.56884e-10	0.353472
9.56977e-10	0.353478
9.57069e-10	0.353483
9.57162e-10	0.353487
9.57254e-10	0.353491
9.57346e-10	0.353494
9.57439e-10	0.353497
9.57531e-10	0.353499
9.57624e-10	0.353501
9.57716e-10	0.353502
9.57808e-10	0.353503
9.57901e-10	0.353502
9.57993e-10	0.353502
9.58086e-10	0.353501
9.58178e-10	0.353499
9.5827e-10	0.353497
9.58363e-10	0.353494
9.58455e-10	0.353491
9.58548e-10	0.353487
9.5864e-10	0.353482
9.58732e-10	0.353477
9.58825e-10	0.353472
9.58917e-10	0.353466
9.5901e-10	0.353459
9.59102e-10	0.353452
9.59194e-10	0.353444
9.59287e-10	0.353435
9.59379e-10	0.353426
9.59472e-10	0.353417
9.59564e-10	0.353407
9.59656e-10	0.353396
9.59749e-10	0.353385
9.59841e-10	0.353373
9.59934e-10	0.353361
9.60026e-10	0.353348
9.60118e-10	0.353335
9.60211e-10	0.353321
9.60303e-10	0.353306
9.60396e-10	0.353291
9.60488e-10	0.353275
9.6058e-10	0.353259
9.60673e-10	0.353242
9.60765e-10	0.353224
9.60858e-10	0.353207
9.6095e-10	0.353188
9.61042e-10	0.353169
9.61135e-10	0.353149
9.61227e-10	0.353129
9.6132e-10	0.353108
9.61412e-10	0.353087
9.61505e-10	0.353065
9.61597e-10	0.353042
9.61689e-10	0.353019
9.61782e-10	0.352995
9.61874e-10	0.352971
9.61967e-10	0.352946
9.62059e-10	0.352921
9.62151e-10	0.352895
9.62244e-10	0.352868
9.62336e-10	0.352841
9.62429e-10	0.352813
9.62521e-10	0.352785
9.62613e-10	0.352756
9.62706e-10	0.352727
9.62798e-10	0.352697
9.62891e-10	0.352666
9.62983e-10	0.352635
9.63075e-10	0.352603
9.63168e-10	0.352571
9.6326e-10	0.352538
9.63353e-10	0.352505
9.63445e-10	0.352471
9.63537e-10	0.352436
9.6363e-10	0.352401
9.63722e-10	0.352365
9.63815e-10	0.352329
9.63907e-10	0.352292
9.63999e-10	0.352254
9.64092e-10	0.352216
9.64184e-10	0.352177
9.64277e-10	0.352138
9.64369e-10	0.352098
9.64461e-10	0.352058
9.64554e-10	0.352017
9.64646e-10	0.351975
9.64739e-10	0.351933
9.64831e-10	0.35189
9.64923e-10	0.351847
9.65016e-10	0.351803
9.65108e-10	0.351759
9.65201e-10	0.351713
9.65293e-10	0.351668
9.65385e-10	0.351621
9.65478e-10	0.351575
9.6557e-10	0.351527
9.65663e-10	0.351479
9.65755e-10	0.351431
9.65847e-10	0.351381
9.6594e-10	0.351332
9.66032e-10	0.351281
9.66125e-10	0.35123
9.66217e-10	0.351179
9.66309e-10	0.351126
9.66402e-10	0.351074
9.66494e-10	0.35102
9.66587e-10	0.350966
9.66679e-10	0.350912
9.66772e-10	0.350857
9.66864e-10	0.350801
9.66956e-10	0.350745
9.67049e-10	0.350688
9.67141e-10	0.350631
9.67234e-10	0.350572
9.67326e-10	0.350514
9.67418e-10	0.350455
9.67511e-10	0.350395
9.67603e-10	0.350334
9.67696e-10	0.350273
9.67788e-10	0.350212
9.6788e-10	0.350149
9.67973e-10	0.350087
9.68065e-10	0.350023
9.68158e-10	0.349959
9.6825e-10	0.349895
9.68342e-10	0.349829
9.68435e-10	0.349764
9.68527e-10	0.349697
9.6862e-10	0.34963
9.68712e-10	0.349563
9.68804e-10	0.349494
9.68897e-10	0.349426
9.68989e-10	0.349356
9.69082e-10	0.349286
9.69174e-10	0.349216
9.69266e-10	0.349145
9.69359e-10	0.349073
9.69451e-10	0.349
9.69544e-10	0.348927
9.69636e-10	0.348854
9.69728e-10	0.34878
9.69821e-10	0.348705
9.69913e-10	0.34863
9.70006e-10	0.348554
9.70098e-10	0.348477
9.7019e-10	0.3484
9.70283e-10	0.348322
9.70375e-10	0.348244
9.70468e-10	0.348165
9.7056e-10	0.348085
9.70652e-10	0.348005
9.70745e-10	0.347924
9.70837e-10	0.347843
9.7093e-10	0.347761
9.71022e-10	0.347678
9.71114e-10	0.347595
9.71207e-10	0.347511
9.71299e-10	0.347426
9.71392e-10	0.347341
9.71484e-10	0.347256
9.71576e-10	0.34717
9.71669e-10	0.347083
9.71761e-10	0.346995
9.71854e-10	0.346907
9.71946e-10	0.346818
9.72039e-10	0.346729
9.72131e-10	0.346639
9.72223e-10	0.346549
9.72316e-10	0.346458
9.72408e-10	0.346366
9.72501e-10	0.346273
9.72593e-10	0.346181
9.72685e-10	0.346087
9.72778e-10	0.345993
9.7287e-10	0.345898
9.72963e-10	0.345803
9.73055e-10	0.345707
9.73147e-10	0.34561
9.7324e-10	0.345513
9.73332e-10	0.345415
9.73425e-10	0.345316
9.73517e-10	0.345217
9.73609e-10	0.345118
9.73702e-10	0.345017
9.73794e-10	0.344916
9.73887e-10	0.344815
9.73979e-10	0.344713
9.74071e-10	0.34461
9.74164e-10	0.344507
9.74256e-10	0.344403
9.74349e-10	0.344298
9.74441e-10	0.344193
9.74533e-10	0.344087
9.74626e-10	0.343981
9.74718e-10	0.343874
9.74811e-10	0.343766
9.74903e-10	0.343658
9.74995e-10	0.343549
9.75088e-10	0.343439
9.7518e-10	0.343329
9.75273e-10	0.343218
9.75365e-10	0.343107
9.75457e-10	0.342995
9.7555e-10	0.342882
9.75642e-10	0.342769
9.75735e-10	0.342655
9.75827e-10	0.342541
9.75919e-10	0.342426
9.76012e-10	0.34231
9.76104e-10	0.342194
9.76197e-10	0.342077
9.76289e-10	0.341959
9.76381e-10	0.341841
9.76474e-10	0.341722
9.76566e-10	0.341603
9.76659e-10	0.341482
9.76751e-10	0.341362
9.76843e-10	0.341241
9.76936e-10	0.341119
9.77028e-10	0.340996
9.77121e-10	0.340873
9.77213e-10	0.340749
9.77305e-10	0.340625
9.77398e-10	0.3405
9.7749e-10	0.340374
9.77583e-10	0.340248
9.77675e-10	0.340121
9.77768e-10	0.339993
9.7786e-10	0.339865
9.77952e-10	0.339736
9.78045e-10	0.339607
9.78137e-10	0.339477
9.7823e-10	0.339346
9.78322e-10	0.339215
9.78414e-10	0.339083
9.78507e-10	0.338951
9.78599e-10	0.338817
9.78692e-10	0.338684
9.78784e-10	0.338549
9.78876e-10	0.338414
9.78969e-10	0.338278
9.79061e-10	0.338142
9.79154e-10	0.338005
9.79246e-10	0.337868
9.79338e-10	0.33773
9.79431e-10	0.337591
9.79523e-10	0.337451
9.79616e-10	0.337311
9.79708e-10	0.337171
9.798e-10	0.337029
9.79893e-10	0.336887
9.79985e-10	0.336745
9.80078e-10	0.336602
9.8017e-10	0.336458
9.80262e-10	0.336313
9.80355e-10	0.336168
9.80447e-10	0.336022
9.8054e-10	0.335876
9.80632e-10	0.335729
9.80724e-10	0.335581
9.80817e-10	0.335433
9.80909e-10	0.335284
9.81002e-10	0.335135
9.81094e-10	0.334985
9.81186e-10	0.334834
9.81279e-10	0.334682
9.81371e-10	0.33453
9.81464e-10	0.334378
9.81556e-10	0.334224
9.81648e-10	0.334071
9.81741e-10	0.333916
9.81833e-10	0.333761
9.81926e-10	0.333605
9.82018e-10	0.333449
9.8211e-10	0.333291
9.82203e-10	0.333134
9.82295e-10	0.332975
9.82388e-10	0.332816
9.8248e-10	0.332657
9.82572e-10	0.332496
9.82665e-10	0.332336
9.82757e-10	0.332174
9.8285e-10	0.332012
9.82942e-10	0.331849
9.83035e-10	0.331686
9.83127e-10	0.331521
9.83219e-10	0.331357
9.83312e-10	0.331191
9.83404e-10	0.331025
9.83497e-10	0.330859
9.83589e-10	0.330692
9.83681e-10	0.330524
9.83774e-10	0.330355
9.83866e-10	0.330186
9.83959e-10	0.330016
9.84051e-10	0.329846
9.84143e-10	0.329675
9.84236e-10	0.329503
9.84328e-10	0.329331
9.84421e-10	0.329158
9.84513e-10	0.328984
9.84605e-10	0.32881
9.84698e-10	0.328635
9.8479e-10	0.328459
9.84883e-10	0.328283
9.84975e-10	0.328106
9.85067e-10	0.327929
9.8516e-10	0.327751
9.85252e-10	0.327572
9.85345e-10	0.327393
9.85437e-10	0.327213
9.85529e-10	0.327032
9.85622e-10	0.326851
9.85714e-10	0.326669
9.85807e-10	0.326486
9.85899e-10	0.326303
9.85991e-10	0.326119
9.86084e-10	0.325935
9.86176e-10	0.325749
9.86269e-10	0.325564
9.86361e-10	0.325377
9.86453e-10	0.32519
9.86546e-10	0.325002
9.86638e-10	0.324814
9.86731e-10	0.324625
9.86823e-10	0.324436
9.86915e-10	0.324245
9.87008e-10	0.324054
9.871e-10	0.323863
9.87193e-10	0.323671
9.87285e-10	0.323478
9.87377e-10	0.323284
9.8747e-10	0.32309
9.87562e-10	0.322896
9.87655e-10	0.3227
9.87747e-10	0.322504
9.87839e-10	0.322307
9.87932e-10	0.32211
9.88024e-10	0.321912
9.88117e-10	0.321714
9.88209e-10	0.321514
9.88302e-10	0.321314
9.88394e-10	0.321114
9.88486e-10	0.320913
9.88579e-10	0.320711
9.88671e-10	0.320508
9.88764e-10	0.320305
9.88856e-10	0.320102
9.88948e-10	0.319897
9.89041e-10	0.319692
9.89133e-10	0.319486
9.89226e-10	0.31928
9.89318e-10	0.319073
9.8941e-10	0.318865
9.89503e-10	0.318657
9.89595e-10	0.318448
9.89688e-10	0.318239
9.8978e-10	0.318029
9.89872e-10	0.317818
9.89965e-10	0.317606
9.90057e-10	0.317394
9.9015e-10	0.317181
9.90242e-10	0.316968
9.90334e-10	0.316754
9.90427e-10	0.316539
9.90519e-10	0.316324
9.90612e-10	0.316108
9.90704e-10	0.315891
9.90796e-10	0.315674
9.90889e-10	0.315456
9.90981e-10	0.315237
9.91074e-10	0.315018
9.91166e-10	0.314798
9.91258e-10	0.314578
9.91351e-10	0.314357
9.91443e-10	0.314135
9.91536e-10	0.313912
9.91628e-10	0.313689
9.9172e-10	0.313465
9.91813e-10	0.313241
9.91905e-10	0.313016
9.91998e-10	0.31279
9.9209e-10	0.312564
9.92182e-10	0.312337
9.92275e-10	0.312109
9.92367e-10	0.311881
9.9246e-10	0.311652
9.92552e-10	0.311423
9.92644e-10	0.311192
9.92737e-10	0.310962
9.92829e-10	0.31073
9.92922e-10	0.310498
9.93014e-10	0.310265
9.93106e-10	0.310032
9.93199e-10	0.309798
9.93291e-10	0.309563
9.93384e-10	0.309327
9.93476e-10	0.309091
9.93569e-10	0.308855
9.93661e-10	0.308617
9.93753e-10	0.308379
9.93846e-10	0.308141
9.93938e-10	0.307902
9.94031e-10	0.307662
9.94123e-10	0.307421
9.94215e-10	0.30718
9.94308e-10	0.306938
9.944e-10	0.306695
9.94493e-10	0.306452
9.94585e-10	0.306208
9.94677e-10	0.305964
9.9477e-10	0.305719
9.94862e-10	0.305473
9.94955e-10	0.305227
9.95047e-10	0.30498
9.95139e-10	0.304732
9.95232e-10	0.304484
9.95324e-10	0.304235
9.95417e-10	0.303985
9.95509e-10	0.303735
9.95601e-10	0.303484
9.95694e-10	0.303232
9.95786e-10	0.30298
9.95879e-10	0.302727
9.95971e-10	0.302474
9.96063e-10	0.302219
9.96156e-10	0.301965
9.96248e-10	0.301709
9.96341e-10	0.301453
9.96433e-10	0.301196
9.96525e-10	0.300939
9.96618e-10	0.300681
9.9671e-10	0.300422
9.96803e-10	0.300163
9.96895e-10	0.299903
9.96987e-10	0.299642
9.9708e-10	0.299381
9.97172e-10	0.299119
9.97265e-10	0.298856
9.97357e-10	0.298593
9.97449e-10	0.298329
9.97542e-10	0.298065
9.97634e-10	0.297799
9.97727e-10	0.297534
9.97819e-10	0.297267
9.97911e-10	0.297
9.98004e-10	0.296732
9.98096e-10	0.296464
9.98189e-10	0.296195
9.98281e-10	0.295925
9.98373e-10	0.295655
9.98466e-10	0.295384
9.98558e-10	0.295112
9.98651e-10	0.29484
9.98743e-10	0.294567
9.98836e-10	0.294293
9.98928e-10	0.294019
9.9902e-10	0.293744
9.99113e-10	0.293468
9.99205e-10	0.293192
9.99298e-10	0.292915
9.9939e-10	0.292638
9.99482e-10	0.29236
9.99575e-10	0.292081
9.99667e-10	0.291801
9.9976e-10	0.291521
9.99852e-10	0.291241
9.99944e-10	0.290959
1.00004e-09	0.290677
1.00013e-09	0.290394
1.00022e-09	0.290111
1.00031e-09	0.289827
1.00041e-09	0.289543
1.0005e-09	0.289257
1.00059e-09	0.288971
1.00068e-09	0.288685
1.00078e-09	0.288398
1.00087e-09	0.28811
1.00096e-09	0.287821
1.00105e-09	0.287532
1.00115e-09	0.287242
1.00124e-09	0.286952
1.00133e-09	0.286661
1.00142e-09	0.286369
1.00152e-09	0.286077
1.00161e-09	0.285784
1.0017e-09	0.28549
1.00179e-09	0.285196
1.00188e-09	0.284901
1.00198e-09	0.284605
1.00207e-09	0.284309
1.00216e-09	0.284012
1.00225e-09	0.283714
1.00235e-09	0.283416
1.00244e-09	0.283117
1.00253e-09	0.282818
1.00262e-09	0.282518
1.00272e-09	0.282217
1.00281e-09	0.281916
1.0029e-09	0.281613
1.00299e-09	0.281311
1.00309e-09	0.281007
1.00318e-09	0.280703
1.00327e-09	0.280399
1.00336e-09	0.280093
1.00346e-09	0.279787
1.00355e-09	0.279481
1.00364e-09	0.279174
1.00373e-09	0.278866
1.00383e-09	0.278557
1.00392e-09	0.278248
1.00401e-09	0.277938
1.0041e-09	0.277628
1.00419e-09	0.277317
1.00429e-09	0.277005
1.00438e-09	0.276693
1.00447e-09	0.27638
1.00456e-09	0.276066
1.00466e-09	0.275752
1.00475e-09	0.275437
1.00484e-09	0.275121
1.00493e-09	0.274805
1.00503e-09	0.274488
1.00512e-09	0.27417
1.00521e-09	0.273852
1.0053e-09	0.273533
1.0054e-09	0.273214
1.00549e-09	0.272894
1.00558e-09	0.272573
1.00567e-09	0.272252
1.00577e-09	0.271929
1.00586e-09	0.271607
1.00595e-09	0.271283
1.00604e-09	0.270959
1.00614e-09	0.270635
1.00623e-09	0.27031
1.00632e-09	0.269984
1.00641e-09	0.269657
1.00651e-09	0.26933
1.0066e-09	0.269002
1.00669e-09	0.268674
1.00678e-09	0.268345
1.00687e-09	0.268015
1.00697e-09	0.267685
1.00706e-09	0.267354
1.00715e-09	0.267022
1.00724e-09	0.26669
1.00734e-09	0.266357
1.00743e-09	0.266023
1.00752e-09	0.265689
1.00761e-09	0.265354
1.00771e-09	0.265018
1.0078e-09	0.264682
1.00789e-09	0.264345
1.00798e-09	0.264008
1.00808e-09	0.26367
1.00817e-09	0.263331
1.00826e-09	0.262992
1.00835e-09	0.262652
1.00845e-09	0.262311
1.00854e-09	0.26197
1.00863e-09	0.261628
1.00872e-09	0.261286
1.00882e-09	0.260942
1.00891e-09	0.260599
1.009e-09	0.260254
1.00909e-09	0.259909
1.00918e-09	0.259563
1.00928e-09	0.259217
1.00937e-09	0.25887
1.00946e-09	0.258522
1.00955e-09	0.258174
1.00965e-09	0.257825
1.00974e-09	0.257476
1.00983e-09	0.257125
1.00992e-09	0.256775
1.01002e-09	0.256423
1.01011e-09	0.256071
1.0102e-09	0.255718
1.01029e-09	0.255365
1.01039e-09	0.255011
1.01048e-09	0.254656
1.01057e-09	0.254301
1.01066e-09	0.253945
1.01076e-09	0.253589
1.01085e-09	0.253231
1.01094e-09	0.252874
1.01103e-09	0.252515
1.01113e-09	0.252156
1.01122e-09	0.251796
1.01131e-09	0.251436
1.0114e-09	0.251075
1.01149e-09	0.250713
1.01159e-09	0.250351
1.01168e-09	0.249988
1.01177e-09	0.249625
1.01186e-09	0.249261
1.01196e-09	0.248896
1.01205e-09	0.24853
1.01214e-09	0.248164
1.01223e-09	0.247798
1.01233e-09	0.24743
1.01242e-09	0.247063
1.01251e-09	0.246694
1.0126e-09	0.246325
1.0127e-09	0.245955
1.01279e-09	0.245585
1.01288e-09	0.245213
1.01297e-09	0.244842
1.01307e-09	0.244469
1.01316e-09	0.244096
1.01325e-09	0.243723
1.01334e-09	0.243349
1.01344e-09	0.242974
1.01353e-09	0.242598
1.01362e-09	0.242222
1.01371e-09	0.241845
1.0138e-09	0.241468
1.0139e-09	0.24109
1.01399e-09	0.240711
1.01408e-09	0.240332
1.01417e-09	0.239952
1.01427e-09	0.239572
1.01436e-09	0.239191
1.01445e-09	0.238809
1.01454e-09	0.238426
1.01464e-09	0.238043
1.01473e-09	0.23766
1.01482e-09	0.237275
1.01491e-09	0.236891
1.01501e-09	0.236505
1.0151e-09	0.236119
1.01519e-09	0.235732
1.01528e-09	0.235345
1.01538e-09	0.234957
1.01547e-09	0.234568
1.01556e-09	0.234179
1.01565e-09	0.233789
1.01575e-09	0.233398
1.01584e-09	0.233007
1.01593e-09	0.232616
1.01602e-09	0.232223
1.01611e-09	0.23183
1.01621e-09	0.231437
1.0163e-09	0.231042
1.01639e-09	0.230647
1.01648e-09	0.230252
1.01658e-09	0.229856
1.01667e-09	0.229459
1.01676e-09	0.229062
1.01685e-09	0.228664
1.01695e-09	0.228265
1.01704e-09	0.227866
1.01713e-09	0.227466
1.01722e-09	0.227066
1.01732e-09	0.226665
1.01741e-09	0.226263
1.0175e-09	0.225861
1.01759e-09	0.225458
1.01769e-09	0.225054
1.01778e-09	0.22465
1.01787e-09	0.224245
1.01796e-09	0.22384
1.01806e-09	0.223434
1.01815e-09	0.223027
1.01824e-09	0.22262
1.01833e-09	0.222212
1.01843e-09	0.221804
1.01852e-09	0.221395
1.01861e-09	0.220985
1.0187e-09	0.220575
1.01879e-09	0.220164
1.01889e-09	0.219752
1.01898e-09	0.21934
1.01907e-09	0.218927
1.01916e-09	0.218514
1.01926e-09	0.2181
1.01935e-09	0.217685
1.01944e-09	0.21727
1.01953e-09	0.216854
1.01963e-09	0.216438
1.01972e-09	0.216021
1.01981e-09	0.215603
1.0199e-09	0.215185
1.02e-09	0.214766
1.02009e-09	0.214347
1.02018e-09	0.213926
1.02027e-09	0.213506
1.02037e-09	0.213084
1.02046e-09	0.212662
1.02055e-09	0.21224
1.02064e-09	0.211817
1.02074e-09	0.211393
1.02083e-09	0.210969
1.02092e-09	0.210544
1.02101e-09	0.210118
1.0211e-09	0.209692
1.0212e-09	0.209265
1.02129e-09	0.208838
1.02138e-09	0.20841
1.02147e-09	0.207981
1.02157e-09	0.207552
1.02166e-09	0.207122
1.02175e-09	0.206692
1.02184e-09	0.206261
1.02194e-09	0.205829
1.02203e-09	0.205397
1.02212e-09	0.204964
1.02221e-09	0.204531
1.02231e-09	0.204097
1.0224e-09	0.203662
1.02249e-09	0.203227
1.02258e-09	0.202791
1.02268e-09	0.202354
1.02277e-09	0.201917
1.02286e-09	0.20148
1.02295e-09	0.201042
1.02305e-09	0.200603
1.02314e-09	0.200163
1.02323e-09	0.199723
1.02332e-09	0.199283
1.02341e-09	0.198841
1.02351e-09	0.1984
1.0236e-09	0.197957
1.02369e-09	0.197514
1.02378e-09	0.19707
1.02388e-09	0.196626
1.02397e-09	0.196181
1.02406e-09	0.195736
1.02415e-09	0.19529
1.02425e-09	0.194843
1.02434e-09	0.194396
1.02443e-09	0.193948
1.02452e-09	0.1935
1.02462e-09	0.193051
1.02471e-09	0.192602
1.0248e-09	0.192151
1.02489e-09	0.191701
1.02499e-09	0.191249
1.02508e-09	0.190797
1.02517e-09	0.190345
1.02526e-09	0.189892
1.02536e-09	0.189438
1.02545e-09	0.188984
1.02554e-09	0.188529
1.02563e-09	0.188073
1.02572e-09	0.187617
1.02582e-09	0.187161
1.02591e-09	0.186703
1.026e-09	0.186246
1.02609e-09	0.185787
1.02619e-09	0.185328
1.02628e-09	0.184869
1.02637e-09	0.184408
1.02646e-09	0.183948
1.02656e-09	0.183486
1.02665e-09	0.183024
1.02674e-09	0.182562
1.02683e-09	0.182099
1.02693e-09	0.181635
1.02702e-09	0.181171
1.02711e-09	0.180706
1.0272e-09	0.180241
1.0273e-09	0.179775
1.02739e-09	0.179308
1.02748e-09	0.178841
1.02757e-09	0.178373
1.02767e-09	0.177905
1.02776e-09	0.177436
1.02785e-09	0.176966
1.02794e-09	0.176496
1.02804e-09	0.176026
1.02813e-09	0.175554
1.02822e-09	0.175083
1.02831e-09	0.17461
1.0284e-09	0.174137
1.0285e-09	0.173664
1.02859e-09	0.17319
1.02868e-09	0.172715
1.02877e-09	0.17224
1.02887e-09	0.171764
1.02896e-09	0.171287
1.02905e-09	0.17081
1.02914e-09	0.170333
1.02924e-09	0.169855
1.02933e-09	0.169376
1.02942e-09	0.168897
1.02951e-09	0.168417
1.02961e-09	0.167936
1.0297e-09	0.167455
1.02979e-09	0.166974
1.02988e-09	0.166492
1.02998e-09	0.166009
1.03007e-09	0.165526
1.03016e-09	0.165042
1.03025e-09	0.164557
1.03035e-09	0.164072
1.03044e-09	0.163587
1.03053e-09	0.163101
1.03062e-09	0.162614
1.03071e-09	0.162127
1.03081e-09	0.161639
1.0309e-09	0.161151
1.03099e-09	0.160662
1.03108e-09	0.160172
1.03118e-09	0.159682
1.03127e-09	0.159192
1.03136e-09	0.1587
1.03145e-09	0.158209
1.03155e-09	0.157716
1.03164e-09	0.157223
1.03173e-09	0.15673
1.03182e-09	0.156236
1.03192e-09	0.155742
1.03201e-09	0.155246
1.0321e-09	0.154751
1.03219e-09	0.154254
1.03229e-09	0.153758
1.03238e-09	0.15326
1.03247e-09	0.152762
1.03256e-09	0.152264
1.03266e-09	0.151765
1.03275e-09	0.151265
1.03284e-09	0.150765
1.03293e-09	0.150265
1.03302e-09	0.149763
1.03312e-09	0.149262
1.03321e-09	0.148759
1.0333e-09	0.148256
1.03339e-09	0.147753
1.03349e-09	0.147249
1.03358e-09	0.146744
1.03367e-09	0.146239
1.03376e-09	0.145734
1.03386e-09	0.145227
1.03395e-09	0.144721
1.03404e-09	0.144213
1.03413e-09	0.143705
1.03423e-09	0.143197
1.03432e-09	0.142688
1.03441e-09	0.142179
1.0345e-09	0.141669
1.0346e-09	0.141158
1.03469e-09	0.140647
1.03478e-09	0.140135
1.03487e-09	0.139623
1.03497e-09	0.13911
1.03506e-09	0.138597
1.03515e-09	0.138083
1.03524e-09	0.137569
1.03533e-09	0.137054
1.03543e-09	0.136538
1.03552e-09	0.136022
1.03561e-09	0.135506
1.0357e-09	0.134989
1.0358e-09	0.134471
1.03589e-09	0.133953
1.03598e-09	0.133434
1.03607e-09	0.132915
1.03617e-09	0.132395
1.03626e-09	0.131875
1.03635e-09	0.131354
1.03644e-09	0.130833
1.03654e-09	0.130311
1.03663e-09	0.129788
1.03672e-09	0.129265
1.03681e-09	0.128742
1.03691e-09	0.128218
1.037e-09	0.127693
1.03709e-09	0.127168
1.03718e-09	0.126642
1.03728e-09	0.126116
1.03737e-09	0.12559
1.03746e-09	0.125062
1.03755e-09	0.124535
1.03764e-09	0.124006
1.03774e-09	0.123477
1.03783e-09	0.122948
1.03792e-09	0.122418
1.03801e-09	0.121888
1.03811e-09	0.121357
1.0382e-09	0.120825
1.03829e-09	0.120293
1.03838e-09	0.119761
1.03848e-09	0.119228
1.03857e-09	0.118694
1.03866e-09	0.11816
1.03875e-09	0.117626
1.03885e-09	0.117091
1.03894e-09	0.116555
1.03903e-09	0.116019
1.03912e-09	0.115482
1.03922e-09	0.114945
1.03931e-09	0.114407
1.0394e-09	0.113869
1.03949e-09	0.11333
1.03959e-09	0.112791
1.03968e-09	0.112251
1.03977e-09	0.111711
1.03986e-09	0.11117
1.03996e-09	0.110629
1.04005e-09	0.110087
1.04014e-09	0.109545
1.04023e-09	0.109002
1.04032e-09	0.108459
1.04042e-09	0.107915
1.04051e-09	0.10737
1.0406e-09	0.106826
1.04069e-09	0.10628
1.04079e-09	0.105734
1.04088e-09	0.105188
1.04097e-09	0.104641
1.04106e-09	0.104093
1.04116e-09	0.103546
1.04125e-09	0.102997
1.04134e-09	0.102448
1.04143e-09	0.101899
1.04153e-09	0.101349
1.04162e-09	0.100798
1.04171e-09	0.100247
1.0418e-09	0.0996959
1.0419e-09	0.0991439
1.04199e-09	0.0985915
1.04208e-09	0.0980385
1.04217e-09	0.0974851
1.04227e-09	0.0969311
1.04236e-09	0.0963766
1.04245e-09	0.0958217
1.04254e-09	0.0952662
1.04263e-09	0.0947103
1.04273e-09	0.0941539
1.04282e-09	0.0935969
1.04291e-09	0.0930395
1.043e-09	0.0924816
1.0431e-09	0.0919231
1.04319e-09	0.0913642
1.04328e-09	0.0908048
1.04337e-09	0.0902449
1.04347e-09	0.0896845
1.04356e-09	0.0891237
1.04365e-09	0.0885623
1.04374e-09	0.0880004
1.04384e-09	0.0874381
1.04393e-09	0.0868753
1.04402e-09	0.0863119
1.04411e-09	0.0857481
1.04421e-09	0.0851838
1.0443e-09	0.0846191
1.04439e-09	0.0840538
1.04448e-09	0.0834881
1.04458e-09	0.0829218
1.04467e-09	0.0823551
1.04476e-09	0.0817879
1.04485e-09	0.0812203
1.04494e-09	0.0806521
1.04504e-09	0.0800835
1.04513e-09	0.0795144
1.04522e-09	0.0789448
1.04531e-09	0.0783747
1.04541e-09	0.0778042
1.0455e-09	0.0772332
1.04559e-09	0.0766617
1.04568e-09	0.0760897
1.04578e-09	0.0755173
1.04587e-09	0.0749443
1.04596e-09	0.0743709
1.04605e-09	0.0737971
1.04615e-09	0.0732227
1.04624e-09	0.0726479
1.04633e-09	0.0720726
1.04642e-09	0.0714969
1.04652e-09	0.0709207
1.04661e-09	0.070344
1.0467e-09	0.0697668
1.04679e-09	0.0691892
1.04689e-09	0.0686111
1.04698e-09	0.0680326
1.04707e-09	0.0674536
1.04716e-09	0.0668741
1.04725e-09	0.0662941
1.04735e-09	0.0657137
1.04744e-09	0.0651328
1.04753e-09	0.0645515
1.04762e-09	0.0639697
1.04772e-09	0.0633875
1.04781e-09	0.0628047
1.0479e-09	0.0622216
1.04799e-09	0.0616379
1.04809e-09	0.0610538
1.04818e-09	0.0604693
1.04827e-09	0.0598843
1.04836e-09	0.0592988
1.04846e-09	0.0587129
1.04855e-09	0.0581266
1.04864e-09	0.0575397
1.04873e-09	0.0569525
1.04883e-09	0.0563647
1.04892e-09	0.0557766
1.04901e-09	0.0551879
1.0491e-09	0.0545988
1.0492e-09	0.0540093
1.04929e-09	0.0534193
1.04938e-09	0.0528289
1.04947e-09	0.052238
1.04957e-09	0.0516467
1.04966e-09	0.051055
1.04975e-09	0.0504628
1.04984e-09	0.0498701
1.04993e-09	0.049277
1.05003e-09	0.0486835
1.05012e-09	0.0480895
1.05021e-09	0.0474951
1.0503e-09	0.0469002
1.0504e-09	0.0463049
1.05049e-09	0.0457092
1.05058e-09	0.045113
1.05067e-09	0.0445164
1.05077e-09	0.0439193
1.05086e-09	0.0433218
1.05095e-09	0.0427239
1.05104e-09	0.0421255
1.05114e-09	0.0415267
1.05123e-09	0.0409275
1.05132e-09	0.0403279
1.05141e-09	0.0397278
1.05151e-09	0.0391272
1.0516e-09	0.0385263
1.05169e-09	0.0379249
1.05178e-09	0.0373231
1.05188e-09	0.0367209
1.05197e-09	0.0361182
1.05206e-09	0.0355151
1.05215e-09	0.0349116
1.05224e-09	0.0343076
1.05234e-09	0.0337032
1.05243e-09	0.0330985
1.05252e-09	0.0324932
1.05261e-09	0.0318876
1.05271e-09	0.0312815
1.0528e-09	0.0306751
1.05289e-09	0.0300682
1.05298e-09	0.0294608
1.05308e-09	0.0288531
1.05317e-09	0.0282449
1.05326e-09	0.0276364
1.05335e-09	0.0270274
1.05345e-09	0.026418
1.05354e-09	0.0258081
1.05363e-09	0.0251979
1.05372e-09	0.0245873
1.05382e-09	0.0239762
1.05391e-09	0.0233647
1.054e-09	0.0227529
1.05409e-09	0.0221406
1.05419e-09	0.0215279
1.05428e-09	0.0209148
1.05437e-09	0.0203012
1.05446e-09	0.0196873
1.05455e-09	0.019073
1.05465e-09	0.0184582
1.05474e-09	0.0178431
1.05483e-09	0.0172276
1.05492e-09	0.0166116
1.05502e-09	0.0159953
1.05511e-09	0.0153785
1.0552e-09	0.0147614
1.05529e-09	0.0141438
1.05539e-09	0.0135259
1.05548e-09	0.0129075
1.05557e-09	0.0122888
1.05566e-09	0.0116696
1.05576e-09	0.0110501
1.05585e-09	0.0104301
1.05594e-09	0.00980982
1.05603e-09	0.0091891
1.05613e-09	0.00856798
1.05622e-09	0.00794647
1.05631e-09	0.00732457
1.0564e-09	0.00670228
1.0565e-09	0.00607961
1.05659e-09	0.00545654
1.05668e-09	0.00483308
1.05677e-09	0.00420924
1.05686e-09	0.00358501
1.05696e-09	0.0029604
1.05705e-09	0.0023354
1.05714e-09	0.00171001
1.05723e-09	0.00108424
1.05733e-09	0.000458095
1.05742e-09	-0.000168435
1.05751e-09	-0.000795347
1.0576e-09	-0.00142264
1.0577e-09	-0.00205031
1.05779e-09	-0.00267836
1.05788e-09	-0.00330678
1.05797e-09	-0.00393559
1.05807e-09	-0.00456477
1.05816e-09	-0.00519432
1.05825e-09	-0.00582425
1.05834e-09	-0.00645455
1.05844e-09	-0.00708523
1.05853e-09	-0.00771627
1.05862e-09	-0.00834769
1.05871e-09	-0.00897948
1.05881e-09	-0.00961163
1.0589e-09	-0.0102442
1.05899e-09	-0.010877
1.05908e-09	-0.0115103
1.05917e-09	-0.0121439
1.05927e-09	-0.0127779
1.05936e-09	-0.0134123
1.05945e-09	-0.014047
1.05954e-09	-0.0146821
1.05964e-09	-0.0153175
1.05973e-09	-0.0159533
1.05982e-09	-0.0165895
1.05991e-09	-0.017226
1.06001e-09	-0.0178629
1.0601e-09	-0.0185001
1.06019e-09	-0.0191377
1.06028e-09	-0.0197757
1.06038e-09	-0.020414
1.06047e-09	-0.0210526
1.06056e-09	-0.0216917
1.06065e-09	-0.022331
1.06075e-09	-0.0229707
1.06084e-09	-0.0236108
1.06093e-09	-0.0242512
1.06102e-09	-0.024892
1.06112e-09	-0.0255331
1.06121e-09	-0.0261746
1.0613e-09	-0.0268164
1.06139e-09	-0.0274585
1.06149e-09	-0.028101
1.06158e-09	-0.0287439
1.06167e-09	-0.0293871
1.06176e-09	-0.0300306
1.06185e-09	-0.0306745
1.06195e-09	-0.0313187
1.06204e-09	-0.0319632
1.06213e-09	-0.0326081
1.06222e-09	-0.0332534
1.06232e-09	-0.0338989
1.06241e-09	-0.0345448
1.0625e-09	-0.0351911
1.06259e-09	-0.0358376
1.06269e-09	-0.0364845
1.06278e-09	-0.0371318
1.06287e-09	-0.0377793
1.06296e-09	-0.0384272
1.06306e-09	-0.0390755
1.06315e-09	-0.039724
1.06324e-09	-0.0403729
1.06333e-09	-0.0410221
1.06343e-09	-0.0416717
1.06352e-09	-0.0423215
1.06361e-09	-0.0429717
1.0637e-09	-0.0436222
1.0638e-09	-0.0442731
1.06389e-09	-0.0449242
1.06398e-09	-0.0455757
1.06407e-09	-0.0462275
1.06416e-09	-0.0468796
1.06426e-09	-0.0475321
1.06435e-09	-0.0481848
1.06444e-09	-0.0488379
1.06453e-09	-0.0494913
1.06463e-09	-0.050145
1.06472e-09	-0.050799
1.06481e-09	-0.0514534
1.0649e-09	-0.052108
1.065e-09	-0.052763
1.06509e-09	-0.0534182
1.06518e-09	-0.0540738
1.06527e-09	-0.0547297
1.06537e-09	-0.0553859
1.06546e-09	-0.0560424
1.06555e-09	-0.0566992
1.06564e-09	-0.0573563
1.06574e-09	-0.0580137
1.06583e-09	-0.0586714
1.06592e-09	-0.0593294
1.06601e-09	-0.0599878
1.06611e-09	-0.0606464
1.0662e-09	-0.0613053
1.06629e-09	-0.0619645
1.06638e-09	-0.062624
1.06647e-09	-0.0632839
1.06657e-09	-0.063944
1.06666e-09	-0.0646044
1.06675e-09	-0.0652651
1.06684e-09	-0.0659261
1.06694e-09	-0.0665874
1.06703e-09	-0.0672489
1.06712e-09	-0.0679108
1.06721e-09	-0.0685729
1.06731e-09	-0.0692354
1.0674e-09	-0.0698981
1.06749e-09	-0.0705611
1.06758e-09	-0.0712244
1.06768e-09	-0.071888
1.06777e-09	-0.0725519
1.06786e-09	-0.0732161
1.06795e-09	-0.0738805
1.06805e-09	-0.0745452
1.06814e-09	-0.0752102
1.06823e-09	-0.0758755
1.06832e-09	-0.0765411
1.06842e-09	-0.0772069
1.06851e-09	-0.077873
1.0686e-09	-0.0785394
1.06869e-09	-0.079206
1.06878e-09	-0.079873
1.06888e-09	-0.0805402
1.06897e-09	-0.0812077
1.06906e-09	-0.0818754
1.06915e-09	-0.0825434
1.06925e-09	-0.0832117
1.06934e-09	-0.0838803
1.06943e-09	-0.0845491
1.06952e-09	-0.0852182
1.06962e-09	-0.0858875
1.06971e-09	-0.0865571
1.0698e-09	-0.087227
1.06989e-09	-0.0878972
1.06999e-09	-0.0885676
1.07008e-09	-0.0892382
1.07017e-09	-0.0899092
1.07026e-09	-0.0905804
1.07036e-09	-0.0912518
1.07045e-09	-0.0919235
1.07054e-09	-0.0925954
1.07063e-09	-0.0932676
1.07073e-09	-0.0939401
1.07082e-09	-0.0946128
1.07091e-09	-0.0952858
1.071e-09	-0.095959
1.0711e-09	-0.0966325
1.07119e-09	-0.0973062
1.07128e-09	-0.0979801
1.07137e-09	-0.0986543
1.07146e-09	-0.0993288
1.07156e-09	-0.100003
1.07165e-09	-0.100678
1.07174e-09	-0.101354
1.07183e-09	-0.102029
1.07193e-09	-0.102705
1.07202e-09	-0.103381
1.07211e-09	-0.104057
1.0722e-09	-0.104733
1.0723e-09	-0.10541
1.07239e-09	-0.106087
1.07248e-09	-0.106764
1.07257e-09	-0.107441
1.07267e-09	-0.108119
1.07276e-09	-0.108796
1.07285e-09	-0.109474
1.07294e-09	-0.110153
1.07304e-09	-0.110831
1.07313e-09	-0.11151
1.07322e-09	-0.112189
1.07331e-09	-0.112868
1.07341e-09	-0.113547
1.0735e-09	-0.114227
1.07359e-09	-0.114907
1.07368e-09	-0.115587
1.07377e-09	-0.116267
1.07387e-09	-0.116948
1.07396e-09	-0.117628
1.07405e-09	-0.118309
1.07414e-09	-0.11899
1.07424e-09	-0.119672
1.07433e-09	-0.120353
1.07442e-09	-0.121035
1.07451e-09	-0.121717
1.07461e-09	-0.1224
1.0747e-09	-0.123082
1.07479e-09	-0.123765
1.07488e-09	-0.124447
1.07498e-09	-0.125131
1.07507e-09	-0.125814
1.07516e-09	-0.126497
1.07525e-09	-0.127181
1.07535e-09	-0.127865
1.07544e-09	-0.128549
1.07553e-09	-0.129233
1.07562e-09	-0.129918
1.07572e-09	-0.130602
1.07581e-09	-0.131287
1.0759e-09	-0.131972
1.07599e-09	-0.132658
1.07608e-09	-0.133343
1.07618e-09	-0.134029
1.07627e-09	-0.134715
1.07636e-09	-0.135401
1.07645e-09	-0.136087
1.07655e-09	-0.136774
1.07664e-09	-0.13746
1.07673e-09	-0.138147
1.07682e-09	-0.138834
1.07692e-09	-0.139521
1.07701e-09	-0.140209
1.0771e-09	-0.140896
1.07719e-09	-0.141584
1.07729e-09	-0.142272
1.07738e-09	-0.14296
1.07747e-09	-0.143648
1.07756e-09	-0.144337
1.07766e-09	-0.145026
1.07775e-09	-0.145714
1.07784e-09	-0.146403
1.07793e-09	-0.147093
1.07803e-09	-0.147782
1.07812e-09	-0.148472
1.07821e-09	-0.149161
1.0783e-09	-0.149851
1.07839e-09	-0.150541
1.07849e-09	-0.151231
1.07858e-09	-0.151922
1.07867e-09	-0.152612
1.07876e-09	-0.153303
1.07886e-09	-0.153994
1.07895e-09	-0.154685
1.07904e-09	-0.155376
1.07913e-09	-0.156068
1.07923e-09	-0.156759
1.07932e-09	-0.157451
1.07941e-09	-0.158143
1.0795e-09	-0.158835
1.0796e-09	-0.159527
1.07969e-09	-0.160219
1.07978e-09	-0.160912
1.07987e-09	-0.161604
1.07997e-09	-0.162297
1.08006e-09	-0.16299
1.08015e-09	-0.163683
1.08024e-09	-0.164377
1.08034e-09	-0.16507
1.08043e-09	-0.165764
1.08052e-09	-0.166457
1.08061e-09	-0.167151
1.08071e-09	-0.167845
1.0808e-09	-0.168539
1.08089e-09	-0.169233
1.08098e-09	-0.169928
1.08107e-09	-0.170622
1.08117e-09	-0.171317
1.08126e-09	-0.172012
1.08135e-09	-0.172707
1.08144e-09	-0.173402
1.08154e-09	-0.174097
1.08163e-09	-0.174793
1.08172e-09	-0.175488
1.08181e-09	-0.176184
1.08191e-09	-0.176879
1.082e-09	-0.177575
1.08209e-09	-0.178271
1.08218e-09	-0.178968
1.08228e-09	-0.179664
1.08237e-09	-0.18036
1.08246e-09	-0.181057
1.08255e-09	-0.181753
1.08265e-09	-0.18245
1.08274e-09	-0.183147
1.08283e-09	-0.183844
1.08292e-09	-0.184541
1.08302e-09	-0.185238
1.08311e-09	-0.185936
1.0832e-09	-0.186633
1.08329e-09	-0.187331
1.08338e-09	-0.188029
1.08348e-09	-0.188726
1.08357e-09	-0.189424
1.08366e-09	-0.190122
1.08375e-09	-0.19082
1.08385e-09	-0.191519
1.08394e-09	-0.192217
1.08403e-09	-0.192916
1.08412e-09	-0.193614
1.08422e-09	-0.194313
1.08431e-09	-0.195012
1.0844e-09	-0.19571
1.08449e-09	-0.196409
1.08459e-09	-0.197108
1.08468e-09	-0.197808
1.08477e-09	-0.198507
1.08486e-09	-0.199206
1.08496e-09	-0.199906
1.08505e-09	-0.200605
1.08514e-09	-0.201305
1.08523e-09	-0.202005
1.08533e-09	-0.202705
1.08542e-09	-0.203404
1.08551e-09	-0.204104
1.0856e-09	-0.204805
1.08569e-09	-0.205505
1.08579e-09	-0.206205
1.08588e-09	-0.206905
1.08597e-09	-0.207606
1.08606e-09	-0.208306
1.08616e-09	-0.209007
1.08625e-09	-0.209708
1.08634e-09	-0.210408
1.08643e-09	-0.211109
1.08653e-09	-0.21181
1.08662e-09	-0.212511
1.08671e-09	-0.213212
1.0868e-09	-0.213913
1.0869e-09	-0.214614
1.08699e-09	-0.215316
1.08708e-09	-0.216017
1.08717e-09	-0.216718
1.08727e-09	-0.21742
1.08736e-09	-0.218121
1.08745e-09	-0.218823
1.08754e-09	-0.219525
1.08764e-09	-0.220226
1.08773e-09	-0.220928
1.08782e-09	-0.22163
1.08791e-09	-0.222332
1.088e-09	-0.223034
1.0881e-09	-0.223736
1.08819e-09	-0.224438
1.08828e-09	-0.22514
1.08837e-09	-0.225842
1.08847e-09	-0.226545
1.08856e-09	-0.227247
1.08865e-09	-0.227949
1.08874e-09	-0.228652
1.08884e-09	-0.229354
1.08893e-09	-0.230057
1.08902e-09	-0.230759
1.08911e-09	-0.231462
1.08921e-09	-0.232164
1.0893e-09	-0.232867
1.08939e-09	-0.23357
1.08948e-09	-0.234272
1.08958e-09	-0.234975
1.08967e-09	-0.235678
1.08976e-09	-0.236381
1.08985e-09	-0.237084
1.08995e-09	-0.237787
1.09004e-09	-0.23849
1.09013e-09	-0.239193
1.09022e-09	-0.239896
1.09031e-09	-0.240599
1.09041e-09	-0.241302
1.0905e-09	-0.242005
1.09059e-09	-0.242708
1.09068e-09	-0.243411
1.09078e-09	-0.244115
1.09087e-09	-0.244818
1.09096e-09	-0.245521
1.09105e-09	-0.246224
1.09115e-09	-0.246928
1.09124e-09	-0.247631
1.09133e-09	-0.248334
1.09142e-09	-0.249038
1.09152e-09	-0.249741
1.09161e-09	-0.250444
1.0917e-09	-0.251148
1.09179e-09	-0.251851
1.09189e-09	-0.252554
1.09198e-09	-0.253258
1.09207e-09	-0.253961
1.09216e-09	-0.254665
1.09226e-09	-0.255368
1.09235e-09	-0.256072
1.09244e-09	-0.256775
1.09253e-09	-0.257478
1.09263e-09	-0.258182
1.09272e-09	-0.258885
1.09281e-09	-0.259589
1.0929e-09	-0.260292
1.09299e-09	-0.260996
1.09309e-09	-0.261699
1.09318e-09	-0.262403
1.09327e-09	-0.263106
1.09336e-09	-0.263809
1.09346e-09	-0.264513
1.09355e-09	-0.265216
1.09364e-09	-0.26592
1.09373e-09	-0.266623
1.09383e-09	-0.267326
1.09392e-09	-0.26803
1.09401e-09	-0.268733
1.0941e-09	-0.269436
1.0942e-09	-0.27014
1.09429e-09	-0.270843
1.09438e-09	-0.271546
1.09447e-09	-0.272249
1.09457e-09	-0.272953
1.09466e-09	-0.273656
1.09475e-09	-0.274359
1.09484e-09	-0.275062
1.09494e-09	-0.275765
1.09503e-09	-0.276468
1.09512e-09	-0.277171
1.09521e-09	-0.277874
1.0953e-09	-0.278577
1.0954e-09	-0.27928
1.09549e-09	-0.279983
1.09558e-09	-0.280686
1.09567e-09	-0.281389
1.09577e-09	-0.282092
1.09586e-09	-0.282795
1.09595e-09	-0.283497
1.09604e-09	-0.2842
1.09614e-09	-0.284903
1.09623e-09	-0.285605
1.09632e-09	-0.286308
1.09641e-09	-0.28701
1.09651e-09	-0.287713
1.0966e-09	-0.288415
1.09669e-09	-0.289118
1.09678e-09	-0.28982
1.09688e-09	-0.290522
1.09697e-09	-0.291224
1.09706e-09	-0.291927
1.09715e-09	-0.292629
1.09725e-09	-0.293331
1.09734e-09	-0.294033
1.09743e-09	-0.294735
1.09752e-09	-0.295437
1.09761e-09	-0.296138
1.09771e-09	-0.29684
1.0978e-09	-0.297542
1.09789e-09	-0.298243
1.09798e-09	-0.298945
1.09808e-09	-0.299646
1.09817e-09	-0.300348
1.09826e-09	-0.301049
1.09835e-09	-0.301751
1.09845e-09	-0.302452
1.09854e-09	-0.303153
1.09863e-09	-0.303854
1.09872e-09	-0.304555
1.09882e-09	-0.305256
1.09891e-09	-0.305957
1.099e-09	-0.306657
1.09909e-09	-0.307358
1.09919e-09	-0.308059
1.09928e-09	-0.308759
1.09937e-09	-0.30946
1.09946e-09	-0.31016
1.09956e-09	-0.31086
1.09965e-09	-0.31156
1.09974e-09	-0.31226
1.09983e-09	-0.31296
1.09992e-09	-0.31366
1.10002e-09	-0.31436
1.10011e-09	-0.31506
1.1002e-09	-0.31576
1.10029e-09	-0.316459
1.10039e-09	-0.317158
1.10048e-09	-0.317858
1.10057e-09	-0.318557
1.10066e-09	-0.319256
1.10076e-09	-0.319955
1.10085e-09	-0.320654
1.10094e-09	-0.321353
1.10103e-09	-0.322052
1.10113e-09	-0.32275
1.10122e-09	-0.323449
1.10131e-09	-0.324147
1.1014e-09	-0.324845
1.1015e-09	-0.325544
1.10159e-09	-0.326242
1.10168e-09	-0.32694
1.10177e-09	-0.327637
1.10187e-09	-0.328335
1.10196e-09	-0.329033
1.10205e-09	-0.32973
1.10214e-09	-0.330428
1.10224e-09	-0.331125
1.10233e-09	-0.331822
1.10242e-09	-0.332519
1.10251e-09	-0.333216
1.1026e-09	-0.333913
1.1027e-09	-0.334609
1.10279e-09	-0.335306
1.10288e-09	-0.336002
1.10297e-09	-0.336698
1.10307e-09	-0.337394
1.10316e-09	-0.33809
1.10325e-09	-0.338786
1.10334e-09	-0.339482
1.10344e-09	-0.340178
1.10353e-09	-0.340873
1.10362e-09	-0.341568
1.10371e-09	-0.342263
1.10381e-09	-0.342958
1.1039e-09	-0.343653
1.10399e-09	-0.344348
1.10408e-09	-0.345043
1.10418e-09	-0.345737
1.10427e-09	-0.346431
1.10436e-09	-0.347125
1.10445e-09	-0.347819
1.10455e-09	-0.348513
1.10464e-09	-0.349207
1.10473e-09	-0.3499
1.10482e-09	-0.350594
1.10491e-09	-0.351287
1.10501e-09	-0.35198
1.1051e-09	-0.352673
1.10519e-09	-0.353366
1.10528e-09	-0.354058
1.10538e-09	-0.354751
1.10547e-09	-0.355443
1.10556e-09	-0.356135
1.10565e-09	-0.356827
1.10575e-09	-0.357519
1.10584e-09	-0.35821
1.10593e-09	-0.358902
1.10602e-09	-0.359593
1.10612e-09	-0.360284
1.10621e-09	-0.360975
1.1063e-09	-0.361666
1.10639e-09	-0.362356
1.10649e-09	-0.363047
1.10658e-09	-0.363737
1.10667e-09	-0.364427
1.10676e-09	-0.365117
1.10686e-09	-0.365807
1.10695e-09	-0.366496
1.10704e-09	-0.367186
1.10713e-09	-0.367875
1.10722e-09	-0.368564
1.10732e-09	-0.369252
1.10741e-09	-0.369941
1.1075e-09	-0.370629
1.10759e-09	-0.371317
1.10769e-09	-0.372005
1.10778e-09	-0.372693
1.10787e-09	-0.373381
1.10796e-09	-0.374068
1.10806e-09	-0.374755
1.10815e-09	-0.375443
1.10824e-09	-0.376129
1.10833e-09	-0.376816
1.10843e-09	-0.377502
1.10852e-09	-0.378189
1.10861e-09	-0.378875
1.1087e-09	-0.37956
1.1088e-09	-0.380246
1.10889e-09	-0.380931
1.10898e-09	-0.381617
1.10907e-09	-0.382302
1.10917e-09	-0.382986
1.10926e-09	-0.383671
1.10935e-09	-0.384355
1.10944e-09	-0.385039
1.10953e-09	-0.385723
1.10963e-09	-0.386407
1.10972e-09	-0.38709
1.10981e-09	-0.387774
1.1099e-09	-0.388457
1.11e-09	-0.389139
1.11009e-09	-0.389822
1.11018e-09	-0.390504
1.11027e-09	-0.391186
1.11037e-09	-0.391868
1.11046e-09	-0.39255
1.11055e-09	-0.393231
1.11064e-09	-0.393913
1.11074e-09	-0.394594
1.11083e-09	-0.395274
1.11092e-09	-0.395955
1.11101e-09	-0.396635
1.11111e-09	-0.397315
1.1112e-09	-0.397995
1.11129e-09	-0.398675
1.11138e-09	-0.399354
1.11148e-09	-0.400033
1.11157e-09	-0.400712
1.11166e-09	-0.40139
1.11175e-09	-0.402069
1.11184e-09	-0.402747
1.11194e-09	-0.403425
1.11203e-09	-0.404102
1.11212e-09	-0.40478
1.11221e-09	-0.405457
1.11231e-09	-0.406134
1.1124e-09	-0.40681
1.11249e-09	-0.407487
1.11258e-09	-0.408163
1.11268e-09	-0.408838
1.11277e-09	-0.409514
1.11286e-09	-0.410189
1.11295e-09	-0.410864
1.11305e-09	-0.411539
1.11314e-09	-0.412214
1.11323e-09	-0.412888
1.11332e-09	-0.413562
1.11342e-09	-0.414236
1.11351e-09	-0.414909
1.1136e-09	-0.415582
1.11369e-09	-0.416255
1.11379e-09	-0.416928
1.11388e-09	-0.4176
1.11397e-09	-0.418272
1.11406e-09	-0.418944
1.11416e-09	-0.419616
1.11425e-09	-0.420287
1.11434e-09	-0.420958
1.11443e-09	-0.421628
1.11452e-09	-0.422299
1.11462e-09	-0.422969
1.11471e-09	-0.423639
1.1148e-09	-0.424308
1.11489e-09	-0.424978
1.11499e-09	-0.425647
1.11508e-09	-0.426315
1.11517e-09	-0.426984
1.11526e-09	-0.427652
1.11536e-09	-0.42832
1.11545e-09	-0.428987
1.11554e-09	-0.429654
1.11563e-09	-0.430321
1.11573e-09	-0.430988
1.11582e-09	-0.431654
1.11591e-09	-0.43232
1.116e-09	-0.432986
1.1161e-09	-0.433651
1.11619e-09	-0.434316
1.11628e-09	-0.434981
1.11637e-09	-0.435646
1.11647e-09	-0.43631
1.11656e-09	-0.436974
1.11665e-09	-0.437637
1.11674e-09	-0.438301
1.11683e-09	-0.438964
1.11693e-09	-0.439626
1.11702e-09	-0.440289
1.11711e-09	-0.440951
1.1172e-09	-0.441612
1.1173e-09	-0.442274
1.11739e-09	-0.442935
1.11748e-09	-0.443595
1.11757e-09	-0.444256
1.11767e-09	-0.444916
1.11776e-09	-0.445576
1.11785e-09	-0.446235
1.11794e-09	-0.446894
1.11804e-09	-0.447553
1.11813e-09	-0.448211
1.11822e-09	-0.448869
1.11831e-09	-0.449527
1.11841e-09	-0.450185
1.1185e-09	-0.450842
1.11859e-09	-0.451499
1.11868e-09	-0.452155
1.11878e-09	-0.452811
1.11887e-09	-0.453467
1.11896e-09	-0.454122
1.11905e-09	-0.454777
1.11914e-09	-0.455432
1.11924e-09	-0.456086
1.11933e-09	-0.45674
1.11942e-09	-0.457394
1.11951e-09	-0.458047
1.11961e-09	-0.4587
1.1197e-09	-0.459353
1.11979e-09	-0.460005
1.11988e-09	-0.460657
1.11998e-09	-0.461309
1.12007e-09	-0.46196
1.12016e-09	-0.462611
1.12025e-09	-0.463261
1.12035e-09	-0.463911
1.12044e-09	-0.464561
1.12053e-09	-0.465211
1.12062e-09	-0.46586
1.12072e-09	-0.466508
1.12081e-09	-0.467157
1.1209e-09	-0.467805
1.12099e-09	-0.468452
1.12109e-09	-0.469099
1.12118e-09	-0.469746
1.12127e-09	-0.470393
1.12136e-09	-0.471039
1.12145e-09	-0.471685
1.12155e-09	-0.47233
1.12164e-09	-0.472975
1.12173e-09	-0.473619
1.12182e-09	-0.474264
1.12192e-09	-0.474908
1.12201e-09	-0.475551
1.1221e-09	-0.476194
1.12219e-09	-0.476837
1.12229e-09	-0.477479
1.12238e-09	-0.478121
1.12247e-09	-0.478762
1.12256e-09	-0.479404
1.12266e-09	-0.480044
1.12275e-09	-0.480685
1.12284e-09	-0.481325
1.12293e-09	-0.481964
1.12303e-09	-0.482603
1.12312e-09	-0.483242
1.12321e-09	-0.48388
1.1233e-09	-0.484518
1.1234e-09	-0.485156
1.12349e-09	-0.485793
1.12358e-09	-0.48643
1.12367e-09	-0.487066
1.12377e-09	-0.487702
1.12386e-09	-0.488338
1.12395e-09	-0.488973
1.12404e-09	-0.489608
1.12413e-09	-0.490242
1.12423e-09	-0.490876
1.12432e-09	-0.491509
1.12441e-09	-0.492143
1.1245e-09	-0.492775
1.1246e-09	-0.493407
1.12469e-09	-0.494039
1.12478e-09	-0.494671
1.12487e-09	-0.495302
1.12497e-09	-0.495932
1.12506e-09	-0.496562
1.12515e-09	-0.497192
1.12524e-09	-0.497821
1.12534e-09	-0.49845
1.12543e-09	-0.499079
1.12552e-09	-0.499707
1.12561e-09	-0.500334
1.12571e-09	-0.500962
1.1258e-09	-0.501588
1.12589e-09	-0.502215
1.12598e-09	-0.50284
1.12608e-09	-0.503466
1.12617e-09	-0.504091
1.12626e-09	-0.504715
1.12635e-09	-0.50534
1.12644e-09	-0.505963
1.12654e-09	-0.506586
1.12663e-09	-0.507209
1.12672e-09	-0.507832
1.12681e-09	-0.508453
1.12691e-09	-0.509075
1.127e-09	-0.509696
1.12709e-09	-0.510316
1.12718e-09	-0.510937
1.12728e-09	-0.511556
1.12737e-09	-0.512175
1.12746e-09	-0.512794
1.12755e-09	-0.513412
1.12765e-09	-0.51403
1.12774e-09	-0.514648
1.12783e-09	-0.515265
1.12792e-09	-0.515881
1.12802e-09	-0.516497
1.12811e-09	-0.517113
1.1282e-09	-0.517728
1.12829e-09	-0.518342
1.12839e-09	-0.518956
1.12848e-09	-0.51957
1.12857e-09	-0.520183
1.12866e-09	-0.520796
1.12875e-09	-0.521408
1.12885e-09	-0.52202
1.12894e-09	-0.522631
1.12903e-09	-0.523242
1.12912e-09	-0.523852
1.12922e-09	-0.524462
1.12931e-09	-0.525072
1.1294e-09	-0.525681
1.12949e-09	-0.526289
1.12959e-09	-0.526897
1.12968e-09	-0.527505
1.12977e-09	-0.528112
1.12986e-09	-0.528718
1.12996e-09	-0.529324
1.13005e-09	-0.52993
1.13014e-09	-0.530535
1.13023e-09	-0.531139
1.13033e-09	-0.531743
1.13042e-09	-0.532347
1.13051e-09	-0.53295
1.1306e-09	-0.533553
1.1307e-09	-0.534155
1.13079e-09	-0.534756
1.13088e-09	-0.535357
1.13097e-09	-0.535958
1.13106e-09	-0.536558
1.13116e-09	-0.537158
1.13125e-09	-0.537757
1.13134e-09	-0.538355
1.13143e-09	-0.538953
1.13153e-09	-0.539551
1.13162e-09	-0.540148
1.13171e-09	-0.540744
1.1318e-09	-0.54134
1.1319e-09	-0.541936
1.13199e-09	-0.542531
1.13208e-09	-0.543125
1.13217e-09	-0.543719
1.13227e-09	-0.544313
1.13236e-09	-0.544906
1.13245e-09	-0.545498
1.13254e-09	-0.54609
1.13264e-09	-0.546681
1.13273e-09	-0.547272
1.13282e-09	-0.547863
1.13291e-09	-0.548452
1.13301e-09	-0.549042
1.1331e-09	-0.549631
1.13319e-09	-0.550219
1.13328e-09	-0.550806
1.13337e-09	-0.551394
1.13347e-09	-0.55198
1.13356e-09	-0.552566
1.13365e-09	-0.553152
1.13374e-09	-0.553737
1.13384e-09	-0.554321
1.13393e-09	-0.554905
1.13402e-09	-0.555489
1.13411e-09	-0.556072
1.13421e-09	-0.556654
1.1343e-09	-0.557236
1.13439e-09	-0.557817
1.13448e-09	-0.558398
1.13458e-09	-0.558978
1.13467e-09	-0.559557
1.13476e-09	-0.560136
1.13485e-09	-0.560715
1.13495e-09	-0.561293
1.13504e-09	-0.56187
1.13513e-09	-0.562447
1.13522e-09	-0.563023
1.13532e-09	-0.563599
1.13541e-09	-0.564174
1.1355e-09	-0.564749
1.13559e-09	-0.565323
1.13569e-09	-0.565896
1.13578e-09	-0.566469
1.13587e-09	-0.567042
1.13596e-09	-0.567613
1.13605e-09	-0.568185
1.13615e-09	-0.568755
1.13624e-09	-0.569325
1.13633e-09	-0.569895
1.13642e-09	-0.570464
1.13652e-09	-0.571032
1.13661e-09	-0.5716
1.1367e-09	-0.572167
1.13679e-09	-0.572734
1.13689e-09	-0.5733
1.13698e-09	-0.573865
1.13707e-09	-0.57443
1.13716e-09	-0.574995
1.13726e-09	-0.575558
1.13735e-09	-0.576122
1.13744e-09	-0.576684
1.13753e-09	-0.577246
1.13763e-09	-0.577808
1.13772e-09	-0.578369
1.13781e-09	-0.578929
1.1379e-09	-0.579488
1.138e-09	-0.580048
1.13809e-09	-0.580606
1.13818e-09	-0.581164
1.13827e-09	-0.581721
1.13836e-09	-0.582278
1.13846e-09	-0.582834
1.13855e-09	-0.58339
1.13864e-09	-0.583944
1.13873e-09	-0.584499
1.13883e-09	-0.585052
1.13892e-09	-0.585606
1.13901e-09	-0.586158
1.1391e-09	-0.58671
1.1392e-09	-0.587261
1.13929e-09	-0.587812
1.13938e-09	-0.588362
1.13947e-09	-0.588911
1.13957e-09	-0.58946
1.13966e-09	-0.590008
1.13975e-09	-0.590556
1.13984e-09	-0.591103
1.13994e-09	-0.591649
1.14003e-09	-0.592195
1.14012e-09	-0.59274
1.14021e-09	-0.593285
1.14031e-09	-0.593829
1.1404e-09	-0.594372
1.14049e-09	-0.594915
1.14058e-09	-0.595457
1.14067e-09	-0.595998
1.14077e-09	-0.596539
1.14086e-09	-0.597079
1.14095e-09	-0.597619
1.14104e-09	-0.598158
1.14114e-09	-0.598696
1.14123e-09	-0.599234
1.14132e-09	-0.599771
1.14141e-09	-0.600307
1.14151e-09	-0.600843
1.1416e-09	-0.601378
1.14169e-09	-0.601913
1.14178e-09	-0.602446
1.14188e-09	-0.60298
1.14197e-09	-0.603512
1.14206e-09	-0.604044
1.14215e-09	-0.604575
1.14225e-09	-0.605106
1.14234e-09	-0.605636
1.14243e-09	-0.606165
1.14252e-09	-0.606694
1.14262e-09	-0.607222
1.14271e-09	-0.60775
1.1428e-09	-0.608276
1.14289e-09	-0.608802
1.14298e-09	-0.609328
1.14308e-09	-0.609853
1.14317e-09	-0.610377
1.14326e-09	-0.6109
1.14335e-09	-0.611423
1.14345e-09	-0.611945
1.14354e-09	-0.612467
1.14363e-09	-0.612988
1.14372e-09	-0.613508
1.14382e-09	-0.614027
1.14391e-09	-0.614546
1.144e-09	-0.615064
1.14409e-09	-0.615582
1.14419e-09	-0.616099
1.14428e-09	-0.616615
1.14437e-09	-0.61713
1.14446e-09	-0.617645
1.14456e-09	-0.618159
1.14465e-09	-0.618673
1.14474e-09	-0.619186
1.14483e-09	-0.619698
1.14493e-09	-0.620209
1.14502e-09	-0.62072
1.14511e-09	-0.62123
1.1452e-09	-0.62174
1.1453e-09	-0.622248
1.14539e-09	-0.622756
1.14548e-09	-0.623264
1.14557e-09	-0.62377
1.14566e-09	-0.624276
1.14576e-09	-0.624782
1.14585e-09	-0.625286
1.14594e-09	-0.62579
1.14603e-09	-0.626294
1.14613e-09	-0.626796
1.14622e-09	-0.627298
1.14631e-09	-0.627799
1.1464e-09	-0.6283
1.1465e-09	-0.628799
1.14659e-09	-0.629299
1.14668e-09	-0.629797
1.14677e-09	-0.630295
1.14687e-09	-0.630792
1.14696e-09	-0.631288
1.14705e-09	-0.631783
1.14714e-09	-0.632278
1.14724e-09	-0.632773
1.14733e-09	-0.633266
1.14742e-09	-0.633759
1.14751e-09	-0.634251
1.14761e-09	-0.634742
1.1477e-09	-0.635233
1.14779e-09	-0.635723
1.14788e-09	-0.636212
1.14797e-09	-0.6367
1.14807e-09	-0.637188
1.14816e-09	-0.637675
1.14825e-09	-0.638162
1.14834e-09	-0.638647
1.14844e-09	-0.639132
1.14853e-09	-0.639616
1.14862e-09	-0.6401
1.14871e-09	-0.640583
1.14881e-09	-0.641065
1.1489e-09	-0.641546
1.14899e-09	-0.642026
1.14908e-09	-0.642506
1.14918e-09	-0.642985
1.14927e-09	-0.643464
1.14936e-09	-0.643941
1.14945e-09	-0.644418
1.14955e-09	-0.644895
1.14964e-09	-0.64537
1.14973e-09	-0.645845
1.14982e-09	-0.646319
1.14992e-09	-0.646792
1.15001e-09	-0.647264
1.1501e-09	-0.647736
1.15019e-09	-0.648207
1.15028e-09	-0.648678
1.15038e-09	-0.649147
1.15047e-09	-0.649616
1.15056e-09	-0.650084
1.15065e-09	-0.650551
1.15075e-09	-0.651018
1.15084e-09	-0.651484
1.15093e-09	-0.651949
1.15102e-09	-0.652413
1.15112e-09	-0.652877
1.15121e-09	-0.65334
1.1513e-09	-0.653802
1.15139e-09	-0.654263
1.15149e-09	-0.654723
1.15158e-09	-0.655183
1.15167e-09	-0.655642
1.15176e-09	-0.656101
1.15186e-09	-0.656558
1.15195e-09	-0.657015
1.15204e-09	-0.657471
1.15213e-09	-0.657926
1.15223e-09	-0.658381
1.15232e-09	-0.658834
1.15241e-09	-0.659287
1.1525e-09	-0.659739
1.15259e-09	-0.660191
1.15269e-09	-0.660642
1.15278e-09	-0.661091
1.15287e-09	-0.661541
1.15296e-09	-0.661989
1.15306e-09	-0.662436
1.15315e-09	-0.662883
1.15324e-09	-0.663329
1.15333e-09	-0.663774
1.15343e-09	-0.664219
1.15352e-09	-0.664663
1.15361e-09	-0.665106
1.1537e-09	-0.665548
1.1538e-09	-0.665989
1.15389e-09	-0.66643
1.15398e-09	-0.666869
1.15407e-09	-0.667308
1.15417e-09	-0.667746
1.15426e-09	-0.668184
1.15435e-09	-0.668621
1.15444e-09	-0.669056
1.15454e-09	-0.669491
1.15463e-09	-0.669926
1.15472e-09	-0.670359
1.15481e-09	-0.670792
1.15491e-09	-0.671224
1.155e-09	-0.671655
1.15509e-09	-0.672085
1.15518e-09	-0.672514
1.15527e-09	-0.672943
1.15537e-09	-0.673371
1.15546e-09	-0.673798
1.15555e-09	-0.674224
1.15564e-09	-0.67465
1.15574e-09	-0.675075
1.15583e-09	-0.675498
1.15592e-09	-0.675922
1.15601e-09	-0.676344
1.15611e-09	-0.676765
1.1562e-09	-0.677186
1.15629e-09	-0.677606
1.15638e-09	-0.678025
1.15648e-09	-0.678443
1.15657e-09	-0.67886
1.15666e-09	-0.679277
1.15675e-09	-0.679693
1.15685e-09	-0.680108
1.15694e-09	-0.680522
1.15703e-09	-0.680935
1.15712e-09	-0.681348
1.15722e-09	-0.681759
1.15731e-09	-0.68217
1.1574e-09	-0.68258
1.15749e-09	-0.68299
1.15758e-09	-0.683398
1.15768e-09	-0.683806
1.15777e-09	-0.684212
1.15786e-09	-0.684618
1.15795e-09	-0.685023
1.15805e-09	-0.685428
1.15814e-09	-0.685831
1.15823e-09	-0.686234
1.15832e-09	-0.686635
1.15842e-09	-0.687036
1.15851e-09	-0.687436
1.1586e-09	-0.687836
1.15869e-09	-0.688234
1.15879e-09	-0.688632
1.15888e-09	-0.689029
1.15897e-09	-0.689424
1.15906e-09	-0.68982
1.15916e-09	-0.690214
1.15925e-09	-0.690607
1.15934e-09	-0.691
1.15943e-09	-0.691391
1.15953e-09	-0.691782
1.15962e-09	-0.692172
1.15971e-09	-0.692562
1.1598e-09	-0.69295
1.15989e-09	-0.693337
1.15999e-09	-0.693724
1.16008e-09	-0.69411
1.16017e-09	-0.694495
1.16026e-09	-0.694879
1.16036e-09	-0.695262
1.16045e-09	-0.695644
1.16054e-09	-0.696026
1.16063e-09	-0.696406
1.16073e-09	-0.696786
1.16082e-09	-0.697165
1.16091e-09	-0.697543
1.161e-09	-0.697921
1.1611e-09	-0.698297
1.16119e-09	-0.698672
1.16128e-09	-0.699047
1.16137e-09	-0.699421
1.16147e-09	-0.699794
1.16156e-09	-0.700166
1.16165e-09	-0.700537
1.16174e-09	-0.700907
1.16184e-09	-0.701277
1.16193e-09	-0.701645
1.16202e-09	-0.702013
1.16211e-09	-0.70238
1.1622e-09	-0.702746
1.1623e-09	-0.703111
1.16239e-09	-0.703475
1.16248e-09	-0.703838
1.16257e-09	-0.704201
1.16267e-09	-0.704562
1.16276e-09	-0.704923
1.16285e-09	-0.705283
1.16294e-09	-0.705642
1.16304e-09	-0.706
1.16313e-09	-0.706357
1.16322e-09	-0.706713
1.16331e-09	-0.707069
1.16341e-09	-0.707423
1.1635e-09	-0.707777
1.16359e-09	-0.70813
1.16368e-09	-0.708481
1.16378e-09	-0.708832
1.16387e-09	-0.709182
1.16396e-09	-0.709532
1.16405e-09	-0.70988
1.16415e-09	-0.710227
1.16424e-09	-0.710574
1.16433e-09	-0.710919
1.16442e-09	-0.711264
1.16451e-09	-0.711608
1.16461e-09	-0.711951
1.1647e-09	-0.712293
1.16479e-09	-0.712634
1.16488e-09	-0.712974
1.16498e-09	-0.713314
1.16507e-09	-0.713652
1.16516e-09	-0.71399
1.16525e-09	-0.714326
1.16535e-09	-0.714662
1.16544e-09	-0.714997
1.16553e-09	-0.715331
1.16562e-09	-0.715664
1.16572e-09	-0.715996
1.16581e-09	-0.716327
1.1659e-09	-0.716657
1.16599e-09	-0.716986
1.16609e-09	-0.717315
1.16618e-09	-0.717642
1.16627e-09	-0.717969
1.16636e-09	-0.718295
1.16646e-09	-0.71862
1.16655e-09	-0.718943
1.16664e-09	-0.719266
1.16673e-09	-0.719588
1.16683e-09	-0.71991
1.16692e-09	-0.72023
1.16701e-09	-0.720549
1.1671e-09	-0.720867
1.16719e-09	-0.721185
1.16729e-09	-0.721501
1.16738e-09	-0.721817
1.16747e-09	-0.722132
1.16756e-09	-0.722445
1.16766e-09	-0.722758
1.16775e-09	-0.72307
1.16784e-09	-0.723381
1.16793e-09	-0.723691
1.16803e-09	-0.724
1.16812e-09	-0.724308
1.16821e-09	-0.724615
1.1683e-09	-0.724922
1.1684e-09	-0.725227
1.16849e-09	-0.725532
1.16858e-09	-0.725835
1.16867e-09	-0.726138
1.16877e-09	-0.726439
1.16886e-09	-0.72674
1.16895e-09	-0.72704
1.16904e-09	-0.727338
1.16914e-09	-0.727636
1.16923e-09	-0.727933
1.16932e-09	-0.728229
1.16941e-09	-0.728524
1.1695e-09	-0.728818
1.1696e-09	-0.729111
1.16969e-09	-0.729404
1.16978e-09	-0.729695
1.16987e-09	-0.729985
1.16997e-09	-0.730274
1.17006e-09	-0.730563
1.17015e-09	-0.73085
1.17024e-09	-0.731137
1.17034e-09	-0.731422
1.17043e-09	-0.731707
1.17052e-09	-0.731991
1.17061e-09	-0.732273
1.17071e-09	-0.732555
1.1708e-09	-0.732836
1.17089e-09	-0.733116
1.17098e-09	-0.733394
1.17108e-09	-0.733672
1.17117e-09	-0.733949
1.17126e-09	-0.734225
1.17135e-09	-0.7345
1.17145e-09	-0.734774
1.17154e-09	-0.735047
1.17163e-09	-0.73532
1.17172e-09	-0.735591
1.17181e-09	-0.735861
1.17191e-09	-0.73613
1.172e-09	-0.736398
1.17209e-09	-0.736666
1.17218e-09	-0.736932
1.17228e-09	-0.737197
1.17237e-09	-0.737462
1.17246e-09	-0.737725
1.17255e-09	-0.737988
1.17265e-09	-0.738249
1.17274e-09	-0.73851
1.17283e-09	-0.738769
1.17292e-09	-0.739028
1.17302e-09	-0.739285
1.17311e-09	-0.739542
1.1732e-09	-0.739798
1.17329e-09	-0.740052
1.17339e-09	-0.740306
1.17348e-09	-0.740559
1.17357e-09	-0.74081
1.17366e-09	-0.741061
1.17376e-09	-0.741311
1.17385e-09	-0.741559
1.17394e-09	-0.741807
1.17403e-09	-0.742054
1.17412e-09	-0.7423
1.17422e-09	-0.742545
1.17431e-09	-0.742788
1.1744e-09	-0.743031
1.17449e-09	-0.743273
1.17459e-09	-0.743514
1.17468e-09	-0.743754
1.17477e-09	-0.743993
1.17486e-09	-0.744231
1.17496e-09	-0.744468
1.17505e-09	-0.744703
1.17514e-09	-0.744938
1.17523e-09	-0.745172
1.17533e-09	-0.745405
1.17542e-09	-0.745637
1.17551e-09	-0.745868
1.1756e-09	-0.746098
1.1757e-09	-0.746327
1.17579e-09	-0.746555
1.17588e-09	-0.746782
1.17597e-09	-0.747008
1.17607e-09	-0.747233
1.17616e-09	-0.747457
1.17625e-09	-0.747679
1.17634e-09	-0.747901
1.17644e-09	-0.748122
1.17653e-09	-0.748342
1.17662e-09	-0.748561
1.17671e-09	-0.748779
1.1768e-09	-0.748996
1.1769e-09	-0.749212
1.17699e-09	-0.749427
1.17708e-09	-0.74964
1.17717e-09	-0.749853
1.17727e-09	-0.750065
1.17736e-09	-0.750276
1.17745e-09	-0.750486
1.17754e-09	-0.750695
1.17764e-09	-0.750902
1.17773e-09	-0.751109
1.17782e-09	-0.751315
1.17791e-09	-0.75152
1.17801e-09	-0.751723
1.1781e-09	-0.751926
1.17819e-09	-0.752128
1.17828e-09	-0.752328
1.17838e-09	-0.752528
1.17847e-09	-0.752727
1.17856e-09	-0.752924
1.17865e-09	-0.753121
1.17875e-09	-0.753316
1.17884e-09	-0.753511
1.17893e-09	-0.753704
1.17902e-09	-0.753897
1.17911e-09	-0.754088
1.17921e-09	-0.754279
1.1793e-09	-0.754468
1.17939e-09	-0.754657
1.17948e-09	-0.754844
1.17958e-09	-0.75503
1.17967e-09	-0.755215
1.17976e-09	-0.7554
1.17985e-09	-0.755583
1.17995e-09	-0.755765
1.18004e-09	-0.755946
1.18013e-09	-0.756126
1.18022e-09	-0.756306
1.18032e-09	-0.756484
1.18041e-09	-0.756661
1.1805e-09	-0.756837
1.18059e-09	-0.757011
1.18069e-09	-0.757185
1.18078e-09	-0.757358
1.18087e-09	-0.75753
1.18096e-09	-0.757701
1.18106e-09	-0.757871
1.18115e-09	-0.758039
1.18124e-09	-0.758207
1.18133e-09	-0.758374
1.18142e-09	-0.758539
1.18152e-09	-0.758704
1.18161e-09	-0.758867
1.1817e-09	-0.75903
1.18179e-09	-0.759191
1.18189e-09	-0.759351
1.18198e-09	-0.759511
1.18207e-09	-0.759669
1.18216e-09	-0.759826
1.18226e-09	-0.759982
1.18235e-09	-0.760137
1.18244e-09	-0.760292
1.18253e-09	-0.760445
1.18263e-09	-0.760597
1.18272e-09	-0.760747
1.18281e-09	-0.760897
1.1829e-09	-0.761046
1.183e-09	-0.761194
1.18309e-09	-0.76134
1.18318e-09	-0.761486
1.18327e-09	-0.761631
1.18337e-09	-0.761774
1.18346e-09	-0.761917
1.18355e-09	-0.762058
1.18364e-09	-0.762198
1.18373e-09	-0.762338
1.18383e-09	-0.762476
1.18392e-09	-0.762613
1.18401e-09	-0.762749
1.1841e-09	-0.762884
1.1842e-09	-0.763018
1.18429e-09	-0.763151
1.18438e-09	-0.763283
1.18447e-09	-0.763414
1.18457e-09	-0.763544
1.18466e-09	-0.763672
1.18475e-09	-0.7638
1.18484e-09	-0.763926
1.18494e-09	-0.764052
1.18503e-09	-0.764176
1.18512e-09	-0.7643
1.18521e-09	-0.764422
1.18531e-09	-0.764543
1.1854e-09	-0.764663
1.18549e-09	-0.764782
1.18558e-09	-0.7649
1.18568e-09	-0.765017
1.18577e-09	-0.765133
1.18586e-09	-0.765248
1.18595e-09	-0.765361
1.18604e-09	-0.765474
1.18614e-09	-0.765585
1.18623e-09	-0.765696
1.18632e-09	-0.765805
1.18641e-09	-0.765913
1.18651e-09	-0.766021
1.1866e-09	-0.766127
1.18669e-09	-0.766232
1.18678e-09	-0.766336
1.18688e-09	-0.766439
1.18697e-09	-0.766541
1.18706e-09	-0.766641
1.18715e-09	-0.766741
1.18725e-09	-0.76684
1.18734e-09	-0.766937
1.18743e-09	-0.767034
1.18752e-09	-0.767129
1.18762e-09	-0.767223
1.18771e-09	-0.767316
1.1878e-09	-0.767408
1.18789e-09	-0.767499
1.18799e-09	-0.767589
1.18808e-09	-0.767678
1.18817e-09	-0.767766
1.18826e-09	-0.767852
1.18836e-09	-0.767938
1.18845e-09	-0.768022
1.18854e-09	-0.768106
1.18863e-09	-0.768188
1.18872e-09	-0.768269
1.18882e-09	-0.768349
1.18891e-09	-0.768428
1.189e-09	-0.768506
1.18909e-09	-0.768583
1.18919e-09	-0.768659
1.18928e-09	-0.768733
1.18937e-09	-0.768807
1.18946e-09	-0.768879
1.18956e-09	-0.768951
1.18965e-09	-0.769021
1.18974e-09	-0.76909
1.18983e-09	-0.769158
1.18993e-09	-0.769225
1.19002e-09	-0.769291
1.19011e-09	-0.769356
1.1902e-09	-0.769419
1.1903e-09	-0.769482
1.19039e-09	-0.769543
1.19048e-09	-0.769604
1.19057e-09	-0.769663
1.19067e-09	-0.769721
1.19076e-09	-0.769778
1.19085e-09	-0.769834
1.19094e-09	-0.769889
1.19103e-09	-0.769943
1.19113e-09	-0.769996
1.19122e-09	-0.770047
1.19131e-09	-0.770097
1.1914e-09	-0.770147
1.1915e-09	-0.770195
1.19159e-09	-0.770242
1.19168e-09	-0.770288
1.19177e-09	-0.770333
1.19187e-09	-0.770377
1.19196e-09	-0.770419
1.19205e-09	-0.770461
1.19214e-09	-0.770501
1.19224e-09	-0.770541
1.19233e-09	-0.770579
1.19242e-09	-0.770616
1.19251e-09	-0.770652
1.19261e-09	-0.770687
1.1927e-09	-0.770721
1.19279e-09	-0.770754
1.19288e-09	-0.770785
1.19298e-09	-0.770816
1.19307e-09	-0.770845
1.19316e-09	-0.770873
1.19325e-09	-0.7709
1.19334e-09	-0.770926
1.19344e-09	-0.770951
1.19353e-09	-0.770975
1.19362e-09	-0.770997
1.19371e-09	-0.771019
1.19381e-09	-0.771039
1.1939e-09	-0.771059
1.19399e-09	-0.771077
1.19408e-09	-0.771094
1.19418e-09	-0.77111
1.19427e-09	-0.771125
1.19436e-09	-0.771138
1.19445e-09	-0.771151
1.19455e-09	-0.771162
1.19464e-09	-0.771173
1.19473e-09	-0.771182
1.19482e-09	-0.77119
1.19492e-09	-0.771197
1.19501e-09	-0.771203
1.1951e-09	-0.771207
1.19519e-09	-0.771211
1.19529e-09	-0.771213
1.19538e-09	-0.771215
1.19547e-09	-0.771215
1.19556e-09	-0.771214
1.19565e-09	-0.771212
1.19575e-09	-0.771209
1.19584e-09	-0.771204
1.19593e-09	-0.771199
1.19602e-09	-0.771192
1.19612e-09	-0.771185
1.19621e-09	-0.771176
1.1963e-09	-0.771166
1.19639e-09	-0.771155
1.19649e-09	-0.771143
1.19658e-09	-0.771129
1.19667e-09	-0.771115
1.19676e-09	-0.771099
1.19686e-09	-0.771083
1.19695e-09	-0.771065
1.19704e-09	-0.771046
1.19713e-09	-0.771026
1.19723e-09	-0.771004
1.19732e-09	-0.770982
1.19741e-09	-0.770958
1.1975e-09	-0.770934
1.1976e-09	-0.770908
1.19769e-09	-0.770881
1.19778e-09	-0.770853
1.19787e-09	-0.770824
1.19797e-09	-0.770793
1.19806e-09	-0.770762
1.19815e-09	-0.770729
1.19824e-09	-0.770696
1.19833e-09	-0.770661
1.19843e-09	-0.770625
1.19852e-09	-0.770587
1.19861e-09	-0.770549
1.1987e-09	-0.77051
1.1988e-09	-0.770469
1.19889e-09	-0.770427
1.19898e-09	-0.770384
1.19907e-09	-0.77034
1.19917e-09	-0.770295
1.19926e-09	-0.770249
1.19935e-09	-0.770202
1.19944e-09	-0.770153
1.19954e-09	-0.770103
1.19963e-09	-0.770052
1.19972e-09	-0.77
1.19981e-09	-0.769947
1.19991e-09	-0.769893
1.2e-09	-0.769838
1.20009e-09	-0.769781
1.20018e-09	-0.769723
1.20028e-09	-0.769664
1.20037e-09	-0.769604
1.20046e-09	-0.769543
1.20055e-09	-0.769481
1.20064e-09	-0.769418
1.20074e-09	-0.769353
1.20083e-09	-0.769287
1.20092e-09	-0.76922
1.20101e-09	-0.769152
1.20111e-09	-0.769083
1.2012e-09	-0.769013
1.20129e-09	-0.768941
1.20138e-09	-0.768869
1.20148e-09	-0.768795
1.20157e-09	-0.76872
1.20166e-09	-0.768644
1.20175e-09	-0.768567
1.20185e-09	-0.768488
1.20194e-09	-0.768409
1.20203e-09	-0.768328
1.20212e-09	-0.768246
1.20222e-09	-0.768163
1.20231e-09	-0.768079
1.2024e-09	-0.767994
1.20249e-09	-0.767908
1.20259e-09	-0.76782
1.20268e-09	-0.767731
1.20277e-09	-0.767641
1.20286e-09	-0.76755
1.20295e-09	-0.767458
1.20305e-09	-0.767365
1.20314e-09	-0.76727
1.20323e-09	-0.767175
1.20332e-09	-0.767078
1.20342e-09	-0.76698
1.20351e-09	-0.766881
1.2036e-09	-0.76678
1.20369e-09	-0.766679
1.20379e-09	-0.766576
1.20388e-09	-0.766473
1.20397e-09	-0.766368
1.20406e-09	-0.766262
1.20416e-09	-0.766155
1.20425e-09	-0.766046
1.20434e-09	-0.765937
1.20443e-09	-0.765826
1.20453e-09	-0.765714
1.20462e-09	-0.765601
1.20471e-09	-0.765487
1.2048e-09	-0.765372
1.2049e-09	-0.765255
1.20499e-09	-0.765138
1.20508e-09	-0.765019
1.20517e-09	-0.764899
1.20526e-09	-0.764778
1.20536e-09	-0.764656
1.20545e-09	-0.764532
1.20554e-09	-0.764408
1.20563e-09	-0.764282
1.20573e-09	-0.764155
1.20582e-09	-0.764027
1.20591e-09	-0.763898
1.206e-09	-0.763767
1.2061e-09	-0.763636
1.20619e-09	-0.763503
1.20628e-09	-0.763369
1.20637e-09	-0.763234
1.20647e-09	-0.763098
1.20656e-09	-0.762961
1.20665e-09	-0.762822
1.20674e-09	-0.762683
1.20684e-09	-0.762542
1.20693e-09	-0.7624
1.20702e-09	-0.762257
1.20711e-09	-0.762112
1.20721e-09	-0.761967
1.2073e-09	-0.76182
1.20739e-09	-0.761672
1.20748e-09	-0.761523
1.20757e-09	-0.761373
1.20767e-09	-0.761222
1.20776e-09	-0.761069
1.20785e-09	-0.760916
1.20794e-09	-0.760761
1.20804e-09	-0.760605
1.20813e-09	-0.760448
1.20822e-09	-0.76029
1.20831e-09	-0.76013
1.20841e-09	-0.75997
1.2085e-09	-0.759808
1.20859e-09	-0.759645
1.20868e-09	-0.759481
1.20878e-09	-0.759316
1.20887e-09	-0.759149
1.20896e-09	-0.758981
1.20905e-09	-0.758813
1.20915e-09	-0.758643
1.20924e-09	-0.758472
1.20933e-09	-0.758299
1.20942e-09	-0.758126
1.20952e-09	-0.757951
1.20961e-09	-0.757776
1.2097e-09	-0.757599
1.20979e-09	-0.757421
1.20989e-09	-0.757241
1.20998e-09	-0.757061
1.21007e-09	-0.756879
1.21016e-09	-0.756696
1.21025e-09	-0.756512
1.21035e-09	-0.756327
1.21044e-09	-0.756141
1.21053e-09	-0.755954
1.21062e-09	-0.755765
1.21072e-09	-0.755575
1.21081e-09	-0.755384
1.2109e-09	-0.755192
1.21099e-09	-0.754999
1.21109e-09	-0.754804
1.21118e-09	-0.754609
1.21127e-09	-0.754412
1.21136e-09	-0.754214
1.21146e-09	-0.754015
1.21155e-09	-0.753815
1.21164e-09	-0.753613
1.21173e-09	-0.753411
1.21183e-09	-0.753207
1.21192e-09	-0.753002
1.21201e-09	-0.752796
1.2121e-09	-0.752588
1.2122e-09	-0.75238
1.21229e-09	-0.75217
1.21238e-09	-0.751959
1.21247e-09	-0.751747
1.21256e-09	-0.751534
1.21266e-09	-0.75132
1.21275e-09	-0.751104
1.21284e-09	-0.750888
1.21293e-09	-0.75067
1.21303e-09	-0.750451
1.21312e-09	-0.750231
1.21321e-09	-0.750009
1.2133e-09	-0.749787
1.2134e-09	-0.749563
1.21349e-09	-0.749338
1.21358e-09	-0.749112
1.21367e-09	-0.748885
1.21377e-09	-0.748657
1.21386e-09	-0.748427
1.21395e-09	-0.748196
1.21404e-09	-0.747965
1.21414e-09	-0.747731
1.21423e-09	-0.747497
1.21432e-09	-0.747262
1.21441e-09	-0.747025
1.21451e-09	-0.746788
1.2146e-09	-0.746549
1.21469e-09	-0.746309
1.21478e-09	-0.746067
1.21487e-09	-0.745825
1.21497e-09	-0.745581
1.21506e-09	-0.745337
1.21515e-09	-0.745091
1.21524e-09	-0.744844
1.21534e-09	-0.744595
1.21543e-09	-0.744346
1.21552e-09	-0.744095
1.21561e-09	-0.743843
1.21571e-09	-0.74359
1.2158e-09	-0.743336
1.21589e-09	-0.743081
1.21598e-09	-0.742825
1.21608e-09	-0.742567
1.21617e-09	-0.742308
1.21626e-09	-0.742048
1.21635e-09	-0.741787
1.21645e-09	-0.741525
1.21654e-09	-0.741261
1.21663e-09	-0.740997
1.21672e-09	-0.740731
1.21682e-09	-0.740464
1.21691e-09	-0.740196
1.217e-09	-0.739926
1.21709e-09	-0.739656
1.21718e-09	-0.739384
1.21728e-09	-0.739111
1.21737e-09	-0.738837
1.21746e-09	-0.738562
1.21755e-09	-0.738286
1.21765e-09	-0.738008
1.21774e-09	-0.73773
1.21783e-09	-0.73745
1.21792e-09	-0.737169
1.21802e-09	-0.736887
1.21811e-09	-0.736603
1.2182e-09	-0.736319
1.21829e-09	-0.736033
1.21839e-09	-0.735746
1.21848e-09	-0.735458
1.21857e-09	-0.735169
1.21866e-09	-0.734878
1.21876e-09	-0.734587
1.21885e-09	-0.734294
1.21894e-09	-0.734
1.21903e-09	-0.733705
1.21913e-09	-0.733409
1.21922e-09	-0.733112
1.21931e-09	-0.732813
1.2194e-09	-0.732513
1.2195e-09	-0.732212
1.21959e-09	-0.73191
1.21968e-09	-0.731607
1.21977e-09	-0.731303
1.21986e-09	-0.730997
1.21996e-09	-0.73069
1.22005e-09	-0.730383
1.22014e-09	-0.730073
1.22023e-09	-0.729763
1.22033e-09	-0.729452
1.22042e-09	-0.729139
1.22051e-09	-0.728826
1.2206e-09	-0.728511
1.2207e-09	-0.728195
1.22079e-09	-0.727877
1.22088e-09	-0.727559
1.22097e-09	-0.727239
1.22107e-09	-0.726919
1.22116e-09	-0.726597
1.22125e-09	-0.726274
1.22134e-09	-0.725949
1.22144e-09	-0.725624
1.22153e-09	-0.725297
1.22162e-09	-0.72497
1.22171e-09	-0.724641
1.22181e-09	-0.724311
1.2219e-09	-0.723979
1.22199e-09	-0.723647
1.22208e-09	-0.723314
1.22217e-09	-0.722979
1.22227e-09	-0.722643
1.22236e-09	-0.722306
1.22245e-09	-0.721968
1.22254e-09	-0.721628
1.22264e-09	-0.721288
1.22273e-09	-0.720946
1.22282e-09	-0.720603
1.22291e-09	-0.720259
1.22301e-09	-0.719914
1.2231e-09	-0.719568
1.22319e-09	-0.71922
1.22328e-09	-0.718871
1.22338e-09	-0.718522
1.22347e-09	-0.718171
1.22356e-09	-0.717818
1.22365e-09	-0.717465
1.22375e-09	-0.717111
1.22384e-09	-0.716755
1.22393e-09	-0.716398
1.22402e-09	-0.71604
1.22412e-09	-0.715681
1.22421e-09	-0.715321
1.2243e-09	-0.714959
1.22439e-09	-0.714597
1.22448e-09	-0.714233
1.22458e-09	-0.713868
1.22467e-09	-0.713502
1.22476e-09	-0.713135
1.22485e-09	-0.712766
1.22495e-09	-0.712397
1.22504e-09	-0.712026
1.22513e-09	-0.711654
1.22522e-09	-0.711281
1.22532e-09	-0.710907
1.22541e-09	-0.710531
1.2255e-09	-0.710155
1.22559e-09	-0.709777
1.22569e-09	-0.709398
1.22578e-09	-0.709018
1.22587e-09	-0.708637
1.22596e-09	-0.708255
1.22606e-09	-0.707872
1.22615e-09	-0.707487
1.22624e-09	-0.707101
1.22633e-09	-0.706714
1.22643e-09	-0.706326
1.22652e-09	-0.705937
1.22661e-09	-0.705547
1.2267e-09	-0.705155
1.22679e-09	-0.704762
1.22689e-09	-0.704368
1.22698e-09	-0.703973
1.22707e-09	-0.703577
1.22716e-09	-0.70318
1.22726e-09	-0.702782
1.22735e-09	-0.702382
1.22744e-09	-0.701981
1.22753e-09	-0.701579
1.22763e-09	-0.701176
1.22772e-09	-0.700772
1.22781e-09	-0.700367
1.2279e-09	-0.69996
1.228e-09	-0.699552
1.22809e-09	-0.699144
1.22818e-09	-0.698734
1.22827e-09	-0.698322
1.22837e-09	-0.69791
1.22846e-09	-0.697497
1.22855e-09	-0.697082
1.22864e-09	-0.696666
1.22874e-09	-0.69625
1.22883e-09	-0.695832
1.22892e-09	-0.695412
1.22901e-09	-0.694992
1.22911e-09	-0.694571
1.2292e-09	-0.694148
1.22929e-09	-0.693724
1.22938e-09	-0.693299
1.22947e-09	-0.692873
1.22957e-09	-0.692446
1.22966e-09	-0.692018
1.22975e-09	-0.691588
1.22984e-09	-0.691158
1.22994e-09	-0.690726
1.23003e-09	-0.690293
1.23012e-09	-0.689859
1.23021e-09	-0.689424
1.23031e-09	-0.688988
1.2304e-09	-0.68855
1.23049e-09	-0.688111
1.23058e-09	-0.687672
1.23068e-09	-0.687231
1.23077e-09	-0.686789
1.23086e-09	-0.686346
1.23095e-09	-0.685901
1.23105e-09	-0.685456
1.23114e-09	-0.685009
1.23123e-09	-0.684561
1.23132e-09	-0.684113
1.23142e-09	-0.683663
1.23151e-09	-0.683211
1.2316e-09	-0.682759
1.23169e-09	-0.682306
1.23178e-09	-0.681851
1.23188e-09	-0.681395
1.23197e-09	-0.680939
1.23206e-09	-0.680481
1.23215e-09	-0.680022
1.23225e-09	-0.679561
1.23234e-09	-0.6791
1.23243e-09	-0.678637
1.23252e-09	-0.678174
1.23262e-09	-0.677709
1.23271e-09	-0.677243
1.2328e-09	-0.676776
1.23289e-09	-0.676308
1.23299e-09	-0.675838
1.23308e-09	-0.675368
1.23317e-09	-0.674896
1.23326e-09	-0.674424
1.23336e-09	-0.67395
1.23345e-09	-0.673475
1.23354e-09	-0.672999
1.23363e-09	-0.672522
1.23373e-09	-0.672043
1.23382e-09	-0.671564
1.23391e-09	-0.671083
1.234e-09	-0.670601
1.23409e-09	-0.670119
1.23419e-09	-0.669635
1.23428e-09	-0.66915
1.23437e-09	-0.668663
1.23446e-09	-0.668176
1.23456e-09	-0.667687
1.23465e-09	-0.667198
1.23474e-09	-0.666707
1.23483e-09	-0.666215
1.23493e-09	-0.665722
1.23502e-09	-0.665228
1.23511e-09	-0.664733
1.2352e-09	-0.664237
1.2353e-09	-0.663739
1.23539e-09	-0.66324
1.23548e-09	-0.662741
1.23557e-09	-0.66224
1.23567e-09	-0.661738
1.23576e-09	-0.661235
1.23585e-09	-0.660731
1.23594e-09	-0.660225
1.23604e-09	-0.659719
1.23613e-09	-0.659211
1.23622e-09	-0.658703
1.23631e-09	-0.658193
1.2364e-09	-0.657682
1.2365e-09	-0.65717
1.23659e-09	-0.656657
1.23668e-09	-0.656143
1.23677e-09	-0.655627
1.23687e-09	-0.655111
1.23696e-09	-0.654593
1.23705e-09	-0.654075
1.23714e-09	-0.653555
1.23724e-09	-0.653034
1.23733e-09	-0.652512
1.23742e-09	-0.651989
1.23751e-09	-0.651465
1.23761e-09	-0.650939
1.2377e-09	-0.650413
1.23779e-09	-0.649885
1.23788e-09	-0.649356
1.23798e-09	-0.648827
1.23807e-09	-0.648296
1.23816e-09	-0.647764
1.23825e-09	-0.647231
1.23835e-09	-0.646697
1.23844e-09	-0.646161
1.23853e-09	-0.645625
1.23862e-09	-0.645087
1.23871e-09	-0.644549
1.23881e-09	-0.644009
1.2389e-09	-0.643468
1.23899e-09	-0.642926
1.23908e-09	-0.642383
1.23918e-09	-0.641839
1.23927e-09	-0.641294
1.23936e-09	-0.640747
1.23945e-09	-0.6402
1.23955e-09	-0.639652
1.23964e-09	-0.639102
1.23973e-09	-0.638551
1.23982e-09	-0.637999
1.23992e-09	-0.637446
1.24001e-09	-0.636892
1.2401e-09	-0.636337
1.24019e-09	-0.635781
1.24029e-09	-0.635224
1.24038e-09	-0.634665
1.24047e-09	-0.634106
1.24056e-09	-0.633545
1.24066e-09	-0.632984
1.24075e-09	-0.632421
1.24084e-09	-0.631857
1.24093e-09	-0.631292
1.24103e-09	-0.630726
1.24112e-09	-0.630159
1.24121e-09	-0.629591
1.2413e-09	-0.629022
1.24139e-09	-0.628451
1.24149e-09	-0.62788
1.24158e-09	-0.627307
1.24167e-09	-0.626734
1.24176e-09	-0.626159
1.24186e-09	-0.625583
1.24195e-09	-0.625006
1.24204e-09	-0.624428
1.24213e-09	-0.623849
1.24223e-09	-0.623269
1.24232e-09	-0.622688
1.24241e-09	-0.622106
1.2425e-09	-0.621522
1.2426e-09	-0.620938
1.24269e-09	-0.620352
1.24278e-09	-0.619766
1.24287e-09	-0.619178
1.24297e-09	-0.618589
1.24306e-09	-0.617999
1.24315e-09	-0.617409
1.24324e-09	-0.616817
1.24334e-09	-0.616223
1.24343e-09	-0.615629
1.24352e-09	-0.615034
1.24361e-09	-0.614438
1.2437e-09	-0.613841
1.2438e-09	-0.613242
1.24389e-09	-0.612643
1.24398e-09	-0.612042
1.24407e-09	-0.61144
1.24417e-09	-0.610838
1.24426e-09	-0.610234
1.24435e-09	-0.609629
1.24444e-09	-0.609023
1.24454e-09	-0.608416
1.24463e-09	-0.607808
1.24472e-09	-0.607199
1.24481e-09	-0.606589
1.24491e-09	-0.605978
1.245e-09	-0.605366
1.24509e-09	-0.604752
1.24518e-09	-0.604138
1.24528e-09	-0.603522
1.24537e-09	-0.602906
1.24546e-09	-0.602288
1.24555e-09	-0.60167
1.24565e-09	-0.60105
1.24574e-09	-0.600429
1.24583e-09	-0.599807
1.24592e-09	-0.599184
1.24601e-09	-0.598561
1.24611e-09	-0.597935
1.2462e-09	-0.597309
1.24629e-09	-0.596682
1.24638e-09	-0.596054
1.24648e-09	-0.595425
1.24657e-09	-0.594795
1.24666e-09	-0.594164
1.24675e-09	-0.593531
1.24685e-09	-0.592898
1.24694e-09	-0.592263
1.24703e-09	-0.591628
1.24712e-09	-0.590991
1.24722e-09	-0.590354
1.24731e-09	-0.589715
1.2474e-09	-0.589076
1.24749e-09	-0.588435
1.24759e-09	-0.587793
1.24768e-09	-0.58715
1.24777e-09	-0.586506
1.24786e-09	-0.585862
1.24796e-09	-0.585216
1.24805e-09	-0.584569
1.24814e-09	-0.583921
1.24823e-09	-0.583272
1.24832e-09	-0.582622
1.24842e-09	-0.581971
1.24851e-09	-0.581318
1.2486e-09	-0.580665
1.24869e-09	-0.580011
1.24879e-09	-0.579356
1.24888e-09	-0.5787
1.24897e-09	-0.578042
1.24906e-09	-0.577384
1.24916e-09	-0.576725
1.24925e-09	-0.576064
1.24934e-09	-0.575403
1.24943e-09	-0.57474
1.24953e-09	-0.574077
1.24962e-09	-0.573412
1.24971e-09	-0.572747
1.2498e-09	-0.57208
1.2499e-09	-0.571413
1.24999e-09	-0.570744
1.25008e-09	-0.570074
1.25017e-09	-0.569404
1.25027e-09	-0.568732
1.25036e-09	-0.568059
1.25045e-09	-0.567386
1.25054e-09	-0.566711
1.25064e-09	-0.566035
1.25073e-09	-0.565358
1.25082e-09	-0.564681
1.25091e-09	-0.564002
1.251e-09	-0.563322
1.2511e-09	-0.562641
1.25119e-09	-0.561959
1.25128e-09	-0.561276
1.25137e-09	-0.560593
1.25147e-09	-0.559908
1.25156e-09	-0.559222
1.25165e-09	-0.558535
1.25174e-09	-0.557847
1.25184e-09	-0.557158
1.25193e-09	-0.556468
1.25202e-09	-0.555777
1.25211e-09	-0.555085
1.25221e-09	-0.554392
1.2523e-09	-0.553699
1.25239e-09	-0.553004
1.25248e-09	-0.552308
1.25258e-09	-0.551611
1.25267e-09	-0.550913
1.25276e-09	-0.550214
1.25285e-09	-0.549514
1.25295e-09	-0.548813
1.25304e-09	-0.548111
1.25313e-09	-0.547408
1.25322e-09	-0.546704
1.25331e-09	-0.545999
1.25341e-09	-0.545293
1.2535e-09	-0.544586
1.25359e-09	-0.543879
1.25368e-09	-0.54317
1.25378e-09	-0.54246
1.25387e-09	-0.541749
1.25396e-09	-0.541037
1.25405e-09	-0.540324
1.25415e-09	-0.53961
1.25424e-09	-0.538896
1.25433e-09	-0.53818
1.25442e-09	-0.537463
1.25452e-09	-0.536745
1.25461e-09	-0.536027
1.2547e-09	-0.535307
1.25479e-09	-0.534586
1.25489e-09	-0.533864
1.25498e-09	-0.533142
1.25507e-09	-0.532418
1.25516e-09	-0.531693
1.25526e-09	-0.530968
1.25535e-09	-0.530241
1.25544e-09	-0.529514
1.25553e-09	-0.528785
1.25562e-09	-0.528056
1.25572e-09	-0.527325
1.25581e-09	-0.526594
1.2559e-09	-0.525861
1.25599e-09	-0.525128
1.25609e-09	-0.524394
1.25618e-09	-0.523658
1.25627e-09	-0.522922
1.25636e-09	-0.522185
1.25646e-09	-0.521447
1.25655e-09	-0.520707
1.25664e-09	-0.519967
1.25673e-09	-0.519226
1.25683e-09	-0.518484
1.25692e-09	-0.517741
1.25701e-09	-0.516997
1.2571e-09	-0.516252
1.2572e-09	-0.515506
1.25729e-09	-0.51476
1.25738e-09	-0.514012
1.25747e-09	-0.513263
1.25757e-09	-0.512513
1.25766e-09	-0.511763
1.25775e-09	-0.511011
1.25784e-09	-0.510258
1.25793e-09	-0.509505
1.25803e-09	-0.508751
1.25812e-09	-0.507995
1.25821e-09	-0.507239
1.2583e-09	-0.506481
1.2584e-09	-0.505723
1.25849e-09	-0.504964
1.25858e-09	-0.504204
1.25867e-09	-0.503443
1.25877e-09	-0.502681
1.25886e-09	-0.501918
1.25895e-09	-0.501154
1.25904e-09	-0.500389
1.25914e-09	-0.499623
1.25923e-09	-0.498857
1.25932e-09	-0.498089
1.25941e-09	-0.497321
1.25951e-09	-0.496551
1.2596e-09	-0.495781
1.25969e-09	-0.495009
1.25978e-09	-0.494237
1.25988e-09	-0.493464
1.25997e-09	-0.492689
1.26006e-09	-0.491914
1.26015e-09	-0.491138
1.26024e-09	-0.490361
1.26034e-09	-0.489584
1.26043e-09	-0.488805
1.26052e-09	-0.488025
1.26061e-09	-0.487244
1.26071e-09	-0.486463
1.2608e-09	-0.48568
1.26089e-09	-0.484897
1.26098e-09	-0.484113
1.26108e-09	-0.483328
1.26117e-09	-0.482541
1.26126e-09	-0.481754
1.26135e-09	-0.480966
1.26145e-09	-0.480178
1.26154e-09	-0.479388
1.26163e-09	-0.478597
1.26172e-09	-0.477805
1.26182e-09	-0.477013
1.26191e-09	-0.47622
1.262e-09	-0.475425
1.26209e-09	-0.47463
1.26219e-09	-0.473834
1.26228e-09	-0.473037
1.26237e-09	-0.472239
1.26246e-09	-0.47144
1.26256e-09	-0.47064
1.26265e-09	-0.46984
1.26274e-09	-0.469038
1.26283e-09	-0.468236
1.26292e-09	-0.467432
1.26302e-09	-0.466628
1.26311e-09	-0.465823
1.2632e-09	-0.465017
1.26329e-09	-0.46421
1.26339e-09	-0.463402
1.26348e-09	-0.462593
1.26357e-09	-0.461784
1.26366e-09	-0.460973
1.26376e-09	-0.460162
1.26385e-09	-0.45935
1.26394e-09	-0.458537
1.26403e-09	-0.457723
1.26413e-09	-0.456908
1.26422e-09	-0.456092
1.26431e-09	-0.455275
1.2644e-09	-0.454458
1.2645e-09	-0.453639
1.26459e-09	-0.45282
1.26468e-09	-0.452
1.26477e-09	-0.451179
1.26487e-09	-0.450357
1.26496e-09	-0.449534
1.26505e-09	-0.448711
1.26514e-09	-0.447886
1.26523e-09	-0.447061
1.26533e-09	-0.446234
1.26542e-09	-0.445407
1.26551e-09	-0.444579
1.2656e-09	-0.443751
1.2657e-09	-0.442921
1.26579e-09	-0.44209
1.26588e-09	-0.441259
1.26597e-09	-0.440426
1.26607e-09	-0.439593
1.26616e-09	-0.438759
1.26625e-09	-0.437924
1.26634e-09	-0.437089
1.26644e-09	-0.436252
1.26653e-09	-0.435415
1.26662e-09	-0.434576
1.26671e-09	-0.433737
1.26681e-09	-0.432897
1.2669e-09	-0.432056
1.26699e-09	-0.431215
1.26708e-09	-0.430372
1.26718e-09	-0.429529
1.26727e-09	-0.428684
1.26736e-09	-0.427839
1.26745e-09	-0.426993
1.26754e-09	-0.426147
1.26764e-09	-0.425299
1.26773e-09	-0.424451
1.26782e-09	-0.423601
1.26791e-09	-0.422751
1.26801e-09	-0.4219
1.2681e-09	-0.421048
1.26819e-09	-0.420196
1.26828e-09	-0.419342
1.26838e-09	-0.418488
1.26847e-09	-0.417633
1.26856e-09	-0.416777
1.26865e-09	-0.41592
1.26875e-09	-0.415063
1.26884e-09	-0.414204
1.26893e-09	-0.413345
1.26902e-09	-0.412485
1.26912e-09	-0.411624
1.26921e-09	-0.410762
1.2693e-09	-0.4099
1.26939e-09	-0.409036
1.26949e-09	-0.408172
1.26958e-09	-0.407307
1.26967e-09	-0.406441
1.26976e-09	-0.405575
1.26985e-09	-0.404707
1.26995e-09	-0.403839
1.27004e-09	-0.40297
1.27013e-09	-0.4021
1.27022e-09	-0.401229
1.27032e-09	-0.400358
1.27041e-09	-0.399486
1.2705e-09	-0.398612
1.27059e-09	-0.397739
1.27069e-09	-0.396864
1.27078e-09	-0.395988
1.27087e-09	-0.395112
1.27096e-09	-0.394235
1.27106e-09	-0.393357
1.27115e-09	-0.392478
1.27124e-09	-0.391599
1.27133e-09	-0.390719
1.27143e-09	-0.389837
1.27152e-09	-0.388956
1.27161e-09	-0.388073
1.2717e-09	-0.38719
1.2718e-09	-0.386305
1.27189e-09	-0.38542
1.27198e-09	-0.384534
1.27207e-09	-0.383648
1.27217e-09	-0.38276
1.27226e-09	-0.381872
1.27235e-09	-0.380983
1.27244e-09	-0.380094
1.27253e-09	-0.379203
1.27263e-09	-0.378312
1.27272e-09	-0.37742
1.27281e-09	-0.376527
1.2729e-09	-0.375633
1.273e-09	-0.374739
1.27309e-09	-0.373844
1.27318e-09	-0.372948
1.27327e-09	-0.372051
1.27337e-09	-0.371154
1.27346e-09	-0.370256
1.27355e-09	-0.369357
1.27364e-09	-0.368457
1.27374e-09	-0.367556
1.27383e-09	-0.366655
1.27392e-09	-0.365753
1.27401e-09	-0.36485
1.27411e-09	-0.363947
1.2742e-09	-0.363043
1.27429e-09	-0.362138
1.27438e-09	-0.361232
1.27448e-09	-0.360325
1.27457e-09	-0.359418
1.27466e-09	-0.35851
1.27475e-09	-0.357601
1.27484e-09	-0.356691
1.27494e-09	-0.355781
1.27503e-09	-0.35487
1.27512e-09	-0.353958
1.27521e-09	-0.353046
1.27531e-09	-0.352133
1.2754e-09	-0.351219
1.27549e-09	-0.350304
1.27558e-09	-0.349388
1.27568e-09	-0.348472
1.27577e-09	-0.347555
1.27586e-09	-0.346637
1.27595e-09	-0.345719
1.27605e-09	-0.3448
1.27614e-09	-0.34388
1.27623e-09	-0.342959
1.27632e-09	-0.342038
1.27642e-09	-0.341116
1.27651e-09	-0.340193
1.2766e-09	-0.33927
1.27669e-09	-0.338346
1.27679e-09	-0.337421
1.27688e-09	-0.336495
1.27697e-09	-0.335569
1.27706e-09	-0.334641
1.27715e-09	-0.333714
1.27725e-09	-0.332785
1.27734e-09	-0.331856
1.27743e-09	-0.330926
1.27752e-09	-0.329995
1.27762e-09	-0.329064
1.27771e-09	-0.328132
1.2778e-09	-0.327199
1.27789e-09	-0.326266
1.27799e-09	-0.325331
1.27808e-09	-0.324396
1.27817e-09	-0.323461
1.27826e-09	-0.322525
1.27836e-09	-0.321588
1.27845e-09	-0.32065
1.27854e-09	-0.319712
1.27863e-09	-0.318772
1.27873e-09	-0.317833
1.27882e-09	-0.316892
1.27891e-09	-0.315951
1.279e-09	-0.315009
1.2791e-09	-0.314067
1.27919e-09	-0.313123
1.27928e-09	-0.31218
1.27937e-09	-0.311235
1.27946e-09	-0.31029
1.27956e-09	-0.309344
1.27965e-09	-0.308397
1.27974e-09	-0.30745
1.27983e-09	-0.306502
1.27993e-09	-0.305553
1.28002e-09	-0.304604
1.28011e-09	-0.303654
1.2802e-09	-0.302703
1.2803e-09	-0.301752
1.28039e-09	-0.3008
1.28048e-09	-0.299847
1.28057e-09	-0.298894
1.28067e-09	-0.29794
1.28076e-09	-0.296985
1.28085e-09	-0.29603
1.28094e-09	-0.295074
1.28104e-09	-0.294117
1.28113e-09	-0.29316
1.28122e-09	-0.292202
1.28131e-09	-0.291243
1.28141e-09	-0.290284
1.2815e-09	-0.289324
1.28159e-09	-0.288363
1.28168e-09	-0.287402
1.28177e-09	-0.28644
1.28187e-09	-0.285478
1.28196e-09	-0.284515
1.28205e-09	-0.283551
1.28214e-09	-0.282586
1.28224e-09	-0.281621
1.28233e-09	-0.280655
1.28242e-09	-0.279689
1.28251e-09	-0.278722
1.28261e-09	-0.277754
1.2827e-09	-0.276786
1.28279e-09	-0.275817
1.28288e-09	-0.274848
1.28298e-09	-0.273877
1.28307e-09	-0.272907
1.28316e-09	-0.271935
1.28325e-09	-0.270963
1.28335e-09	-0.26999
1.28344e-09	-0.269017
1.28353e-09	-0.268043
1.28362e-09	-0.267069
1.28372e-09	-0.266093
1.28381e-09	-0.265118
1.2839e-09	-0.264141
1.28399e-09	-0.263164
1.28409e-09	-0.262187
1.28418e-09	-0.261208
1.28427e-09	-0.260229
1.28436e-09	-0.25925
1.28445e-09	-0.25827
1.28455e-09	-0.257289
1.28464e-09	-0.256308
1.28473e-09	-0.255326
1.28482e-09	-0.254344
1.28492e-09	-0.25336
1.28501e-09	-0.252377
1.2851e-09	-0.251392
1.28519e-09	-0.250408
1.28529e-09	-0.249422
1.28538e-09	-0.248436
1.28547e-09	-0.247449
1.28556e-09	-0.246462
1.28566e-09	-0.245474
1.28575e-09	-0.244486
1.28584e-09	-0.243497
1.28593e-09	-0.242507
1.28603e-09	-0.241517
1.28612e-09	-0.240526
1.28621e-09	-0.239535
1.2863e-09	-0.238543
1.2864e-09	-0.23755
1.28649e-09	-0.236557
1.28658e-09	-0.235564
1.28667e-09	-0.234569
1.28676e-09	-0.233575
1.28686e-09	-0.232579
1.28695e-09	-0.231583
1.28704e-09	-0.230587
1.28713e-09	-0.22959
1.28723e-09	-0.228592
1.28732e-09	-0.227594
1.28741e-09	-0.226595
1.2875e-09	-0.225596
1.2876e-09	-0.224596
1.28769e-09	-0.223595
1.28778e-09	-0.222594
1.28787e-09	-0.221593
1.28797e-09	-0.220591
1.28806e-09	-0.219588
1.28815e-09	-0.218585
1.28824e-09	-0.217581
1.28834e-09	-0.216577
1.28843e-09	-0.215572
1.28852e-09	-0.214566
1.28861e-09	-0.21356
1.28871e-09	-0.212554
1.2888e-09	-0.211547
1.28889e-09	-0.210539
1.28898e-09	-0.209531
1.28907e-09	-0.208523
1.28917e-09	-0.207513
1.28926e-09	-0.206504
1.28935e-09	-0.205493
1.28944e-09	-0.204483
1.28954e-09	-0.203471
1.28963e-09	-0.20246
1.28972e-09	-0.201447
1.28981e-09	-0.200434
1.28991e-09	-0.199421
1.29e-09	-0.198407
1.29009e-09	-0.197393
1.29018e-09	-0.196378
1.29028e-09	-0.195362
1.29037e-09	-0.194346
1.29046e-09	-0.19333
1.29055e-09	-0.192313
1.29065e-09	-0.191295
1.29074e-09	-0.190277
1.29083e-09	-0.189259
1.29092e-09	-0.18824
1.29102e-09	-0.18722
1.29111e-09	-0.1862
1.2912e-09	-0.18518
1.29129e-09	-0.184158
1.29138e-09	-0.183137
1.29148e-09	-0.182115
1.29157e-09	-0.181092
1.29166e-09	-0.180069
1.29175e-09	-0.179046
1.29185e-09	-0.178022
1.29194e-09	-0.176997
1.29203e-09	-0.175972
1.29212e-09	-0.174947
1.29222e-09	-0.173921
1.29231e-09	-0.172894
1.2924e-09	-0.171867
1.29249e-09	-0.17084
1.29259e-09	-0.169812
1.29268e-09	-0.168784
1.29277e-09	-0.167755
1.29286e-09	-0.166726
1.29296e-09	-0.165696
1.29305e-09	-0.164666
1.29314e-09	-0.163635
1.29323e-09	-0.162604
1.29333e-09	-0.161572
1.29342e-09	-0.16054
1.29351e-09	-0.159507
1.2936e-09	-0.158474
1.2937e-09	-0.157441
1.29379e-09	-0.156407
1.29388e-09	-0.155372
1.29397e-09	-0.154338
1.29406e-09	-0.153302
1.29416e-09	-0.152266
1.29425e-09	-0.15123
1.29434e-09	-0.150194
1.29443e-09	-0.149156
1.29453e-09	-0.148119
1.29462e-09	-0.147081
1.29471e-09	-0.146042
1.2948e-09	-0.145003
1.2949e-09	-0.143964
1.29499e-09	-0.142924
1.29508e-09	-0.141884
1.29517e-09	-0.140843
1.29527e-09	-0.139802
1.29536e-09	-0.138761
1.29545e-09	-0.137719
1.29554e-09	-0.136677
1.29564e-09	-0.135634
1.29573e-09	-0.134591
1.29582e-09	-0.133547
1.29591e-09	-0.132503
1.29601e-09	-0.131458
1.2961e-09	-0.130413
1.29619e-09	-0.129368
1.29628e-09	-0.128322
1.29637e-09	-0.127276
1.29647e-09	-0.126229
1.29656e-09	-0.125182
1.29665e-09	-0.124135
1.29674e-09	-0.123087
1.29684e-09	-0.122039
1.29693e-09	-0.12099
1.29702e-09	-0.119941
1.29711e-09	-0.118892
1.29721e-09	-0.117842
1.2973e-09	-0.116792
1.29739e-09	-0.115741
1.29748e-09	-0.11469
1.29758e-09	-0.113639
1.29767e-09	-0.112587
1.29776e-09	-0.111535
1.29785e-09	-0.110482
1.29795e-09	-0.109429
1.29804e-09	-0.108376
1.29813e-09	-0.107322
1.29822e-09	-0.106268
1.29832e-09	-0.105213
1.29841e-09	-0.104158
1.2985e-09	-0.103103
1.29859e-09	-0.102048
1.29868e-09	-0.100991
1.29878e-09	-0.0999351
1.29887e-09	-0.0988783
1.29896e-09	-0.0978211
1.29905e-09	-0.0967636
1.29915e-09	-0.0957057
1.29924e-09	-0.0946475
1.29933e-09	-0.0935889
1.29942e-09	-0.0925299
1.29952e-09	-0.0914705
1.29961e-09	-0.0904108
1.2997e-09	-0.0893508
1.29979e-09	-0.0882904
1.29989e-09	-0.0872296
1.29998e-09	-0.0861685
1.30007e-09	-0.085107
1.30016e-09	-0.0840452
1.30026e-09	-0.082983
1.30035e-09	-0.0819205
1.30044e-09	-0.0808576
1.30053e-09	-0.0797944
1.30063e-09	-0.0787308
1.30072e-09	-0.077667
1.30081e-09	-0.0766027
1.3009e-09	-0.0755382
1.30099e-09	-0.0744733
1.30109e-09	-0.073408
1.30118e-09	-0.0723425
1.30127e-09	-0.0712766
1.30136e-09	-0.0702103
1.30146e-09	-0.0691438
1.30155e-09	-0.0680769
1.30164e-09	-0.0670097
1.30173e-09	-0.0659422
1.30183e-09	-0.0648743
1.30192e-09	-0.0638061
1.30201e-09	-0.0627377
1.3021e-09	-0.0616689
1.3022e-09	-0.0605998
1.30229e-09	-0.0595303
1.30238e-09	-0.0584606
1.30247e-09	-0.0573905
1.30257e-09	-0.0563202
1.30266e-09	-0.0552495
1.30275e-09	-0.0541786
1.30284e-09	-0.0531073
1.30294e-09	-0.0520357
1.30303e-09	-0.0509639
1.30312e-09	-0.0498917
1.30321e-09	-0.0488192
1.30331e-09	-0.0477465
1.3034e-09	-0.0466734
1.30349e-09	-0.0456001
1.30358e-09	-0.0445264
1.30367e-09	-0.0434525
1.30377e-09	-0.0423783
1.30386e-09	-0.0413038
1.30395e-09	-0.040229
1.30404e-09	-0.039154
1.30414e-09	-0.0380787
1.30423e-09	-0.037003
1.30432e-09	-0.0359272
1.30441e-09	-0.034851
1.30451e-09	-0.0337745
1.3046e-09	-0.0326978
1.30469e-09	-0.0316209
1.30478e-09	-0.0305436
1.30488e-09	-0.0294661
1.30497e-09	-0.0283883
1.30506e-09	-0.0273103
1.30515e-09	-0.026232
1.30525e-09	-0.0251534
1.30534e-09	-0.0240746
1.30543e-09	-0.0229955
1.30552e-09	-0.0219161
1.30562e-09	-0.0208366
1.30571e-09	-0.0197567
1.3058e-09	-0.0186766
1.30589e-09	-0.0175963
1.30598e-09	-0.0165157
1.30608e-09	-0.0154349
1.30617e-09	-0.0143538
1.30626e-09	-0.0132725
1.30635e-09	-0.0121909
1.30645e-09	-0.0111091
1.30654e-09	-0.0100271
1.30663e-09	-0.00894482
1.30672e-09	-0.00786231
1.30682e-09	-0.00677958
1.30691e-09	-0.00569662
1.307e-09	-0.00461342
1.30709e-09	-0.00353
1.30719e-09	-0.00244636
1.30728e-09	-0.00136249
1.30737e-09	-0.000278401
1.30746e-09	0.000805909
1.30756e-09	0.00189044
1.30765e-09	0.00297518
1.30774e-09	0.00406014
1.30783e-09	0.00514532
1.30793e-09	0.0062307
1.30802e-09	0.0073163
1.30811e-09	0.0084021
1.3082e-09	0.00948812
1.30829e-09	0.0105743
1.30839e-09	0.0116608
1.30848e-09	0.0127474
1.30857e-09	0.0138342
1.30866e-09	0.0149212
1.30876e-09	0.0160084
1.30885e-09	0.0170958
1.30894e-09	0.0181834
1.30903e-09	0.0192712
1.30913e-09	0.0203592
1.30922e-09	0.0214474
1.30931e-09	0.0225358
1.3094e-09	0.0236243
1.3095e-09	0.024713
1.30959e-09	0.025802
1.30968e-09	0.026891
1.30977e-09	0.0279803
1.30987e-09	0.0290698
1.30996e-09	0.0301594
1.31005e-09	0.0312492
1.31014e-09	0.0323391
1.31024e-09	0.0334293
1.31033e-09	0.0345196
1.31042e-09	0.03561
1.31051e-09	0.0367007
1.3106e-09	0.0377915
1.3107e-09	0.0388824
1.31079e-09	0.0399735
1.31088e-09	0.0410648
1.31097e-09	0.0421563
1.31107e-09	0.0432478
1.31116e-09	0.0443396
1.31125e-09	0.0454315
1.31134e-09	0.0465235
1.31144e-09	0.0476157
1.31153e-09	0.048708
1.31162e-09	0.0498005
1.31171e-09	0.0508931
1.31181e-09	0.0519859
1.3119e-09	0.0530788
1.31199e-09	0.0541718
1.31208e-09	0.055265
1.31218e-09	0.0563583
1.31227e-09	0.0574517
1.31236e-09	0.0585453
1.31245e-09	0.059639
1.31255e-09	0.0607328
1.31264e-09	0.0618268
1.31273e-09	0.0629209
1.31282e-09	0.0640151
1.31291e-09	0.0651094
1.31301e-09	0.0662038
1.3131e-09	0.0672984
1.31319e-09	0.068393
1.31328e-09	0.0694878
1.31338e-09	0.0705827
1.31347e-09	0.0716777
1.31356e-09	0.0727728
1.31365e-09	0.0738681
1.31375e-09	0.0749634
1.31384e-09	0.0760588
1.31393e-09	0.0771543
1.31402e-09	0.07825
1.31412e-09	0.0793457
1.31421e-09	0.0804415
1.3143e-09	0.0815374
1.31439e-09	0.0826335
1.31449e-09	0.0837296
1.31458e-09	0.0848257
1.31467e-09	0.085922
1.31476e-09	0.0870184
1.31486e-09	0.0881149
1.31495e-09	0.0892114
1.31504e-09	0.090308
1.31513e-09	0.0914047
1.31523e-09	0.0925015
1.31532e-09	0.0935983
1.31541e-09	0.0946952
1.3155e-09	0.0957922
1.31559e-09	0.0968893
1.31569e-09	0.0979864
1.31578e-09	0.0990836
1.31587e-09	0.100181
1.31596e-09	0.101278
1.31606e-09	0.102376
1.31615e-09	0.103473
1.31624e-09	0.104571
1.31633e-09	0.105668
1.31643e-09	0.106766
1.31652e-09	0.107863
1.31661e-09	0.108961
1.3167e-09	0.110059
1.3168e-09	0.111157
1.31689e-09	0.112255
1.31698e-09	0.113353
1.31707e-09	0.114451
1.31717e-09	0.115549
1.31726e-09	0.116647
1.31735e-09	0.117745
1.31744e-09	0.118843
1.31754e-09	0.119941
1.31763e-09	0.121039
1.31772e-09	0.122137
1.31781e-09	0.123236
1.3179e-09	0.124334
1.318e-09	0.125432
1.31809e-09	0.12653
1.31818e-09	0.127629
1.31827e-09	0.128727
1.31837e-09	0.129826
1.31846e-09	0.130924
1.31855e-09	0.132022
1.31864e-09	0.133121
1.31874e-09	0.134219
1.31883e-09	0.135318
1.31892e-09	0.136416
1.31901e-09	0.137515
1.31911e-09	0.138613
1.3192e-09	0.139712
1.31929e-09	0.14081
1.31938e-09	0.141909
1.31948e-09	0.143007
1.31957e-09	0.144106
1.31966e-09	0.145204
1.31975e-09	0.146302
1.31985e-09	0.147401
1.31994e-09	0.148499
1.32003e-09	0.149598
1.32012e-09	0.150696
1.32021e-09	0.151795
1.32031e-09	0.152893
1.3204e-09	0.153991
1.32049e-09	0.15509
1.32058e-09	0.156188
1.32068e-09	0.157286
1.32077e-09	0.158385
1.32086e-09	0.159483
1.32095e-09	0.160581
1.32105e-09	0.161679
1.32114e-09	0.162777
1.32123e-09	0.163875
1.32132e-09	0.164974
1.32142e-09	0.166072
1.32151e-09	0.16717
1.3216e-09	0.168268
1.32169e-09	0.169365
1.32179e-09	0.170463
1.32188e-09	0.171561
1.32197e-09	0.172659
1.32206e-09	0.173757
1.32216e-09	0.174854
1.32225e-09	0.175952
1.32234e-09	0.177049
1.32243e-09	0.178147
1.32252e-09	0.179244
1.32262e-09	0.180342
1.32271e-09	0.181439
1.3228e-09	0.182536
1.32289e-09	0.183633
1.32299e-09	0.184731
1.32308e-09	0.185828
1.32317e-09	0.186925
1.32326e-09	0.188022
1.32336e-09	0.189118
1.32345e-09	0.190215
1.32354e-09	0.191312
1.32363e-09	0.192408
1.32373e-09	0.193505
1.32382e-09	0.194601
1.32391e-09	0.195698
1.324e-09	0.196794
1.3241e-09	0.19789
1.32419e-09	0.198986
1.32428e-09	0.200082
1.32437e-09	0.201178
1.32447e-09	0.202274
1.32456e-09	0.203369
1.32465e-09	0.204465
1.32474e-09	0.205561
1.32484e-09	0.206656
1.32493e-09	0.207751
1.32502e-09	0.208846
1.32511e-09	0.209941
1.3252e-09	0.211036
1.3253e-09	0.212131
1.32539e-09	0.213226
1.32548e-09	0.214321
1.32557e-09	0.215415
1.32567e-09	0.21651
1.32576e-09	0.217604
1.32585e-09	0.218698
1.32594e-09	0.219792
1.32604e-09	0.220886
1.32613e-09	0.22198
1.32622e-09	0.223073
1.32631e-09	0.224167
1.32641e-09	0.22526
1.3265e-09	0.226353
1.32659e-09	0.227446
1.32668e-09	0.228539
1.32678e-09	0.229632
1.32687e-09	0.230725
1.32696e-09	0.231817
1.32705e-09	0.23291
1.32715e-09	0.234002
1.32724e-09	0.235094
1.32733e-09	0.236186
1.32742e-09	0.237278
1.32751e-09	0.23837
1.32761e-09	0.239461
1.3277e-09	0.240552
1.32779e-09	0.241644
1.32788e-09	0.242735
1.32798e-09	0.243825
1.32807e-09	0.244916
1.32816e-09	0.246007
1.32825e-09	0.247097
1.32835e-09	0.248187
1.32844e-09	0.249277
1.32853e-09	0.250367
1.32862e-09	0.251457
1.32872e-09	0.252546
1.32881e-09	0.253636
1.3289e-09	0.254725
1.32899e-09	0.255814
1.32909e-09	0.256902
1.32918e-09	0.257991
1.32927e-09	0.259079
1.32936e-09	0.260168
1.32946e-09	0.261256
1.32955e-09	0.262343
1.32964e-09	0.263431
1.32973e-09	0.264518
1.32982e-09	0.265606
1.32992e-09	0.266693
1.33001e-09	0.26778
1.3301e-09	0.268866
1.33019e-09	0.269953
1.33029e-09	0.271039
1.33038e-09	0.272125
1.33047e-09	0.273211
1.33056e-09	0.274296
1.33066e-09	0.275382
1.33075e-09	0.276467
1.33084e-09	0.277552
1.33093e-09	0.278636
1.33103e-09	0.279721
1.33112e-09	0.280805
1.33121e-09	0.281889
1.3313e-09	0.282973
1.3314e-09	0.284057
1.33149e-09	0.28514
1.33158e-09	0.286223
1.33167e-09	0.287306
1.33177e-09	0.288389
1.33186e-09	0.289471
1.33195e-09	0.290554
1.33204e-09	0.291636
1.33213e-09	0.292717
1.33223e-09	0.293799
1.33232e-09	0.29488
1.33241e-09	0.295961
1.3325e-09	0.297042
1.3326e-09	0.298122
1.33269e-09	0.299203
1.33278e-09	0.300283
1.33287e-09	0.301362
1.33297e-09	0.302442
1.33306e-09	0.303521
1.33315e-09	0.3046
1.33324e-09	0.305679
1.33334e-09	0.306757
1.33343e-09	0.307835
1.33352e-09	0.308913
1.33361e-09	0.309991
1.33371e-09	0.311068
1.3338e-09	0.312145
1.33389e-09	0.313222
1.33398e-09	0.314299
1.33408e-09	0.315375
1.33417e-09	0.316451
1.33426e-09	0.317527
1.33435e-09	0.318602
1.33444e-09	0.319677
1.33454e-09	0.320752
1.33463e-09	0.321827
1.33472e-09	0.322901
1.33481e-09	0.323975
1.33491e-09	0.325049
1.335e-09	0.326122
1.33509e-09	0.327195
1.33518e-09	0.328268
1.33528e-09	0.32934
1.33537e-09	0.330413
1.33546e-09	0.331485
1.33555e-09	0.332556
1.33565e-09	0.333627
1.33574e-09	0.334698
1.33583e-09	0.335769
1.33592e-09	0.336839
1.33602e-09	0.33791
1.33611e-09	0.338979
1.3362e-09	0.340049
1.33629e-09	0.341118
1.33639e-09	0.342187
1.33648e-09	0.343255
1.33657e-09	0.344323
1.33666e-09	0.345391
1.33676e-09	0.346458
1.33685e-09	0.347525
1.33694e-09	0.348592
1.33703e-09	0.349659
1.33712e-09	0.350725
1.33722e-09	0.351791
1.33731e-09	0.352856
1.3374e-09	0.353921
1.33749e-09	0.354986
1.33759e-09	0.35605
1.33768e-09	0.357115
1.33777e-09	0.358178
1.33786e-09	0.359242
1.33796e-09	0.360305
1.33805e-09	0.361367
1.33814e-09	0.36243
1.33823e-09	0.363492
1.33833e-09	0.364553
1.33842e-09	0.365615
1.33851e-09	0.366676
1.3386e-09	0.367736
1.3387e-09	0.368796
1.33879e-09	0.369856
1.33888e-09	0.370916
1.33897e-09	0.371975
1.33907e-09	0.373033
1.33916e-09	0.374092
1.33925e-09	0.37515
1.33934e-09	0.376207
1.33943e-09	0.377264
1.33953e-09	0.378321
1.33962e-09	0.379378
1.33971e-09	0.380434
1.3398e-09	0.381489
1.3399e-09	0.382545
1.33999e-09	0.3836
1.34008e-09	0.384654
1.34017e-09	0.385708
1.34027e-09	0.386762
1.34036e-09	0.387815
1.34045e-09	0.388868
1.34054e-09	0.389921
1.34064e-09	0.390973
1.34073e-09	0.392025
1.34082e-09	0.393076
1.34091e-09	0.394127
1.34101e-09	0.395177
1.3411e-09	0.396227
1.34119e-09	0.397277
1.34128e-09	0.398326
1.34138e-09	0.399375
1.34147e-09	0.400424
1.34156e-09	0.401472
1.34165e-09	0.402519
1.34174e-09	0.403567
1.34184e-09	0.404613
1.34193e-09	0.40566
1.34202e-09	0.406706
1.34211e-09	0.407751
1.34221e-09	0.408796
1.3423e-09	0.409841
1.34239e-09	0.410885
1.34248e-09	0.411929
1.34258e-09	0.412972
1.34267e-09	0.414015
1.34276e-09	0.415057
1.34285e-09	0.416099
1.34295e-09	0.417141
1.34304e-09	0.418182
1.34313e-09	0.419223
1.34322e-09	0.420263
1.34332e-09	0.421303
1.34341e-09	0.422342
1.3435e-09	0.423381
1.34359e-09	0.424419
1.34369e-09	0.425457
1.34378e-09	0.426495
1.34387e-09	0.427532
1.34396e-09	0.428569
1.34405e-09	0.429605
1.34415e-09	0.43064
1.34424e-09	0.431675
1.34433e-09	0.43271
1.34442e-09	0.433744
1.34452e-09	0.434778
1.34461e-09	0.435811
1.3447e-09	0.436844
1.34479e-09	0.437877
1.34489e-09	0.438909
1.34498e-09	0.43994
1.34507e-09	0.440971
1.34516e-09	0.442001
1.34526e-09	0.443031
1.34535e-09	0.444061
1.34544e-09	0.44509
1.34553e-09	0.446118
1.34563e-09	0.447146
1.34572e-09	0.448173
1.34581e-09	0.4492
1.3459e-09	0.450227
1.346e-09	0.451253
1.34609e-09	0.452278
1.34618e-09	0.453303
1.34627e-09	0.454328
1.34637e-09	0.455352
1.34646e-09	0.456375
1.34655e-09	0.457398
1.34664e-09	0.458421
1.34673e-09	0.459443
1.34683e-09	0.460464
1.34692e-09	0.461485
1.34701e-09	0.462505
1.3471e-09	0.463525
1.3472e-09	0.464545
1.34729e-09	0.465563
1.34738e-09	0.466582
1.34747e-09	0.4676
1.34757e-09	0.468617
1.34766e-09	0.469633
1.34775e-09	0.47065
1.34784e-09	0.471665
1.34794e-09	0.47268
1.34803e-09	0.473695
1.34812e-09	0.474709
1.34821e-09	0.475723
1.34831e-09	0.476736
1.3484e-09	0.477748
1.34849e-09	0.47876
1.34858e-09	0.479771
1.34868e-09	0.480782
1.34877e-09	0.481792
1.34886e-09	0.482802
1.34895e-09	0.483811
1.34904e-09	0.48482
1.34914e-09	0.485828
1.34923e-09	0.486835
1.34932e-09	0.487842
1.34941e-09	0.488848
1.34951e-09	0.489854
1.3496e-09	0.490859
1.34969e-09	0.491864
1.34978e-09	0.492868
1.34988e-09	0.493872
1.34997e-09	0.494875
1.35006e-09	0.495877
1.35015e-09	0.496879
1.35025e-09	0.49788
1.35034e-09	0.498881
1.35043e-09	0.499881
1.35052e-09	0.50088
1.35062e-09	0.501879
1.35071e-09	0.502877
1.3508e-09	0.503875
1.35089e-09	0.504872
1.35099e-09	0.505869
1.35108e-09	0.506865
1.35117e-09	0.50786
1.35126e-09	0.508855
1.35135e-09	0.509849
1.35145e-09	0.510843
1.35154e-09	0.511836
1.35163e-09	0.512828
1.35172e-09	0.51382
1.35182e-09	0.514811
1.35191e-09	0.515802
1.352e-09	0.516792
1.35209e-09	0.517781
1.35219e-09	0.51877
1.35228e-09	0.519758
1.35237e-09	0.520745
1.35246e-09	0.521732
1.35256e-09	0.522718
1.35265e-09	0.523704
1.35274e-09	0.524689
1.35283e-09	0.525674
1.35293e-09	0.526657
1.35302e-09	0.527641
1.35311e-09	0.528623
1.3532e-09	0.529605
1.3533e-09	0.530586
1.35339e-09	0.531567
1.35348e-09	0.532547
1.35357e-09	0.533526
1.35366e-09	0.534505
1.35376e-09	0.535483
1.35385e-09	0.536461
1.35394e-09	0.537438
1.35403e-09	0.538414
1.35413e-09	0.539389
1.35422e-09	0.540364
1.35431e-09	0.541339
1.3544e-09	0.542312
1.3545e-09	0.543285
1.35459e-09	0.544258
1.35468e-09	0.545229
1.35477e-09	0.5462
1.35487e-09	0.547171
1.35496e-09	0.54814
1.35505e-09	0.549109
1.35514e-09	0.550078
1.35524e-09	0.551045
1.35533e-09	0.552012
1.35542e-09	0.552979
1.35551e-09	0.553944
1.35561e-09	0.554909
1.3557e-09	0.555874
1.35579e-09	0.556837
1.35588e-09	0.5578
1.35597e-09	0.558763
1.35607e-09	0.559724
1.35616e-09	0.560685
1.35625e-09	0.561646
1.35634e-09	0.562605
1.35644e-09	0.563564
1.35653e-09	0.564522
1.35662e-09	0.56548
1.35671e-09	0.566437
1.35681e-09	0.567393
1.3569e-09	0.568348
1.35699e-09	0.569303
1.35708e-09	0.570257
1.35718e-09	0.571211
1.35727e-09	0.572163
1.35736e-09	0.573115
1.35745e-09	0.574067
1.35755e-09	0.575017
1.35764e-09	0.575967
1.35773e-09	0.576916
1.35782e-09	0.577865
1.35792e-09	0.578812
1.35801e-09	0.57976
1.3581e-09	0.580706
1.35819e-09	0.581651
1.35829e-09	0.582596
1.35838e-09	0.583541
1.35847e-09	0.584484
1.35856e-09	0.585427
1.35865e-09	0.586369
1.35875e-09	0.58731
1.35884e-09	0.588251
1.35893e-09	0.58919
1.35902e-09	0.59013
1.35912e-09	0.591068
1.35921e-09	0.592006
1.3593e-09	0.592942
1.35939e-09	0.593879
1.35949e-09	0.594814
1.35958e-09	0.595749
1.35967e-09	0.596683
1.35976e-09	0.597616
1.35986e-09	0.598548
1.35995e-09	0.59948
1.36004e-09	0.600411
1.36013e-09	0.601341
1.36023e-09	0.602271
1.36032e-09	0.6032
1.36041e-09	0.604128
1.3605e-09	0.605055
1.3606e-09	0.605981
1.36069e-09	0.606907
1.36078e-09	0.607832
1.36087e-09	0.608756
1.36096e-09	0.60968
1.36106e-09	0.610602
1.36115e-09	0.611524
1.36124e-09	0.612445
1.36133e-09	0.613366
1.36143e-09	0.614286
1.36152e-09	0.615204
1.36161e-09	0.616122
1.3617e-09	0.61704
1.3618e-09	0.617956
1.36189e-09	0.618872
1.36198e-09	0.619787
1.36207e-09	0.620701
1.36217e-09	0.621615
1.36226e-09	0.622527
1.36235e-09	0.623439
1.36244e-09	0.62435
1.36254e-09	0.62526
1.36263e-09	0.62617
1.36272e-09	0.627079
1.36281e-09	0.627986
1.36291e-09	0.628894
1.363e-09	0.6298
1.36309e-09	0.630705
1.36318e-09	0.63161
1.36327e-09	0.632514
1.36337e-09	0.633417
1.36346e-09	0.634319
1.36355e-09	0.635221
1.36364e-09	0.636122
1.36374e-09	0.637022
1.36383e-09	0.637921
1.36392e-09	0.638819
1.36401e-09	0.639716
1.36411e-09	0.640613
1.3642e-09	0.641509
1.36429e-09	0.642404
1.36438e-09	0.643298
1.36448e-09	0.644191
1.36457e-09	0.645084
1.36466e-09	0.645976
1.36475e-09	0.646867
1.36485e-09	0.647757
1.36494e-09	0.648646
1.36503e-09	0.649535
1.36512e-09	0.650422
1.36522e-09	0.651309
1.36531e-09	0.652195
1.3654e-09	0.65308
1.36549e-09	0.653964
1.36558e-09	0.654848
1.36568e-09	0.65573
1.36577e-09	0.656612
1.36586e-09	0.657493
1.36595e-09	0.658373
1.36605e-09	0.659252
1.36614e-09	0.660131
1.36623e-09	0.661008
1.36632e-09	0.661885
1.36642e-09	0.662761
1.36651e-09	0.663636
1.3666e-09	0.66451
1.36669e-09	0.665383
1.36679e-09	0.666256
1.36688e-09	0.667127
1.36697e-09	0.667998
1.36706e-09	0.668868
1.36716e-09	0.669737
1.36725e-09	0.670605
1.36734e-09	0.671472
1.36743e-09	0.672339
1.36753e-09	0.673204
1.36762e-09	0.674069
1.36771e-09	0.674933
1.3678e-09	0.675795
1.3679e-09	0.676657
1.36799e-09	0.677519
1.36808e-09	0.678379
1.36817e-09	0.679238
1.36826e-09	0.680097
1.36836e-09	0.680955
1.36845e-09	0.681811
1.36854e-09	0.682667
1.36863e-09	0.683522
1.36873e-09	0.684376
1.36882e-09	0.68523
1.36891e-09	0.686082
1.369e-09	0.686933
1.3691e-09	0.687784
1.36919e-09	0.688634
1.36928e-09	0.689482
1.36937e-09	0.69033
1.36947e-09	0.691177
1.36956e-09	0.692023
1.36965e-09	0.692869
1.36974e-09	0.693713
1.36984e-09	0.694556
1.36993e-09	0.695399
1.37002e-09	0.69624
1.37011e-09	0.697081
1.37021e-09	0.697921
1.3703e-09	0.698759
1.37039e-09	0.699597
1.37048e-09	0.700434
1.37057e-09	0.70127
1.37067e-09	0.702106
1.37076e-09	0.70294
1.37085e-09	0.703773
1.37094e-09	0.704606
1.37104e-09	0.705437
1.37113e-09	0.706268
1.37122e-09	0.707097
1.37131e-09	0.707926
1.37141e-09	0.708754
1.3715e-09	0.709581
1.37159e-09	0.710407
1.37168e-09	0.711232
1.37178e-09	0.712056
1.37187e-09	0.712879
1.37196e-09	0.713701
1.37205e-09	0.714522
1.37215e-09	0.715343
1.37224e-09	0.716162
1.37233e-09	0.716981
1.37242e-09	0.717798
1.37252e-09	0.718615
1.37261e-09	0.71943
1.3727e-09	0.720245
1.37279e-09	0.721059
1.37288e-09	0.721872
1.37298e-09	0.722683
1.37307e-09	0.723494
1.37316e-09	0.724304
1.37325e-09	0.725113
1.37335e-09	0.725921
1.37344e-09	0.726728
1.37353e-09	0.727534
1.37362e-09	0.728339
1.37372e-09	0.729144
1.37381e-09	0.729947
1.3739e-09	0.730749
1.37399e-09	0.73155
1.37409e-09	0.732351
1.37418e-09	0.73315
1.37427e-09	0.733948
1.37436e-09	0.734746
1.37446e-09	0.735542
1.37455e-09	0.736338
1.37464e-09	0.737132
1.37473e-09	0.737926
1.37483e-09	0.738718
1.37492e-09	0.73951
1.37501e-09	0.7403
1.3751e-09	0.74109
1.37519e-09	0.741878
1.37529e-09	0.742666
1.37538e-09	0.743453
1.37547e-09	0.744238
1.37556e-09	0.745023
1.37566e-09	0.745807
1.37575e-09	0.746589
1.37584e-09	0.747371
1.37593e-09	0.748152
1.37603e-09	0.748931
1.37612e-09	0.74971
1.37621e-09	0.750488
1.3763e-09	0.751265
1.3764e-09	0.75204
1.37649e-09	0.752815
1.37658e-09	0.753589
1.37667e-09	0.754361
1.37677e-09	0.755133
1.37686e-09	0.755904
1.37695e-09	0.756673
1.37704e-09	0.757442
1.37714e-09	0.75821
1.37723e-09	0.758976
1.37732e-09	0.759742
1.37741e-09	0.760507
1.37751e-09	0.76127
1.3776e-09	0.762033
1.37769e-09	0.762794
1.37778e-09	0.763555
1.37787e-09	0.764314
1.37797e-09	0.765073
1.37806e-09	0.76583
1.37815e-09	0.766587
1.37824e-09	0.767342
1.37834e-09	0.768097
1.37843e-09	0.76885
1.37852e-09	0.769602
1.37861e-09	0.770354
1.37871e-09	0.771104
1.3788e-09	0.771853
1.37889e-09	0.772601
1.37898e-09	0.773349
1.37908e-09	0.774095
1.37917e-09	0.77484
1.37926e-09	0.775584
1.37935e-09	0.776327
1.37945e-09	0.777069
1.37954e-09	0.77781
1.37963e-09	0.77855
1.37972e-09	0.779288
1.37982e-09	0.780026
1.37991e-09	0.780763
1.38e-09	0.781499
1.38009e-09	0.782233
1.38018e-09	0.782967
1.38028e-09	0.7837
1.38037e-09	0.784431
1.38046e-09	0.785161
1.38055e-09	0.785891
1.38065e-09	0.786619
1.38074e-09	0.787346
1.38083e-09	0.788072
1.38092e-09	0.788798
1.38102e-09	0.789522
1.38111e-09	0.790245
1.3812e-09	0.790967
1.38129e-09	0.791687
1.38139e-09	0.792407
1.38148e-09	0.793126
1.38157e-09	0.793844
1.38166e-09	0.79456
1.38176e-09	0.795276
1.38185e-09	0.79599
1.38194e-09	0.796704
1.38203e-09	0.797416
1.38213e-09	0.798127
1.38222e-09	0.798837
1.38231e-09	0.799546
1.3824e-09	0.800254
1.38249e-09	0.800961
1.38259e-09	0.801667
1.38268e-09	0.802372
1.38277e-09	0.803075
1.38286e-09	0.803778
1.38296e-09	0.804479
1.38305e-09	0.805179
1.38314e-09	0.805879
1.38323e-09	0.806577
1.38333e-09	0.807274
1.38342e-09	0.80797
1.38351e-09	0.808665
1.3836e-09	0.809359
1.3837e-09	0.810051
1.38379e-09	0.810743
1.38388e-09	0.811433
1.38397e-09	0.812123
1.38407e-09	0.812811
1.38416e-09	0.813498
1.38425e-09	0.814184
1.38434e-09	0.814869
1.38444e-09	0.815553
1.38453e-09	0.816236
1.38462e-09	0.816918
1.38471e-09	0.817598
1.3848e-09	0.818278
1.3849e-09	0.818956
1.38499e-09	0.819633
1.38508e-09	0.820309
1.38517e-09	0.820984
1.38527e-09	0.821658
1.38536e-09	0.822331
1.38545e-09	0.823002
1.38554e-09	0.823673
1.38564e-09	0.824342
1.38573e-09	0.82501
1.38582e-09	0.825677
1.38591e-09	0.826343
1.38601e-09	0.827008
1.3861e-09	0.827672
1.38619e-09	0.828335
1.38628e-09	0.828996
1.38638e-09	0.829656
1.38647e-09	0.830316
1.38656e-09	0.830974
1.38665e-09	0.831631
1.38675e-09	0.832286
1.38684e-09	0.832941
1.38693e-09	0.833595
1.38702e-09	0.834247
1.38711e-09	0.834898
1.38721e-09	0.835548
1.3873e-09	0.836197
1.38739e-09	0.836845
1.38748e-09	0.837492
1.38758e-09	0.838137
1.38767e-09	0.838782
1.38776e-09	0.839425
1.38785e-09	0.840067
1.38795e-09	0.840708
1.38804e-09	0.841348
1.38813e-09	0.841986
1.38822e-09	0.842624
1.38832e-09	0.84326
1.38841e-09	0.843895
1.3885e-09	0.844529
1.38859e-09	0.845162
1.38869e-09	0.845794
1.38878e-09	0.846424
1.38887e-09	0.847054
1.38896e-09	0.847682
1.38906e-09	0.848309
1.38915e-09	0.848935
1.38924e-09	0.84956
1.38933e-09	0.850183
1.38943e-09	0.850806
1.38952e-09	0.851427
1.38961e-09	0.852047
1.3897e-09	0.852666
1.38979e-09	0.853283
1.38989e-09	0.8539
1.38998e-09	0.854515
1.39007e-09	0.855129
1.39016e-09	0.855742
1.39026e-09	0.856354
1.39035e-09	0.856965
1.39044e-09	0.857574
1.39053e-09	0.858183
1.39063e-09	0.85879
1.39072e-09	0.859396
1.39081e-09	0.86
1.3909e-09	0.860604
1.391e-09	0.861206
1.39109e-09	0.861807
1.39118e-09	0.862407
1.39127e-09	0.863006
1.39137e-09	0.863604
1.39146e-09	0.8642
1.39155e-09	0.864796
1.39164e-09	0.86539
1.39174e-09	0.865982
1.39183e-09	0.866574
1.39192e-09	0.867165
1.39201e-09	0.867754
1.3921e-09	0.868342
1.3922e-09	0.868929
1.39229e-09	0.869514
1.39238e-09	0.870099
1.39247e-09	0.870682
1.39257e-09	0.871264
1.39266e-09	0.871845
1.39275e-09	0.872425
1.39284e-09	0.873003
1.39294e-09	0.87358
1.39303e-09	0.874156
1.39312e-09	0.874731
1.39321e-09	0.875305
1.39331e-09	0.875877
1.3934e-09	0.876449
1.39349e-09	0.877019
1.39358e-09	0.877587
1.39368e-09	0.878155
1.39377e-09	0.878721
1.39386e-09	0.879286
1.39395e-09	0.87985
1.39405e-09	0.880413
1.39414e-09	0.880974
1.39423e-09	0.881535
1.39432e-09	0.882094
1.39441e-09	0.882652
1.39451e-09	0.883208
1.3946e-09	0.883763
1.39469e-09	0.884318
1.39478e-09	0.88487
1.39488e-09	0.885422
1.39497e-09	0.885973
1.39506e-09	0.886522
1.39515e-09	0.88707
1.39525e-09	0.887617
1.39534e-09	0.888162
1.39543e-09	0.888707
1.39552e-09	0.88925
1.39562e-09	0.889791
1.39571e-09	0.890332
1.3958e-09	0.890871
1.39589e-09	0.89141
1.39599e-09	0.891946
1.39608e-09	0.892482
1.39617e-09	0.893017
1.39626e-09	0.89355
1.39636e-09	0.894082
1.39645e-09	0.894612
1.39654e-09	0.895142
1.39663e-09	0.89567
1.39672e-09	0.896197
1.39682e-09	0.896723
1.39691e-09	0.897247
1.397e-09	0.89777
1.39709e-09	0.898292
1.39719e-09	0.898813
1.39728e-09	0.899333
1.39737e-09	0.899851
1.39746e-09	0.900368
1.39756e-09	0.900883
1.39765e-09	0.901398
1.39774e-09	0.901911
1.39783e-09	0.902423
1.39793e-09	0.902934
1.39802e-09	0.903443
1.39811e-09	0.903951
1.3982e-09	0.904458
1.3983e-09	0.904964
1.39839e-09	0.905468
1.39848e-09	0.905972
1.39857e-09	0.906473
1.39867e-09	0.906974
1.39876e-09	0.907473
1.39885e-09	0.907972
1.39894e-09	0.908468
1.39904e-09	0.908964
1.39913e-09	0.909458
1.39922e-09	0.909951
1.39931e-09	0.910443
1.3994e-09	0.910933
1.3995e-09	0.911423
1.39959e-09	0.911911
1.39968e-09	0.912397
1.39977e-09	0.912883
1.39987e-09	0.913367
1.39996e-09	0.91385
1.40005e-09	0.914331
1.40014e-09	0.914811
1.40024e-09	0.91529
1.40033e-09	0.915768
1.40042e-09	0.916245
1.40051e-09	0.91672
1.40061e-09	0.917194
1.4007e-09	0.917666
1.40079e-09	0.918138
1.40088e-09	0.918608
1.40098e-09	0.919076
1.40107e-09	0.919544
1.40116e-09	0.92001
1.40125e-09	0.920475
1.40135e-09	0.920939
1.40144e-09	0.921401
1.40153e-09	0.921862
1.40162e-09	0.922322
1.40171e-09	0.92278
1.40181e-09	0.923237
1.4019e-09	0.923693
1.40199e-09	0.924148
1.40208e-09	0.924601
1.40218e-09	0.925053
1.40227e-09	0.925504
1.40236e-09	0.925953
1.40245e-09	0.926401
1.40255e-09	0.926848
1.40264e-09	0.927294
1.40273e-09	0.927738
1.40282e-09	0.928181
1.40292e-09	0.928622
1.40301e-09	0.929063
1.4031e-09	0.929502
1.40319e-09	0.929939
1.40329e-09	0.930376
1.40338e-09	0.930811
1.40347e-09	0.931245
1.40356e-09	0.931677
1.40366e-09	0.932108
1.40375e-09	0.932538
1.40384e-09	0.932967
1.40393e-09	0.933394
1.40402e-09	0.93382
1.40412e-09	0.934245
1.40421e-09	0.934668
1.4043e-09	0.93509
1.40439e-09	0.935511
1.40449e-09	0.93593
1.40458e-09	0.936348
1.40467e-09	0.936765
1.40476e-09	0.937181
1.40486e-09	0.937595
1.40495e-09	0.938007
1.40504e-09	0.938419
1.40513e-09	0.938829
1.40523e-09	0.939238
1.40532e-09	0.939646
1.40541e-09	0.940052
1.4055e-09	0.940457
1.4056e-09	0.94086
1.40569e-09	0.941263
1.40578e-09	0.941664
1.40587e-09	0.942063
1.40597e-09	0.942461
1.40606e-09	0.942858
1.40615e-09	0.943254
1.40624e-09	0.943648
1.40633e-09	0.944041
1.40643e-09	0.944433
1.40652e-09	0.944823
1.40661e-09	0.945212
1.4067e-09	0.9456
1.4068e-09	0.945986
1.40689e-09	0.946371
1.40698e-09	0.946755
1.40707e-09	0.947137
1.40717e-09	0.947518
1.40726e-09	0.947898
1.40735e-09	0.948276
1.40744e-09	0.948654
1.40754e-09	0.949029
1.40763e-09	0.949404
1.40772e-09	0.949777
1.40781e-09	0.950148
1.40791e-09	0.950519
1.408e-09	0.950888
1.40809e-09	0.951255
1.40818e-09	0.951622
1.40828e-09	0.951986
1.40837e-09	0.95235
1.40846e-09	0.952712
1.40855e-09	0.953073
1.40864e-09	0.953433
1.40874e-09	0.953791
1.40883e-09	0.954148
1.40892e-09	0.954504
1.40901e-09	0.954858
1.40911e-09	0.955211
1.4092e-09	0.955562
1.40929e-09	0.955913
1.40938e-09	0.956261
1.40948e-09	0.956609
1.40957e-09	0.956955
1.40966e-09	0.9573
1.40975e-09	0.957643
1.40985e-09	0.957985
1.40994e-09	0.958326
1.41003e-09	0.958666
1.41012e-09	0.959004
1.41022e-09	0.95934
1.41031e-09	0.959676
1.4104e-09	0.96001
1.41049e-09	0.960342
1.41059e-09	0.960674
1.41068e-09	0.961003
1.41077e-09	0.961332
1.41086e-09	0.961659
1.41096e-09	0.961985
1.41105e-09	0.96231
1.41114e-09	0.962633
1.41123e-09	0.962954
1.41132e-09	0.963275
1.41142e-09	0.963594
1.41151e-09	0.963912
1.4116e-09	0.964228
1.41169e-09	0.964543
1.41179e-09	0.964856
1.41188e-09	0.965169
1.41197e-09	0.96548
1.41206e-09	0.965789
1.41216e-09	0.966097
1.41225e-09	0.966404
1.41234e-09	0.966709
1.41243e-09	0.967013
1.41253e-09	0.967316
1.41262e-09	0.967617
1.41271e-09	0.967917
1.4128e-09	0.968216
1.4129e-09	0.968513
1.41299e-09	0.968809
1.41308e-09	0.969104
1.41317e-09	0.969397
1.41327e-09	0.969688
1.41336e-09	0.969979
1.41345e-09	0.970268
1.41354e-09	0.970555
1.41363e-09	0.970842
1.41373e-09	0.971126
1.41382e-09	0.97141
1.41391e-09	0.971692
1.414e-09	0.971973
1.4141e-09	0.972252
1.41419e-09	0.97253
1.41428e-09	0.972807
1.41437e-09	0.973082
1.41447e-09	0.973356
1.41456e-09	0.973628
1.41465e-09	0.973899
1.41474e-09	0.974169
1.41484e-09	0.974438
1.41493e-09	0.974705
1.41502e-09	0.97497
1.41511e-09	0.975234
1.41521e-09	0.975497
1.4153e-09	0.975759
1.41539e-09	0.976019
1.41548e-09	0.976277
1.41558e-09	0.976535
1.41567e-09	0.976791
1.41576e-09	0.977045
1.41585e-09	0.977298
1.41594e-09	0.97755
1.41604e-09	0.9778
1.41613e-09	0.978049
1.41622e-09	0.978297
1.41631e-09	0.978543
1.41641e-09	0.978788
1.4165e-09	0.979032
1.41659e-09	0.979274
1.41668e-09	0.979514
1.41678e-09	0.979754
1.41687e-09	0.979991
1.41696e-09	0.980228
1.41705e-09	0.980463
1.41715e-09	0.980697
1.41724e-09	0.980929
1.41733e-09	0.98116
1.41742e-09	0.98139
1.41752e-09	0.981618
1.41761e-09	0.981845
1.4177e-09	0.98207
1.41779e-09	0.982294
1.41789e-09	0.982517
1.41798e-09	0.982738
1.41807e-09	0.982958
1.41816e-09	0.983176
1.41825e-09	0.983393
1.41835e-09	0.983609
1.41844e-09	0.983823
1.41853e-09	0.984036
1.41862e-09	0.984247
1.41872e-09	0.984457
1.41881e-09	0.984666
1.4189e-09	0.984873
1.41899e-09	0.985079
1.41909e-09	0.985284
1.41918e-09	0.985487
1.41927e-09	0.985688
1.41936e-09	0.985889
1.41946e-09	0.986087
1.41955e-09	0.986285
1.41964e-09	0.986481
1.41973e-09	0.986676
1.41983e-09	0.986869
1.41992e-09	0.987061
1.42001e-09	0.987251
1.4201e-09	0.98744
1.4202e-09	0.987628
1.42029e-09	0.987814
1.42038e-09	0.987999
1.42047e-09	0.988182
1.42057e-09	0.988365
1.42066e-09	0.988545
1.42075e-09	0.988724
1.42084e-09	0.988902
1.42093e-09	0.989079
1.42103e-09	0.989254
1.42112e-09	0.989427
1.42121e-09	0.9896
1.4213e-09	0.98977
1.4214e-09	0.98994
1.42149e-09	0.990108
1.42158e-09	0.990274
1.42167e-09	0.99044
1.42177e-09	0.990603
1.42186e-09	0.990766
1.42195e-09	0.990927
1.42204e-09	0.991086
1.42214e-09	0.991244
1.42223e-09	0.991401
1.42232e-09	0.991557
1.42241e-09	0.99171
1.42251e-09	0.991863
1.4226e-09	0.992014
1.42269e-09	0.992164
1.42278e-09	0.992312
1.42288e-09	0.992459
1.42297e-09	0.992604
1.42306e-09	0.992749
1.42315e-09	0.992891
1.42324e-09	0.993032
1.42334e-09	0.993172
1.42343e-09	0.993311
1.42352e-09	0.993448
1.42361e-09	0.993583
1.42371e-09	0.993717
1.4238e-09	0.99385
1.42389e-09	0.993982
1.42398e-09	0.994112
1.42408e-09	0.99424
1.42417e-09	0.994367
1.42426e-09	0.994493
1.42435e-09	0.994617
1.42445e-09	0.99474
1.42454e-09	0.994861
1.42463e-09	0.994982
1.42472e-09	0.9951
1.42482e-09	0.995217
1.42491e-09	0.995333
1.425e-09	0.995448
1.42509e-09	0.995561
1.42519e-09	0.995672
1.42528e-09	0.995782
1.42537e-09	0.995891
1.42546e-09	0.995998
1.42555e-09	0.996104
1.42565e-09	0.996209
1.42574e-09	0.996312
1.42583e-09	0.996413
1.42592e-09	0.996514
1.42602e-09	0.996612
1.42611e-09	0.99671
1.4262e-09	0.996806
1.42629e-09	0.9969
1.42639e-09	0.996993
1.42648e-09	0.997085
1.42657e-09	0.997175
1.42666e-09	0.997264
1.42676e-09	0.997352
1.42685e-09	0.997438
1.42694e-09	0.997522
1.42703e-09	0.997606
1.42713e-09	0.997687
1.42722e-09	0.997768
1.42731e-09	0.997847
1.4274e-09	0.997924
1.4275e-09	0.998
1.42759e-09	0.998075
1.42768e-09	0.998148
1.42777e-09	0.99822
1.42786e-09	0.998291
1.42796e-09	0.99836
1.42805e-09	0.998427
1.42814e-09	0.998493
1.42823e-09	0.998558
1.42833e-09	0.998621
1.42842e-09	0.998683
1.42851e-09	0.998744
1.4286e-09	0.998803
1.4287e-09	0.998861
1.42879e-09	0.998917
1.42888e-09	0.998972
1.42897e-09	0.999025
1.42907e-09	0.999077
1.42916e-09	0.999127
1.42925e-09	0.999177
1.42934e-09	0.999224
1.42944e-09	0.99927
1.42953e-09	0.999315
1.42962e-09	0.999359
1.42971e-09	0.999401
1.42981e-09	0.999441
1.4299e-09	0.999481
1.42999e-09	0.999518
1.43008e-09	0.999555
1.43017e-09	0.99959
1.43027e-09	0.999623
1.43036e-09	0.999655
1.43045e-09	0.999686
1.43054e-09	0.999715
1.43064e-09	0.999743
1.43073e-09	0.999769
1.43082e-09	0.999794
1.43091e-09	0.999817
1.43101e-09	0.999839
1.4311e-09	0.99986
1.43119e-09	0.999879
1.43128e-09	0.999897
1.43138e-09	0.999914
1.43147e-09	0.999929
1.43156e-09	0.999942
1.43165e-09	0.999954
1.43175e-09	0.999965
1.43184e-09	0.999974
1.43193e-09	0.999982
1.43202e-09	0.999988
1.43212e-09	0.999994
1.43221e-09	0.999997
1.4323e-09	0.999999
1.43239e-09	1
1.43249e-09	0.999999
1.43258e-09	0.999997
1.43267e-09	0.999994
1.43276e-09	0.999989
1.43285e-09	0.999982
1.43295e-09	0.999975
1.43304e-09	0.999965
1.43313e-09	0.999955
1.43322e-09	0.999943
1.43332e-09	0.999929
1.43341e-09	0.999914
1.4335e-09	0.999898
1.43359e-09	0.99988
1.43369e-09	0.999861
1.43378e-09	0.99984
1.43387e-09	0.999818
1.43396e-09	0.999795
1.43406e-09	0.99977
1.43415e-09	0.999744
1.43424e-09	0.999716
1.43433e-09	0.999687
1.43443e-09	0.999656
1.43452e-09	0.999624
1.43461e-09	0.999591
1.4347e-09	0.999556
1.4348e-09	0.99952
1.43489e-09	0.999482
1.43498e-09	0.999443
1.43507e-09	0.999402
1.43516e-09	0.99936
1.43526e-09	0.999317
1.43535e-09	0.999272
1.43544e-09	0.999226
1.43553e-09	0.999178
1.43563e-09	0.999129
1.43572e-09	0.999079
1.43581e-09	0.999027
1.4359e-09	0.998974
1.436e-09	0.998919
1.43609e-09	0.998863
1.43618e-09	0.998805
1.43627e-09	0.998746
1.43637e-09	0.998686
1.43646e-09	0.998624
1.43655e-09	0.998561
1.43664e-09	0.998496
1.43674e-09	0.99843
1.43683e-09	0.998362
1.43692e-09	0.998293
1.43701e-09	0.998223
1.43711e-09	0.998151
1.4372e-09	0.998078
1.43729e-09	0.998003
1.43738e-09	0.997927
1.43747e-09	0.99785
1.43757e-09	0.997771
1.43766e-09	0.997691
1.43775e-09	0.997609
1.43784e-09	0.997526
1.43794e-09	0.997441
1.43803e-09	0.997355
1.43812e-09	0.997268
1.43821e-09	0.997179
1.43831e-09	0.997089
1.4384e-09	0.996997
1.43849e-09	0.996904
1.43858e-09	0.996809
1.43868e-09	0.996714
1.43877e-09	0.996616
1.43886e-09	0.996517
1.43895e-09	0.996417
1.43905e-09	0.996316
1.43914e-09	0.996213
1.43923e-09	0.996108
1.43932e-09	0.996002
1.43942e-09	0.995895
1.43951e-09	0.995787
1.4396e-09	0.995676
1.43969e-09	0.995565
1.43978e-09	0.995452
1.43988e-09	0.995338
1.43997e-09	0.995222
1.44006e-09	0.995105
1.44015e-09	0.994986
1.44025e-09	0.994866
1.44034e-09	0.994745
1.44043e-09	0.994622
1.44052e-09	0.994498
1.44062e-09	0.994372
1.44071e-09	0.994245
1.4408e-09	0.994117
1.44089e-09	0.993987
1.44099e-09	0.993855
1.44108e-09	0.993723
1.44117e-09	0.993589
1.44126e-09	0.993453
1.44136e-09	0.993316
1.44145e-09	0.993178
1.44154e-09	0.993038
1.44163e-09	0.992897
1.44173e-09	0.992754
1.44182e-09	0.99261
1.44191e-09	0.992465
1.442e-09	0.992318
1.4421e-09	0.99217
1.44219e-09	0.99202
1.44228e-09	0.991869
1.44237e-09	0.991717
1.44246e-09	0.991563
1.44256e-09	0.991407
1.44265e-09	0.991251
1.44274e-09	0.991093
1.44283e-09	0.990933
1.44293e-09	0.990772
1.44302e-09	0.99061
1.44311e-09	0.990446
1.4432e-09	0.990281
1.4433e-09	0.990114
1.44339e-09	0.989946
1.44348e-09	0.989777
1.44357e-09	0.989606
1.44367e-09	0.989434
1.44376e-09	0.989261
1.44385e-09	0.989086
1.44394e-09	0.988909
1.44404e-09	0.988731
1.44413e-09	0.988552
1.44422e-09	0.988372
1.44431e-09	0.98819
1.44441e-09	0.988006
1.4445e-09	0.987821
1.44459e-09	0.987635
1.44468e-09	0.987448
1.44477e-09	0.987259
1.44487e-09	0.987068
1.44496e-09	0.986876
1.44505e-09	0.986683
1.44514e-09	0.986489
1.44524e-09	0.986293
1.44533e-09	0.986095
1.44542e-09	0.985896
1.44551e-09	0.985696
1.44561e-09	0.985495
1.4457e-09	0.985292
1.44579e-09	0.985087
1.44588e-09	0.984881
1.44598e-09	0.984674
1.44607e-09	0.984466
1.44616e-09	0.984255
1.44625e-09	0.984044
1.44635e-09	0.983831
1.44644e-09	0.983617
1.44653e-09	0.983402
1.44662e-09	0.983185
1.44672e-09	0.982966
1.44681e-09	0.982746
1.4469e-09	0.982525
1.44699e-09	0.982303
1.44708e-09	0.982079
1.44718e-09	0.981853
1.44727e-09	0.981627
1.44736e-09	0.981399
1.44745e-09	0.981169
1.44755e-09	0.980938
1.44764e-09	0.980706
1.44773e-09	0.980472
1.44782e-09	0.980237
1.44792e-09	0.980001
1.44801e-09	0.979763
1.4481e-09	0.979524
1.44819e-09	0.979283
1.44829e-09	0.979041
1.44838e-09	0.978798
1.44847e-09	0.978553
1.44856e-09	0.978307
1.44866e-09	0.978059
1.44875e-09	0.97781
1.44884e-09	0.97756
1.44893e-09	0.977308
1.44903e-09	0.977055
1.44912e-09	0.976801
1.44921e-09	0.976545
1.4493e-09	0.976287
1.44939e-09	0.976029
1.44949e-09	0.975769
1.44958e-09	0.975507
1.44967e-09	0.975245
1.44976e-09	0.97498
1.44986e-09	0.974715
1.44995e-09	0.974448
1.45004e-09	0.97418
1.45013e-09	0.97391
1.45023e-09	0.973639
1.45032e-09	0.973367
1.45041e-09	0.973093
1.4505e-09	0.972818
1.4506e-09	0.972541
1.45069e-09	0.972263
1.45078e-09	0.971984
1.45087e-09	0.971703
1.45097e-09	0.971421
1.45106e-09	0.971138
1.45115e-09	0.970853
1.45124e-09	0.970567
1.45134e-09	0.970279
1.45143e-09	0.96999
1.45152e-09	0.9697
1.45161e-09	0.969408
1.45171e-09	0.969115
1.4518e-09	0.968821
1.45189e-09	0.968525
1.45198e-09	0.968228
1.45207e-09	0.967929
1.45217e-09	0.967629
1.45226e-09	0.967328
1.45235e-09	0.967025
1.45244e-09	0.966721
1.45254e-09	0.966416
1.45263e-09	0.966109
1.45272e-09	0.965801
1.45281e-09	0.965492
1.45291e-09	0.965181
1.453e-09	0.964869
1.45309e-09	0.964555
1.45318e-09	0.96424
1.45328e-09	0.963924
1.45337e-09	0.963606
1.45346e-09	0.963287
1.45355e-09	0.962967
1.45365e-09	0.962645
1.45374e-09	0.962322
1.45383e-09	0.961998
1.45392e-09	0.961672
1.45402e-09	0.961345
1.45411e-09	0.961016
1.4542e-09	0.960686
1.45429e-09	0.960355
1.45438e-09	0.960023
1.45448e-09	0.959689
1.45457e-09	0.959353
1.45466e-09	0.959017
1.45475e-09	0.958679
1.45485e-09	0.95834
1.45494e-09	0.957999
1.45503e-09	0.957657
1.45512e-09	0.957313
1.45522e-09	0.956969
1.45531e-09	0.956622
1.4554e-09	0.956275
1.45549e-09	0.955926
1.45559e-09	0.955576
1.45568e-09	0.955225
1.45577e-09	0.954872
1.45586e-09	0.954518
1.45596e-09	0.954162
1.45605e-09	0.953805
1.45614e-09	0.953447
1.45623e-09	0.953087
1.45633e-09	0.952727
1.45642e-09	0.952364
1.45651e-09	0.952001
1.4566e-09	0.951636
1.45669e-09	0.95127
1.45679e-09	0.950902
1.45688e-09	0.950533
1.45697e-09	0.950163
1.45706e-09	0.949791
1.45716e-09	0.949418
1.45725e-09	0.949044
1.45734e-09	0.948668
1.45743e-09	0.948291
1.45753e-09	0.947913
1.45762e-09	0.947533
1.45771e-09	0.947152
1.4578e-09	0.94677
1.4579e-09	0.946386
1.45799e-09	0.946001
1.45808e-09	0.945615
1.45817e-09	0.945228
1.45827e-09	0.944839
1.45836e-09	0.944448
1.45845e-09	0.944057
1.45854e-09	0.943664
1.45864e-09	0.943269
1.45873e-09	0.942874
1.45882e-09	0.942477
1.45891e-09	0.942079
1.459e-09	0.941679
1.4591e-09	0.941278
1.45919e-09	0.940876
1.45928e-09	0.940472
1.45937e-09	0.940068
1.45947e-09	0.939662
1.45956e-09	0.939254
1.45965e-09	0.938845
1.45974e-09	0.938435
1.45984e-09	0.938024
1.45993e-09	0.937611
1.46002e-09	0.937197
1.46011e-09	0.936781
1.46021e-09	0.936365
1.4603e-09	0.935947
1.46039e-09	0.935527
1.46048e-09	0.935107
1.46058e-09	0.934685
1.46067e-09	0.934261
1.46076e-09	0.933837
1.46085e-09	0.933411
1.46095e-09	0.932984
1.46104e-09	0.932555
1.46113e-09	0.932125
1.46122e-09	0.931694
1.46131e-09	0.931262
1.46141e-09	0.930828
1.4615e-09	0.930393
1.46159e-09	0.929957
1.46168e-09	0.929519
1.46178e-09	0.92908
1.46187e-09	0.92864
1.46196e-09	0.928198
1.46205e-09	0.927755
1.46215e-09	0.927311
1.46224e-09	0.926866
1.46233e-09	0.926419
1.46242e-09	0.925971
1.46252e-09	0.925521
1.46261e-09	0.925071
1.4627e-09	0.924619
1.46279e-09	0.924166
1.46289e-09	0.923711
1.46298e-09	0.923255
1.46307e-09	0.922798
1.46316e-09	0.92234
1.46326e-09	0.92188
1.46335e-09	0.921419
1.46344e-09	0.920957
1.46353e-09	0.920493
1.46363e-09	0.920028
1.46372e-09	0.919562
1.46381e-09	0.919095
1.4639e-09	0.918626
1.46399e-09	0.918156
1.46409e-09	0.917685
1.46418e-09	0.917212
1.46427e-09	0.916738
1.46436e-09	0.916263
1.46446e-09	0.915787
1.46455e-09	0.915309
1.46464e-09	0.91483
1.46473e-09	0.91435
1.46483e-09	0.913868
1.46492e-09	0.913386
1.46501e-09	0.912902
1.4651e-09	0.912416
1.4652e-09	0.91193
1.46529e-09	0.911442
1.46538e-09	0.910953
1.46547e-09	0.910462
1.46557e-09	0.90997
1.46566e-09	0.909477
1.46575e-09	0.908983
1.46584e-09	0.908488
1.46594e-09	0.907991
1.46603e-09	0.907493
1.46612e-09	0.906994
1.46621e-09	0.906493
1.4663e-09	0.905991
1.4664e-09	0.905488
1.46649e-09	0.904984
1.46658e-09	0.904478
1.46667e-09	0.903971
1.46677e-09	0.903463
1.46686e-09	0.902954
1.46695e-09	0.902443
1.46704e-09	0.901931
1.46714e-09	0.901418
1.46723e-09	0.900904
1.46732e-09	0.900388
1.46741e-09	0.899871
1.46751e-09	0.899353
1.4676e-09	0.898833
1.46769e-09	0.898313
1.46778e-09	0.897791
1.46788e-09	0.897268
1.46797e-09	0.896743
1.46806e-09	0.896218
1.46815e-09	0.895691
1.46825e-09	0.895162
1.46834e-09	0.894633
1.46843e-09	0.894102
1.46852e-09	0.893571
1.46861e-09	0.893037
1.46871e-09	0.892503
1.4688e-09	0.891967
1.46889e-09	0.891431
1.46898e-09	0.890892
1.46908e-09	0.890353
1.46917e-09	0.889813
1.46926e-09	0.889271
1.46935e-09	0.888728
1.46945e-09	0.888184
1.46954e-09	0.887638
1.46963e-09	0.887091
1.46972e-09	0.886543
1.46982e-09	0.885994
1.46991e-09	0.885444
1.47e-09	0.884892
1.47009e-09	0.884339
1.47019e-09	0.883785
1.47028e-09	0.88323
1.47037e-09	0.882673
1.47046e-09	0.882115
1.47056e-09	0.881557
1.47065e-09	0.880996
1.47074e-09	0.880435
1.47083e-09	0.879872
1.47092e-09	0.879308
1.47102e-09	0.878743
1.47111e-09	0.878177
1.4712e-09	0.877609
1.47129e-09	0.877041
1.47139e-09	0.876471
1.47148e-09	0.8759
1.47157e-09	0.875327
1.47166e-09	0.874754
1.47176e-09	0.874179
1.47185e-09	0.873603
1.47194e-09	0.873026
1.47203e-09	0.872447
1.47213e-09	0.871868
1.47222e-09	0.871287
1.47231e-09	0.870705
1.4724e-09	0.870122
1.4725e-09	0.869537
1.47259e-09	0.868952
1.47268e-09	0.868365
1.47277e-09	0.867777
1.47287e-09	0.867188
1.47296e-09	0.866597
1.47305e-09	0.866006
1.47314e-09	0.865413
1.47324e-09	0.864819
1.47333e-09	0.864224
1.47342e-09	0.863627
1.47351e-09	0.86303
1.4736e-09	0.862431
1.4737e-09	0.861831
1.47379e-09	0.86123
1.47388e-09	0.860627
1.47397e-09	0.860024
1.47407e-09	0.859419
1.47416e-09	0.858813
1.47425e-09	0.858206
1.47434e-09	0.857598
1.47444e-09	0.856989
1.47453e-09	0.856378
1.47462e-09	0.855766
1.47471e-09	0.855153
1.47481e-09	0.854539
1.4749e-09	0.853924
1.47499e-09	0.853307
1.47508e-09	0.85269
1.47518e-09	0.852071
1.47527e-09	0.851451
1.47536e-09	0.85083
1.47545e-09	0.850207
1.47555e-09	0.849584
1.47564e-09	0.848959
1.47573e-09	0.848333
1.47582e-09	0.847706
1.47591e-09	0.847078
1.47601e-09	0.846449
1.4761e-09	0.845819
1.47619e-09	0.845187
1.47628e-09	0.844554
1.47638e-09	0.84392
1.47647e-09	0.843285
1.47656e-09	0.842649
1.47665e-09	0.842011
1.47675e-09	0.841373
1.47684e-09	0.840733
1.47693e-09	0.840092
1.47702e-09	0.83945
1.47712e-09	0.838807
1.47721e-09	0.838163
1.4773e-09	0.837517
1.47739e-09	0.83687
1.47749e-09	0.836223
1.47758e-09	0.835574
1.47767e-09	0.834924
1.47776e-09	0.834273
1.47786e-09	0.83362
1.47795e-09	0.832967
1.47804e-09	0.832312
1.47813e-09	0.831656
1.47822e-09	0.830999
1.47832e-09	0.830341
1.47841e-09	0.829682
1.4785e-09	0.829022
1.47859e-09	0.82836
1.47869e-09	0.827698
1.47878e-09	0.827034
1.47887e-09	0.826369
1.47896e-09	0.825704
1.47906e-09	0.825036
1.47915e-09	0.824368
1.47924e-09	0.823699
1.47933e-09	0.823029
1.47943e-09	0.822357
1.47952e-09	0.821684
1.47961e-09	0.82101
1.4797e-09	0.820336
1.4798e-09	0.81966
1.47989e-09	0.818982
1.47998e-09	0.818304
1.48007e-09	0.817625
1.48017e-09	0.816944
1.48026e-09	0.816263
1.48035e-09	0.81558
1.48044e-09	0.814896
1.48053e-09	0.814211
1.48063e-09	0.813525
1.48072e-09	0.812838
1.48081e-09	0.81215
1.4809e-09	0.81146
1.481e-09	0.81077
1.48109e-09	0.810078
1.48118e-09	0.809386
1.48127e-09	0.808692
1.48137e-09	0.807997
1.48146e-09	0.807301
1.48155e-09	0.806604
1.48164e-09	0.805906
1.48174e-09	0.805207
1.48183e-09	0.804507
1.48192e-09	0.803805
1.48201e-09	0.803103
1.48211e-09	0.802399
1.4822e-09	0.801694
1.48229e-09	0.800989
1.48238e-09	0.800282
1.48248e-09	0.799574
1.48257e-09	0.798865
1.48266e-09	0.798155
1.48275e-09	0.797444
1.48284e-09	0.796731
1.48294e-09	0.796018
1.48303e-09	0.795304
1.48312e-09	0.794588
1.48321e-09	0.793872
1.48331e-09	0.793154
1.4834e-09	0.792435
1.48349e-09	0.791716
1.48358e-09	0.790995
1.48368e-09	0.790273
1.48377e-09	0.78955
1.48386e-09	0.788826
1.48395e-09	0.788101
1.48405e-09	0.787375
1.48414e-09	0.786647
1.48423e-09	0.785919
1.48432e-09	0.78519
1.48442e-09	0.78446
1.48451e-09	0.783728
1.4846e-09	0.782996
1.48469e-09	0.782262
1.48479e-09	0.781527
1.48488e-09	0.780792
1.48497e-09	0.780055
1.48506e-09	0.779317
1.48516e-09	0.778579
1.48525e-09	0.777839
1.48534e-09	0.777098
1.48543e-09	0.776356
1.48552e-09	0.775613
1.48562e-09	0.774869
1.48571e-09	0.774124
1.4858e-09	0.773378
1.48589e-09	0.772631
1.48599e-09	0.771882
1.48608e-09	0.771133
1.48617e-09	0.770383
1.48626e-09	0.769632
1.48636e-09	0.768879
1.48645e-09	0.768126
1.48654e-09	0.767372
1.48663e-09	0.766616
1.48673e-09	0.76586
1.48682e-09	0.765103
1.48691e-09	0.764344
1.487e-09	0.763585
1.4871e-09	0.762824
1.48719e-09	0.762063
1.48728e-09	0.7613
1.48737e-09	0.760536
1.48747e-09	0.759772
1.48756e-09	0.759006
1.48765e-09	0.75824
1.48774e-09	0.757472
1.48783e-09	0.756703
1.48793e-09	0.755934
1.48802e-09	0.755163
1.48811e-09	0.754391
1.4882e-09	0.753619
1.4883e-09	0.752845
1.48839e-09	0.752071
1.48848e-09	0.751295
1.48857e-09	0.750518
1.48867e-09	0.749741
1.48876e-09	0.748962
1.48885e-09	0.748182
1.48894e-09	0.747402
1.48904e-09	0.74662
1.48913e-09	0.745837
1.48922e-09	0.745054
1.48931e-09	0.744269
1.48941e-09	0.743483
1.4895e-09	0.742697
1.48959e-09	0.741909
1.48968e-09	0.741121
1.48978e-09	0.740331
1.48987e-09	0.739541
1.48996e-09	0.738749
1.49005e-09	0.737957
1.49014e-09	0.737163
1.49024e-09	0.736369
1.49033e-09	0.735573
1.49042e-09	0.734777
1.49051e-09	0.73398
1.49061e-09	0.733181
1.4907e-09	0.732382
1.49079e-09	0.731582
1.49088e-09	0.73078
1.49098e-09	0.729978
1.49107e-09	0.729175
1.49116e-09	0.728371
1.49125e-09	0.727566
1.49135e-09	0.72676
1.49144e-09	0.725953
1.49153e-09	0.725145
1.49162e-09	0.724336
1.49172e-09	0.723526
1.49181e-09	0.722715
1.4919e-09	0.721903
1.49199e-09	0.721091
1.49209e-09	0.720277
1.49218e-09	0.719462
1.49227e-09	0.718647
1.49236e-09	0.71783
1.49245e-09	0.717013
1.49255e-09	0.716194
1.49264e-09	0.715375
1.49273e-09	0.714555
1.49282e-09	0.713733
1.49292e-09	0.712911
1.49301e-09	0.712088
1.4931e-09	0.711264
1.49319e-09	0.710439
1.49329e-09	0.709613
1.49338e-09	0.708786
1.49347e-09	0.707959
1.49356e-09	0.70713
1.49366e-09	0.7063
1.49375e-09	0.70547
1.49384e-09	0.704638
1.49393e-09	0.703806
1.49403e-09	0.702973
1.49412e-09	0.702138
1.49421e-09	0.701303
1.4943e-09	0.700467
1.4944e-09	0.69963
1.49449e-09	0.698792
1.49458e-09	0.697953
1.49467e-09	0.697114
1.49477e-09	0.696273
1.49486e-09	0.695432
1.49495e-09	0.694589
1.49504e-09	0.693746
1.49513e-09	0.692902
1.49523e-09	0.692056
1.49532e-09	0.69121
1.49541e-09	0.690363
1.4955e-09	0.689516
1.4956e-09	0.688667
1.49569e-09	0.687817
1.49578e-09	0.686967
1.49587e-09	0.686115
1.49597e-09	0.685263
1.49606e-09	0.68441
1.49615e-09	0.683556
1.49624e-09	0.682701
1.49634e-09	0.681845
1.49643e-09	0.680988
1.49652e-09	0.68013
1.49661e-09	0.679272
1.49671e-09	0.678413
1.4968e-09	0.677552
1.49689e-09	0.676691
1.49698e-09	0.675829
1.49708e-09	0.674966
1.49717e-09	0.674103
1.49726e-09	0.673238
1.49735e-09	0.672372
1.49744e-09	0.671506
1.49754e-09	0.670639
1.49763e-09	0.669771
1.49772e-09	0.668902
1.49781e-09	0.668032
1.49791e-09	0.667161
1.498e-09	0.66629
1.49809e-09	0.665417
1.49818e-09	0.664544
1.49828e-09	0.66367
1.49837e-09	0.662795
1.49846e-09	0.661919
1.49855e-09	0.661043
1.49865e-09	0.660165
1.49874e-09	0.659287
1.49883e-09	0.658407
1.49892e-09	0.657527
1.49902e-09	0.656646
1.49911e-09	0.655765
1.4992e-09	0.654882
1.49929e-09	0.653999
1.49939e-09	0.653115
1.49948e-09	0.652229
1.49957e-09	0.651344
1.49966e-09	0.650457
1.49975e-09	0.649569
1.49985e-09	0.648681
1.49994e-09	0.647792
1.50003e-09	0.646901
1.50012e-09	0.646011
1.50022e-09	0.645119
1.50031e-09	0.644226
1.5004e-09	0.643333
1.50049e-09	0.642439
1.50059e-09	0.641544
1.50068e-09	0.640648
1.50077e-09	0.639751
1.50086e-09	0.638854
1.50096e-09	0.637956
1.50105e-09	0.637057
1.50114e-09	0.636157
1.50123e-09	0.635256
1.50133e-09	0.634355
1.50142e-09	0.633452
1.50151e-09	0.632549
1.5016e-09	0.631645
1.5017e-09	0.630741
1.50179e-09	0.629835
1.50188e-09	0.628929
1.50197e-09	0.628022
1.50206e-09	0.627114
1.50216e-09	0.626205
1.50225e-09	0.625296
1.50234e-09	0.624386
1.50243e-09	0.623475
1.50253e-09	0.622563
1.50262e-09	0.62165
1.50271e-09	0.620737
1.5028e-09	0.619823
1.5029e-09	0.618908
1.50299e-09	0.617992
1.50308e-09	0.617076
1.50317e-09	0.616158
1.50327e-09	0.61524
1.50336e-09	0.614321
1.50345e-09	0.613402
1.50354e-09	0.612481
1.50364e-09	0.61156
1.50373e-09	0.610638
1.50382e-09	0.609716
1.50391e-09	0.608792
1.50401e-09	0.607868
1.5041e-09	0.606943
1.50419e-09	0.606018
1.50428e-09	0.605091
1.50437e-09	0.604164
1.50447e-09	0.603236
1.50456e-09	0.602307
1.50465e-09	0.601378
1.50474e-09	0.600448
1.50484e-09	0.599517
1.50493e-09	0.598585
1.50502e-09	0.597652
1.50511e-09	0.596719
1.50521e-09	0.595785
1.5053e-09	0.594851
1.50539e-09	0.593915
1.50548e-09	0.592979
1.50558e-09	0.592042
1.50567e-09	0.591105
1.50576e-09	0.590166
1.50585e-09	0.589227
1.50595e-09	0.588287
1.50604e-09	0.587347
1.50613e-09	0.586406
1.50622e-09	0.585464
1.50632e-09	0.584521
1.50641e-09	0.583577
1.5065e-09	0.582633
1.50659e-09	0.581688
1.50669e-09	0.580743
1.50678e-09	0.579797
1.50687e-09	0.578849
1.50696e-09	0.577902
1.50705e-09	0.576953
1.50715e-09	0.576004
1.50724e-09	0.575054
1.50733e-09	0.574104
1.50742e-09	0.573153
1.50752e-09	0.572201
1.50761e-09	0.571248
1.5077e-09	0.570295
1.50779e-09	0.569341
1.50789e-09	0.568386
1.50798e-09	0.56743
1.50807e-09	0.566474
1.50816e-09	0.565517
1.50826e-09	0.56456
1.50835e-09	0.563602
1.50844e-09	0.562643
1.50853e-09	0.561683
1.50863e-09	0.560723
1.50872e-09	0.559762
1.50881e-09	0.5588
1.5089e-09	0.557838
1.509e-09	0.556875
1.50909e-09	0.555911
1.50918e-09	0.554947
1.50927e-09	0.553982
1.50936e-09	0.553016
1.50946e-09	0.55205
1.50955e-09	0.551083
1.50964e-09	0.550115
1.50973e-09	0.549147
1.50983e-09	0.548178
1.50992e-09	0.547208
1.51001e-09	0.546238
1.5101e-09	0.545267
1.5102e-09	0.544295
1.51029e-09	0.543323
1.51038e-09	0.54235
1.51047e-09	0.541377
1.51057e-09	0.540402
1.51066e-09	0.539428
1.51075e-09	0.538452
1.51084e-09	0.537476
1.51094e-09	0.536499
1.51103e-09	0.535522
1.51112e-09	0.534544
1.51121e-09	0.533565
1.51131e-09	0.532585
1.5114e-09	0.531605
1.51149e-09	0.530625
1.51158e-09	0.529643
1.51167e-09	0.528662
1.51177e-09	0.527679
1.51186e-09	0.526696
1.51195e-09	0.525712
1.51204e-09	0.524728
1.51214e-09	0.523743
1.51223e-09	0.522757
1.51232e-09	0.521771
1.51241e-09	0.520784
1.51251e-09	0.519796
1.5126e-09	0.518808
1.51269e-09	0.51782
1.51278e-09	0.51683
1.51288e-09	0.51584
1.51297e-09	0.51485
1.51306e-09	0.513859
1.51315e-09	0.512867
1.51325e-09	0.511874
1.51334e-09	0.510881
1.51343e-09	0.509888
1.51352e-09	0.508894
1.51362e-09	0.507899
1.51371e-09	0.506904
1.5138e-09	0.505908
1.51389e-09	0.504911
1.51398e-09	0.503914
1.51408e-09	0.502916
1.51417e-09	0.501918
1.51426e-09	0.500919
1.51435e-09	0.49992
1.51445e-09	0.49892
1.51454e-09	0.497919
1.51463e-09	0.496918
1.51472e-09	0.495916
1.51482e-09	0.494914
1.51491e-09	0.493911
1.515e-09	0.492907
1.51509e-09	0.491903
1.51519e-09	0.490899
1.51528e-09	0.489893
1.51537e-09	0.488888
1.51546e-09	0.487881
1.51556e-09	0.486874
1.51565e-09	0.485867
1.51574e-09	0.484859
1.51583e-09	0.48385
1.51593e-09	0.482841
1.51602e-09	0.481832
1.51611e-09	0.480821
1.5162e-09	0.479811
1.5163e-09	0.478799
1.51639e-09	0.477788
1.51648e-09	0.476775
1.51657e-09	0.475762
1.51666e-09	0.474749
1.51676e-09	0.473735
1.51685e-09	0.47272
1.51694e-09	0.471705
1.51703e-09	0.470689
1.51713e-09	0.469673
1.51722e-09	0.468657
1.51731e-09	0.467639
1.5174e-09	0.466622
1.5175e-09	0.465603
1.51759e-09	0.464584
1.51768e-09	0.463565
1.51777e-09	0.462545
1.51787e-09	0.461525
1.51796e-09	0.460504
1.51805e-09	0.459483
1.51814e-09	0.458461
1.51824e-09	0.457438
1.51833e-09	0.456415
1.51842e-09	0.455392
1.51851e-09	0.454368
1.51861e-09	0.453343
1.5187e-09	0.452319
1.51879e-09	0.451293
1.51888e-09	0.450267
1.51897e-09	0.449241
1.51907e-09	0.448214
1.51916e-09	0.447186
1.51925e-09	0.446158
1.51934e-09	0.44513
1.51944e-09	0.444101
1.51953e-09	0.443071
1.51962e-09	0.442042
1.51971e-09	0.441011
1.51981e-09	0.43998
1.5199e-09	0.438949
1.51999e-09	0.437917
1.52008e-09	0.436885
1.52018e-09	0.435852
1.52027e-09	0.434819
1.52036e-09	0.433785
1.52045e-09	0.432751
1.52055e-09	0.431716
1.52064e-09	0.430681
1.52073e-09	0.429645
1.52082e-09	0.428609
1.52092e-09	0.427572
1.52101e-09	0.426535
1.5211e-09	0.425498
1.52119e-09	0.42446
1.52128e-09	0.423422
1.52138e-09	0.422383
1.52147e-09	0.421343
1.52156e-09	0.420304
1.52165e-09	0.419264
1.52175e-09	0.418223
1.52184e-09	0.417182
1.52193e-09	0.41614
1.52202e-09	0.415098
1.52212e-09	0.414056
1.52221e-09	0.413013
1.5223e-09	0.41197
1.52239e-09	0.410926
1.52249e-09	0.409882
1.52258e-09	0.408837
1.52267e-09	0.407792
1.52276e-09	0.406747
1.52286e-09	0.405701
1.52295e-09	0.404654
1.52304e-09	0.403608
1.52313e-09	0.40256
1.52323e-09	0.401513
1.52332e-09	0.400465
1.52341e-09	0.399416
1.5235e-09	0.398367
1.52359e-09	0.397318
1.52369e-09	0.396269
1.52378e-09	0.395218
1.52387e-09	0.394168
1.52396e-09	0.393117
1.52406e-09	0.392066
1.52415e-09	0.391014
1.52424e-09	0.389962
1.52433e-09	0.388909
1.52443e-09	0.387856
1.52452e-09	0.386803
1.52461e-09	0.385749
1.5247e-09	0.384695
1.5248e-09	0.383641
1.52489e-09	0.382586
1.52498e-09	0.381531
1.52507e-09	0.380475
1.52517e-09	0.379419
1.52526e-09	0.378363
1.52535e-09	0.377306
1.52544e-09	0.376249
1.52554e-09	0.375191
1.52563e-09	0.374133
1.52572e-09	0.373075
1.52581e-09	0.372016
1.52591e-09	0.370957
1.526e-09	0.369898
1.52609e-09	0.368838
1.52618e-09	0.367778
1.52627e-09	0.366717
1.52637e-09	0.365656
1.52646e-09	0.364595
1.52655e-09	0.363533
1.52664e-09	0.362471
1.52674e-09	0.361409
1.52683e-09	0.360346
1.52692e-09	0.359283
1.52701e-09	0.35822
1.52711e-09	0.357156
1.5272e-09	0.356092
1.52729e-09	0.355028
1.52738e-09	0.353963
1.52748e-09	0.352898
1.52757e-09	0.351832
1.52766e-09	0.350767
1.52775e-09	0.3497
1.52785e-09	0.348634
1.52794e-09	0.347567
1.52803e-09	0.3465
1.52812e-09	0.345433
1.52822e-09	0.344365
1.52831e-09	0.343297
1.5284e-09	0.342228
1.52849e-09	0.34116
1.52858e-09	0.34009
1.52868e-09	0.339021
1.52877e-09	0.337951
1.52886e-09	0.336881
1.52895e-09	0.335811
1.52905e-09	0.33474
1.52914e-09	0.333669
1.52923e-09	0.332598
1.52932e-09	0.331527
1.52942e-09	0.330455
1.52951e-09	0.329382
1.5296e-09	0.32831
1.52969e-09	0.327237
1.52979e-09	0.326164
1.52988e-09	0.325091
1.52997e-09	0.324017
1.53006e-09	0.322943
1.53016e-09	0.321869
1.53025e-09	0.320794
1.53034e-09	0.319719
1.53043e-09	0.318644
1.53053e-09	0.317569
1.53062e-09	0.316493
1.53071e-09	0.315417
1.5308e-09	0.314341
1.53089e-09	0.313264
1.53099e-09	0.312187
1.53108e-09	0.31111
1.53117e-09	0.310033
1.53126e-09	0.308955
1.53136e-09	0.307878
1.53145e-09	0.306799
1.53154e-09	0.305721
1.53163e-09	0.304642
1.53173e-09	0.303563
1.53182e-09	0.302484
1.53191e-09	0.301405
1.532e-09	0.300325
1.5321e-09	0.299245
1.53219e-09	0.298165
1.53228e-09	0.297084
1.53237e-09	0.296003
1.53247e-09	0.294922
1.53256e-09	0.293841
1.53265e-09	0.29276
1.53274e-09	0.291678
1.53284e-09	0.290596
1.53293e-09	0.289514
1.53302e-09	0.288431
1.53311e-09	0.287349
1.5332e-09	0.286266
1.5333e-09	0.285183
1.53339e-09	0.284099
1.53348e-09	0.283016
1.53357e-09	0.281932
1.53367e-09	0.280848
1.53376e-09	0.279763
1.53385e-09	0.278679
1.53394e-09	0.277594
1.53404e-09	0.276509
1.53413e-09	0.275424
1.53422e-09	0.274339
1.53431e-09	0.273253
1.53441e-09	0.272167
1.5345e-09	0.271081
1.53459e-09	0.269995
1.53468e-09	0.268909
1.53478e-09	0.267822
1.53487e-09	0.266735
1.53496e-09	0.265648
1.53505e-09	0.264561
1.53515e-09	0.263474
1.53524e-09	0.262386
1.53533e-09	0.261298
1.53542e-09	0.26021
1.53551e-09	0.259122
1.53561e-09	0.258034
1.5357e-09	0.256945
1.53579e-09	0.255856
1.53588e-09	0.254767
1.53598e-09	0.253678
1.53607e-09	0.252589
1.53616e-09	0.251499
1.53625e-09	0.25041
1.53635e-09	0.24932
1.53644e-09	0.24823
1.53653e-09	0.24714
1.53662e-09	0.246049
1.53672e-09	0.244959
1.53681e-09	0.243868
1.5369e-09	0.242777
1.53699e-09	0.241686
1.53709e-09	0.240595
1.53718e-09	0.239504
1.53727e-09	0.238412
1.53736e-09	0.237321
1.53746e-09	0.236229
1.53755e-09	0.235137
1.53764e-09	0.234045
1.53773e-09	0.232953
1.53783e-09	0.23186
1.53792e-09	0.230768
1.53801e-09	0.229675
1.5381e-09	0.228582
1.53819e-09	0.227489
1.53829e-09	0.226396
1.53838e-09	0.225303
1.53847e-09	0.22421
1.53856e-09	0.223116
1.53866e-09	0.222022
1.53875e-09	0.220929
1.53884e-09	0.219835
1.53893e-09	0.218741
1.53903e-09	0.217647
1.53912e-09	0.216552
1.53921e-09	0.215458
1.5393e-09	0.214363
1.5394e-09	0.213269
1.53949e-09	0.212174
1.53958e-09	0.211079
1.53967e-09	0.209984
1.53977e-09	0.208889
1.53986e-09	0.207794
1.53995e-09	0.206699
1.54004e-09	0.205603
1.54014e-09	0.204508
1.54023e-09	0.203412
1.54032e-09	0.202317
1.54041e-09	0.201221
1.5405e-09	0.200125
1.5406e-09	0.199029
1.54069e-09	0.197933
1.54078e-09	0.196837
1.54087e-09	0.195741
1.54097e-09	0.194644
1.54106e-09	0.193548
1.54115e-09	0.192451
1.54124e-09	0.191355
1.54134e-09	0.190258
1.54143e-09	0.189161
1.54152e-09	0.188064
1.54161e-09	0.186968
1.54171e-09	0.185871
1.5418e-09	0.184773
1.54189e-09	0.183676
1.54198e-09	0.182579
1.54208e-09	0.181482
1.54217e-09	0.180385
1.54226e-09	0.179287
1.54235e-09	0.17819
1.54245e-09	0.177092
1.54254e-09	0.175995
1.54263e-09	0.174897
1.54272e-09	0.173799
1.54281e-09	0.172702
1.54291e-09	0.171604
1.543e-09	0.170506
1.54309e-09	0.169408
1.54318e-09	0.16831
1.54328e-09	0.167212
1.54337e-09	0.166114
1.54346e-09	0.165016
1.54355e-09	0.163918
1.54365e-09	0.16282
1.54374e-09	0.161722
1.54383e-09	0.160624
1.54392e-09	0.159526
1.54402e-09	0.158428
1.54411e-09	0.157329
1.5442e-09	0.156231
1.54429e-09	0.155133
1.54439e-09	0.154034
1.54448e-09	0.152936
1.54457e-09	0.151838
1.54466e-09	0.150739
1.54476e-09	0.149641
1.54485e-09	0.148542
1.54494e-09	0.147444
1.54503e-09	0.146345
1.54512e-09	0.145247
1.54522e-09	0.144148
1.54531e-09	0.14305
1.5454e-09	0.141952
1.54549e-09	0.140853
1.54559e-09	0.139755
1.54568e-09	0.138656
1.54577e-09	0.137558
1.54586e-09	0.136459
1.54596e-09	0.135361
1.54605e-09	0.134262
1.54614e-09	0.133164
1.54623e-09	0.132065
1.54633e-09	0.130967
1.54642e-09	0.129869
1.54651e-09	0.12877
1.5466e-09	0.127672
1.5467e-09	0.126573
1.54679e-09	0.125475
1.54688e-09	0.124377
1.54697e-09	0.123279
1.54707e-09	0.12218
1.54716e-09	0.121082
1.54725e-09	0.119984
1.54734e-09	0.118886
1.54744e-09	0.117788
1.54753e-09	0.11669
1.54762e-09	0.115591
1.54771e-09	0.114493
1.5478e-09	0.113396
1.5479e-09	0.112298
1.54799e-09	0.1112
1.54808e-09	0.110102
1.54817e-09	0.109004
1.54827e-09	0.107906
1.54836e-09	0.106809
1.54845e-09	0.105711
1.54854e-09	0.104614
1.54864e-09	0.103516
1.54873e-09	0.102419
1.54882e-09	0.101321
1.54891e-09	0.100224
1.54901e-09	0.0991265
1.5491e-09	0.0980293
1.54919e-09	0.0969322
1.54928e-09	0.0958351
1.54938e-09	0.0947381
1.54947e-09	0.0936412
1.54956e-09	0.0925443
1.54965e-09	0.0914476
1.54975e-09	0.0903509
1.54984e-09	0.0892543
1.54993e-09	0.0881577
1.55002e-09	0.0870613
1.55011e-09	0.0859649
1.55021e-09	0.0848686
1.5503e-09	0.0837724
1.55039e-09	0.0826763
1.55048e-09	0.0815803
1.55058e-09	0.0804844
1.55067e-09	0.0793885
1.55076e-09	0.0782928
1.55085e-09	0.0771972
1.55095e-09	0.0761016
1.55104e-09	0.0750062
1.55113e-09	0.0739109
1.55122e-09	0.0728156
1.55132e-09	0.0717205
1.55141e-09	0.0706255
1.5515e-09	0.0695306
1.55159e-09	0.0684358
1.55169e-09	0.0673412
1.55178e-09	0.0662466
1.55187e-09	0.0651522
1.55196e-09	0.0640578
1.55206e-09	0.0629636
1.55215e-09	0.0618696
1.55224e-09	0.0607756
1.55233e-09	0.0596818
1.55242e-09	0.0585881
1.55252e-09	0.0574945
1.55261e-09	0.0564011
1.5527e-09	0.0553077
1.55279e-09	0.0542146
1.55289e-09	0.0531215
1.55298e-09	0.0520286
1.55307e-09	0.0509358
1.55316e-09	0.0498432
1.55326e-09	0.0487507
1.55335e-09	0.0476584
1.55344e-09	0.0465662
1.55353e-09	0.0454742
1.55363e-09	0.0443823
1.55372e-09	0.0432905
1.55381e-09	0.0421989
1.5539e-09	0.0411075
1.554e-09	0.0400162
1.55409e-09	0.0389251
1.55418e-09	0.0378341
1.55427e-09	0.0367433
1.55437e-09	0.0356527
1.55446e-09	0.0345622
1.55455e-09	0.0334719
1.55464e-09	0.0323818
1.55473e-09	0.0312918
1.55483e-09	0.030202
1.55492e-09	0.0291124
1.55501e-09	0.0280229
1.5551e-09	0.0269336
1.5552e-09	0.0258445
1.55529e-09	0.0247556
1.55538e-09	0.0236669
1.55547e-09	0.0225783
1.55557e-09	0.02149
1.55566e-09	0.0204018
1.55575e-09	0.0193138
1.55584e-09	0.018226
1.55594e-09	0.0171384
1.55603e-09	0.0160509
1.55612e-09	0.0149637
1.55621e-09	0.0138767
1.55631e-09	0.0127899
1.5564e-09	0.0117032
1.55649e-09	0.0106168
1.55658e-09	0.00953058
1.55668e-09	0.00844456
1.55677e-09	0.00735875
1.55686e-09	0.00627315
1.55695e-09	0.00518775
1.55704e-09	0.00410257
1.55714e-09	0.0030176
1.55723e-09	0.00193285
1.55732e-09	0.000848309
1.55741e-09	-0.00023601
1.55751e-09	-0.00132011
1.5576e-09	-0.00240399
1.55769e-09	-0.00348764
1.55778e-09	-0.00457107
1.55788e-09	-0.00565427
1.55797e-09	-0.00673724
1.55806e-09	-0.00781998
1.55815e-09	-0.0089025
1.55825e-09	-0.00998477
1.55834e-09	-0.0110668
1.55843e-09	-0.0121486
1.55852e-09	-0.0132302
1.55862e-09	-0.0143115
1.55871e-09	-0.0153926
1.5588e-09	-0.0164734
1.55889e-09	-0.017554
1.55899e-09	-0.0186344
1.55908e-09	-0.0197145
1.55917e-09	-0.0207943
1.55926e-09	-0.0218739
1.55936e-09	-0.0229533
1.55945e-09	-0.0240324
1.55954e-09	-0.0251112
1.55963e-09	-0.0261898
1.55972e-09	-0.0272681
1.55982e-09	-0.0283462
1.55991e-09	-0.029424
1.56e-09	-0.0305015
1.56009e-09	-0.0315787
1.56019e-09	-0.0326557
1.56028e-09	-0.0337325
1.56037e-09	-0.0348089
1.56046e-09	-0.0358851
1.56056e-09	-0.036961
1.56065e-09	-0.0380366
1.56074e-09	-0.039112
1.56083e-09	-0.040187
1.56093e-09	-0.0412618
1.56102e-09	-0.0423363
1.56111e-09	-0.0434105
1.5612e-09	-0.0444845
1.5613e-09	-0.0455581
1.56139e-09	-0.0466315
1.56148e-09	-0.0477045
1.56157e-09	-0.0487773
1.56167e-09	-0.0498498
1.56176e-09	-0.0509219
1.56185e-09	-0.0519938
1.56194e-09	-0.0530654
1.56203e-09	-0.0541367
1.56213e-09	-0.0552077
1.56222e-09	-0.0562783
1.56231e-09	-0.0573487
1.5624e-09	-0.0584188
1.5625e-09	-0.0594885
1.56259e-09	-0.0605579
1.56268e-09	-0.0616271
1.56277e-09	-0.0626959
1.56287e-09	-0.0637644
1.56296e-09	-0.0648326
1.56305e-09	-0.0659004
1.56314e-09	-0.066968
1.56324e-09	-0.0680352
1.56333e-09	-0.0691021
1.56342e-09	-0.0701686
1.56351e-09	-0.0712349
1.56361e-09	-0.0723008
1.5637e-09	-0.0733664
1.56379e-09	-0.0744316
1.56388e-09	-0.0754965
1.56398e-09	-0.0765611
1.56407e-09	-0.0776253
1.56416e-09	-0.0786893
1.56425e-09	-0.0797528
1.56434e-09	-0.080816
1.56444e-09	-0.0818789
1.56453e-09	-0.0829415
1.56462e-09	-0.0840036
1.56471e-09	-0.0850655
1.56481e-09	-0.086127
1.5649e-09	-0.0871881
1.56499e-09	-0.0882489
1.56508e-09	-0.0893093
1.56518e-09	-0.0903694
1.56527e-09	-0.0914291
1.56536e-09	-0.0924885
1.56545e-09	-0.0935475
1.56555e-09	-0.0946061
1.56564e-09	-0.0956644
1.56573e-09	-0.0967223
1.56582e-09	-0.0977798
1.56592e-09	-0.098837
1.56601e-09	-0.0998938
1.5661e-09	-0.10095
1.56619e-09	-0.102006
1.56629e-09	-0.103062
1.56638e-09	-0.104117
1.56647e-09	-0.105172
1.56656e-09	-0.106227
1.56665e-09	-0.107281
1.56675e-09	-0.108335
1.56684e-09	-0.109388
1.56693e-09	-0.110441
1.56702e-09	-0.111494
1.56712e-09	-0.112546
1.56721e-09	-0.113598
1.5673e-09	-0.114649
1.56739e-09	-0.1157
1.56749e-09	-0.116751
1.56758e-09	-0.117801
1.56767e-09	-0.118851
1.56776e-09	-0.1199
1.56786e-09	-0.120949
1.56795e-09	-0.121998
1.56804e-09	-0.123046
1.56813e-09	-0.124094
1.56823e-09	-0.125142
1.56832e-09	-0.126189
1.56841e-09	-0.127235
1.5685e-09	-0.128281
1.5686e-09	-0.129327
1.56869e-09	-0.130372
1.56878e-09	-0.131417
1.56887e-09	-0.132462
1.56897e-09	-0.133506
1.56906e-09	-0.13455
1.56915e-09	-0.135593
1.56924e-09	-0.136636
1.56933e-09	-0.137678
1.56943e-09	-0.13872
1.56952e-09	-0.139762
1.56961e-09	-0.140803
1.5697e-09	-0.141843
1.5698e-09	-0.142884
1.56989e-09	-0.143923
1.56998e-09	-0.144963
1.57007e-09	-0.146002
1.57017e-09	-0.14704
1.57026e-09	-0.148078
1.57035e-09	-0.149116
1.57044e-09	-0.150153
1.57054e-09	-0.15119
1.57063e-09	-0.152226
1.57072e-09	-0.153262
1.57081e-09	-0.154297
1.57091e-09	-0.155332
1.571e-09	-0.156366
1.57109e-09	-0.1574
1.57118e-09	-0.158434
1.57128e-09	-0.159467
1.57137e-09	-0.1605
1.57146e-09	-0.161532
1.57155e-09	-0.162563
1.57164e-09	-0.163595
1.57174e-09	-0.164625
1.57183e-09	-0.165656
1.57192e-09	-0.166685
1.57201e-09	-0.167715
1.57211e-09	-0.168744
1.5722e-09	-0.169772
1.57229e-09	-0.1708
1.57238e-09	-0.171827
1.57248e-09	-0.172854
1.57257e-09	-0.173881
1.57266e-09	-0.174907
1.57275e-09	-0.175932
1.57285e-09	-0.176957
1.57294e-09	-0.177982
1.57303e-09	-0.179006
1.57312e-09	-0.180029
1.57322e-09	-0.181052
1.57331e-09	-0.182075
1.5734e-09	-0.183097
1.57349e-09	-0.184119
1.57359e-09	-0.18514
1.57368e-09	-0.18616
1.57377e-09	-0.18718
1.57386e-09	-0.1882
1.57395e-09	-0.189219
1.57405e-09	-0.190237
1.57414e-09	-0.191255
1.57423e-09	-0.192273
1.57432e-09	-0.19329
1.57442e-09	-0.194307
1.57451e-09	-0.195323
1.5746e-09	-0.196338
1.57469e-09	-0.197353
1.57479e-09	-0.198367
1.57488e-09	-0.199381
1.57497e-09	-0.200395
1.57506e-09	-0.201408
1.57516e-09	-0.20242
1.57525e-09	-0.203432
1.57534e-09	-0.204443
1.57543e-09	-0.205454
1.57553e-09	-0.206464
1.57562e-09	-0.207474
1.57571e-09	-0.208483
1.5758e-09	-0.209492
1.5759e-09	-0.2105
1.57599e-09	-0.211508
1.57608e-09	-0.212515
1.57617e-09	-0.213521
1.57626e-09	-0.214527
1.57636e-09	-0.215532
1.57645e-09	-0.216537
1.57654e-09	-0.217542
1.57663e-09	-0.218545
1.57673e-09	-0.219549
1.57682e-09	-0.220551
1.57691e-09	-0.221554
1.577e-09	-0.222555
1.5771e-09	-0.223556
1.57719e-09	-0.224557
1.57728e-09	-0.225557
1.57737e-09	-0.226556
1.57747e-09	-0.227555
1.57756e-09	-0.228553
1.57765e-09	-0.229551
1.57774e-09	-0.230548
1.57784e-09	-0.231544
1.57793e-09	-0.23254
1.57802e-09	-0.233536
1.57811e-09	-0.23453
1.57821e-09	-0.235525
1.5783e-09	-0.236518
1.57839e-09	-0.237512
1.57848e-09	-0.238504
1.57858e-09	-0.239496
1.57867e-09	-0.240487
1.57876e-09	-0.241478
1.57885e-09	-0.242468
1.57894e-09	-0.243458
1.57904e-09	-0.244447
1.57913e-09	-0.245436
1.57922e-09	-0.246423
1.57931e-09	-0.247411
1.57941e-09	-0.248397
1.5795e-09	-0.249384
1.57959e-09	-0.250369
1.57968e-09	-0.251354
1.57978e-09	-0.252338
1.57987e-09	-0.253322
1.57996e-09	-0.254305
1.58005e-09	-0.255288
1.58015e-09	-0.25627
1.58024e-09	-0.257251
1.58033e-09	-0.258232
1.58042e-09	-0.259212
1.58052e-09	-0.260191
1.58061e-09	-0.26117
1.5807e-09	-0.262148
1.58079e-09	-0.263126
1.58089e-09	-0.264103
1.58098e-09	-0.265079
1.58107e-09	-0.266055
1.58116e-09	-0.267031
1.58125e-09	-0.268005
1.58135e-09	-0.268979
1.58144e-09	-0.269952
1.58153e-09	-0.270925
1.58162e-09	-0.271897
1.58172e-09	-0.272869
1.58181e-09	-0.27384
1.5819e-09	-0.27481
1.58199e-09	-0.275779
1.58209e-09	-0.276748
1.58218e-09	-0.277717
1.58227e-09	-0.278684
1.58236e-09	-0.279651
1.58246e-09	-0.280618
1.58255e-09	-0.281583
1.58264e-09	-0.282549
1.58273e-09	-0.283513
1.58283e-09	-0.284477
1.58292e-09	-0.28544
1.58301e-09	-0.286403
1.5831e-09	-0.287365
1.5832e-09	-0.288326
1.58329e-09	-0.289286
1.58338e-09	-0.290246
1.58347e-09	-0.291206
1.58356e-09	-0.292164
1.58366e-09	-0.293122
1.58375e-09	-0.29408
1.58384e-09	-0.295036
1.58393e-09	-0.295992
1.58403e-09	-0.296948
1.58412e-09	-0.297902
1.58421e-09	-0.298856
1.5843e-09	-0.29981
1.5844e-09	-0.300763
1.58449e-09	-0.301715
1.58458e-09	-0.302666
1.58467e-09	-0.303617
1.58477e-09	-0.304567
1.58486e-09	-0.305516
1.58495e-09	-0.306465
1.58504e-09	-0.307413
1.58514e-09	-0.30836
1.58523e-09	-0.309307
1.58532e-09	-0.310253
1.58541e-09	-0.311198
1.58551e-09	-0.312143
1.5856e-09	-0.313087
1.58569e-09	-0.31403
1.58578e-09	-0.314972
1.58587e-09	-0.315914
1.58597e-09	-0.316855
1.58606e-09	-0.317796
1.58615e-09	-0.318736
1.58624e-09	-0.319675
1.58634e-09	-0.320613
1.58643e-09	-0.321551
1.58652e-09	-0.322488
1.58661e-09	-0.323424
1.58671e-09	-0.32436
1.5868e-09	-0.325295
1.58689e-09	-0.326229
1.58698e-09	-0.327163
1.58708e-09	-0.328095
1.58717e-09	-0.329027
1.58726e-09	-0.329959
1.58735e-09	-0.33089
1.58745e-09	-0.33182
1.58754e-09	-0.332749
1.58763e-09	-0.333677
1.58772e-09	-0.334605
1.58782e-09	-0.335532
1.58791e-09	-0.336459
1.588e-09	-0.337384
1.58809e-09	-0.338309
1.58818e-09	-0.339234
1.58828e-09	-0.340157
1.58837e-09	-0.34108
1.58846e-09	-0.342002
1.58855e-09	-0.342923
1.58865e-09	-0.343844
1.58874e-09	-0.344764
1.58883e-09	-0.345683
1.58892e-09	-0.346602
1.58902e-09	-0.347519
1.58911e-09	-0.348436
1.5892e-09	-0.349353
1.58929e-09	-0.350268
1.58939e-09	-0.351183
1.58948e-09	-0.352097
1.58957e-09	-0.35301
1.58966e-09	-0.353923
1.58976e-09	-0.354834
1.58985e-09	-0.355746
1.58994e-09	-0.356656
1.59003e-09	-0.357565
1.59013e-09	-0.358474
1.59022e-09	-0.359382
1.59031e-09	-0.36029
1.5904e-09	-0.361196
1.5905e-09	-0.362102
1.59059e-09	-0.363007
1.59068e-09	-0.363912
1.59077e-09	-0.364815
1.59086e-09	-0.365718
1.59096e-09	-0.36662
1.59105e-09	-0.367521
1.59114e-09	-0.368422
1.59123e-09	-0.369322
1.59133e-09	-0.370221
1.59142e-09	-0.371119
1.59151e-09	-0.372016
1.5916e-09	-0.372913
1.5917e-09	-0.373809
1.59179e-09	-0.374704
1.59188e-09	-0.375598
1.59197e-09	-0.376492
1.59207e-09	-0.377385
1.59216e-09	-0.378277
1.59225e-09	-0.379168
1.59234e-09	-0.380059
1.59244e-09	-0.380949
1.59253e-09	-0.381838
1.59262e-09	-0.382726
1.59271e-09	-0.383613
1.59281e-09	-0.3845
1.5929e-09	-0.385386
1.59299e-09	-0.386271
1.59308e-09	-0.387155
1.59317e-09	-0.388038
1.59327e-09	-0.388921
1.59336e-09	-0.389803
1.59345e-09	-0.390684
1.59354e-09	-0.391564
1.59364e-09	-0.392444
1.59373e-09	-0.393323
1.59382e-09	-0.394201
1.59391e-09	-0.395078
1.59401e-09	-0.395954
1.5941e-09	-0.39683
1.59419e-09	-0.397704
1.59428e-09	-0.398578
1.59438e-09	-0.399451
1.59447e-09	-0.400324
1.59456e-09	-0.401195
1.59465e-09	-0.402066
1.59475e-09	-0.402936
1.59484e-09	-0.403805
1.59493e-09	-0.404673
1.59502e-09	-0.405541
1.59512e-09	-0.406407
1.59521e-09	-0.407273
1.5953e-09	-0.408138
1.59539e-09	-0.409002
1.59548e-09	-0.409866
1.59558e-09	-0.410728
1.59567e-09	-0.41159
1.59576e-09	-0.412451
1.59585e-09	-0.413311
1.59595e-09	-0.414171
1.59604e-09	-0.415029
1.59613e-09	-0.415887
1.59622e-09	-0.416743
1.59632e-09	-0.417599
1.59641e-09	-0.418455
1.5965e-09	-0.419309
1.59659e-09	-0.420162
1.59669e-09	-0.421015
1.59678e-09	-0.421867
1.59687e-09	-0.422718
1.59696e-09	-0.423568
1.59706e-09	-0.424417
1.59715e-09	-0.425266
1.59724e-09	-0.426113
1.59733e-09	-0.42696
1.59743e-09	-0.427806
1.59752e-09	-0.428651
1.59761e-09	-0.429496
1.5977e-09	-0.430339
1.59779e-09	-0.431182
1.59789e-09	-0.432023
1.59798e-09	-0.432864
1.59807e-09	-0.433704
1.59816e-09	-0.434543
1.59826e-09	-0.435382
1.59835e-09	-0.436219
1.59844e-09	-0.437056
1.59853e-09	-0.437892
1.59863e-09	-0.438727
1.59872e-09	-0.439561
1.59881e-09	-0.440394
1.5989e-09	-0.441226
1.599e-09	-0.442058
1.59909e-09	-0.442888
1.59918e-09	-0.443718
1.59927e-09	-0.444547
1.59937e-09	-0.445375
1.59946e-09	-0.446202
1.59955e-09	-0.447028
1.59964e-09	-0.447854
1.59974e-09	-0.448678
1.59983e-09	-0.449502
1.59992e-09	-0.450325
1.60001e-09	-0.451147
1.60011e-09	-0.451968
1.6002e-09	-0.452788
1.60029e-09	-0.453607
1.60038e-09	-0.454426
1.60047e-09	-0.455243
1.60057e-09	-0.45606
1.60066e-09	-0.456876
1.60075e-09	-0.457691
1.60084e-09	-0.458505
1.60094e-09	-0.459318
1.60103e-09	-0.46013
1.60112e-09	-0.460942
1.60121e-09	-0.461752
1.60131e-09	-0.462562
1.6014e-09	-0.463371
1.60149e-09	-0.464178
1.60158e-09	-0.464985
1.60168e-09	-0.465791
1.60177e-09	-0.466597
1.60186e-09	-0.467401
1.60195e-09	-0.468204
1.60205e-09	-0.469007
1.60214e-09	-0.469808
1.60223e-09	-0.470609
1.60232e-09	-0.471409
1.60242e-09	-0.472208
1.60251e-09	-0.473006
1.6026e-09	-0.473803
1.60269e-09	-0.474599
1.60278e-09	-0.475394
1.60288e-09	-0.476188
1.60297e-09	-0.476982
1.60306e-09	-0.477774
1.60315e-09	-0.478566
1.60325e-09	-0.479357
1.60334e-09	-0.480147
1.60343e-09	-0.480936
1.60352e-09	-0.481724
1.60362e-09	-0.482511
1.60371e-09	-0.483297
1.6038e-09	-0.484082
1.60389e-09	-0.484866
1.60399e-09	-0.48565
1.60408e-09	-0.486432
1.60417e-09	-0.487214
1.60426e-09	-0.487995
1.60436e-09	-0.488774
1.60445e-09	-0.489553
1.60454e-09	-0.490331
1.60463e-09	-0.491108
1.60473e-09	-0.491884
1.60482e-09	-0.492659
1.60491e-09	-0.493433
1.605e-09	-0.494207
1.60509e-09	-0.494979
1.60519e-09	-0.49575
1.60528e-09	-0.496521
1.60537e-09	-0.49729
1.60546e-09	-0.498059
1.60556e-09	-0.498827
1.60565e-09	-0.499593
1.60574e-09	-0.500359
1.60583e-09	-0.501124
1.60593e-09	-0.501888
1.60602e-09	-0.502651
1.60611e-09	-0.503413
1.6062e-09	-0.504174
1.6063e-09	-0.504934
1.60639e-09	-0.505694
1.60648e-09	-0.506452
1.60657e-09	-0.507209
1.60667e-09	-0.507966
1.60676e-09	-0.508721
1.60685e-09	-0.509476
1.60694e-09	-0.510229
1.60704e-09	-0.510982
1.60713e-09	-0.511733
1.60722e-09	-0.512484
1.60731e-09	-0.513234
1.6074e-09	-0.513983
1.6075e-09	-0.51473
1.60759e-09	-0.515477
1.60768e-09	-0.516223
1.60777e-09	-0.516968
1.60787e-09	-0.517712
1.60796e-09	-0.518455
1.60805e-09	-0.519197
1.60814e-09	-0.519938
1.60824e-09	-0.520679
1.60833e-09	-0.521418
1.60842e-09	-0.522156
1.60851e-09	-0.522893
1.60861e-09	-0.52363
1.6087e-09	-0.524365
1.60879e-09	-0.525099
1.60888e-09	-0.525833
1.60898e-09	-0.526565
1.60907e-09	-0.527297
1.60916e-09	-0.528027
1.60925e-09	-0.528757
1.60935e-09	-0.529485
1.60944e-09	-0.530213
1.60953e-09	-0.530939
1.60962e-09	-0.531665
1.60971e-09	-0.53239
1.60981e-09	-0.533113
1.6099e-09	-0.533836
1.60999e-09	-0.534558
1.61008e-09	-0.535279
1.61018e-09	-0.535998
1.61027e-09	-0.536717
1.61036e-09	-0.537435
1.61045e-09	-0.538152
1.61055e-09	-0.538868
1.61064e-09	-0.539582
1.61073e-09	-0.540296
1.61082e-09	-0.541009
1.61092e-09	-0.541721
1.61101e-09	-0.542432
1.6111e-09	-0.543142
1.61119e-09	-0.543851
1.61129e-09	-0.544559
1.61138e-09	-0.545266
1.61147e-09	-0.545972
1.61156e-09	-0.546677
1.61166e-09	-0.547381
1.61175e-09	-0.548084
1.61184e-09	-0.548786
1.61193e-09	-0.549487
1.61203e-09	-0.550186
1.61212e-09	-0.550885
1.61221e-09	-0.551583
1.6123e-09	-0.55228
1.61239e-09	-0.552976
1.61249e-09	-0.553671
1.61258e-09	-0.554365
1.61267e-09	-0.555058
1.61276e-09	-0.55575
1.61286e-09	-0.556441
1.61295e-09	-0.557131
1.61304e-09	-0.55782
1.61313e-09	-0.558508
1.61323e-09	-0.559195
1.61332e-09	-0.559881
1.61341e-09	-0.560566
1.6135e-09	-0.56125
1.6136e-09	-0.561933
1.61369e-09	-0.562615
1.61378e-09	-0.563295
1.61387e-09	-0.563975
1.61397e-09	-0.564654
1.61406e-09	-0.565332
1.61415e-09	-0.566009
1.61424e-09	-0.566684
1.61434e-09	-0.567359
1.61443e-09	-0.568033
1.61452e-09	-0.568706
1.61461e-09	-0.569377
1.6147e-09	-0.570048
1.6148e-09	-0.570718
1.61489e-09	-0.571386
1.61498e-09	-0.572054
1.61507e-09	-0.572721
1.61517e-09	-0.573386
1.61526e-09	-0.574051
1.61535e-09	-0.574714
1.61544e-09	-0.575377
1.61554e-09	-0.576038
1.61563e-09	-0.576699
1.61572e-09	-0.577358
1.61581e-09	-0.578016
1.61591e-09	-0.578674
1.616e-09	-0.57933
1.61609e-09	-0.579985
1.61618e-09	-0.58064
1.61628e-09	-0.581293
1.61637e-09	-0.581945
1.61646e-09	-0.582596
1.61655e-09	-0.583246
1.61665e-09	-0.583895
1.61674e-09	-0.584543
1.61683e-09	-0.58519
1.61692e-09	-0.585836
1.61701e-09	-0.586481
1.61711e-09	-0.587125
1.6172e-09	-0.587768
1.61729e-09	-0.58841
1.61738e-09	-0.589051
1.61748e-09	-0.58969
1.61757e-09	-0.590329
1.61766e-09	-0.590967
1.61775e-09	-0.591603
1.61785e-09	-0.592239
1.61794e-09	-0.592873
1.61803e-09	-0.593506
1.61812e-09	-0.594139
1.61822e-09	-0.59477
1.61831e-09	-0.5954
1.6184e-09	-0.59603
1.61849e-09	-0.596658
1.61859e-09	-0.597285
1.61868e-09	-0.597911
1.61877e-09	-0.598536
1.61886e-09	-0.59916
1.61896e-09	-0.599783
1.61905e-09	-0.600405
1.61914e-09	-0.601026
1.61923e-09	-0.601645
1.61932e-09	-0.602264
1.61942e-09	-0.602882
1.61951e-09	-0.603498
1.6196e-09	-0.604114
1.61969e-09	-0.604728
1.61979e-09	-0.605342
1.61988e-09	-0.605954
1.61997e-09	-0.606565
1.62006e-09	-0.607175
1.62016e-09	-0.607784
1.62025e-09	-0.608393
1.62034e-09	-0.609
1.62043e-09	-0.609605
1.62053e-09	-0.61021
1.62062e-09	-0.610814
1.62071e-09	-0.611417
1.6208e-09	-0.612019
1.6209e-09	-0.612619
1.62099e-09	-0.613219
1.62108e-09	-0.613817
1.62117e-09	-0.614415
1.62127e-09	-0.615011
1.62136e-09	-0.615606
1.62145e-09	-0.6162
1.62154e-09	-0.616793
1.62164e-09	-0.617385
1.62173e-09	-0.617976
1.62182e-09	-0.618566
1.62191e-09	-0.619155
1.622e-09	-0.619743
1.6221e-09	-0.620329
1.62219e-09	-0.620915
1.62228e-09	-0.621499
1.62237e-09	-0.622083
1.62247e-09	-0.622665
1.62256e-09	-0.623246
1.62265e-09	-0.623827
1.62274e-09	-0.624406
1.62284e-09	-0.624984
1.62293e-09	-0.625561
1.62302e-09	-0.626136
1.62311e-09	-0.626711
1.62321e-09	-0.627285
1.6233e-09	-0.627857
1.62339e-09	-0.628429
1.62348e-09	-0.628999
1.62358e-09	-0.629569
1.62367e-09	-0.630137
1.62376e-09	-0.630704
1.62385e-09	-0.63127
1.62395e-09	-0.631835
1.62404e-09	-0.632399
1.62413e-09	-0.632962
1.62422e-09	-0.633524
1.62431e-09	-0.634084
1.62441e-09	-0.634644
1.6245e-09	-0.635202
1.62459e-09	-0.635759
1.62468e-09	-0.636316
1.62478e-09	-0.636871
1.62487e-09	-0.637425
1.62496e-09	-0.637978
1.62505e-09	-0.63853
1.62515e-09	-0.63908
1.62524e-09	-0.63963
1.62533e-09	-0.640179
1.62542e-09	-0.640726
1.62552e-09	-0.641272
1.62561e-09	-0.641818
1.6257e-09	-0.642362
1.62579e-09	-0.642905
1.62589e-09	-0.643447
1.62598e-09	-0.643988
1.62607e-09	-0.644528
1.62616e-09	-0.645066
1.62626e-09	-0.645604
1.62635e-09	-0.64614
1.62644e-09	-0.646676
1.62653e-09	-0.64721
1.62662e-09	-0.647743
1.62672e-09	-0.648275
1.62681e-09	-0.648806
1.6269e-09	-0.649336
1.62699e-09	-0.649865
1.62709e-09	-0.650392
1.62718e-09	-0.650919
1.62727e-09	-0.651444
1.62736e-09	-0.651968
1.62746e-09	-0.652492
1.62755e-09	-0.653014
1.62764e-09	-0.653535
1.62773e-09	-0.654054
1.62783e-09	-0.654573
1.62792e-09	-0.655091
1.62801e-09	-0.655607
1.6281e-09	-0.656123
1.6282e-09	-0.656637
1.62829e-09	-0.65715
1.62838e-09	-0.657662
1.62847e-09	-0.658173
1.62857e-09	-0.658683
1.62866e-09	-0.659192
1.62875e-09	-0.659699
1.62884e-09	-0.660206
1.62893e-09	-0.660711
1.62903e-09	-0.661215
1.62912e-09	-0.661718
1.62921e-09	-0.66222
1.6293e-09	-0.662721
1.6294e-09	-0.663221
1.62949e-09	-0.66372
1.62958e-09	-0.664217
1.62967e-09	-0.664714
1.62977e-09	-0.665209
1.62986e-09	-0.665703
1.62995e-09	-0.666196
1.63004e-09	-0.666688
1.63014e-09	-0.667179
1.63023e-09	-0.667668
1.63032e-09	-0.668157
1.63041e-09	-0.668644
1.63051e-09	-0.669131
1.6306e-09	-0.669616
1.63069e-09	-0.6701
1.63078e-09	-0.670583
1.63088e-09	-0.671064
1.63097e-09	-0.671545
1.63106e-09	-0.672025
1.63115e-09	-0.672503
1.63124e-09	-0.67298
1.63134e-09	-0.673456
1.63143e-09	-0.673931
1.63152e-09	-0.674405
1.63161e-09	-0.674878
1.63171e-09	-0.67535
1.6318e-09	-0.67582
1.63189e-09	-0.676289
1.63198e-09	-0.676758
1.63208e-09	-0.677225
1.63217e-09	-0.677691
1.63226e-09	-0.678156
1.63235e-09	-0.678619
1.63245e-09	-0.679082
1.63254e-09	-0.679543
1.63263e-09	-0.680004
1.63272e-09	-0.680463
1.63282e-09	-0.680921
1.63291e-09	-0.681378
1.633e-09	-0.681833
1.63309e-09	-0.682288
1.63319e-09	-0.682741
1.63328e-09	-0.683194
1.63337e-09	-0.683645
1.63346e-09	-0.684095
1.63356e-09	-0.684544
1.63365e-09	-0.684992
1.63374e-09	-0.685438
1.63383e-09	-0.685884
1.63392e-09	-0.686328
1.63402e-09	-0.686771
1.63411e-09	-0.687214
1.6342e-09	-0.687654
1.63429e-09	-0.688094
1.63439e-09	-0.688533
1.63448e-09	-0.688971
1.63457e-09	-0.689407
1.63466e-09	-0.689842
1.63476e-09	-0.690276
1.63485e-09	-0.690709
1.63494e-09	-0.691141
1.63503e-09	-0.691572
1.63513e-09	-0.692001
1.63522e-09	-0.692429
1.63531e-09	-0.692857
1.6354e-09	-0.693283
1.6355e-09	-0.693708
1.63559e-09	-0.694132
1.63568e-09	-0.694554
1.63577e-09	-0.694976
1.63587e-09	-0.695396
1.63596e-09	-0.695815
1.63605e-09	-0.696233
1.63614e-09	-0.69665
1.63623e-09	-0.697066
1.63633e-09	-0.697481
1.63642e-09	-0.697894
1.63651e-09	-0.698306
1.6366e-09	-0.698718
1.6367e-09	-0.699128
1.63679e-09	-0.699536
1.63688e-09	-0.699944
1.63697e-09	-0.700351
1.63707e-09	-0.700756
1.63716e-09	-0.70116
1.63725e-09	-0.701563
1.63734e-09	-0.701965
1.63744e-09	-0.702366
1.63753e-09	-0.702766
1.63762e-09	-0.703164
1.63771e-09	-0.703562
1.63781e-09	-0.703958
1.6379e-09	-0.704353
1.63799e-09	-0.704747
1.63808e-09	-0.70514
1.63818e-09	-0.705531
1.63827e-09	-0.705922
1.63836e-09	-0.706311
1.63845e-09	-0.706699
1.63854e-09	-0.707086
1.63864e-09	-0.707472
1.63873e-09	-0.707857
1.63882e-09	-0.70824
1.63891e-09	-0.708622
1.63901e-09	-0.709004
1.6391e-09	-0.709384
1.63919e-09	-0.709762
1.63928e-09	-0.71014
1.63938e-09	-0.710517
1.63947e-09	-0.710892
1.63956e-09	-0.711266
1.63965e-09	-0.711639
1.63975e-09	-0.712011
1.63984e-09	-0.712382
1.63993e-09	-0.712752
1.64002e-09	-0.71312
1.64012e-09	-0.713488
1.64021e-09	-0.713854
1.6403e-09	-0.714219
1.64039e-09	-0.714583
1.64049e-09	-0.714945
1.64058e-09	-0.715307
1.64067e-09	-0.715667
1.64076e-09	-0.716026
1.64085e-09	-0.716384
1.64095e-09	-0.716741
1.64104e-09	-0.717097
1.64113e-09	-0.717451
1.64122e-09	-0.717805
1.64132e-09	-0.718157
1.64141e-09	-0.718508
1.6415e-09	-0.718858
1.64159e-09	-0.719207
1.64169e-09	-0.719554
1.64178e-09	-0.7199
1.64187e-09	-0.720246
1.64196e-09	-0.72059
1.64206e-09	-0.720933
1.64215e-09	-0.721274
1.64224e-09	-0.721615
1.64233e-09	-0.721954
1.64243e-09	-0.722293
1.64252e-09	-0.72263
1.64261e-09	-0.722966
1.6427e-09	-0.7233
1.6428e-09	-0.723634
1.64289e-09	-0.723967
1.64298e-09	-0.724298
1.64307e-09	-0.724628
1.64317e-09	-0.724957
1.64326e-09	-0.725285
1.64335e-09	-0.725611
1.64344e-09	-0.725937
1.64353e-09	-0.726261
1.64363e-09	-0.726584
1.64372e-09	-0.726906
1.64381e-09	-0.727227
1.6439e-09	-0.727546
1.644e-09	-0.727865
1.64409e-09	-0.728182
1.64418e-09	-0.728498
1.64427e-09	-0.728813
1.64437e-09	-0.729127
1.64446e-09	-0.72944
1.64455e-09	-0.729751
1.64464e-09	-0.730061
1.64474e-09	-0.73037
1.64483e-09	-0.730678
1.64492e-09	-0.730985
1.64501e-09	-0.731291
1.64511e-09	-0.731595
1.6452e-09	-0.731899
1.64529e-09	-0.732201
1.64538e-09	-0.732502
1.64548e-09	-0.732801
1.64557e-09	-0.7331
1.64566e-09	-0.733397
1.64575e-09	-0.733694
1.64584e-09	-0.733989
1.64594e-09	-0.734283
1.64603e-09	-0.734575
1.64612e-09	-0.734867
1.64621e-09	-0.735157
1.64631e-09	-0.735447
1.6464e-09	-0.735735
1.64649e-09	-0.736022
1.64658e-09	-0.736308
1.64668e-09	-0.736592
1.64677e-09	-0.736875
1.64686e-09	-0.737158
1.64695e-09	-0.737439
1.64705e-09	-0.737719
1.64714e-09	-0.737997
1.64723e-09	-0.738275
1.64732e-09	-0.738551
1.64742e-09	-0.738827
1.64751e-09	-0.739101
1.6476e-09	-0.739374
1.64769e-09	-0.739645
1.64779e-09	-0.739916
1.64788e-09	-0.740185
1.64797e-09	-0.740453
1.64806e-09	-0.74072
1.64815e-09	-0.740986
1.64825e-09	-0.741251
1.64834e-09	-0.741515
1.64843e-09	-0.741777
1.64852e-09	-0.742038
1.64862e-09	-0.742298
1.64871e-09	-0.742557
1.6488e-09	-0.742815
1.64889e-09	-0.743071
1.64899e-09	-0.743326
1.64908e-09	-0.743581
1.64917e-09	-0.743834
1.64926e-09	-0.744085
1.64936e-09	-0.744336
1.64945e-09	-0.744586
1.64954e-09	-0.744834
1.64963e-09	-0.745081
1.64973e-09	-0.745327
1.64982e-09	-0.745572
1.64991e-09	-0.745815
1.65e-09	-0.746058
1.6501e-09	-0.746299
1.65019e-09	-0.746539
1.65028e-09	-0.746778
1.65037e-09	-0.747016
1.65046e-09	-0.747253
1.65056e-09	-0.747488
1.65065e-09	-0.747722
1.65074e-09	-0.747955
1.65083e-09	-0.748187
1.65093e-09	-0.748418
1.65102e-09	-0.748648
1.65111e-09	-0.748876
1.6512e-09	-0.749103
1.6513e-09	-0.749329
1.65139e-09	-0.749554
1.65148e-09	-0.749778
1.65157e-09	-0.750001
1.65167e-09	-0.750222
1.65176e-09	-0.750442
1.65185e-09	-0.750661
1.65194e-09	-0.750879
1.65204e-09	-0.751096
1.65213e-09	-0.751311
1.65222e-09	-0.751526
1.65231e-09	-0.751739
1.65241e-09	-0.751951
1.6525e-09	-0.752162
1.65259e-09	-0.752372
1.65268e-09	-0.75258
1.65278e-09	-0.752788
1.65287e-09	-0.752994
1.65296e-09	-0.753199
1.65305e-09	-0.753403
1.65314e-09	-0.753605
1.65324e-09	-0.753807
1.65333e-09	-0.754007
1.65342e-09	-0.754206
1.65351e-09	-0.754404
1.65361e-09	-0.754601
1.6537e-09	-0.754797
1.65379e-09	-0.754991
1.65388e-09	-0.755185
1.65398e-09	-0.755377
1.65407e-09	-0.755568
1.65416e-09	-0.755758
1.65425e-09	-0.755946
1.65435e-09	-0.756134
1.65444e-09	-0.75632
1.65453e-09	-0.756505
1.65462e-09	-0.756689
1.65472e-09	-0.756872
1.65481e-09	-0.757054
1.6549e-09	-0.757234
1.65499e-09	-0.757414
1.65509e-09	-0.757592
1.65518e-09	-0.757769
1.65527e-09	-0.757945
1.65536e-09	-0.758119
1.65545e-09	-0.758293
1.65555e-09	-0.758465
1.65564e-09	-0.758636
1.65573e-09	-0.758806
1.65582e-09	-0.758975
1.65592e-09	-0.759143
1.65601e-09	-0.759309
1.6561e-09	-0.759474
1.65619e-09	-0.759639
1.65629e-09	-0.759802
1.65638e-09	-0.759963
1.65647e-09	-0.760124
1.65656e-09	-0.760283
1.65666e-09	-0.760442
1.65675e-09	-0.760599
1.65684e-09	-0.760755
1.65693e-09	-0.76091
1.65703e-09	-0.761064
1.65712e-09	-0.761216
1.65721e-09	-0.761367
1.6573e-09	-0.761518
1.6574e-09	-0.761667
1.65749e-09	-0.761814
1.65758e-09	-0.761961
1.65767e-09	-0.762107
1.65776e-09	-0.762251
1.65786e-09	-0.762394
1.65795e-09	-0.762536
1.65804e-09	-0.762677
1.65813e-09	-0.762817
1.65823e-09	-0.762955
1.65832e-09	-0.763093
1.65841e-09	-0.763229
1.6585e-09	-0.763364
1.6586e-09	-0.763498
1.65869e-09	-0.763631
1.65878e-09	-0.763762
1.65887e-09	-0.763893
1.65897e-09	-0.764022
1.65906e-09	-0.76415
1.65915e-09	-0.764277
1.65924e-09	-0.764403
1.65934e-09	-0.764527
1.65943e-09	-0.764651
1.65952e-09	-0.764773
1.65961e-09	-0.764894
1.65971e-09	-0.765014
1.6598e-09	-0.765133
1.65989e-09	-0.765251
1.65998e-09	-0.765367
1.66007e-09	-0.765483
1.66017e-09	-0.765597
1.66026e-09	-0.76571
1.66035e-09	-0.765822
1.66044e-09	-0.765932
1.66054e-09	-0.766042
1.66063e-09	-0.76615
1.66072e-09	-0.766258
1.66081e-09	-0.766364
1.66091e-09	-0.766469
1.661e-09	-0.766572
1.66109e-09	-0.766675
1.66118e-09	-0.766777
1.66128e-09	-0.766877
1.66137e-09	-0.766976
1.66146e-09	-0.767074
1.66155e-09	-0.767171
1.66165e-09	-0.767267
1.66174e-09	-0.767361
1.66183e-09	-0.767454
1.66192e-09	-0.767547
1.66202e-09	-0.767638
1.66211e-09	-0.767728
1.6622e-09	-0.767816
1.66229e-09	-0.767904
1.66238e-09	-0.767991
1.66248e-09	-0.768076
1.66257e-09	-0.76816
1.66266e-09	-0.768243
1.66275e-09	-0.768325
1.66285e-09	-0.768406
1.66294e-09	-0.768485
1.66303e-09	-0.768564
1.66312e-09	-0.768641
1.66322e-09	-0.768717
1.66331e-09	-0.768792
1.6634e-09	-0.768866
1.66349e-09	-0.768938
1.66359e-09	-0.76901
1.66368e-09	-0.76908
1.66377e-09	-0.76915
1.66386e-09	-0.769218
1.66396e-09	-0.769285
1.66405e-09	-0.76935
1.66414e-09	-0.769415
1.66423e-09	-0.769478
1.66433e-09	-0.769541
1.66442e-09	-0.769602
1.66451e-09	-0.769662
1.6646e-09	-0.769721
1.6647e-09	-0.769779
1.66479e-09	-0.769835
1.66488e-09	-0.769891
1.66497e-09	-0.769945
1.66506e-09	-0.769998
1.66516e-09	-0.77005
1.66525e-09	-0.770101
1.66534e-09	-0.770151
1.66543e-09	-0.7702
1.66553e-09	-0.770247
1.66562e-09	-0.770294
1.66571e-09	-0.770339
1.6658e-09	-0.770383
1.6659e-09	-0.770426
1.66599e-09	-0.770467
1.66608e-09	-0.770508
1.66617e-09	-0.770548
1.66627e-09	-0.770586
1.66636e-09	-0.770623
1.66645e-09	-0.770659
1.66654e-09	-0.770694
1.66664e-09	-0.770728
1.66673e-09	-0.770761
1.66682e-09	-0.770792
1.66691e-09	-0.770823
1.66701e-09	-0.770852
1.6671e-09	-0.77088
1.66719e-09	-0.770907
1.66728e-09	-0.770933
1.66737e-09	-0.770957
1.66747e-09	-0.770981
1.66756e-09	-0.771003
1.66765e-09	-0.771025
1.66774e-09	-0.771045
1.66784e-09	-0.771064
1.66793e-09	-0.771082
1.66802e-09	-0.771099
1.66811e-09	-0.771114
1.66821e-09	-0.771129
1.6683e-09	-0.771142
1.66839e-09	-0.771154
1.66848e-09	-0.771166
1.66858e-09	-0.771176
1.66867e-09	-0.771184
1.66876e-09	-0.771192
1.66885e-09	-0.771199
1.66895e-09	-0.771204
1.66904e-09	-0.771209
1.66913e-09	-0.771212
1.66922e-09	-0.771214
1.66932e-09	-0.771215
1.66941e-09	-0.771215
1.6695e-09	-0.771213
1.66959e-09	-0.771211
1.66968e-09	-0.771208
1.66978e-09	-0.771203
1.66987e-09	-0.771197
1.66996e-09	-0.77119
1.67005e-09	-0.771182
1.67015e-09	-0.771173
1.67024e-09	-0.771163
1.67033e-09	-0.771151
1.67042e-09	-0.771139
1.67052e-09	-0.771125
1.67061e-09	-0.77111
1.6707e-09	-0.771095
1.67079e-09	-0.771078
1.67089e-09	-0.771059
1.67098e-09	-0.77104
1.67107e-09	-0.77102
1.67116e-09	-0.770998
1.67126e-09	-0.770976
1.67135e-09	-0.770952
1.67144e-09	-0.770927
1.67153e-09	-0.770901
1.67163e-09	-0.770874
1.67172e-09	-0.770846
1.67181e-09	-0.770817
1.6719e-09	-0.770786
1.67199e-09	-0.770755
1.67209e-09	-0.770722
1.67218e-09	-0.770688
1.67227e-09	-0.770654
1.67236e-09	-0.770618
1.67246e-09	-0.770581
1.67255e-09	-0.770542
1.67264e-09	-0.770503
1.67273e-09	-0.770463
1.67283e-09	-0.770421
1.67292e-09	-0.770378
1.67301e-09	-0.770335
1.6731e-09	-0.77029
1.6732e-09	-0.770244
1.67329e-09	-0.770197
1.67338e-09	-0.770149
1.67347e-09	-0.770099
1.67357e-09	-0.770049
1.67366e-09	-0.769998
1.67375e-09	-0.769945
1.67384e-09	-0.769891
1.67394e-09	-0.769836
1.67403e-09	-0.769781
1.67412e-09	-0.769724
1.67421e-09	-0.769665
1.67431e-09	-0.769606
1.6744e-09	-0.769546
1.67449e-09	-0.769484
1.67458e-09	-0.769422
1.67467e-09	-0.769358
1.67477e-09	-0.769294
1.67486e-09	-0.769228
1.67495e-09	-0.769161
1.67504e-09	-0.769093
1.67514e-09	-0.769024
1.67523e-09	-0.768954
1.67532e-09	-0.768882
1.67541e-09	-0.76881
1.67551e-09	-0.768736
1.6756e-09	-0.768662
1.67569e-09	-0.768586
1.67578e-09	-0.768509
1.67588e-09	-0.768431
1.67597e-09	-0.768352
1.67606e-09	-0.768272
1.67615e-09	-0.768191
1.67625e-09	-0.768109
1.67634e-09	-0.768026
1.67643e-09	-0.767941
1.67652e-09	-0.767856
1.67662e-09	-0.767769
1.67671e-09	-0.767681
1.6768e-09	-0.767593
1.67689e-09	-0.767503
1.67698e-09	-0.767412
1.67708e-09	-0.76732
1.67717e-09	-0.767227
1.67726e-09	-0.767133
1.67735e-09	-0.767037
1.67745e-09	-0.766941
1.67754e-09	-0.766843
1.67763e-09	-0.766745
1.67772e-09	-0.766645
1.67782e-09	-0.766545
1.67791e-09	-0.766443
1.678e-09	-0.76634
1.67809e-09	-0.766236
1.67819e-09	-0.766131
1.67828e-09	-0.766025
1.67837e-09	-0.765918
1.67846e-09	-0.765809
1.67856e-09	-0.7657
1.67865e-09	-0.76559
1.67874e-09	-0.765478
1.67883e-09	-0.765366
1.67893e-09	-0.765252
1.67902e-09	-0.765137
1.67911e-09	-0.765022
1.6792e-09	-0.764905
1.67929e-09	-0.764787
1.67939e-09	-0.764668
1.67948e-09	-0.764548
1.67957e-09	-0.764427
1.67966e-09	-0.764304
1.67976e-09	-0.764181
1.67985e-09	-0.764057
1.67994e-09	-0.763931
1.68003e-09	-0.763805
1.68013e-09	-0.763677
1.68022e-09	-0.763549
1.68031e-09	-0.763419
1.6804e-09	-0.763288
1.6805e-09	-0.763156
1.68059e-09	-0.763023
1.68068e-09	-0.76289
1.68077e-09	-0.762755
1.68087e-09	-0.762618
1.68096e-09	-0.762481
1.68105e-09	-0.762343
1.68114e-09	-0.762204
1.68124e-09	-0.762064
1.68133e-09	-0.761922
1.68142e-09	-0.76178
1.68151e-09	-0.761636
1.6816e-09	-0.761492
1.6817e-09	-0.761346
1.68179e-09	-0.7612
1.68188e-09	-0.761052
1.68197e-09	-0.760903
1.68207e-09	-0.760753
1.68216e-09	-0.760602
1.68225e-09	-0.760451
1.68234e-09	-0.760298
1.68244e-09	-0.760144
1.68253e-09	-0.759988
1.68262e-09	-0.759832
1.68271e-09	-0.759675
1.68281e-09	-0.759517
1.6829e-09	-0.759358
1.68299e-09	-0.759197
1.68308e-09	-0.759036
1.68318e-09	-0.758874
1.68327e-09	-0.75871
1.68336e-09	-0.758546
1.68345e-09	-0.75838
1.68355e-09	-0.758214
1.68364e-09	-0.758046
1.68373e-09	-0.757877
1.68382e-09	-0.757708
1.68391e-09	-0.757537
1.68401e-09	-0.757365
1.6841e-09	-0.757192
1.68419e-09	-0.757018
1.68428e-09	-0.756843
1.68438e-09	-0.756667
1.68447e-09	-0.75649
1.68456e-09	-0.756312
1.68465e-09	-0.756133
1.68475e-09	-0.755953
1.68484e-09	-0.755772
1.68493e-09	-0.75559
1.68502e-09	-0.755407
1.68512e-09	-0.755223
1.68521e-09	-0.755037
1.6853e-09	-0.754851
1.68539e-09	-0.754664
1.68549e-09	-0.754476
1.68558e-09	-0.754286
1.68567e-09	-0.754096
1.68576e-09	-0.753904
1.68586e-09	-0.753712
1.68595e-09	-0.753518
1.68604e-09	-0.753324
1.68613e-09	-0.753128
1.68623e-09	-0.752932
1.68632e-09	-0.752734
1.68641e-09	-0.752536
1.6865e-09	-0.752336
1.68659e-09	-0.752136
1.68669e-09	-0.751934
1.68678e-09	-0.751731
1.68687e-09	-0.751528
1.68696e-09	-0.751323
1.68706e-09	-0.751117
1.68715e-09	-0.75091
1.68724e-09	-0.750703
1.68733e-09	-0.750494
1.68743e-09	-0.750284
1.68752e-09	-0.750073
1.68761e-09	-0.749862
1.6877e-09	-0.749649
1.6878e-09	-0.749435
1.68789e-09	-0.74922
1.68798e-09	-0.749004
1.68807e-09	-0.748787
1.68817e-09	-0.74857
1.68826e-09	-0.748351
1.68835e-09	-0.748131
1.68844e-09	-0.74791
1.68854e-09	-0.747688
1.68863e-09	-0.747465
1.68872e-09	-0.747241
1.68881e-09	-0.747016
1.6889e-09	-0.746791
1.689e-09	-0.746564
1.68909e-09	-0.746336
1.68918e-09	-0.746107
1.68927e-09	-0.745877
1.68937e-09	-0.745646
1.68946e-09	-0.745414
1.68955e-09	-0.745181
1.68964e-09	-0.744947
1.68974e-09	-0.744713
1.68983e-09	-0.744477
1.68992e-09	-0.74424
1.69001e-09	-0.744002
1.69011e-09	-0.743763
1.6902e-09	-0.743523
1.69029e-09	-0.743283
1.69038e-09	-0.743041
1.69048e-09	-0.742798
1.69057e-09	-0.742554
1.69066e-09	-0.742309
1.69075e-09	-0.742064
1.69085e-09	-0.741817
1.69094e-09	-0.741569
1.69103e-09	-0.74132
1.69112e-09	-0.741071
1.69121e-09	-0.74082
1.69131e-09	-0.740568
1.6914e-09	-0.740316
1.69149e-09	-0.740062
1.69158e-09	-0.739807
1.69168e-09	-0.739552
1.69177e-09	-0.739295
1.69186e-09	-0.739038
1.69195e-09	-0.738779
1.69205e-09	-0.73852
1.69214e-09	-0.738259
1.69223e-09	-0.737998
1.69232e-09	-0.737736
1.69242e-09	-0.737472
1.69251e-09	-0.737208
1.6926e-09	-0.736942
1.69269e-09	-0.736676
1.69279e-09	-0.736409
1.69288e-09	-0.736141
1.69297e-09	-0.735871
1.69306e-09	-0.735601
1.69316e-09	-0.73533
1.69325e-09	-0.735058
1.69334e-09	-0.734785
1.69343e-09	-0.734511
1.69352e-09	-0.734236
1.69362e-09	-0.73396
1.69371e-09	-0.733683
1.6938e-09	-0.733405
1.69389e-09	-0.733127
1.69399e-09	-0.732847
1.69408e-09	-0.732566
1.69417e-09	-0.732284
1.69426e-09	-0.732002
1.69436e-09	-0.731718
1.69445e-09	-0.731434
1.69454e-09	-0.731148
1.69463e-09	-0.730862
1.69473e-09	-0.730574
1.69482e-09	-0.730286
1.69491e-09	-0.729996
1.695e-09	-0.729706
1.6951e-09	-0.729415
1.69519e-09	-0.729123
1.69528e-09	-0.72883
1.69537e-09	-0.728536
1.69547e-09	-0.728241
1.69556e-09	-0.727945
1.69565e-09	-0.727648
1.69574e-09	-0.72735
1.69584e-09	-0.727051
1.69593e-09	-0.726752
1.69602e-09	-0.726451
1.69611e-09	-0.726149
1.6962e-09	-0.725847
1.6963e-09	-0.725543
1.69639e-09	-0.725239
1.69648e-09	-0.724934
1.69657e-09	-0.724627
1.69667e-09	-0.72432
1.69676e-09	-0.724012
1.69685e-09	-0.723703
1.69694e-09	-0.723393
1.69704e-09	-0.723082
1.69713e-09	-0.72277
1.69722e-09	-0.722458
1.69731e-09	-0.722144
1.69741e-09	-0.721829
1.6975e-09	-0.721514
1.69759e-09	-0.721197
1.69768e-09	-0.72088
1.69778e-09	-0.720562
1.69787e-09	-0.720242
1.69796e-09	-0.719922
1.69805e-09	-0.719601
1.69815e-09	-0.719279
1.69824e-09	-0.718956
1.69833e-09	-0.718632
1.69842e-09	-0.718307
1.69851e-09	-0.717982
1.69861e-09	-0.717655
1.6987e-09	-0.717328
1.69879e-09	-0.716999
1.69888e-09	-0.71667
1.69898e-09	-0.71634
1.69907e-09	-0.716009
1.69916e-09	-0.715677
1.69925e-09	-0.715344
1.69935e-09	-0.71501
1.69944e-09	-0.714675
1.69953e-09	-0.714339
1.69962e-09	-0.714003
1.69972e-09	-0.713665
1.69981e-09	-0.713327
1.6999e-09	-0.712988
1.69999e-09	-0.712647
1.70009e-09	-0.712306
1.70018e-09	-0.711964
1.70027e-09	-0.711621
1.70036e-09	-0.711278
1.70046e-09	-0.710933
1.70055e-09	-0.710587
1.70064e-09	-0.710241
1.70073e-09	-0.709894
1.70082e-09	-0.709545
1.70092e-09	-0.709196
1.70101e-09	-0.708846
1.7011e-09	-0.708495
1.70119e-09	-0.708143
1.70129e-09	-0.707791
1.70138e-09	-0.707437
1.70147e-09	-0.707083
1.70156e-09	-0.706727
1.70166e-09	-0.706371
1.70175e-09	-0.706014
1.70184e-09	-0.705656
1.70193e-09	-0.705297
1.70203e-09	-0.704937
1.70212e-09	-0.704576
1.70221e-09	-0.704215
1.7023e-09	-0.703852
1.7024e-09	-0.703489
1.70249e-09	-0.703125
1.70258e-09	-0.70276
1.70267e-09	-0.702394
1.70277e-09	-0.702027
1.70286e-09	-0.70166
1.70295e-09	-0.701291
1.70304e-09	-0.700922
1.70313e-09	-0.700551
1.70323e-09	-0.70018
1.70332e-09	-0.699808
1.70341e-09	-0.699435
1.7035e-09	-0.699062
1.7036e-09	-0.698687
1.70369e-09	-0.698312
1.70378e-09	-0.697935
1.70387e-09	-0.697558
1.70397e-09	-0.69718
1.70406e-09	-0.696801
1.70415e-09	-0.696421
1.70424e-09	-0.696041
1.70434e-09	-0.695659
1.70443e-09	-0.695277
1.70452e-09	-0.694894
1.70461e-09	-0.69451
1.70471e-09	-0.694125
1.7048e-09	-0.693739
1.70489e-09	-0.693352
1.70498e-09	-0.692965
1.70508e-09	-0.692577
1.70517e-09	-0.692188
1.70526e-09	-0.691798
1.70535e-09	-0.691407
1.70544e-09	-0.691015
1.70554e-09	-0.690623
1.70563e-09	-0.690229
1.70572e-09	-0.689835
1.70581e-09	-0.68944
1.70591e-09	-0.689044
1.706e-09	-0.688647
1.70609e-09	-0.68825
1.70618e-09	-0.687851
1.70628e-09	-0.687452
1.70637e-09	-0.687052
1.70646e-09	-0.686651
1.70655e-09	-0.686249
1.70665e-09	-0.685847
1.70674e-09	-0.685443
1.70683e-09	-0.685039
1.70692e-09	-0.684634
1.70702e-09	-0.684228
1.70711e-09	-0.683821
1.7072e-09	-0.683414
1.70729e-09	-0.683006
1.70739e-09	-0.682596
1.70748e-09	-0.682186
1.70757e-09	-0.681776
1.70766e-09	-0.681364
1.70776e-09	-0.680951
1.70785e-09	-0.680538
1.70794e-09	-0.680124
1.70803e-09	-0.679709
1.70812e-09	-0.679293
1.70822e-09	-0.678877
1.70831e-09	-0.678459
1.7084e-09	-0.678041
1.70849e-09	-0.677622
1.70859e-09	-0.677202
1.70868e-09	-0.676782
1.70877e-09	-0.67636
1.70886e-09	-0.675938
1.70896e-09	-0.675515
1.70905e-09	-0.675091
1.70914e-09	-0.674667
1.70923e-09	-0.674241
1.70933e-09	-0.673815
1.70942e-09	-0.673388
1.70951e-09	-0.67296
1.7096e-09	-0.672531
1.7097e-09	-0.672102
1.70979e-09	-0.671672
1.70988e-09	-0.671241
1.70997e-09	-0.670809
1.71007e-09	-0.670376
1.71016e-09	-0.669943
1.71025e-09	-0.669508
1.71034e-09	-0.669073
1.71043e-09	-0.668638
1.71053e-09	-0.668201
1.71062e-09	-0.667764
1.71071e-09	-0.667325
1.7108e-09	-0.666886
1.7109e-09	-0.666447
1.71099e-09	-0.666006
1.71108e-09	-0.665565
1.71117e-09	-0.665123
1.71127e-09	-0.66468
1.71136e-09	-0.664236
1.71145e-09	-0.663792
1.71154e-09	-0.663347
1.71164e-09	-0.662901
1.71173e-09	-0.662454
1.71182e-09	-0.662006
1.71191e-09	-0.661558
1.71201e-09	-0.661109
1.7121e-09	-0.660659
1.71219e-09	-0.660209
1.71228e-09	-0.659757
1.71238e-09	-0.659305
1.71247e-09	-0.658852
1.71256e-09	-0.658398
1.71265e-09	-0.657944
1.71274e-09	-0.657489
1.71284e-09	-0.657033
1.71293e-09	-0.656576
1.71302e-09	-0.656119
1.71311e-09	-0.65566
1.71321e-09	-0.655201
1.7133e-09	-0.654741
1.71339e-09	-0.654281
1.71348e-09	-0.65382
1.71358e-09	-0.653358
1.71367e-09	-0.652895
1.71376e-09	-0.652431
1.71385e-09	-0.651967
1.71395e-09	-0.651502
1.71404e-09	-0.651036
1.71413e-09	-0.65057
1.71422e-09	-0.650102
1.71432e-09	-0.649634
1.71441e-09	-0.649166
1.7145e-09	-0.648696
1.71459e-09	-0.648226
1.71469e-09	-0.647755
1.71478e-09	-0.647283
1.71487e-09	-0.64681
1.71496e-09	-0.646337
1.71505e-09	-0.645863
1.71515e-09	-0.645389
1.71524e-09	-0.644913
1.71533e-09	-0.644437
1.71542e-09	-0.64396
1.71552e-09	-0.643482
1.71561e-09	-0.643004
1.7157e-09	-0.642525
1.71579e-09	-0.642045
1.71589e-09	-0.641565
1.71598e-09	-0.641083
1.71607e-09	-0.640601
1.71616e-09	-0.640119
1.71626e-09	-0.639635
1.71635e-09	-0.639151
1.71644e-09	-0.638666
1.71653e-09	-0.638181
1.71663e-09	-0.637694
1.71672e-09	-0.637207
1.71681e-09	-0.63672
1.7169e-09	-0.636231
1.717e-09	-0.635742
1.71709e-09	-0.635252
1.71718e-09	-0.634761
1.71727e-09	-0.63427
1.71737e-09	-0.633778
1.71746e-09	-0.633285
1.71755e-09	-0.632792
1.71764e-09	-0.632298
1.71773e-09	-0.631803
1.71783e-09	-0.631307
1.71792e-09	-0.630811
1.71801e-09	-0.630314
1.7181e-09	-0.629816
1.7182e-09	-0.629318
1.71829e-09	-0.628819
1.71838e-09	-0.628319
1.71847e-09	-0.627819
1.71857e-09	-0.627318
1.71866e-09	-0.626816
1.71875e-09	-0.626313
1.71884e-09	-0.62581
1.71894e-09	-0.625306
1.71903e-09	-0.624802
1.71912e-09	-0.624296
1.71921e-09	-0.62379
1.71931e-09	-0.623284
1.7194e-09	-0.622776
1.71949e-09	-0.622268
1.71958e-09	-0.621759
1.71968e-09	-0.62125
1.71977e-09	-0.62074
1.71986e-09	-0.620229
1.71995e-09	-0.619718
1.72004e-09	-0.619206
1.72014e-09	-0.618693
1.72023e-09	-0.618179
1.72032e-09	-0.617665
1.72041e-09	-0.61715
1.72051e-09	-0.616635
1.7206e-09	-0.616119
1.72069e-09	-0.615602
1.72078e-09	-0.615085
1.72088e-09	-0.614566
1.72097e-09	-0.614048
1.72106e-09	-0.613528
1.72115e-09	-0.613008
1.72125e-09	-0.612487
1.72134e-09	-0.611966
1.72143e-09	-0.611443
1.72152e-09	-0.610921
1.72162e-09	-0.610397
1.72171e-09	-0.609873
1.7218e-09	-0.609348
1.72189e-09	-0.608823
1.72199e-09	-0.608297
1.72208e-09	-0.60777
1.72217e-09	-0.607243
1.72226e-09	-0.606715
1.72235e-09	-0.606186
1.72245e-09	-0.605657
1.72254e-09	-0.605127
1.72263e-09	-0.604596
1.72272e-09	-0.604065
1.72282e-09	-0.603533
1.72291e-09	-0.603
1.723e-09	-0.602467
1.72309e-09	-0.601933
1.72319e-09	-0.601399
1.72328e-09	-0.600864
1.72337e-09	-0.600328
1.72346e-09	-0.599792
1.72356e-09	-0.599255
1.72365e-09	-0.598717
1.72374e-09	-0.598179
1.72383e-09	-0.59764
1.72393e-09	-0.5971
1.72402e-09	-0.59656
1.72411e-09	-0.59602
1.7242e-09	-0.595478
1.7243e-09	-0.594936
1.72439e-09	-0.594393
1.72448e-09	-0.59385
1.72457e-09	-0.593306
1.72466e-09	-0.592762
1.72476e-09	-0.592217
1.72485e-09	-0.591671
1.72494e-09	-0.591124
1.72503e-09	-0.590577
1.72513e-09	-0.59003
1.72522e-09	-0.589482
1.72531e-09	-0.588933
1.7254e-09	-0.588383
1.7255e-09	-0.587833
1.72559e-09	-0.587283
1.72568e-09	-0.586731
1.72577e-09	-0.58618
1.72587e-09	-0.585627
1.72596e-09	-0.585074
1.72605e-09	-0.58452
1.72614e-09	-0.583966
1.72624e-09	-0.583411
1.72633e-09	-0.582856
1.72642e-09	-0.5823
1.72651e-09	-0.581743
1.72661e-09	-0.581186
1.7267e-09	-0.580628
1.72679e-09	-0.580069
1.72688e-09	-0.57951
1.72698e-09	-0.578951
1.72707e-09	-0.57839
1.72716e-09	-0.57783
1.72725e-09	-0.577268
1.72734e-09	-0.576706
1.72744e-09	-0.576144
1.72753e-09	-0.575581
1.72762e-09	-0.575017
1.72771e-09	-0.574452
1.72781e-09	-0.573888
1.7279e-09	-0.573322
1.72799e-09	-0.572756
1.72808e-09	-0.572189
1.72818e-09	-0.571622
1.72827e-09	-0.571054
1.72836e-09	-0.570486
1.72845e-09	-0.569917
1.72855e-09	-0.569348
1.72864e-09	-0.568778
1.72873e-09	-0.568207
1.72882e-09	-0.567636
1.72892e-09	-0.567064
1.72901e-09	-0.566492
1.7291e-09	-0.565919
1.72919e-09	-0.565345
1.72929e-09	-0.564771
1.72938e-09	-0.564197
1.72947e-09	-0.563622
1.72956e-09	-0.563046
1.72965e-09	-0.56247
1.72975e-09	-0.561893
1.72984e-09	-0.561315
1.72993e-09	-0.560737
1.73002e-09	-0.560159
1.73012e-09	-0.55958
1.73021e-09	-0.559
1.7303e-09	-0.55842
1.73039e-09	-0.55784
1.73049e-09	-0.557258
1.73058e-09	-0.556677
1.73067e-09	-0.556094
1.73076e-09	-0.555511
1.73086e-09	-0.554928
1.73095e-09	-0.554344
1.73104e-09	-0.55376
1.73113e-09	-0.553175
1.73123e-09	-0.552589
1.73132e-09	-0.552003
1.73141e-09	-0.551417
1.7315e-09	-0.550829
1.7316e-09	-0.550242
1.73169e-09	-0.549654
1.73178e-09	-0.549065
1.73187e-09	-0.548476
1.73196e-09	-0.547886
1.73206e-09	-0.547295
1.73215e-09	-0.546705
1.73224e-09	-0.546113
1.73233e-09	-0.545521
1.73243e-09	-0.544929
1.73252e-09	-0.544336
1.73261e-09	-0.543743
1.7327e-09	-0.543149
1.7328e-09	-0.542554
1.73289e-09	-0.541959
1.73298e-09	-0.541364
1.73307e-09	-0.540768
1.73317e-09	-0.540171
1.73326e-09	-0.539574
1.73335e-09	-0.538977
1.73344e-09	-0.538379
1.73354e-09	-0.53778
1.73363e-09	-0.537181
1.73372e-09	-0.536581
1.73381e-09	-0.535981
1.73391e-09	-0.535381
1.734e-09	-0.53478
1.73409e-09	-0.534178
1.73418e-09	-0.533576
1.73427e-09	-0.532974
1.73437e-09	-0.53237
1.73446e-09	-0.531767
1.73455e-09	-0.531163
1.73464e-09	-0.530558
1.73474e-09	-0.529953
1.73483e-09	-0.529348
1.73492e-09	-0.528742
1.73501e-09	-0.528135
1.73511e-09	-0.527528
1.7352e-09	-0.526921
1.73529e-09	-0.526313
1.73538e-09	-0.525705
1.73548e-09	-0.525096
1.73557e-09	-0.524486
1.73566e-09	-0.523876
1.73575e-09	-0.523266
1.73585e-09	-0.522655
1.73594e-09	-0.522044
1.73603e-09	-0.521432
1.73612e-09	-0.52082
1.73622e-09	-0.520207
1.73631e-09	-0.519594
1.7364e-09	-0.51898
1.73649e-09	-0.518366
1.73658e-09	-0.517752
1.73668e-09	-0.517137
1.73677e-09	-0.516521
1.73686e-09	-0.515905
1.73695e-09	-0.515289
1.73705e-09	-0.514672
1.73714e-09	-0.514054
1.73723e-09	-0.513437
1.73732e-09	-0.512818
1.73742e-09	-0.5122
1.73751e-09	-0.51158
1.7376e-09	-0.510961
1.73769e-09	-0.510341
1.73779e-09	-0.50972
1.73788e-09	-0.509099
1.73797e-09	-0.508478
1.73806e-09	-0.507856
1.73816e-09	-0.507234
1.73825e-09	-0.506611
1.73834e-09	-0.505988
1.73843e-09	-0.505364
1.73853e-09	-0.50474
1.73862e-09	-0.504115
1.73871e-09	-0.50349
1.7388e-09	-0.502865
1.7389e-09	-0.502239
1.73899e-09	-0.501613
1.73908e-09	-0.500986
1.73917e-09	-0.500359
1.73926e-09	-0.499731
1.73936e-09	-0.499103
1.73945e-09	-0.498475
1.73954e-09	-0.497846
1.73963e-09	-0.497217
1.73973e-09	-0.496587
1.73982e-09	-0.495957
1.73991e-09	-0.495326
1.74e-09	-0.494695
1.7401e-09	-0.494064
1.74019e-09	-0.493432
1.74028e-09	-0.4928
1.74037e-09	-0.492167
1.74047e-09	-0.491534
1.74056e-09	-0.490901
1.74065e-09	-0.490267
1.74074e-09	-0.489633
1.74084e-09	-0.488998
1.74093e-09	-0.488363
1.74102e-09	-0.487727
1.74111e-09	-0.487091
1.74121e-09	-0.486455
1.7413e-09	-0.485818
1.74139e-09	-0.485181
1.74148e-09	-0.484543
1.74157e-09	-0.483905
1.74167e-09	-0.483267
1.74176e-09	-0.482628
1.74185e-09	-0.481989
1.74194e-09	-0.48135
1.74204e-09	-0.48071
1.74213e-09	-0.480069
1.74222e-09	-0.479429
1.74231e-09	-0.478788
1.74241e-09	-0.478146
1.7425e-09	-0.477504
1.74259e-09	-0.476862
1.74268e-09	-0.476219
1.74278e-09	-0.475576
1.74287e-09	-0.474933
1.74296e-09	-0.474289
1.74305e-09	-0.473645
1.74315e-09	-0.473
1.74324e-09	-0.472355
1.74333e-09	-0.47171
1.74342e-09	-0.471064
1.74352e-09	-0.470418
1.74361e-09	-0.469772
1.7437e-09	-0.469125
1.74379e-09	-0.468478
1.74388e-09	-0.46783
1.74398e-09	-0.467182
1.74407e-09	-0.466534
1.74416e-09	-0.465885
1.74425e-09	-0.465236
1.74435e-09	-0.464587
1.74444e-09	-0.463937
1.74453e-09	-0.463287
1.74462e-09	-0.462636
1.74472e-09	-0.461985
1.74481e-09	-0.461334
1.7449e-09	-0.460683
1.74499e-09	-0.460031
1.74509e-09	-0.459379
1.74518e-09	-0.458726
1.74527e-09	-0.458073
1.74536e-09	-0.45742
1.74546e-09	-0.456766
1.74555e-09	-0.456112
1.74564e-09	-0.455458
1.74573e-09	-0.454803
1.74583e-09	-0.454148
1.74592e-09	-0.453492
1.74601e-09	-0.452837
1.7461e-09	-0.452181
1.74619e-09	-0.451524
1.74629e-09	-0.450867
1.74638e-09	-0.45021
1.74647e-09	-0.449553
1.74656e-09	-0.448895
1.74666e-09	-0.448237
1.74675e-09	-0.447579
1.74684e-09	-0.44692
1.74693e-09	-0.446261
1.74703e-09	-0.445601
1.74712e-09	-0.444942
1.74721e-09	-0.444282
1.7473e-09	-0.443621
1.7474e-09	-0.442961
1.74749e-09	-0.4423
1.74758e-09	-0.441638
1.74767e-09	-0.440976
1.74777e-09	-0.440315
1.74786e-09	-0.439652
1.74795e-09	-0.43899
1.74804e-09	-0.438327
1.74814e-09	-0.437663
1.74823e-09	-0.437
1.74832e-09	-0.436336
1.74841e-09	-0.435672
1.74851e-09	-0.435007
1.7486e-09	-0.434342
1.74869e-09	-0.433677
1.74878e-09	-0.433012
1.74887e-09	-0.432346
1.74897e-09	-0.43168
1.74906e-09	-0.431014
1.74915e-09	-0.430347
1.74924e-09	-0.42968
1.74934e-09	-0.429013
1.74943e-09	-0.428346
1.74952e-09	-0.427678
1.74961e-09	-0.42701
1.74971e-09	-0.426341
1.7498e-09	-0.425673
1.74989e-09	-0.425004
1.74998e-09	-0.424335
1.75008e-09	-0.423665
1.75017e-09	-0.422995
1.75026e-09	-0.422325
1.75035e-09	-0.421655
1.75045e-09	-0.420984
1.75054e-09	-0.420313
1.75063e-09	-0.419642
1.75072e-09	-0.41897
1.75082e-09	-0.418298
1.75091e-09	-0.417626
1.751e-09	-0.416954
1.75109e-09	-0.416281
1.75118e-09	-0.415609
1.75128e-09	-0.414935
1.75137e-09	-0.414262
1.75146e-09	-0.413588
1.75155e-09	-0.412914
1.75165e-09	-0.41224
1.75174e-09	-0.411566
1.75183e-09	-0.410891
1.75192e-09	-0.410216
1.75202e-09	-0.40954
1.75211e-09	-0.408865
1.7522e-09	-0.408189
1.75229e-09	-0.407513
1.75239e-09	-0.406837
1.75248e-09	-0.40616
1.75257e-09	-0.405483
1.75266e-09	-0.404806
1.75276e-09	-0.404129
1.75285e-09	-0.403451
1.75294e-09	-0.402773
1.75303e-09	-0.402095
1.75313e-09	-0.401417
1.75322e-09	-0.400738
1.75331e-09	-0.40006
1.7534e-09	-0.39938
1.75349e-09	-0.398701
1.75359e-09	-0.398022
1.75368e-09	-0.397342
1.75377e-09	-0.396662
1.75386e-09	-0.395982
1.75396e-09	-0.395301
1.75405e-09	-0.39462
1.75414e-09	-0.393939
1.75423e-09	-0.393258
1.75433e-09	-0.392577
1.75442e-09	-0.391895
1.75451e-09	-0.391213
1.7546e-09	-0.390531
1.7547e-09	-0.389849
1.75479e-09	-0.389166
1.75488e-09	-0.388483
1.75497e-09	-0.3878
1.75507e-09	-0.387117
1.75516e-09	-0.386434
1.75525e-09	-0.38575
1.75534e-09	-0.385066
1.75544e-09	-0.384382
1.75553e-09	-0.383698
1.75562e-09	-0.383013
1.75571e-09	-0.382328
1.7558e-09	-0.381643
1.7559e-09	-0.380958
1.75599e-09	-0.380273
1.75608e-09	-0.379587
1.75617e-09	-0.378901
1.75627e-09	-0.378215
1.75636e-09	-0.377529
1.75645e-09	-0.376843
1.75654e-09	-0.376156
1.75664e-09	-0.375469
1.75673e-09	-0.374782
1.75682e-09	-0.374095
1.75691e-09	-0.373408
1.75701e-09	-0.37272
1.7571e-09	-0.372032
1.75719e-09	-0.371344
1.75728e-09	-0.370656
1.75738e-09	-0.369968
1.75747e-09	-0.369279
1.75756e-09	-0.368591
1.75765e-09	-0.367902
1.75775e-09	-0.367212
1.75784e-09	-0.366523
1.75793e-09	-0.365834
1.75802e-09	-0.365144
1.75811e-09	-0.364454
1.75821e-09	-0.363764
1.7583e-09	-0.363074
1.75839e-09	-0.362383
1.75848e-09	-0.361693
1.75858e-09	-0.361002
1.75867e-09	-0.360311
1.75876e-09	-0.35962
1.75885e-09	-0.358929
1.75895e-09	-0.358238
1.75904e-09	-0.357546
1.75913e-09	-0.356854
1.75922e-09	-0.356162
1.75932e-09	-0.35547
1.75941e-09	-0.354778
1.7595e-09	-0.354085
1.75959e-09	-0.353393
1.75969e-09	-0.3527
1.75978e-09	-0.352007
1.75987e-09	-0.351314
1.75996e-09	-0.350621
1.76006e-09	-0.349928
1.76015e-09	-0.349234
1.76024e-09	-0.34854
1.76033e-09	-0.347847
1.76043e-09	-0.347153
1.76052e-09	-0.346458
1.76061e-09	-0.345764
1.7607e-09	-0.34507
1.76079e-09	-0.344375
1.76089e-09	-0.34368
1.76098e-09	-0.342986
1.76107e-09	-0.342291
1.76116e-09	-0.341595
1.76126e-09	-0.3409
1.76135e-09	-0.340205
1.76144e-09	-0.339509
1.76153e-09	-0.338813
1.76163e-09	-0.338118
1.76172e-09	-0.337422
1.76181e-09	-0.336726
1.7619e-09	-0.336029
1.762e-09	-0.335333
1.76209e-09	-0.334636
1.76218e-09	-0.33394
1.76227e-09	-0.333243
1.76237e-09	-0.332546
1.76246e-09	-0.331849
1.76255e-09	-0.331152
1.76264e-09	-0.330455
1.76274e-09	-0.329758
1.76283e-09	-0.32906
1.76292e-09	-0.328362
1.76301e-09	-0.327665
1.7631e-09	-0.326967
1.7632e-09	-0.326269
1.76329e-09	-0.325571
1.76338e-09	-0.324873
1.76347e-09	-0.324174
1.76357e-09	-0.323476
1.76366e-09	-0.322778
1.76375e-09	-0.322079
1.76384e-09	-0.32138
1.76394e-09	-0.320681
1.76403e-09	-0.319982
1.76412e-09	-0.319283
1.76421e-09	-0.318584
1.76431e-09	-0.317885
1.7644e-09	-0.317186
1.76449e-09	-0.316486
1.76458e-09	-0.315787
1.76468e-09	-0.315087
1.76477e-09	-0.314388
1.76486e-09	-0.313688
1.76495e-09	-0.312988
1.76505e-09	-0.312288
1.76514e-09	-0.311588
1.76523e-09	-0.310888
1.76532e-09	-0.310187
1.76541e-09	-0.309487
1.76551e-09	-0.308787
1.7656e-09	-0.308086
1.76569e-09	-0.307385
1.76578e-09	-0.306685
1.76588e-09	-0.305984
1.76597e-09	-0.305283
1.76606e-09	-0.304582
1.76615e-09	-0.303881
1.76625e-09	-0.30318
1.76634e-09	-0.302479
1.76643e-09	-0.301778
1.76652e-09	-0.301077
1.76662e-09	-0.300375
1.76671e-09	-0.299674
1.7668e-09	-0.298972
1.76689e-09	-0.298271
1.76699e-09	-0.297569
1.76708e-09	-0.296868
1.76717e-09	-0.296166
1.76726e-09	-0.295464
1.76736e-09	-0.294762
1.76745e-09	-0.29406
1.76754e-09	-0.293358
1.76763e-09	-0.292656
1.76772e-09	-0.291954
1.76782e-09	-0.291252
1.76791e-09	-0.29055
1.768e-09	-0.289847
1.76809e-09	-0.289145
1.76819e-09	-0.288443
1.76828e-09	-0.28774
1.76837e-09	-0.287038
1.76846e-09	-0.286335
1.76856e-09	-0.285633
1.76865e-09	-0.28493
1.76874e-09	-0.284227
1.76883e-09	-0.283525
1.76893e-09	-0.282822
1.76902e-09	-0.282119
1.76911e-09	-0.281416
1.7692e-09	-0.280714
1.7693e-09	-0.280011
1.76939e-09	-0.279308
1.76948e-09	-0.278605
1.76957e-09	-0.277902
1.76967e-09	-0.277199
1.76976e-09	-0.276496
1.76985e-09	-0.275793
1.76994e-09	-0.27509
1.77004e-09	-0.274386
1.77013e-09	-0.273683
1.77022e-09	-0.27298
1.77031e-09	-0.272277
1.7704e-09	-0.271574
1.7705e-09	-0.27087
1.77059e-09	-0.270167
1.77068e-09	-0.269464
1.77077e-09	-0.268761
1.77087e-09	-0.268057
1.77096e-09	-0.267354
1.77105e-09	-0.26665
1.77114e-09	-0.265947
1.77124e-09	-0.265244
1.77133e-09	-0.26454
1.77142e-09	-0.263837
1.77151e-09	-0.263133
1.77161e-09	-0.26243
1.7717e-09	-0.261727
1.77179e-09	-0.261023
1.77188e-09	-0.26032
1.77198e-09	-0.259616
1.77207e-09	-0.258913
1.77216e-09	-0.258209
1.77225e-09	-0.257506
1.77235e-09	-0.256803
1.77244e-09	-0.256099
1.77253e-09	-0.255396
1.77262e-09	-0.254692
1.77271e-09	-0.253989
1.77281e-09	-0.253285
1.7729e-09	-0.252582
1.77299e-09	-0.251879
1.77308e-09	-0.251175
1.77318e-09	-0.250472
1.77327e-09	-0.249768
1.77336e-09	-0.249065
1.77345e-09	-0.248362
1.77355e-09	-0.247658
1.77364e-09	-0.246955
1.77373e-09	-0.246252
1.77382e-09	-0.245549
1.77392e-09	-0.244845
1.77401e-09	-0.244142
1.7741e-09	-0.243439
1.77419e-09	-0.242736
1.77429e-09	-0.242033
1.77438e-09	-0.241329
1.77447e-09	-0.240626
1.77456e-09	-0.239923
1.77466e-09	-0.23922
1.77475e-09	-0.238517
1.77484e-09	-0.237814
1.77493e-09	-0.237111
1.77502e-09	-0.236408
1.77512e-09	-0.235706
1.77521e-09	-0.235003
1.7753e-09	-0.2343
1.77539e-09	-0.233597
1.77549e-09	-0.232895
1.77558e-09	-0.232192
1.77567e-09	-0.231489
1.77576e-09	-0.230787
1.77586e-09	-0.230084
1.77595e-09	-0.229382
1.77604e-09	-0.228679
1.77613e-09	-0.227977
1.77623e-09	-0.227274
1.77632e-09	-0.226572
1.77641e-09	-0.22587
1.7765e-09	-0.225168
1.7766e-09	-0.224466
1.77669e-09	-0.223763
1.77678e-09	-0.223061
1.77687e-09	-0.222359
1.77697e-09	-0.221657
1.77706e-09	-0.220956
1.77715e-09	-0.220254
1.77724e-09	-0.219552
1.77733e-09	-0.21885
1.77743e-09	-0.218149
1.77752e-09	-0.217447
1.77761e-09	-0.216746
1.7777e-09	-0.216044
1.7778e-09	-0.215343
1.77789e-09	-0.214642
1.77798e-09	-0.213941
1.77807e-09	-0.213239
1.77817e-09	-0.212538
1.77826e-09	-0.211837
1.77835e-09	-0.211137
1.77844e-09	-0.210436
1.77854e-09	-0.209735
1.77863e-09	-0.209034
1.77872e-09	-0.208334
1.77881e-09	-0.207633
1.77891e-09	-0.206933
1.779e-09	-0.206232
1.77909e-09	-0.205532
1.77918e-09	-0.204832
1.77928e-09	-0.204132
1.77937e-09	-0.203432
1.77946e-09	-0.202732
1.77955e-09	-0.202032
1.77964e-09	-0.201332
1.77974e-09	-0.200633
1.77983e-09	-0.199933
1.77992e-09	-0.199234
1.78001e-09	-0.198534
1.78011e-09	-0.197835
1.7802e-09	-0.197136
1.78029e-09	-0.196437
1.78038e-09	-0.195738
1.78048e-09	-0.195039
1.78057e-09	-0.19434
1.78066e-09	-0.193641
1.78075e-09	-0.192943
1.78085e-09	-0.192244
1.78094e-09	-0.191546
1.78103e-09	-0.190848
1.78112e-09	-0.19015
1.78122e-09	-0.189452
1.78131e-09	-0.188754
1.7814e-09	-0.188056
1.78149e-09	-0.187358
1.78159e-09	-0.18666
1.78168e-09	-0.185963
1.78177e-09	-0.185266
1.78186e-09	-0.184568
1.78196e-09	-0.183871
1.78205e-09	-0.183174
1.78214e-09	-0.182477
1.78223e-09	-0.181781
1.78232e-09	-0.181084
1.78242e-09	-0.180387
1.78251e-09	-0.179691
1.7826e-09	-0.178995
1.78269e-09	-0.178299
1.78279e-09	-0.177603
1.78288e-09	-0.176907
1.78297e-09	-0.176211
1.78306e-09	-0.175515
1.78316e-09	-0.17482
1.78325e-09	-0.174124
1.78334e-09	-0.173429
1.78343e-09	-0.172734
1.78353e-09	-0.172039
1.78362e-09	-0.171344
1.78371e-09	-0.17065
1.7838e-09	-0.169955
1.7839e-09	-0.169261
1.78399e-09	-0.168566
1.78408e-09	-0.167872
1.78417e-09	-0.167178
1.78427e-09	-0.166484
1.78436e-09	-0.165791
1.78445e-09	-0.165097
1.78454e-09	-0.164404
1.78463e-09	-0.16371
1.78473e-09	-0.163017
1.78482e-09	-0.162324
1.78491e-09	-0.161632
1.785e-09	-0.160939
1.7851e-09	-0.160246
1.78519e-09	-0.159554
1.78528e-09	-0.158862
1.78537e-09	-0.15817
1.78547e-09	-0.157478
1.78556e-09	-0.156786
1.78565e-09	-0.156095
1.78574e-09	-0.155403
1.78584e-09	-0.154712
1.78593e-09	-0.154021
1.78602e-09	-0.15333
1.78611e-09	-0.152639
1.78621e-09	-0.151949
1.7863e-09	-0.151258
1.78639e-09	-0.150568
1.78648e-09	-0.149878
1.78658e-09	-0.149188
1.78667e-09	-0.148498
1.78676e-09	-0.147809
1.78685e-09	-0.14712
1.78694e-09	-0.14643
1.78704e-09	-0.145741
1.78713e-09	-0.145052
1.78722e-09	-0.144364
1.78731e-09	-0.143675
1.78741e-09	-0.142987
1.7875e-09	-0.142299
1.78759e-09	-0.141611
1.78768e-09	-0.140923
1.78778e-09	-0.140236
1.78787e-09	-0.139548
1.78796e-09	-0.138861
1.78805e-09	-0.138174
1.78815e-09	-0.137487
1.78824e-09	-0.1368
1.78833e-09	-0.136114
1.78842e-09	-0.135428
1.78852e-09	-0.134742
1.78861e-09	-0.134056
1.7887e-09	-0.13337
1.78879e-09	-0.132685
1.78889e-09	-0.131999
1.78898e-09	-0.131314
1.78907e-09	-0.130629
1.78916e-09	-0.129945
1.78925e-09	-0.12926
1.78935e-09	-0.128576
1.78944e-09	-0.127892
1.78953e-09	-0.127208
1.78962e-09	-0.126524
1.78972e-09	-0.125841
1.78981e-09	-0.125157
1.7899e-09	-0.124474
1.78999e-09	-0.123791
1.79009e-09	-0.123109
1.79018e-09	-0.122426
1.79027e-09	-0.121744
1.79036e-09	-0.121062
1.79046e-09	-0.12038
1.79055e-09	-0.119699
1.79064e-09	-0.119017
1.79073e-09	-0.118336
1.79083e-09	-0.117655
1.79092e-09	-0.116974
1.79101e-09	-0.116294
1.7911e-09	-0.115613
1.7912e-09	-0.114933
1.79129e-09	-0.114254
1.79138e-09	-0.113574
1.79147e-09	-0.112895
1.79157e-09	-0.112215
1.79166e-09	-0.111536
1.79175e-09	-0.110858
1.79184e-09	-0.110179
1.79193e-09	-0.109501
1.79203e-09	-0.108823
1.79212e-09	-0.108145
1.79221e-09	-0.107468
1.7923e-09	-0.10679
1.7924e-09	-0.106113
1.79249e-09	-0.105436
1.79258e-09	-0.10476
1.79267e-09	-0.104083
1.79277e-09	-0.103407
1.79286e-09	-0.102731
1.79295e-09	-0.102055
1.79304e-09	-0.10138
1.79314e-09	-0.100705
1.79323e-09	-0.10003
1.79332e-09	-0.0993552
1.79341e-09	-0.0986807
1.79351e-09	-0.0980065
1.7936e-09	-0.0973325
1.79369e-09	-0.0966588
1.79378e-09	-0.0959853
1.79388e-09	-0.0953121
1.79397e-09	-0.0946391
1.79406e-09	-0.0939664
1.79415e-09	-0.0932939
1.79424e-09	-0.0926217
1.79434e-09	-0.0919498
1.79443e-09	-0.091278
1.79452e-09	-0.0906066
1.79461e-09	-0.0899354
1.79471e-09	-0.0892645
1.7948e-09	-0.0885938
1.79489e-09	-0.0879234
1.79498e-09	-0.0872532
1.79508e-09	-0.0865833
1.79517e-09	-0.0859137
1.79526e-09	-0.0852444
1.79535e-09	-0.0845753
1.79545e-09	-0.0839064
1.79554e-09	-0.0832378
1.79563e-09	-0.0825696
1.79572e-09	-0.0819015
1.79582e-09	-0.0812338
1.79591e-09	-0.0805663
1.796e-09	-0.0798991
1.79609e-09	-0.0792321
1.79619e-09	-0.0785654
1.79628e-09	-0.077899
1.79637e-09	-0.0772329
1.79646e-09	-0.0765671
1.79655e-09	-0.0759015
1.79665e-09	-0.0752362
1.79674e-09	-0.0745712
1.79683e-09	-0.0739065
1.79692e-09	-0.073242
1.79702e-09	-0.0725779
1.79711e-09	-0.071914
1.7972e-09	-0.0712504
1.79729e-09	-0.0705871
1.79739e-09	-0.069924
1.79748e-09	-0.0692613
1.79757e-09	-0.0685988
1.79766e-09	-0.0679367
1.79776e-09	-0.0672748
1.79785e-09	-0.0666132
1.79794e-09	-0.0659519
1.79803e-09	-0.0652909
1.79813e-09	-0.0646302
1.79822e-09	-0.0639698
1.79831e-09	-0.0633097
1.7984e-09	-0.0626498
1.7985e-09	-0.0619903
1.79859e-09	-0.0613311
1.79868e-09	-0.0606721
1.79877e-09	-0.0600135
1.79886e-09	-0.0593552
1.79896e-09	-0.0586971
1.79905e-09	-0.0580394
1.79914e-09	-0.057382
1.79923e-09	-0.0567249
1.79933e-09	-0.0560681
1.79942e-09	-0.0554115
1.79951e-09	-0.0547553
1.7996e-09	-0.0540994
1.7997e-09	-0.0534439
1.79979e-09	-0.0527886
1.79988e-09	-0.0521336
1.79997e-09	-0.051479
1.80007e-09	-0.0508246
1.80016e-09	-0.0501706
1.80025e-09	-0.0495169
1.80034e-09	-0.0488635
1.80044e-09	-0.0482104
1.80053e-09	-0.0475576
1.80062e-09	-0.0469052
1.80071e-09	-0.046253
1.80081e-09	-0.0456012
1.8009e-09	-0.0449497
1.80099e-09	-0.0442985
1.80108e-09	-0.0436477
1.80118e-09	-0.0429972
1.80127e-09	-0.042347
1.80136e-09	-0.0416971
1.80145e-09	-0.0410475
1.80154e-09	-0.0403983
1.80164e-09	-0.0397494
1.80173e-09	-0.0391008
1.80182e-09	-0.0384526
1.80191e-09	-0.0378047
1.80201e-09	-0.0371571
1.8021e-09	-0.0365098
1.80219e-09	-0.0358629
1.80228e-09	-0.0352163
1.80238e-09	-0.0345701
1.80247e-09	-0.0339242
1.80256e-09	-0.0332786
1.80265e-09	-0.0326334
1.80275e-09	-0.0319884
1.80284e-09	-0.0313439
1.80293e-09	-0.0306997
1.80302e-09	-0.0300558
1.80312e-09	-0.0294122
1.80321e-09	-0.028769
1.8033e-09	-0.0281262
1.80339e-09	-0.0274837
1.80349e-09	-0.0268415
1.80358e-09	-0.0261997
1.80367e-09	-0.0255582
1.80376e-09	-0.0249171
1.80385e-09	-0.0242763
1.80395e-09	-0.0236358
1.80404e-09	-0.0229958
1.80413e-09	-0.022356
1.80422e-09	-0.0217167
1.80432e-09	-0.0210776
1.80441e-09	-0.0204389
1.8045e-09	-0.0198006
1.80459e-09	-0.0191627
1.80469e-09	-0.0185251
1.80478e-09	-0.0178878
1.80487e-09	-0.0172509
1.80496e-09	-0.0166144
1.80506e-09	-0.0159782
1.80515e-09	-0.0153424
1.80524e-09	-0.0147069
1.80533e-09	-0.0140718
1.80543e-09	-0.0134371
1.80552e-09	-0.0128027
1.80561e-09	-0.0121687
1.8057e-09	-0.0115351
1.8058e-09	-0.0109018
1.80589e-09	-0.0102689
1.80598e-09	-0.00963636
1.80607e-09	-0.00900419
1.80616e-09	-0.00837238
1.80626e-09	-0.00774095
1.80635e-09	-0.00710989
1.80644e-09	-0.0064792
1.80653e-09	-0.00584889
1.80663e-09	-0.00521894
1.80672e-09	-0.00458938
1.80681e-09	-0.00396018
1.8069e-09	-0.00333136
1.807e-09	-0.00270292
1.80709e-09	-0.00207486
1.80718e-09	-0.00144717
1.80727e-09	-0.000819867
1.80737e-09	-0.00019294
1.80746e-09	0.000433606
1.80755e-09	0.00105977
1.80764e-09	0.00168555
1.80774e-09	0.00231095
1.80783e-09	0.00293597
1.80792e-09	0.0035606
1.80801e-09	0.00418484
1.80811e-09	0.0048087
1.8082e-09	0.00543217
1.80829e-09	0.00605525
1.80838e-09	0.00667795
1.80847e-09	0.00730025
1.80857e-09	0.00792216
1.80866e-09	0.00854369
1.80875e-09	0.00916482
1.80884e-09	0.00978556
1.80894e-09	0.0104059
1.80903e-09	0.0110258
1.80912e-09	0.0116454
1.80921e-09	0.0122646
1.80931e-09	0.0128833
1.8094e-09	0.0135017
1.80949e-09	0.0141197
1.80958e-09	0.0147372
1.80968e-09	0.0153544
1.80977e-09	0.0159712
1.80986e-09	0.0165875
1.80995e-09	0.0172035
1.81005e-09	0.017819
1.81014e-09	0.0184342
1.81023e-09	0.019049
1.81032e-09	0.0196633
1.81042e-09	0.0202772
1.81051e-09	0.0208908
1.8106e-09	0.0215039
1.81069e-09	0.0221166
1.81078e-09	0.0227289
1.81088e-09	0.0233408
1.81097e-09	0.0239523
1.81106e-09	0.0245634
1.81115e-09	0.025174
1.81125e-09	0.0257843
1.81134e-09	0.0263941
1.81143e-09	0.0270036
1.81152e-09	0.0276126
1.81162e-09	0.0282212
1.81171e-09	0.0288293
1.8118e-09	0.0294371
1.81189e-09	0.0300444
1.81199e-09	0.0306513
1.81208e-09	0.0312578
1.81217e-09	0.0318639
1.81226e-09	0.0324696
1.81236e-09	0.0330748
1.81245e-09	0.0336796
1.81254e-09	0.034284
1.81263e-09	0.034888
1.81273e-09	0.0354915
1.81282e-09	0.0360946
1.81291e-09	0.0366973
1.813e-09	0.0372996
1.8131e-09	0.0379014
1.81319e-09	0.0385028
1.81328e-09	0.0391038
1.81337e-09	0.0397043
1.81346e-09	0.0403044
1.81356e-09	0.0409041
1.81365e-09	0.0415033
1.81374e-09	0.0421021
1.81383e-09	0.0427005
1.81393e-09	0.0432985
1.81402e-09	0.043896
1.81411e-09	0.044493
1.8142e-09	0.0450897
1.8143e-09	0.0456859
1.81439e-09	0.0462816
1.81448e-09	0.0468769
1.81457e-09	0.0474718
1.81467e-09	0.0480663
1.81476e-09	0.0486603
1.81485e-09	0.0492538
1.81494e-09	0.0498469
1.81504e-09	0.0504396
1.81513e-09	0.0510318
1.81522e-09	0.0516236
1.81531e-09	0.0522149
1.81541e-09	0.0528058
1.8155e-09	0.0533963
1.81559e-09	0.0539863
1.81568e-09	0.0545758
1.81577e-09	0.0551649
1.81587e-09	0.0557535
1.81596e-09	0.0563417
1.81605e-09	0.0569295
1.81614e-09	0.0575168
1.81624e-09	0.0581036
1.81633e-09	0.05869
1.81642e-09	0.0592759
1.81651e-09	0.0598614
1.81661e-09	0.0604464
1.8167e-09	0.061031
1.81679e-09	0.0616151
1.81688e-09	0.0621988
1.81698e-09	0.0627819
1.81707e-09	0.0633647
1.81716e-09	0.063947
1.81725e-09	0.0645288
1.81735e-09	0.0651101
1.81744e-09	0.065691
1.81753e-09	0.0662714
1.81762e-09	0.0668514
1.81772e-09	0.0674309
1.81781e-09	0.0680099
1.8179e-09	0.0685885
1.81799e-09	0.0691666
1.81808e-09	0.0697443
1.81818e-09	0.0703214
1.81827e-09	0.0708981
1.81836e-09	0.0714744
1.81845e-09	0.0720501
1.81855e-09	0.0726254
1.81864e-09	0.0732003
1.81873e-09	0.0737746
1.81882e-09	0.0743485
1.81892e-09	0.0749219
1.81901e-09	0.0754949
1.8191e-09	0.0760673
1.81919e-09	0.0766393
1.81929e-09	0.0772108
1.81938e-09	0.0777819
1.81947e-09	0.0783524
1.81956e-09	0.0789225
1.81966e-09	0.0794921
1.81975e-09	0.0800612
1.81984e-09	0.0806299
1.81993e-09	0.0811981
1.82003e-09	0.0817658
1.82012e-09	0.082333
1.82021e-09	0.0828997
1.8203e-09	0.0834659
1.82039e-09	0.0840317
1.82049e-09	0.084597
1.82058e-09	0.0851618
1.82067e-09	0.0857261
1.82076e-09	0.0862899
1.82086e-09	0.0868532
1.82095e-09	0.0874161
1.82104e-09	0.0879785
1.82113e-09	0.0885403
1.82123e-09	0.0891017
1.82132e-09	0.0896626
1.82141e-09	0.090223
1.8215e-09	0.0907829
1.8216e-09	0.0913424
1.82169e-09	0.0919013
1.82178e-09	0.0924597
1.82187e-09	0.0930177
1.82197e-09	0.0935751
1.82206e-09	0.0941321
1.82215e-09	0.0946885
1.82224e-09	0.0952445
1.82234e-09	0.0958
1.82243e-09	0.096355
1.82252e-09	0.0969094
1.82261e-09	0.0974634
1.82271e-09	0.0980169
1.8228e-09	0.0985699
1.82289e-09	0.0991224
1.82298e-09	0.0996743
1.82307e-09	0.100226
1.82317e-09	0.100777
1.82326e-09	0.101327
1.82335e-09	0.101877
1.82344e-09	0.102427
1.82354e-09	0.102976
1.82363e-09	0.103524
1.82372e-09	0.104072
1.82381e-09	0.10462
1.82391e-09	0.105166
1.824e-09	0.105713
1.82409e-09	0.106259
1.82418e-09	0.106804
1.82428e-09	0.107349
1.82437e-09	0.107894
1.82446e-09	0.108437
1.82455e-09	0.108981
1.82465e-09	0.109524
1.82474e-09	0.110066
1.82483e-09	0.110608
1.82492e-09	0.111149
1.82502e-09	0.11169
1.82511e-09	0.11223
1.8252e-09	0.11277
1.82529e-09	0.113309
1.82538e-09	0.113848
1.82548e-09	0.114386
1.82557e-09	0.114924
1.82566e-09	0.115461
1.82575e-09	0.115998
1.82585e-09	0.116534
1.82594e-09	0.11707
1.82603e-09	0.117605
1.82612e-09	0.118139
1.82622e-09	0.118674
1.82631e-09	0.119207
1.8264e-09	0.11974
1.82649e-09	0.120273
1.82659e-09	0.120805
1.82668e-09	0.121336
1.82677e-09	0.121867
1.82686e-09	0.122397
1.82696e-09	0.122927
1.82705e-09	0.123457
1.82714e-09	0.123986
1.82723e-09	0.124514
1.82733e-09	0.125042
1.82742e-09	0.125569
1.82751e-09	0.126096
1.8276e-09	0.126622
1.82769e-09	0.127147
1.82779e-09	0.127673
1.82788e-09	0.128197
1.82797e-09	0.128721
1.82806e-09	0.129245
1.82816e-09	0.129768
1.82825e-09	0.13029
1.82834e-09	0.130812
1.82843e-09	0.131334
1.82853e-09	0.131855
1.82862e-09	0.132375
1.82871e-09	0.132895
1.8288e-09	0.133414
1.8289e-09	0.133933
1.82899e-09	0.134451
1.82908e-09	0.134968
1.82917e-09	0.135486
1.82927e-09	0.136002
1.82936e-09	0.136518
1.82945e-09	0.137034
1.82954e-09	0.137549
1.82964e-09	0.138063
1.82973e-09	0.138577
1.82982e-09	0.13909
1.82991e-09	0.139603
1.83e-09	0.140115
1.8301e-09	0.140627
1.83019e-09	0.141138
1.83028e-09	0.141649
1.83037e-09	0.142159
1.83047e-09	0.142668
1.83056e-09	0.143177
1.83065e-09	0.143686
1.83074e-09	0.144193
1.83084e-09	0.144701
1.83093e-09	0.145208
1.83102e-09	0.145714
1.83111e-09	0.146219
1.83121e-09	0.146725
1.8313e-09	0.147229
1.83139e-09	0.147733
1.83148e-09	0.148237
1.83158e-09	0.14874
1.83167e-09	0.149242
1.83176e-09	0.149744
1.83185e-09	0.150245
1.83195e-09	0.150746
1.83204e-09	0.151246
1.83213e-09	0.151745
1.83222e-09	0.152244
1.83231e-09	0.152743
1.83241e-09	0.153241
1.8325e-09	0.153738
1.83259e-09	0.154235
1.83268e-09	0.154731
1.83278e-09	0.155227
1.83287e-09	0.155722
1.83296e-09	0.156217
1.83305e-09	0.156711
1.83315e-09	0.157204
1.83324e-09	0.157697
1.83333e-09	0.158189
1.83342e-09	0.158681
1.83352e-09	0.159172
1.83361e-09	0.159663
1.8337e-09	0.160153
1.83379e-09	0.160643
1.83389e-09	0.161132
1.83398e-09	0.16162
1.83407e-09	0.162108
1.83416e-09	0.162595
1.83426e-09	0.163082
1.83435e-09	0.163568
1.83444e-09	0.164054
1.83453e-09	0.164539
1.83463e-09	0.165023
1.83472e-09	0.165507
1.83481e-09	0.16599
1.8349e-09	0.166473
1.83499e-09	0.166955
1.83509e-09	0.167437
1.83518e-09	0.167918
1.83527e-09	0.168398
1.83536e-09	0.168878
1.83546e-09	0.169357
1.83555e-09	0.169836
1.83564e-09	0.170314
1.83573e-09	0.170792
1.83583e-09	0.171269
1.83592e-09	0.171745
1.83601e-09	0.172221
1.8361e-09	0.172696
1.8362e-09	0.173171
1.83629e-09	0.173645
1.83638e-09	0.174119
1.83647e-09	0.174592
1.83657e-09	0.175064
1.83666e-09	0.175536
1.83675e-09	0.176007
1.83684e-09	0.176478
1.83694e-09	0.176948
1.83703e-09	0.177417
1.83712e-09	0.177886
1.83721e-09	0.178355
1.8373e-09	0.178822
1.8374e-09	0.17929
1.83749e-09	0.179756
1.83758e-09	0.180222
1.83767e-09	0.180688
1.83777e-09	0.181153
1.83786e-09	0.181617
1.83795e-09	0.182081
1.83804e-09	0.182544
1.83814e-09	0.183006
1.83823e-09	0.183468
1.83832e-09	0.18393
1.83841e-09	0.18439
1.83851e-09	0.184851
1.8386e-09	0.18531
1.83869e-09	0.185769
1.83878e-09	0.186228
1.83888e-09	0.186686
1.83897e-09	0.187143
1.83906e-09	0.187599
1.83915e-09	0.188056
1.83925e-09	0.188511
1.83934e-09	0.188966
1.83943e-09	0.18942
1.83952e-09	0.189874
1.83961e-09	0.190327
1.83971e-09	0.19078
1.8398e-09	0.191232
1.83989e-09	0.191683
1.83998e-09	0.192134
1.84008e-09	0.192584
1.84017e-09	0.193034
1.84026e-09	0.193483
1.84035e-09	0.193931
1.84045e-09	0.194379
1.84054e-09	0.194826
1.84063e-09	0.195273
1.84072e-09	0.195719
1.84082e-09	0.196164
1.84091e-09	0.196609
1.841e-09	0.197053
1.84109e-09	0.197497
1.84119e-09	0.19794
1.84128e-09	0.198382
1.84137e-09	0.198824
1.84146e-09	0.199265
1.84156e-09	0.199706
1.84165e-09	0.200146
1.84174e-09	0.200586
1.84183e-09	0.201024
1.84192e-09	0.201463
1.84202e-09	0.2019
1.84211e-09	0.202337
1.8422e-09	0.202774
1.84229e-09	0.20321
1.84239e-09	0.203645
1.84248e-09	0.20408
1.84257e-09	0.204514
1.84266e-09	0.204947
1.84276e-09	0.20538
1.84285e-09	0.205812
1.84294e-09	0.206244
1.84303e-09	0.206675
1.84313e-09	0.207105
1.84322e-09	0.207535
1.84331e-09	0.207964
1.8434e-09	0.208393
1.8435e-09	0.208821
1.84359e-09	0.209248
1.84368e-09	0.209675
1.84377e-09	0.210101
1.84387e-09	0.210527
1.84396e-09	0.210952
1.84405e-09	0.211376
1.84414e-09	0.2118
1.84424e-09	0.212223
1.84433e-09	0.212646
1.84442e-09	0.213068
1.84451e-09	0.213489
1.8446e-09	0.21391
1.8447e-09	0.21433
1.84479e-09	0.21475
1.84488e-09	0.215169
1.84497e-09	0.215587
1.84507e-09	0.216004
1.84516e-09	0.216422
1.84525e-09	0.216838
1.84534e-09	0.217254
1.84544e-09	0.217669
1.84553e-09	0.218084
1.84562e-09	0.218498
1.84571e-09	0.218911
1.84581e-09	0.219324
1.8459e-09	0.219736
1.84599e-09	0.220148
1.84608e-09	0.220559
1.84618e-09	0.220969
1.84627e-09	0.221379
1.84636e-09	0.221788
1.84645e-09	0.222196
1.84655e-09	0.222604
1.84664e-09	0.223011
1.84673e-09	0.223418
1.84682e-09	0.223824
1.84691e-09	0.224229
1.84701e-09	0.224634
1.8471e-09	0.225038
1.84719e-09	0.225442
1.84728e-09	0.225845
1.84738e-09	0.226247
1.84747e-09	0.226649
1.84756e-09	0.22705
1.84765e-09	0.227451
1.84775e-09	0.22785
1.84784e-09	0.22825
1.84793e-09	0.228648
1.84802e-09	0.229046
1.84812e-09	0.229444
1.84821e-09	0.22984
1.8483e-09	0.230236
1.84839e-09	0.230632
1.84849e-09	0.231027
1.84858e-09	0.231421
1.84867e-09	0.231815
1.84876e-09	0.232208
1.84886e-09	0.2326
1.84895e-09	0.232992
1.84904e-09	0.233383
1.84913e-09	0.233774
1.84922e-09	0.234164
1.84932e-09	0.234553
1.84941e-09	0.234942
1.8495e-09	0.23533
1.84959e-09	0.235717
1.84969e-09	0.236104
1.84978e-09	0.23649
1.84987e-09	0.236876
1.84996e-09	0.23726
1.85006e-09	0.237645
1.85015e-09	0.238028
1.85024e-09	0.238411
1.85033e-09	0.238794
1.85043e-09	0.239176
1.85052e-09	0.239557
1.85061e-09	0.239937
1.8507e-09	0.240317
1.8508e-09	0.240697
1.85089e-09	0.241075
1.85098e-09	0.241453
1.85107e-09	0.241831
1.85117e-09	0.242207
1.85126e-09	0.242584
1.85135e-09	0.242959
1.85144e-09	0.243334
1.85153e-09	0.243708
1.85163e-09	0.244082
1.85172e-09	0.244455
1.85181e-09	0.244827
1.8519e-09	0.245199
1.852e-09	0.24557
1.85209e-09	0.245941
1.85218e-09	0.24631
1.85227e-09	0.24668
1.85237e-09	0.247048
1.85246e-09	0.247416
1.85255e-09	0.247783
1.85264e-09	0.24815
1.85274e-09	0.248516
1.85283e-09	0.248882
1.85292e-09	0.249246
1.85301e-09	0.249611
1.85311e-09	0.249974
1.8532e-09	0.250337
1.85329e-09	0.250699
1.85338e-09	0.251061
1.85348e-09	0.251422
1.85357e-09	0.251782
1.85366e-09	0.252142
1.85375e-09	0.252501
1.85384e-09	0.25286
1.85394e-09	0.253217
1.85403e-09	0.253575
1.85412e-09	0.253931
1.85421e-09	0.254287
1.85431e-09	0.254642
1.8544e-09	0.254997
1.85449e-09	0.255351
1.85458e-09	0.255705
1.85468e-09	0.256057
1.85477e-09	0.256409
1.85486e-09	0.256761
1.85495e-09	0.257112
1.85505e-09	0.257462
1.85514e-09	0.257811
1.85523e-09	0.25816
1.85532e-09	0.258509
1.85542e-09	0.258856
1.85551e-09	0.259203
1.8556e-09	0.25955
1.85569e-09	0.259896
1.85579e-09	0.260241
1.85588e-09	0.260585
1.85597e-09	0.260929
1.85606e-09	0.261272
1.85616e-09	0.261615
1.85625e-09	0.261957
1.85634e-09	0.262298
1.85643e-09	0.262639
1.85652e-09	0.262979
1.85662e-09	0.263318
1.85671e-09	0.263657
1.8568e-09	0.263995
1.85689e-09	0.264332
1.85699e-09	0.264669
1.85708e-09	0.265005
1.85717e-09	0.265341
1.85726e-09	0.265676
1.85736e-09	0.26601
1.85745e-09	0.266344
1.85754e-09	0.266677
1.85763e-09	0.267009
1.85773e-09	0.267341
1.85782e-09	0.267672
1.85791e-09	0.268002
1.858e-09	0.268332
1.8581e-09	0.268661
1.85819e-09	0.268989
1.85828e-09	0.269317
1.85837e-09	0.269644
1.85847e-09	0.269971
1.85856e-09	0.270297
1.85865e-09	0.270622
1.85874e-09	0.270947
1.85883e-09	0.271271
1.85893e-09	0.271594
1.85902e-09	0.271917
1.85911e-09	0.272239
1.8592e-09	0.27256
1.8593e-09	0.272881
1.85939e-09	0.273201
1.85948e-09	0.273521
1.85957e-09	0.27384
1.85967e-09	0.274158
1.85976e-09	0.274475
1.85985e-09	0.274792
1.85994e-09	0.275109
1.86004e-09	0.275424
1.86013e-09	0.275739
1.86022e-09	0.276054
1.86031e-09	0.276367
1.86041e-09	0.27668
1.8605e-09	0.276993
1.86059e-09	0.277305
1.86068e-09	0.277616
1.86078e-09	0.277926
1.86087e-09	0.278236
1.86096e-09	0.278545
1.86105e-09	0.278854
1.86114e-09	0.279162
1.86124e-09	0.279469
1.86133e-09	0.279775
1.86142e-09	0.280081
1.86151e-09	0.280387
1.86161e-09	0.280691
1.8617e-09	0.280995
1.86179e-09	0.281299
1.86188e-09	0.281602
1.86198e-09	0.281904
1.86207e-09	0.282205
1.86216e-09	0.282506
1.86225e-09	0.282806
1.86235e-09	0.283106
1.86244e-09	0.283404
1.86253e-09	0.283703
1.86262e-09	0.284
1.86272e-09	0.284297
1.86281e-09	0.284594
1.8629e-09	0.284889
1.86299e-09	0.285184
1.86309e-09	0.285479
1.86318e-09	0.285772
1.86327e-09	0.286065
1.86336e-09	0.286358
1.86345e-09	0.286649
1.86355e-09	0.286941
1.86364e-09	0.287231
1.86373e-09	0.287521
1.86382e-09	0.28781
1.86392e-09	0.288099
1.86401e-09	0.288386
1.8641e-09	0.288674
1.86419e-09	0.28896
1.86429e-09	0.289246
1.86438e-09	0.289531
1.86447e-09	0.289816
1.86456e-09	0.2901
1.86466e-09	0.290383
1.86475e-09	0.290666
1.86484e-09	0.290948
1.86493e-09	0.29123
1.86503e-09	0.29151
1.86512e-09	0.29179
1.86521e-09	0.29207
1.8653e-09	0.292349
1.8654e-09	0.292627
1.86549e-09	0.292904
1.86558e-09	0.293181
1.86567e-09	0.293458
1.86577e-09	0.293733
1.86586e-09	0.294008
1.86595e-09	0.294282
1.86604e-09	0.294556
1.86613e-09	0.294829
1.86623e-09	0.295101
1.86632e-09	0.295373
1.86641e-09	0.295644
1.8665e-09	0.295914
1.8666e-09	0.296184
1.86669e-09	0.296453
1.86678e-09	0.296722
1.86687e-09	0.29699
1.86697e-09	0.297257
1.86706e-09	0.297523
1.86715e-09	0.297789
1.86724e-09	0.298054
1.86734e-09	0.298319
1.86743e-09	0.298583
1.86752e-09	0.298846
1.86761e-09	0.299109
1.86771e-09	0.299371
1.8678e-09	0.299632
1.86789e-09	0.299893
1.86798e-09	0.300153
1.86808e-09	0.300412
1.86817e-09	0.300671
1.86826e-09	0.300929
1.86835e-09	0.301186
1.86844e-09	0.301443
1.86854e-09	0.301699
1.86863e-09	0.301955
1.86872e-09	0.30221
1.86881e-09	0.302464
1.86891e-09	0.302717
1.869e-09	0.30297
1.86909e-09	0.303222
1.86918e-09	0.303474
1.86928e-09	0.303725
1.86937e-09	0.303975
1.86946e-09	0.304225
1.86955e-09	0.304474
1.86965e-09	0.304722
1.86974e-09	0.30497
1.86983e-09	0.305217
1.86992e-09	0.305464
1.87002e-09	0.305709
1.87011e-09	0.305954
1.8702e-09	0.306199
1.87029e-09	0.306443
1.87039e-09	0.306686
1.87048e-09	0.306928
1.87057e-09	0.30717
1.87066e-09	0.307412
1.87075e-09	0.307652
1.87085e-09	0.307892
1.87094e-09	0.308131
1.87103e-09	0.30837
1.87112e-09	0.308608
1.87122e-09	0.308845
1.87131e-09	0.309082
1.8714e-09	0.309318
1.87149e-09	0.309554
1.87159e-09	0.309788
1.87168e-09	0.310023
1.87177e-09	0.310256
1.87186e-09	0.310489
1.87196e-09	0.310721
1.87205e-09	0.310953
1.87214e-09	0.311183
1.87223e-09	0.311414
1.87233e-09	0.311643
1.87242e-09	0.311872
1.87251e-09	0.3121
1.8726e-09	0.312328
1.8727e-09	0.312555
1.87279e-09	0.312781
1.87288e-09	0.313007
1.87297e-09	0.313232
1.87306e-09	0.313457
1.87316e-09	0.31368
1.87325e-09	0.313904
1.87334e-09	0.314126
1.87343e-09	0.314348
1.87353e-09	0.314569
1.87362e-09	0.31479
1.87371e-09	0.31501
1.8738e-09	0.315229
1.8739e-09	0.315447
1.87399e-09	0.315665
1.87408e-09	0.315883
1.87417e-09	0.316099
1.87427e-09	0.316315
1.87436e-09	0.316531
1.87445e-09	0.316745
1.87454e-09	0.31696
1.87464e-09	0.317173
1.87473e-09	0.317386
1.87482e-09	0.317598
1.87491e-09	0.317809
1.87501e-09	0.31802
1.8751e-09	0.318231
1.87519e-09	0.31844
1.87528e-09	0.318649
1.87538e-09	0.318857
1.87547e-09	0.319065
1.87556e-09	0.319272
1.87565e-09	0.319478
1.87574e-09	0.319684
1.87584e-09	0.319889
1.87593e-09	0.320094
1.87602e-09	0.320297
1.87611e-09	0.3205
1.87621e-09	0.320703
1.8763e-09	0.320905
1.87639e-09	0.321106
1.87648e-09	0.321307
1.87658e-09	0.321506
1.87667e-09	0.321706
1.87676e-09	0.321904
1.87685e-09	0.322102
1.87695e-09	0.3223
1.87704e-09	0.322496
1.87713e-09	0.322692
1.87722e-09	0.322888
1.87732e-09	0.323083
1.87741e-09	0.323277
1.8775e-09	0.32347
1.87759e-09	0.323663
1.87769e-09	0.323855
1.87778e-09	0.324047
1.87787e-09	0.324238
1.87796e-09	0.324428
1.87805e-09	0.324618
1.87815e-09	0.324807
1.87824e-09	0.324995
1.87833e-09	0.325183
1.87842e-09	0.32537
1.87852e-09	0.325556
1.87861e-09	0.325742
1.8787e-09	0.325927
1.87879e-09	0.326112
1.87889e-09	0.326296
1.87898e-09	0.326479
1.87907e-09	0.326662
1.87916e-09	0.326844
1.87926e-09	0.327025
1.87935e-09	0.327206
1.87944e-09	0.327386
1.87953e-09	0.327565
1.87963e-09	0.327744
1.87972e-09	0.327922
1.87981e-09	0.328099
1.8799e-09	0.328276
1.88e-09	0.328452
1.88009e-09	0.328628
1.88018e-09	0.328803
1.88027e-09	0.328977
1.88036e-09	0.329151
1.88046e-09	0.329324
1.88055e-09	0.329496
1.88064e-09	0.329668
1.88073e-09	0.329839
1.88083e-09	0.330009
1.88092e-09	0.330179
1.88101e-09	0.330349
1.8811e-09	0.330517
1.8812e-09	0.330685
1.88129e-09	0.330852
1.88138e-09	0.331019
1.88147e-09	0.331185
1.88157e-09	0.33135
1.88166e-09	0.331515
1.88175e-09	0.331679
1.88184e-09	0.331843
1.88194e-09	0.332005
1.88203e-09	0.332168
1.88212e-09	0.332329
1.88221e-09	0.33249
1.88231e-09	0.33265
1.8824e-09	0.33281
1.88249e-09	0.332969
1.88258e-09	0.333127
1.88267e-09	0.333285
1.88277e-09	0.333442
1.88286e-09	0.333599
1.88295e-09	0.333755
1.88304e-09	0.33391
1.88314e-09	0.334065
1.88323e-09	0.334219
1.88332e-09	0.334372
1.88341e-09	0.334525
1.88351e-09	0.334677
1.8836e-09	0.334828
1.88369e-09	0.334979
1.88378e-09	0.335129
1.88388e-09	0.335278
1.88397e-09	0.335427
1.88406e-09	0.335576
1.88415e-09	0.335723
1.88425e-09	0.33587
1.88434e-09	0.336017
1.88443e-09	0.336162
1.88452e-09	0.336308
1.88462e-09	0.336452
1.88471e-09	0.336596
1.8848e-09	0.336739
1.88489e-09	0.336882
1.88498e-09	0.337024
1.88508e-09	0.337165
1.88517e-09	0.337306
1.88526e-09	0.337446
1.88535e-09	0.337585
1.88545e-09	0.337724
1.88554e-09	0.337862
1.88563e-09	0.338
1.88572e-09	0.338137
1.88582e-09	0.338273
1.88591e-09	0.338409
1.886e-09	0.338544
1.88609e-09	0.338678
1.88619e-09	0.338812
1.88628e-09	0.338945
1.88637e-09	0.339078
1.88646e-09	0.33921
1.88656e-09	0.339341
1.88665e-09	0.339472
1.88674e-09	0.339602
1.88683e-09	0.339731
1.88693e-09	0.33986
1.88702e-09	0.339988
1.88711e-09	0.340116
1.8872e-09	0.340243
1.8873e-09	0.340369
1.88739e-09	0.340495
1.88748e-09	0.34062
1.88757e-09	0.340744
1.88766e-09	0.340868
1.88776e-09	0.340991
1.88785e-09	0.341114
1.88794e-09	0.341236
1.88803e-09	0.341357
1.88813e-09	0.341478
1.88822e-09	0.341598
1.88831e-09	0.341717
1.8884e-09	0.341836
1.8885e-09	0.341954
1.88859e-09	0.342072
1.88868e-09	0.342189
1.88877e-09	0.342305
1.88887e-09	0.342421
1.88896e-09	0.342536
1.88905e-09	0.342651
1.88914e-09	0.342765
1.88924e-09	0.342878
1.88933e-09	0.34299
1.88942e-09	0.343102
1.88951e-09	0.343214
1.88961e-09	0.343325
1.8897e-09	0.343435
1.88979e-09	0.343544
1.88988e-09	0.343653
1.88997e-09	0.343762
1.89007e-09	0.343869
1.89016e-09	0.343976
1.89025e-09	0.344083
1.89034e-09	0.344189
1.89044e-09	0.344294
1.89053e-09	0.344399
1.89062e-09	0.344503
1.89071e-09	0.344606
1.89081e-09	0.344709
1.8909e-09	0.344811
1.89099e-09	0.344912
1.89108e-09	0.345013
1.89118e-09	0.345114
1.89127e-09	0.345213
1.89136e-09	0.345313
1.89145e-09	0.345411
1.89155e-09	0.345509
1.89164e-09	0.345606
1.89173e-09	0.345703
1.89182e-09	0.345799
1.89192e-09	0.345894
1.89201e-09	0.345989
1.8921e-09	0.346083
1.89219e-09	0.346177
1.89228e-09	0.34627
1.89238e-09	0.346362
1.89247e-09	0.346454
1.89256e-09	0.346545
1.89265e-09	0.346636
1.89275e-09	0.346726
1.89284e-09	0.346815
1.89293e-09	0.346904
1.89302e-09	0.346992
1.89312e-09	0.347079
1.89321e-09	0.347166
1.8933e-09	0.347252
1.89339e-09	0.347338
1.89349e-09	0.347423
1.89358e-09	0.347508
1.89367e-09	0.347591
1.89376e-09	0.347675
1.89386e-09	0.347757
1.89395e-09	0.347839
1.89404e-09	0.347921
1.89413e-09	0.348002
1.89423e-09	0.348082
1.89432e-09	0.348162
1.89441e-09	0.348241
1.8945e-09	0.348319
1.89459e-09	0.348397
1.89469e-09	0.348474
1.89478e-09	0.348551
1.89487e-09	0.348627
1.89496e-09	0.348702
1.89506e-09	0.348777
1.89515e-09	0.348851
1.89524e-09	0.348925
1.89533e-09	0.348998
1.89543e-09	0.34907
1.89552e-09	0.349142
1.89561e-09	0.349213
1.8957e-09	0.349284
1.8958e-09	0.349354
1.89589e-09	0.349423
1.89598e-09	0.349492
1.89607e-09	0.34956
1.89617e-09	0.349628
1.89626e-09	0.349695
1.89635e-09	0.349761
1.89644e-09	0.349827
1.89654e-09	0.349892
1.89663e-09	0.349957
1.89672e-09	0.350021
1.89681e-09	0.350084
1.89691e-09	0.350147
1.897e-09	0.350209
1.89709e-09	0.350271
1.89718e-09	0.350332
1.89727e-09	0.350392
1.89737e-09	0.350452
1.89746e-09	0.350511
1.89755e-09	0.35057
1.89764e-09	0.350628
1.89774e-09	0.350686
1.89783e-09	0.350743
1.89792e-09	0.350799
1.89801e-09	0.350855
1.89811e-09	0.35091
1.8982e-09	0.350964
1.89829e-09	0.351018
1.89838e-09	0.351072
1.89848e-09	0.351124
1.89857e-09	0.351177
1.89866e-09	0.351228
1.89875e-09	0.351279
1.89885e-09	0.35133
1.89894e-09	0.351379
1.89903e-09	0.351429
1.89912e-09	0.351477
1.89922e-09	0.351525
1.89931e-09	0.351573
1.8994e-09	0.35162
1.89949e-09	0.351666
1.89958e-09	0.351712
1.89968e-09	0.351757
1.89977e-09	0.351801
1.89986e-09	0.351845
1.89995e-09	0.351889
1.90005e-09	0.351931
1.90014e-09	0.351974
1.90023e-09	0.352015
1.90032e-09	0.352056
1.90042e-09	0.352097
1.90051e-09	0.352137
1.9006e-09	0.352176
1.90069e-09	0.352215
1.90079e-09	0.352253
1.90088e-09	0.35229
1.90097e-09	0.352327
1.90106e-09	0.352364
1.90116e-09	0.352399
1.90125e-09	0.352435
1.90134e-09	0.352469
1.90143e-09	0.352503
1.90153e-09	0.352537
1.90162e-09	0.35257
1.90171e-09	0.352602
1.9018e-09	0.352634
1.90189e-09	0.352665
1.90199e-09	0.352696
1.90208e-09	0.352726
1.90217e-09	0.352755
1.90226e-09	0.352784
1.90236e-09	0.352812
1.90245e-09	0.35284
1.90254e-09	0.352867
1.90263e-09	0.352894
1.90273e-09	0.35292
1.90282e-09	0.352945
1.90291e-09	0.35297
1.903e-09	0.352994
1.9031e-09	0.353018
1.90319e-09	0.353041
1.90328e-09	0.353064
1.90337e-09	0.353086
1.90347e-09	0.353107
1.90356e-09	0.353128
1.90365e-09	0.353148
1.90374e-09	0.353168
1.90384e-09	0.353187
1.90393e-09	0.353206
1.90402e-09	0.353224
1.90411e-09	0.353241
1.9042e-09	0.353258
1.9043e-09	0.353274
1.90439e-09	0.35329
1.90448e-09	0.353305
1.90457e-09	0.35332
1.90467e-09	0.353334
1.90476e-09	0.353348
1.90485e-09	0.35336
1.90494e-09	0.353373
1.90504e-09	0.353385
1.90513e-09	0.353396
1.90522e-09	0.353406
1.90531e-09	0.353417
1.90541e-09	0.353426
1.9055e-09	0.353435
1.90559e-09	0.353443
1.90568e-09	0.353451
1.90578e-09	0.353459
1.90587e-09	0.353465
1.90596e-09	0.353472
1.90605e-09	0.353477
1.90615e-09	0.353482
1.90624e-09	0.353487
1.90633e-09	0.353491
1.90642e-09	0.353494
1.90651e-09	0.353497
1.90661e-09	0.353499
1.9067e-09	0.353501
1.90679e-09	0.353502
1.90688e-09	0.353502
1.90698e-09	0.353503
1.90707e-09	0.353502
1.90716e-09	0.353501
1.90725e-09	0.353499
1.90735e-09	0.353497
1.90744e-09	0.353494
1.90753e-09	0.353491
1.90762e-09	0.353487
1.90772e-09	0.353483
1.90781e-09	0.353478
1.9079e-09	0.353472
1.90799e-09	0.353466
1.90809e-09	0.35346
1.90818e-09	0.353453
1.90827e-09	0.353445
1.90836e-09	0.353437
1.90846e-09	0.353428
1.90855e-09	0.353418
1.90864e-09	0.353409
1.90873e-09	0.353398
1.90883e-09	0.353387
1.90892e-09	0.353376
1.90901e-09	0.353364
1.9091e-09	0.353351
1.90919e-09	0.353338
1.90929e-09	0.353324
1.90938e-09	0.35331
1.90947e-09	0.353295
1.90956e-09	0.35328
1.90966e-09	0.353264
1.90975e-09	0.353247
1.90984e-09	0.35323
1.90993e-09	0.353213
1.91003e-09	0.353195
1.91012e-09	0.353176
1.91021e-09	0.353157
1.9103e-09	0.353137
1.9104e-09	0.353117
1.91049e-09	0.353096
1.91058e-09	0.353075
1.91067e-09	0.353053
1.91077e-09	0.353031
1.91086e-09	0.353008
1.91095e-09	0.352984
1.91104e-09	0.35296
1.91114e-09	0.352936
1.91123e-09	0.352911
1.91132e-09	0.352885
1.91141e-09	0.352859
1.9115e-09	0.352832
1.9116e-09	0.352805
1.91169e-09	0.352777
1.91178e-09	0.352749
1.91187e-09	0.35272
1.91197e-09	0.352691
1.91206e-09	0.352661
1.91215e-09	0.35263
1.91224e-09	0.3526
1.91234e-09	0.352568
1.91243e-09	0.352536
1.91252e-09	0.352504
1.91261e-09	0.35247
1.91271e-09	0.352437
1.9128e-09	0.352403
1.91289e-09	0.352368
1.91298e-09	0.352333
1.91308e-09	0.352297
1.91317e-09	0.352261
1.91326e-09	0.352224
1.91335e-09	0.352187
1.91345e-09	0.352149
1.91354e-09	0.352111
1.91363e-09	0.352072
1.91372e-09	0.352033
1.91381e-09	0.351993
1.91391e-09	0.351952
1.914e-09	0.351911
1.91409e-09	0.35187
1.91418e-09	0.351828
1.91428e-09	0.351785
1.91437e-09	0.351742
1.91446e-09	0.351699
1.91455e-09	0.351655
1.91465e-09	0.35161
1.91474e-09	0.351565
1.91483e-09	0.351519
1.91492e-09	0.351473
1.91502e-09	0.351426
1.91511e-09	0.351379
1.9152e-09	0.351332
1.91529e-09	0.351283
1.91539e-09	0.351235
1.91548e-09	0.351185
1.91557e-09	0.351136
1.91566e-09	0.351085
1.91576e-09	0.351034
1.91585e-09	0.350983
1.91594e-09	0.350931
1.91603e-09	0.350879
1.91612e-09	0.350826
1.91622e-09	0.350773
1.91631e-09	0.350719
1.9164e-09	0.350664
1.91649e-09	0.35061
1.91659e-09	0.350554
1.91668e-09	0.350498
1.91677e-09	0.350442
1.91686e-09	0.350385
1.91696e-09	0.350327
1.91705e-09	0.35027
1.91714e-09	0.350211
1.91723e-09	0.350152
1.91733e-09	0.350093
1.91742e-09	0.350033
1.91751e-09	0.349972
1.9176e-09	0.349911
1.9177e-09	0.34985
1.91779e-09	0.349788
1.91788e-09	0.349725
1.91797e-09	0.349662
1.91807e-09	0.349599
1.91816e-09	0.349535
1.91825e-09	0.34947
1.91834e-09	0.349405
1.91844e-09	0.34934
1.91853e-09	0.349274
1.91862e-09	0.349207
1.91871e-09	0.34914
1.9188e-09	0.349073
1.9189e-09	0.349005
1.91899e-09	0.348936
1.91908e-09	0.348867
1.91917e-09	0.348798
1.91927e-09	0.348728
1.91936e-09	0.348657
1.91945e-09	0.348586
1.91954e-09	0.348515
1.91964e-09	0.348443
1.91973e-09	0.348371
1.91982e-09	0.348298
1.91991e-09	0.348224
1.92001e-09	0.34815
1.9201e-09	0.348076
1.92019e-09	0.348001
1.92028e-09	0.347926
1.92038e-09	0.34785
1.92047e-09	0.347773
1.92056e-09	0.347697
1.92065e-09	0.347619
1.92075e-09	0.347541
1.92084e-09	0.347463
1.92093e-09	0.347384
1.92102e-09	0.347305
1.92111e-09	0.347225
1.92121e-09	0.347145
1.9213e-09	0.347064
1.92139e-09	0.346983
1.92148e-09	0.346901
1.92158e-09	0.346819
1.92167e-09	0.346736
1.92176e-09	0.346653
1.92185e-09	0.346569
1.92195e-09	0.346485
1.92204e-09	0.346401
1.92213e-09	0.346316
1.92222e-09	0.34623
1.92232e-09	0.346144
1.92241e-09	0.346057
1.9225e-09	0.34597
1.92259e-09	0.345883
1.92269e-09	0.345795
1.92278e-09	0.345706
1.92287e-09	0.345618
1.92296e-09	0.345528
1.92306e-09	0.345438
1.92315e-09	0.345348
1.92324e-09	0.345257
1.92333e-09	0.345166
1.92342e-09	0.345074
1.92352e-09	0.344982
1.92361e-09	0.344889
1.9237e-09	0.344796
1.92379e-09	0.344702
1.92389e-09	0.344608
1.92398e-09	0.344514
1.92407e-09	0.344418
1.92416e-09	0.344323
1.92426e-09	0.344227
1.92435e-09	0.34413
1.92444e-09	0.344034
1.92453e-09	0.343936
1.92463e-09	0.343838
1.92472e-09	0.34374
1.92481e-09	0.343641
1.9249e-09	0.343542
1.925e-09	0.343442
1.92509e-09	0.343342
1.92518e-09	0.343241
1.92527e-09	0.34314
1.92537e-09	0.343039
1.92546e-09	0.342937
1.92555e-09	0.342834
1.92564e-09	0.342731
1.92573e-09	0.342628
1.92583e-09	0.342524
1.92592e-09	0.342419
1.92601e-09	0.342315
1.9261e-09	0.342209
1.9262e-09	0.342104
1.92629e-09	0.341998
1.92638e-09	0.341891
1.92647e-09	0.341784
1.92657e-09	0.341676
1.92666e-09	0.341568
1.92675e-09	0.34146
1.92684e-09	0.341351
1.92694e-09	0.341242
1.92703e-09	0.341132
1.92712e-09	0.341021
1.92721e-09	0.340911
1.92731e-09	0.3408
1.9274e-09	0.340688
1.92749e-09	0.340576
1.92758e-09	0.340463
1.92768e-09	0.34035
1.92777e-09	0.340237
1.92786e-09	0.340123
1.92795e-09	0.340009
1.92804e-09	0.339894
1.92814e-09	0.339779
1.92823e-09	0.339663
1.92832e-09	0.339547
1.92841e-09	0.339431
1.92851e-09	0.339314
1.9286e-09	0.339196
1.92869e-09	0.339078
1.92878e-09	0.33896
1.92888e-09	0.338841
1.92897e-09	0.338722
1.92906e-09	0.338602
1.92915e-09	0.338482
1.92925e-09	0.338362
1.92934e-09	0.338241
1.92943e-09	0.33812
1.92952e-09	0.337998
1.92962e-09	0.337875
1.92971e-09	0.337753
1.9298e-09	0.33763
1.92989e-09	0.337506
1.92999e-09	0.337382
1.93008e-09	0.337258
1.93017e-09	0.337133
1.93026e-09	0.337007
1.93036e-09	0.336882
1.93045e-09	0.336755
1.93054e-09	0.336629
1.93063e-09	0.336502
1.93072e-09	0.336374
1.93082e-09	0.336246
1.93091e-09	0.336118
1.931e-09	0.335989
1.93109e-09	0.33586
1.93119e-09	0.335731
1.93128e-09	0.3356
1.93137e-09	0.33547
1.93146e-09	0.335339
1.93156e-09	0.335208
1.93165e-09	0.335076
1.93174e-09	0.334944
1.93183e-09	0.334811
1.93193e-09	0.334678
1.93202e-09	0.334545
1.93211e-09	0.334411
1.9322e-09	0.334277
1.9323e-09	0.334142
1.93239e-09	0.334007
1.93248e-09	0.333871
1.93257e-09	0.333735
1.93267e-09	0.333599
1.93276e-09	0.333462
1.93285e-09	0.333325
1.93294e-09	0.333187
1.93303e-09	0.333049
1.93313e-09	0.332911
1.93322e-09	0.332772
1.93331e-09	0.332632
1.9334e-09	0.332493
1.9335e-09	0.332352
1.93359e-09	0.332212
1.93368e-09	0.332071
1.93377e-09	0.33193
1.93387e-09	0.331788
1.93396e-09	0.331646
1.93405e-09	0.331503
1.93414e-09	0.33136
1.93424e-09	0.331216
1.93433e-09	0.331073
1.93442e-09	0.330928
1.93451e-09	0.330784
1.93461e-09	0.330639
1.9347e-09	0.330493
1.93479e-09	0.330347
1.93488e-09	0.330201
1.93498e-09	0.330054
1.93507e-09	0.329907
1.93516e-09	0.32976
1.93525e-09	0.329612
1.93534e-09	0.329463
1.93544e-09	0.329315
1.93553e-09	0.329165
1.93562e-09	0.329016
1.93571e-09	0.328866
1.93581e-09	0.328716
1.9359e-09	0.328565
1.93599e-09	0.328414
1.93608e-09	0.328262
1.93618e-09	0.32811
1.93627e-09	0.327958
1.93636e-09	0.327805
1.93645e-09	0.327652
1.93655e-09	0.327499
1.93664e-09	0.327345
1.93673e-09	0.327191
1.93682e-09	0.327036
1.93692e-09	0.326881
1.93701e-09	0.326725
1.9371e-09	0.326569
1.93719e-09	0.326413
1.93729e-09	0.326257
1.93738e-09	0.3261
1.93747e-09	0.325942
1.93756e-09	0.325784
1.93765e-09	0.325626
1.93775e-09	0.325467
1.93784e-09	0.325308
1.93793e-09	0.325149
1.93802e-09	0.324989
1.93812e-09	0.324829
1.93821e-09	0.324669
1.9383e-09	0.324508
1.93839e-09	0.324346
1.93849e-09	0.324185
1.93858e-09	0.324023
1.93867e-09	0.32386
1.93876e-09	0.323697
1.93886e-09	0.323534
1.93895e-09	0.323371
1.93904e-09	0.323207
1.93913e-09	0.323042
1.93923e-09	0.322878
1.93932e-09	0.322712
1.93941e-09	0.322547
1.9395e-09	0.322381
1.9396e-09	0.322215
1.93969e-09	0.322048
1.93978e-09	0.321881
1.93987e-09	0.321714
1.93997e-09	0.321546
1.94006e-09	0.321378
1.94015e-09	0.321209
1.94024e-09	0.321041
1.94033e-09	0.320871
1.94043e-09	0.320702
1.94052e-09	0.320532
1.94061e-09	0.320361
1.9407e-09	0.320191
1.9408e-09	0.32002
1.94089e-09	0.319848
1.94098e-09	0.319676
1.94107e-09	0.319504
1.94117e-09	0.319332
1.94126e-09	0.319159
1.94135e-09	0.318985
1.94144e-09	0.318812
1.94154e-09	0.318638
1.94163e-09	0.318463
1.94172e-09	0.318289
1.94181e-09	0.318113
1.94191e-09	0.317938
1.942e-09	0.317762
1.94209e-09	0.317586
1.94218e-09	0.317409
1.94228e-09	0.317232
1.94237e-09	0.317055
1.94246e-09	0.316878
1.94255e-09	0.3167
1.94264e-09	0.316521
1.94274e-09	0.316342
1.94283e-09	0.316163
1.94292e-09	0.315984
1.94301e-09	0.315804
1.94311e-09	0.315624
1.9432e-09	0.315444
1.94329e-09	0.315263
1.94338e-09	0.315082
1.94348e-09	0.3149
1.94357e-09	0.314718
1.94366e-09	0.314536
1.94375e-09	0.314353
1.94385e-09	0.31417
1.94394e-09	0.313987
1.94403e-09	0.313803
1.94412e-09	0.313619
1.94422e-09	0.313435
1.94431e-09	0.31325
1.9444e-09	0.313065
1.94449e-09	0.31288
1.94459e-09	0.312694
1.94468e-09	0.312508
1.94477e-09	0.312322
1.94486e-09	0.312135
1.94495e-09	0.311948
1.94505e-09	0.31176
1.94514e-09	0.311573
1.94523e-09	0.311385
1.94532e-09	0.311196
1.94542e-09	0.311007
1.94551e-09	0.310818
1.9456e-09	0.310629
1.94569e-09	0.310439
1.94579e-09	0.310249
1.94588e-09	0.310058
1.94597e-09	0.309867
1.94606e-09	0.309676
1.94616e-09	0.309485
1.94625e-09	0.309293
1.94634e-09	0.309101
1.94643e-09	0.308908
1.94653e-09	0.308715
1.94662e-09	0.308522
1.94671e-09	0.308329
1.9468e-09	0.308135
1.9469e-09	0.307941
1.94699e-09	0.307746
1.94708e-09	0.307551
1.94717e-09	0.307356
1.94726e-09	0.307161
1.94736e-09	0.306965
1.94745e-09	0.306769
1.94754e-09	0.306572
1.94763e-09	0.306376
1.94773e-09	0.306178
1.94782e-09	0.305981
1.94791e-09	0.305783
1.948e-09	0.305585
1.9481e-09	0.305387
1.94819e-09	0.305188
1.94828e-09	0.304989
1.94837e-09	0.30479
1.94847e-09	0.30459
1.94856e-09	0.30439
1.94865e-09	0.30419
1.94874e-09	0.303989
1.94884e-09	0.303788
1.94893e-09	0.303587
1.94902e-09	0.303385
1.94911e-09	0.303183
1.94921e-09	0.302981
1.9493e-09	0.302779
1.94939e-09	0.302576
1.94948e-09	0.302373
1.94958e-09	0.302169
1.94967e-09	0.301965
1.94976e-09	0.301761
1.94985e-09	0.301557
1.94994e-09	0.301352
1.95004e-09	0.301147
1.95013e-09	0.300942
1.95022e-09	0.300736
1.95031e-09	0.30053
1.95041e-09	0.300324
1.9505e-09	0.300117
1.95059e-09	0.29991
1.95068e-09	0.299703
1.95078e-09	0.299496
1.95087e-09	0.299288
1.95096e-09	0.29908
1.95105e-09	0.298871
1.95115e-09	0.298663
1.95124e-09	0.298454
1.95133e-09	0.298244
1.95142e-09	0.298035
1.95152e-09	0.297825
1.95161e-09	0.297614
1.9517e-09	0.297404
1.95179e-09	0.297193
1.95189e-09	0.296982
1.95198e-09	0.296771
1.95207e-09	0.296559
1.95216e-09	0.296347
1.95225e-09	0.296135
1.95235e-09	0.295922
1.95244e-09	0.295709
1.95253e-09	0.295496
1.95262e-09	0.295282
1.95272e-09	0.295069
1.95281e-09	0.294855
1.9529e-09	0.29464
1.95299e-09	0.294426
1.95309e-09	0.294211
1.95318e-09	0.293996
1.95327e-09	0.29378
1.95336e-09	0.293564
1.95346e-09	0.293348
1.95355e-09	0.293132
1.95364e-09	0.292915
1.95373e-09	0.292698
1.95383e-09	0.292481
1.95392e-09	0.292263
1.95401e-09	0.292046
1.9541e-09	0.291828
1.9542e-09	0.291609
1.95429e-09	0.291391
1.95438e-09	0.291172
1.95447e-09	0.290952
1.95456e-09	0.290733
1.95466e-09	0.290513
1.95475e-09	0.290293
1.95484e-09	0.290073
1.95493e-09	0.289852
1.95503e-09	0.289631
1.95512e-09	0.28941
1.95521e-09	0.289189
1.9553e-09	0.288967
1.9554e-09	0.288745
1.95549e-09	0.288523
1.95558e-09	0.2883
1.95567e-09	0.288077
1.95577e-09	0.287854
1.95586e-09	0.287631
1.95595e-09	0.287407
1.95604e-09	0.287183
1.95614e-09	0.286959
1.95623e-09	0.286735
1.95632e-09	0.28651
1.95641e-09	0.286285
1.95651e-09	0.28606
1.9566e-09	0.285834
1.95669e-09	0.285609
1.95678e-09	0.285382
1.95687e-09	0.285156
1.95697e-09	0.28493
1.95706e-09	0.284703
1.95715e-09	0.284476
1.95724e-09	0.284248
1.95734e-09	0.284021
1.95743e-09	0.283793
1.95752e-09	0.283565
1.95761e-09	0.283336
1.95771e-09	0.283108
1.9578e-09	0.282879
1.95789e-09	0.282649
1.95798e-09	0.28242
1.95808e-09	0.28219
1.95817e-09	0.28196
1.95826e-09	0.28173
1.95835e-09	0.2815
1.95845e-09	0.281269
1.95854e-09	0.281038
1.95863e-09	0.280807
1.95872e-09	0.280575
1.95882e-09	0.280343
1.95891e-09	0.280111
1.959e-09	0.279879
1.95909e-09	0.279647
1.95918e-09	0.279414
1.95928e-09	0.279181
1.95937e-09	0.278948
1.95946e-09	0.278714
1.95955e-09	0.27848
1.95965e-09	0.278246
1.95974e-09	0.278012
1.95983e-09	0.277778
1.95992e-09	0.277543
1.96002e-09	0.277308
1.96011e-09	0.277073
1.9602e-09	0.276837
1.96029e-09	0.276602
1.96039e-09	0.276366
1.96048e-09	0.27613
1.96057e-09	0.275893
1.96066e-09	0.275656
1.96076e-09	0.27542
1.96085e-09	0.275182
1.96094e-09	0.274945
1.96103e-09	0.274707
1.96113e-09	0.274469
1.96122e-09	0.274231
1.96131e-09	0.273993
1.9614e-09	0.273754
1.9615e-09	0.273516
1.96159e-09	0.273277
1.96168e-09	0.273037
1.96177e-09	0.272798
1.96186e-09	0.272558
1.96196e-09	0.272318
1.96205e-09	0.272078
1.96214e-09	0.271837
1.96223e-09	0.271597
1.96233e-09	0.271356
1.96242e-09	0.271115
1.96251e-09	0.270873
1.9626e-09	0.270632
1.9627e-09	0.27039
1.96279e-09	0.270148
1.96288e-09	0.269906
1.96297e-09	0.269663
1.96307e-09	0.26942
1.96316e-09	0.269177
1.96325e-09	0.268934
1.96334e-09	0.268691
1.96344e-09	0.268447
1.96353e-09	0.268203
1.96362e-09	0.267959
1.96371e-09	0.267715
1.96381e-09	0.267471
1.9639e-09	0.267226
1.96399e-09	0.266981
1.96408e-09	0.266736
1.96417e-09	0.26649
1.96427e-09	0.266245
1.96436e-09	0.265999
1.96445e-09	0.265753
1.96454e-09	0.265507
1.96464e-09	0.26526
1.96473e-09	0.265014
1.96482e-09	0.264767
1.96491e-09	0.26452
1.96501e-09	0.264272
1.9651e-09	0.264025
1.96519e-09	0.263777
1.96528e-09	0.263529
1.96538e-09	0.263281
1.96547e-09	0.263033
1.96556e-09	0.262784
1.96565e-09	0.262535
1.96575e-09	0.262286
1.96584e-09	0.262037
1.96593e-09	0.261788
1.96602e-09	0.261538
1.96612e-09	0.261288
1.96621e-09	0.261038
1.9663e-09	0.260788
1.96639e-09	0.260538
1.96648e-09	0.260287
1.96658e-09	0.260036
1.96667e-09	0.259785
1.96676e-09	0.259534
1.96685e-09	0.259283
1.96695e-09	0.259031
1.96704e-09	0.258779
1.96713e-09	0.258527
1.96722e-09	0.258275
1.96732e-09	0.258023
1.96741e-09	0.25777
1.9675e-09	0.257517
1.96759e-09	0.257264
1.96769e-09	0.257011
1.96778e-09	0.256758
1.96787e-09	0.256504
1.96796e-09	0.25625
1.96806e-09	0.255996
1.96815e-09	0.255742
1.96824e-09	0.255488
1.96833e-09	0.255233
1.96843e-09	0.254978
1.96852e-09	0.254724
1.96861e-09	0.254468
1.9687e-09	0.254213
1.96879e-09	0.253958
1.96889e-09	0.253702
1.96898e-09	0.253446
1.96907e-09	0.25319
1.96916e-09	0.252934
1.96926e-09	0.252677
1.96935e-09	0.252421
1.96944e-09	0.252164
1.96953e-09	0.251907
1.96963e-09	0.25165
1.96972e-09	0.251392
1.96981e-09	0.251135
1.9699e-09	0.250877
1.97e-09	0.250619
1.97009e-09	0.250361
1.97018e-09	0.250103
1.97027e-09	0.249845
1.97037e-09	0.249586
1.97046e-09	0.249327
1.97055e-09	0.249068
1.97064e-09	0.248809
1.97074e-09	0.24855
1.97083e-09	0.24829
1.97092e-09	0.248031
1.97101e-09	0.247771
1.97111e-09	0.247511
1.9712e-09	0.247251
1.97129e-09	0.246991
1.97138e-09	0.24673
1.97147e-09	0.246469
1.97157e-09	0.246208
1.97166e-09	0.245947
1.97175e-09	0.245686
1.97184e-09	0.245425
1.97194e-09	0.245163
1.97203e-09	0.244902
1.97212e-09	0.24464
1.97221e-09	0.244378
1.97231e-09	0.244116
1.9724e-09	0.243853
1.97249e-09	0.243591
1.97258e-09	0.243328
1.97268e-09	0.243065
1.97277e-09	0.242802
1.97286e-09	0.242539
1.97295e-09	0.242276
1.97305e-09	0.242012
1.97314e-09	0.241749
1.97323e-09	0.241485
1.97332e-09	0.241221
1.97342e-09	0.240957
1.97351e-09	0.240692
1.9736e-09	0.240428
1.97369e-09	0.240163
1.97378e-09	0.239899
1.97388e-09	0.239634
1.97397e-09	0.239369
1.97406e-09	0.239103
1.97415e-09	0.238838
1.97425e-09	0.238573
1.97434e-09	0.238307
1.97443e-09	0.238041
1.97452e-09	0.237775
1.97462e-09	0.237509
1.97471e-09	0.237243
1.9748e-09	0.236976
1.97489e-09	0.23671
1.97499e-09	0.236443
1.97508e-09	0.236176
1.97517e-09	0.235909
1.97526e-09	0.235642
1.97536e-09	0.235375
1.97545e-09	0.235107
1.97554e-09	0.23484
1.97563e-09	0.234572
1.97573e-09	0.234304
1.97582e-09	0.234036
1.97591e-09	0.233768
1.976e-09	0.233499
1.97609e-09	0.233231
1.97619e-09	0.232962
1.97628e-09	0.232694
1.97637e-09	0.232425
1.97646e-09	0.232156
1.97656e-09	0.231887
1.97665e-09	0.231617
1.97674e-09	0.231348
1.97683e-09	0.231078
1.97693e-09	0.230809
1.97702e-09	0.230539
1.97711e-09	0.230269
1.9772e-09	0.229999
1.9773e-09	0.229728
1.97739e-09	0.229458
1.97748e-09	0.229188
1.97757e-09	0.228917
1.97767e-09	0.228646
1.97776e-09	0.228375
1.97785e-09	0.228104
1.97794e-09	0.227833
1.97804e-09	0.227562
1.97813e-09	0.22729
1.97822e-09	0.227019
1.97831e-09	0.226747
1.9784e-09	0.226475
1.9785e-09	0.226204
1.97859e-09	0.225931
1.97868e-09	0.225659
1.97877e-09	0.225387
1.97887e-09	0.225115
1.97896e-09	0.224842
1.97905e-09	0.224569
1.97914e-09	0.224297
1.97924e-09	0.224024
1.97933e-09	0.223751
1.97942e-09	0.223477
1.97951e-09	0.223204
1.97961e-09	0.222931
1.9797e-09	0.222657
1.97979e-09	0.222384
1.97988e-09	0.22211
1.97998e-09	0.221836
1.98007e-09	0.221562
1.98016e-09	0.221288
1.98025e-09	0.221014
1.98035e-09	0.22074
1.98044e-09	0.220465
1.98053e-09	0.220191
1.98062e-09	0.219916
1.98071e-09	0.219641
1.98081e-09	0.219366
1.9809e-09	0.219091
1.98099e-09	0.218816
1.98108e-09	0.218541
1.98118e-09	0.218266
1.98127e-09	0.21799
1.98136e-09	0.217715
1.98145e-09	0.217439
1.98155e-09	0.217163
1.98164e-09	0.216887
1.98173e-09	0.216611
1.98182e-09	0.216335
1.98192e-09	0.216059
1.98201e-09	0.215783
1.9821e-09	0.215506
1.98219e-09	0.21523
1.98229e-09	0.214953
1.98238e-09	0.214677
1.98247e-09	0.2144
1.98256e-09	0.214123
1.98266e-09	0.213846
1.98275e-09	0.213569
1.98284e-09	0.213292
1.98293e-09	0.213014
1.98303e-09	0.212737
1.98312e-09	0.21246
1.98321e-09	0.212182
1.9833e-09	0.211904
1.98339e-09	0.211626
1.98349e-09	0.211349
1.98358e-09	0.211071
1.98367e-09	0.210793
1.98376e-09	0.210514
1.98386e-09	0.210236
1.98395e-09	0.209958
1.98404e-09	0.209679
1.98413e-09	0.209401
1.98423e-09	0.209122
1.98432e-09	0.208844
1.98441e-09	0.208565
1.9845e-09	0.208286
1.9846e-09	0.208007
1.98469e-09	0.207728
1.98478e-09	0.207449
1.98487e-09	0.207169
1.98497e-09	0.20689
1.98506e-09	0.206611
1.98515e-09	0.206331
1.98524e-09	0.206052
1.98534e-09	0.205772
1.98543e-09	0.205492
1.98552e-09	0.205212
1.98561e-09	0.204932
1.9857e-09	0.204652
1.9858e-09	0.204372
1.98589e-09	0.204092
1.98598e-09	0.203812
1.98607e-09	0.203532
1.98617e-09	0.203251
1.98626e-09	0.202971
1.98635e-09	0.20269
1.98644e-09	0.20241
1.98654e-09	0.202129
1.98663e-09	0.201848
1.98672e-09	0.201567
1.98681e-09	0.201286
1.98691e-09	0.201005
1.987e-09	0.200724
1.98709e-09	0.200443
1.98718e-09	0.200162
1.98728e-09	0.199881
1.98737e-09	0.199599
1.98746e-09	0.199318
1.98755e-09	0.199036
1.98765e-09	0.198755
1.98774e-09	0.198473
1.98783e-09	0.198191
1.98792e-09	0.19791
1.98801e-09	0.197628
1.98811e-09	0.197346
1.9882e-09	0.197064
1.98829e-09	0.196782
1.98838e-09	0.1965
1.98848e-09	0.196217
1.98857e-09	0.195935
1.98866e-09	0.195653
1.98875e-09	0.19537
1.98885e-09	0.195088
1.98894e-09	0.194806
1.98903e-09	0.194523
1.98912e-09	0.19424
1.98922e-09	0.193958
1.98931e-09	0.193675
1.9894e-09	0.193392
1.98949e-09	0.193109
1.98959e-09	0.192826
1.98968e-09	0.192543
1.98977e-09	0.19226
1.98986e-09	0.191977
1.98996e-09	0.191694
1.99005e-09	0.191411
1.99014e-09	0.191128
1.99023e-09	0.190844
1.99032e-09	0.190561
1.99042e-09	0.190277
1.99051e-09	0.189994
1.9906e-09	0.18971
1.99069e-09	0.189427
1.99079e-09	0.189143
1.99088e-09	0.188859
1.99097e-09	0.188576
1.99106e-09	0.188292
1.99116e-09	0.188008
1.99125e-09	0.187724
1.99134e-09	0.18744
1.99143e-09	0.187156
1.99153e-09	0.186872
1.99162e-09	0.186588
1.99171e-09	0.186304
1.9918e-09	0.18602
1.9919e-09	0.185736
1.99199e-09	0.185451
1.99208e-09	0.185167
1.99217e-09	0.184883
1.99227e-09	0.184598
1.99236e-09	0.184314
1.99245e-09	0.184029
1.99254e-09	0.183745
1.99264e-09	0.18346
1.99273e-09	0.183176
1.99282e-09	0.182891
1.99291e-09	0.182606
1.993e-09	0.182322
1.9931e-09	0.182037
1.99319e-09	0.181752
1.99328e-09	0.181467
1.99337e-09	0.181182
1.99347e-09	0.180897
1.99356e-09	0.180612
1.99365e-09	0.180327
1.99374e-09	0.180042
1.99384e-09	0.179757
1.99393e-09	0.179472
1.99402e-09	0.179187
1.99411e-09	0.178902
1.99421e-09	0.178617
1.9943e-09	0.178332
1.99439e-09	0.178046
1.99448e-09	0.177761
1.99458e-09	0.177476
1.99467e-09	0.177191
1.99476e-09	0.176905
1.99485e-09	0.17662
1.99495e-09	0.176334
1.99504e-09	0.176049
1.99513e-09	0.175763
1.99522e-09	0.175478
1.99531e-09	0.175192
1.99541e-09	0.174907
1.9955e-09	0.174621
1.99559e-09	0.174336
1.99568e-09	0.17405
1.99578e-09	0.173764
1.99587e-09	0.173479
1.99596e-09	0.173193
1.99605e-09	0.172907
1.99615e-09	0.172622
1.99624e-09	0.172336
1.99633e-09	0.17205
1.99642e-09	0.171764
1.99652e-09	0.171479
1.99661e-09	0.171193
1.9967e-09	0.170907
1.99679e-09	0.170621
1.99689e-09	0.170335
1.99698e-09	0.170049
1.99707e-09	0.169763
1.99716e-09	0.169477
1.99726e-09	0.169191
1.99735e-09	0.168905
1.99744e-09	0.168619
1.99753e-09	0.168334
1.99762e-09	0.168048
1.99772e-09	0.167762
1.99781e-09	0.167475
1.9979e-09	0.167189
1.99799e-09	0.166903
1.99809e-09	0.166617
1.99818e-09	0.166331
1.99827e-09	0.166045
1.99836e-09	0.165759
1.99846e-09	0.165473
1.99855e-09	0.165187
1.99864e-09	0.164901
1.99873e-09	0.164615
1.99883e-09	0.164329
1.99892e-09	0.164042
1.99901e-09	0.163756
1.9991e-09	0.16347
1.9992e-09	0.163184
1.99929e-09	0.162898
1.99938e-09	0.162612
1.99947e-09	0.162326
1.99957e-09	0.162039
1.99966e-09	0.161753
1.99975e-09	0.161467
1.99984e-09	0.161181
1.99993e-09	0.160895
2.00003e-09	0.160609
2.00012e-09	0.160323
2.00021e-09	0.160036
2.0003e-09	0.15975
2.0004e-09	0.159464
2.00049e-09	0.159178
2.00058e-09	0.158892
2.00067e-09	0.158606
2.00077e-09	0.15832
2.00086e-09	0.158033
2.00095e-09	0.157747
2.00104e-09	0.157461
2.00114e-09	0.157175
2.00123e-09	0.156889
2.00132e-09	0.156603
2.00141e-09	0.156317
2.00151e-09	0.156031
2.0016e-09	0.155745
2.00169e-09	0.155459
2.00178e-09	0.155172
2.00188e-09	0.154886
2.00197e-09	0.1546
2.00206e-09	0.154314
2.00215e-09	0.154028
2.00224e-09	0.153742
2.00234e-09	0.153456
2.00243e-09	0.15317
2.00252e-09	0.152884
2.00261e-09	0.152598
2.00271e-09	0.152313
2.0028e-09	0.152027
2.00289e-09	0.151741
2.00298e-09	0.151455
2.00308e-09	0.151169
2.00317e-09	0.150883
2.00326e-09	0.150597
2.00335e-09	0.150311
2.00345e-09	0.150026
2.00354e-09	0.14974
2.00363e-09	0.149454
2.00372e-09	0.149168
2.00382e-09	0.148883
2.00391e-09	0.148597
2.004e-09	0.148311
2.00409e-09	0.148026
2.00419e-09	0.14774
2.00428e-09	0.147454
2.00437e-09	0.147169
2.00446e-09	0.146883
2.00456e-09	0.146598
2.00465e-09	0.146312
2.00474e-09	0.146027
2.00483e-09	0.145741
2.00492e-09	0.145456
2.00502e-09	0.14517
2.00511e-09	0.144885
2.0052e-09	0.1446
2.00529e-09	0.144314
2.00539e-09	0.144029
2.00548e-09	0.143744
2.00557e-09	0.143458
2.00566e-09	0.143173
2.00576e-09	0.142888
2.00585e-09	0.142603
2.00594e-09	0.142318
2.00603e-09	0.142033
2.00613e-09	0.141748
2.00622e-09	0.141463
2.00631e-09	0.141178
2.0064e-09	0.140893
2.0065e-09	0.140608
2.00659e-09	0.140323
2.00668e-09	0.140038
2.00677e-09	0.139753
2.00687e-09	0.139468
2.00696e-09	0.139184
2.00705e-09	0.138899
2.00714e-09	0.138614
2.00723e-09	0.13833
2.00733e-09	0.138045
2.00742e-09	0.137761
2.00751e-09	0.137476
2.0076e-09	0.137192
2.0077e-09	0.136907
2.00779e-09	0.136623
2.00788e-09	0.136338
2.00797e-09	0.136054
2.00807e-09	0.13577
2.00816e-09	0.135486
2.00825e-09	0.135201
2.00834e-09	0.134917
2.00844e-09	0.134633
2.00853e-09	0.134349
2.00862e-09	0.134065
2.00871e-09	0.133781
2.00881e-09	0.133497
2.0089e-09	0.133213
2.00899e-09	0.13293
2.00908e-09	0.132646
2.00918e-09	0.132362
2.00927e-09	0.132078
2.00936e-09	0.131795
2.00945e-09	0.131511
2.00954e-09	0.131228
2.00964e-09	0.130944
2.00973e-09	0.130661
2.00982e-09	0.130377
2.00991e-09	0.130094
2.01001e-09	0.129811
2.0101e-09	0.129527
2.01019e-09	0.129244
2.01028e-09	0.128961
2.01038e-09	0.128678
2.01047e-09	0.128395
2.01056e-09	0.128112
2.01065e-09	0.127829
2.01075e-09	0.127546
2.01084e-09	0.127264
2.01093e-09	0.126981
2.01102e-09	0.126698
2.01112e-09	0.126415
2.01121e-09	0.126133
2.0113e-09	0.12585
2.01139e-09	0.125568
2.01149e-09	0.125286
2.01158e-09	0.125003
2.01167e-09	0.124721
2.01176e-09	0.124439
2.01185e-09	0.124157
2.01195e-09	0.123874
2.01204e-09	0.123592
2.01213e-09	0.12331
2.01222e-09	0.123029
2.01232e-09	0.122747
2.01241e-09	0.122465
2.0125e-09	0.122183
2.01259e-09	0.121902
2.01269e-09	0.12162
2.01278e-09	0.121338
2.01287e-09	0.121057
2.01296e-09	0.120776
2.01306e-09	0.120494
2.01315e-09	0.120213
2.01324e-09	0.119932
2.01333e-09	0.119651
2.01343e-09	0.11937
2.01352e-09	0.119089
2.01361e-09	0.118808
2.0137e-09	0.118527
2.0138e-09	0.118246
2.01389e-09	0.117965
2.01398e-09	0.117685
2.01407e-09	0.117404
2.01417e-09	0.117124
2.01426e-09	0.116843
2.01435e-09	0.116563
2.01444e-09	0.116283
2.01453e-09	0.116002
2.01463e-09	0.115722
2.01472e-09	0.115442
2.01481e-09	0.115162
2.0149e-09	0.114882
2.015e-09	0.114602
2.01509e-09	0.114323
2.01518e-09	0.114043
2.01527e-09	0.113763
2.01537e-09	0.113484
2.01546e-09	0.113204
2.01555e-09	0.112925
2.01564e-09	0.112646
2.01574e-09	0.112366
2.01583e-09	0.112087
2.01592e-09	0.111808
2.01601e-09	0.111529
2.01611e-09	0.11125
2.0162e-09	0.110972
2.01629e-09	0.110693
2.01638e-09	0.110414
2.01648e-09	0.110136
2.01657e-09	0.109857
2.01666e-09	0.109579
2.01675e-09	0.1093
2.01684e-09	0.109022
2.01694e-09	0.108744
2.01703e-09	0.108466
2.01712e-09	0.108188
2.01721e-09	0.10791
2.01731e-09	0.107632
2.0174e-09	0.107354
2.01749e-09	0.107077
2.01758e-09	0.106799
2.01768e-09	0.106522
2.01777e-09	0.106244
2.01786e-09	0.105967
2.01795e-09	0.10569
2.01805e-09	0.105413
2.01814e-09	0.105136
2.01823e-09	0.104859
2.01832e-09	0.104582
2.01842e-09	0.104305
2.01851e-09	0.104028
2.0186e-09	0.103752
2.01869e-09	0.103475
2.01879e-09	0.103199
2.01888e-09	0.102923
2.01897e-09	0.102646
2.01906e-09	0.10237
2.01915e-09	0.102094
2.01925e-09	0.101818
2.01934e-09	0.101542
2.01943e-09	0.101267
2.01952e-09	0.100991
2.01962e-09	0.100716
2.01971e-09	0.10044
2.0198e-09	0.100165
2.01989e-09	0.0998895
2.01999e-09	0.0996143
2.02008e-09	0.0993392
2.02017e-09	0.0990643
2.02026e-09	0.0987894
2.02036e-09	0.0985146
2.02045e-09	0.09824
2.02054e-09	0.0979654
2.02063e-09	0.0976909
2.02073e-09	0.0974165
2.02082e-09	0.0971423
2.02091e-09	0.0968681
2.021e-09	0.096594
2.0211e-09	0.0963201
2.02119e-09	0.0960462
2.02128e-09	0.0957725
2.02137e-09	0.0954988
2.02146e-09	0.0952252
2.02156e-09	0.0949518
2.02165e-09	0.0946784
2.02174e-09	0.0944052
2.02183e-09	0.0941321
2.02193e-09	0.093859
2.02202e-09	0.0935861
2.02211e-09	0.0933133
2.0222e-09	0.0930406
2.0223e-09	0.092768
2.02239e-09	0.0924955
2.02248e-09	0.0922231
2.02257e-09	0.0919508
2.02267e-09	0.0916787
2.02276e-09	0.0914066
2.02285e-09	0.0911346
2.02294e-09	0.0908628
2.02304e-09	0.0905911
2.02313e-09	0.0903194
2.02322e-09	0.0900479
2.02331e-09	0.0897765
2.02341e-09	0.0895052
2.0235e-09	0.0892341
2.02359e-09	0.088963
2.02368e-09	0.088692
2.02378e-09	0.0884212
2.02387e-09	0.0881505
2.02396e-09	0.0878799
2.02405e-09	0.0876094
2.02414e-09	0.087339
2.02424e-09	0.0870687
2.02433e-09	0.0867986
2.02442e-09	0.0865285
2.02451e-09	0.0862586
2.02461e-09	0.0859888
2.0247e-09	0.0857191
2.02479e-09	0.0854495
2.02488e-09	0.0851801
2.02498e-09	0.0849108
2.02507e-09	0.0846415
2.02516e-09	0.0843724
2.02525e-09	0.0841035
2.02535e-09	0.0838346
2.02544e-09	0.0835659
2.02553e-09	0.0832972
2.02562e-09	0.0830287
2.02572e-09	0.0827604
2.02581e-09	0.0824921
2.0259e-09	0.082224
2.02599e-09	0.081956
2.02609e-09	0.0816881
2.02618e-09	0.0814203
2.02627e-09	0.0811527
2.02636e-09	0.0808851
2.02645e-09	0.0806177
2.02655e-09	0.0803505
2.02664e-09	0.0800833
2.02673e-09	0.0798163
2.02682e-09	0.0795494
2.02692e-09	0.0792826
2.02701e-09	0.079016
2.0271e-09	0.0787494
2.02719e-09	0.078483
2.02729e-09	0.0782168
2.02738e-09	0.0779506
2.02747e-09	0.0776846
2.02756e-09	0.0774187
2.02766e-09	0.077153
2.02775e-09	0.0768873
2.02784e-09	0.0766218
2.02793e-09	0.0763565
2.02803e-09	0.0760912
2.02812e-09	0.0758261
2.02821e-09	0.0755611
2.0283e-09	0.0752963
2.0284e-09	0.0750315
2.02849e-09	0.074767
2.02858e-09	0.0745025
2.02867e-09	0.0742382
2.02876e-09	0.073974
2.02886e-09	0.0737099
2.02895e-09	0.073446
2.02904e-09	0.0731822
2.02913e-09	0.0729186
2.02923e-09	0.072655
2.02932e-09	0.0723916
2.02941e-09	0.0721284
2.0295e-09	0.0718653
2.0296e-09	0.0716023
2.02969e-09	0.0713394
2.02978e-09	0.0710767
2.02987e-09	0.0708141
2.02997e-09	0.0705517
2.03006e-09	0.0702894
2.03015e-09	0.0700272
2.03024e-09	0.0697652
2.03034e-09	0.0695033
2.03043e-09	0.0692416
2.03052e-09	0.06898
2.03061e-09	0.0687185
2.03071e-09	0.0684572
2.0308e-09	0.068196
2.03089e-09	0.0679349
2.03098e-09	0.067674
2.03107e-09	0.0674132
2.03117e-09	0.0671526
2.03126e-09	0.0668921
2.03135e-09	0.0666318
2.03144e-09	0.0663716
2.03154e-09	0.0661115
2.03163e-09	0.0658516
2.03172e-09	0.0655918
2.03181e-09	0.0653322
2.03191e-09	0.0650727
2.032e-09	0.0648134
2.03209e-09	0.0645542
2.03218e-09	0.0642951
2.03228e-09	0.0640362
2.03237e-09	0.0637774
2.03246e-09	0.0635188
2.03255e-09	0.0632603
2.03265e-09	0.063002
2.03274e-09	0.0627438
2.03283e-09	0.0624858
2.03292e-09	0.0622279
2.03302e-09	0.0619702
2.03311e-09	0.0617126
2.0332e-09	0.0614552
2.03329e-09	0.0611979
2.03338e-09	0.0609407
2.03348e-09	0.0606837
2.03357e-09	0.0604269
2.03366e-09	0.0601702
2.03375e-09	0.0599137
2.03385e-09	0.0596573
2.03394e-09	0.059401
2.03403e-09	0.0591449
2.03412e-09	0.058889
2.03422e-09	0.0586332
2.03431e-09	0.0583776
2.0344e-09	0.0581221
2.03449e-09	0.0578668
2.03459e-09	0.0576116
2.03468e-09	0.0573566
2.03477e-09	0.0571017
2.03486e-09	0.056847
2.03496e-09	0.0565924
2.03505e-09	0.056338
2.03514e-09	0.0560837
2.03523e-09	0.0558297
2.03533e-09	0.0555757
2.03542e-09	0.0553219
2.03551e-09	0.0550683
2.0356e-09	0.0548148
2.0357e-09	0.0545615
2.03579e-09	0.0543083
2.03588e-09	0.0540553
2.03597e-09	0.0538025
2.03606e-09	0.0535498
2.03616e-09	0.0532973
2.03625e-09	0.0530449
2.03634e-09	0.0527927
2.03643e-09	0.0525406
2.03653e-09	0.0522888
2.03662e-09	0.052037
2.03671e-09	0.0517855
2.0368e-09	0.051534
2.0369e-09	0.0512828
2.03699e-09	0.0510317
2.03708e-09	0.0507808
2.03717e-09	0.05053
2.03727e-09	0.0502794
2.03736e-09	0.0500289
2.03745e-09	0.0497787
2.03754e-09	0.0495285
2.03764e-09	0.0492786
2.03773e-09	0.0490288
2.03782e-09	0.0487792
2.03791e-09	0.0485297
2.03801e-09	0.0482804
2.0381e-09	0.0480313
2.03819e-09	0.0477823
2.03828e-09	0.0475335
2.03837e-09	0.0472848
2.03847e-09	0.0470363
2.03856e-09	0.046788
2.03865e-09	0.0465399
2.03874e-09	0.0462919
2.03884e-09	0.0460441
2.03893e-09	0.0457964
2.03902e-09	0.045549
2.03911e-09	0.0453017
2.03921e-09	0.0450545
2.0393e-09	0.0448075
2.03939e-09	0.0445607
2.03948e-09	0.0443141
2.03958e-09	0.0440676
2.03967e-09	0.0438213
2.03976e-09	0.0435752
2.03985e-09	0.0433292
2.03995e-09	0.0430834
2.04004e-09	0.0428378
2.04013e-09	0.0425924
2.04022e-09	0.0423471
2.04032e-09	0.042102
2.04041e-09	0.041857
2.0405e-09	0.0416123
2.04059e-09	0.0413677
2.04068e-09	0.0411233
2.04078e-09	0.040879
2.04087e-09	0.0406349
2.04096e-09	0.040391
2.04105e-09	0.0401473
2.04115e-09	0.0399037
2.04124e-09	0.0396604
2.04133e-09	0.0394171
2.04142e-09	0.0391741
2.04152e-09	0.0389312
2.04161e-09	0.0386886
2.0417e-09	0.0384461
2.04179e-09	0.0382037
2.04189e-09	0.0379616
2.04198e-09	0.0377196
2.04207e-09	0.0374778
2.04216e-09	0.0372361
2.04226e-09	0.0369947
2.04235e-09	0.0367534
2.04244e-09	0.0365123
2.04253e-09	0.0362714
2.04263e-09	0.0360306
2.04272e-09	0.0357901
2.04281e-09	0.0355497
2.0429e-09	0.0353095
2.04299e-09	0.0350694
2.04309e-09	0.0348296
2.04318e-09	0.0345899
2.04327e-09	0.0343504
2.04336e-09	0.0341111
2.04346e-09	0.033872
2.04355e-09	0.033633
2.04364e-09	0.0333943
2.04373e-09	0.0331557
2.04383e-09	0.0329172
2.04392e-09	0.032679
2.04401e-09	0.032441
2.0441e-09	0.0322031
2.0442e-09	0.0319654
2.04429e-09	0.0317279
2.04438e-09	0.0314906
2.04447e-09	0.0312535
2.04457e-09	0.0310165
2.04466e-09	0.0307797
2.04475e-09	0.0305432
2.04484e-09	0.0303068
2.04494e-09	0.0300705
2.04503e-09	0.0298345
2.04512e-09	0.0295986
2.04521e-09	0.029363
2.04531e-09	0.0291275
2.0454e-09	0.0288922
2.04549e-09	0.0286571
2.04558e-09	0.0284222
2.04567e-09	0.0281874
2.04577e-09	0.0279529
2.04586e-09	0.0277185
2.04595e-09	0.0274843
2.04604e-09	0.0272504
2.04614e-09	0.0270166
2.04623e-09	0.0267829
2.04632e-09	0.0265495
2.04641e-09	0.0263163
2.04651e-09	0.0260832
2.0466e-09	0.0258503
2.04669e-09	0.0256177
2.04678e-09	0.0253852
2.04688e-09	0.0251529
2.04697e-09	0.0249208
2.04706e-09	0.0246889
2.04715e-09	0.0244571
2.04725e-09	0.0242256
2.04734e-09	0.0239942
2.04743e-09	0.0237631
2.04752e-09	0.0235321
2.04762e-09	0.0233013
2.04771e-09	0.0230708
2.0478e-09	0.0228404
2.04789e-09	0.0226102
2.04798e-09	0.0223801
2.04808e-09	0.0221503
2.04817e-09	0.0219207
2.04826e-09	0.0216913
2.04835e-09	0.021462
2.04845e-09	0.021233
2.04854e-09	0.0210041
2.04863e-09	0.0207755
2.04872e-09	0.020547
2.04882e-09	0.0203187
2.04891e-09	0.0200906
2.049e-09	0.0198627
2.04909e-09	0.0196351
2.04919e-09	0.0194076
2.04928e-09	0.0191803
2.04937e-09	0.0189531
2.04946e-09	0.0187262
2.04956e-09	0.0184995
2.04965e-09	0.018273
2.04974e-09	0.0180467
2.04983e-09	0.0178205
2.04993e-09	0.0175946
2.05002e-09	0.0173689
2.05011e-09	0.0171433
2.0502e-09	0.016918
2.05029e-09	0.0166929
2.05039e-09	0.0164679
2.05048e-09	0.0162432
2.05057e-09	0.0160186
2.05066e-09	0.0157943
2.05076e-09	0.0155701
2.05085e-09	0.0153461
2.05094e-09	0.0151224
2.05103e-09	0.0148988
2.05113e-09	0.0146755
2.05122e-09	0.0144523
2.05131e-09	0.0142294
2.0514e-09	0.0140066
2.0515e-09	0.013784
2.05159e-09	0.0135617
2.05168e-09	0.0133395
2.05177e-09	0.0131176
2.05187e-09	0.0128958
2.05196e-09	0.0126742
2.05205e-09	0.0124529
2.05214e-09	0.0122317
2.05224e-09	0.0120108
2.05233e-09	0.01179
2.05242e-09	0.0115695
2.05251e-09	0.0113491
2.0526e-09	0.011129
2.0527e-09	0.010909
2.05279e-09	0.0106893
2.05288e-09	0.0104698
2.05297e-09	0.0102504
2.05307e-09	0.0100313
2.05316e-09	0.00981239
2.05325e-09	0.00959367
2.05334e-09	0.00937515
2.05344e-09	0.00915683
2.05353e-09	0.00893872
2.05362e-09	0.00872082
2.05371e-09	0.00850312
2.05381e-09	0.00828562
2.0539e-09	0.00806834
2.05399e-09	0.00785125
2.05408e-09	0.00763437
2.05418e-09	0.0074177
2.05427e-09	0.00720123
2.05436e-09	0.00698497
2.05445e-09	0.00676891
2.05455e-09	0.00655307
2.05464e-09	0.00633742
2.05473e-09	0.00612199
2.05482e-09	0.00590676
2.05491e-09	0.00569174
2.05501e-09	0.00547693
2.0551e-09	0.00526232
2.05519e-09	0.00504792
2.05528e-09	0.00483373
2.05538e-09	0.00461975
2.05547e-09	0.00440597
2.05556e-09	0.00419241
2.05565e-09	0.00397905
2.05575e-09	0.0037659
2.05584e-09	0.00355296
2.05593e-09	0.00334023
2.05602e-09	0.00312771
2.05612e-09	0.0029154
2.05621e-09	0.0027033
2.0563e-09	0.00249141
2.05639e-09	0.00227973
2.05649e-09	0.00206826
2.05658e-09	0.00185699
2.05667e-09	0.00164594
2.05676e-09	0.0014351
2.05686e-09	0.00122448
2.05695e-09	0.00101406
2.05704e-09	0.000803851
2.05713e-09	0.000593856
2.05723e-09	0.000384073
2.05732e-09	0.000174501
2.05741e-09	-3.48584e-05
2.0575e-09	-0.000244006
2.05759e-09	-0.000452941
2.05769e-09	-0.000661664
2.05778e-09	-0.000870174
2.05787e-09	-0.00107847
2.05796e-09	-0.00128656
2.05806e-09	-0.00149443
2.05815e-09	-0.00170209
2.05824e-09	-0.00190953
2.05833e-09	-0.00211676
2.05843e-09	-0.00232378
2.05852e-09	-0.00253058
2.05861e-09	-0.00273717
2.0587e-09	-0.00294355
2.0588e-09	-0.00314971
2.05889e-09	-0.00335565
2.05898e-09	-0.00356139
2.05907e-09	-0.0037669
2.05917e-09	-0.0039722
2.05926e-09	-0.00417729
2.05935e-09	-0.00438216
2.05944e-09	-0.00458682
2.05954e-09	-0.00479126
2.05963e-09	-0.00499548
2.05972e-09	-0.00519949
2.05981e-09	-0.00540328
2.0599e-09	-0.00560686
2.06e-09	-0.00581022
2.06009e-09	-0.00601336
2.06018e-09	-0.00621628
2.06027e-09	-0.00641899
2.06037e-09	-0.00662149
2.06046e-09	-0.00682376
2.06055e-09	-0.00702582
2.06064e-09	-0.00722766
2.06074e-09	-0.00742928
2.06083e-09	-0.00763068
2.06092e-09	-0.00783187
2.06101e-09	-0.00803284
2.06111e-09	-0.00823359
2.0612e-09	-0.00843412
2.06129e-09	-0.00863443
2.06138e-09	-0.00883453
2.06148e-09	-0.0090344
2.06157e-09	-0.00923406
2.06166e-09	-0.0094335
2.06175e-09	-0.00963272
2.06185e-09	-0.00983172
2.06194e-09	-0.0100305
2.06203e-09	-0.0102291
2.06212e-09	-0.0104274
2.06221e-09	-0.0106255
2.06231e-09	-0.0108234
2.0624e-09	-0.0110211
2.06249e-09	-0.0112186
2.06258e-09	-0.0114158
2.06268e-09	-0.0116128
2.06277e-09	-0.0118096
2.06286e-09	-0.0120062
2.06295e-09	-0.0122025
2.06305e-09	-0.0123987
2.06314e-09	-0.0125946
2.06323e-09	-0.0127903
2.06332e-09	-0.0129858
2.06342e-09	-0.013181
2.06351e-09	-0.013376
2.0636e-09	-0.0135708
2.06369e-09	-0.0137654
2.06379e-09	-0.0139598
2.06388e-09	-0.0141539
2.06397e-09	-0.0143478
2.06406e-09	-0.0145415
2.06416e-09	-0.014735
2.06425e-09	-0.0149282
2.06434e-09	-0.0151213
2.06443e-09	-0.0153141
2.06452e-09	-0.0155066
2.06462e-09	-0.015699
2.06471e-09	-0.0158911
2.0648e-09	-0.016083
2.06489e-09	-0.0162747
2.06499e-09	-0.0164662
2.06508e-09	-0.0166574
2.06517e-09	-0.0168484
2.06526e-09	-0.0170392
2.06536e-09	-0.0172298
2.06545e-09	-0.0174201
2.06554e-09	-0.0176102
2.06563e-09	-0.0178001
2.06573e-09	-0.0179898
2.06582e-09	-0.0181792
2.06591e-09	-0.0183684
2.066e-09	-0.0185574
2.0661e-09	-0.0187462
2.06619e-09	-0.0189347
2.06628e-09	-0.019123
2.06637e-09	-0.0193111
2.06647e-09	-0.019499
2.06656e-09	-0.0196866
2.06665e-09	-0.019874
2.06674e-09	-0.0200612
2.06684e-09	-0.0202482
2.06693e-09	-0.0204349
2.06702e-09	-0.0206214
2.06711e-09	-0.0208077
2.0672e-09	-0.0209937
2.0673e-09	-0.0211795
2.06739e-09	-0.0213651
2.06748e-09	-0.0215505
2.06757e-09	-0.0217357
2.06767e-09	-0.0219206
2.06776e-09	-0.0221053
2.06785e-09	-0.0222897
2.06794e-09	-0.0224739
2.06804e-09	-0.022658
2.06813e-09	-0.0228417
2.06822e-09	-0.0230253
2.06831e-09	-0.0232086
2.06841e-09	-0.0233917
2.0685e-09	-0.0235746
2.06859e-09	-0.0237572
2.06868e-09	-0.0239396
2.06878e-09	-0.0241218
2.06887e-09	-0.0243037
2.06896e-09	-0.0244855
2.06905e-09	-0.024667
2.06915e-09	-0.0248482
2.06924e-09	-0.0250293
2.06933e-09	-0.0252101
2.06942e-09	-0.0253906
2.06951e-09	-0.025571
2.06961e-09	-0.0257511
2.0697e-09	-0.025931
2.06979e-09	-0.0261107
2.06988e-09	-0.0262901
2.06998e-09	-0.0264693
2.07007e-09	-0.0266483
2.07016e-09	-0.026827
2.07025e-09	-0.0270055
2.07035e-09	-0.0271838
2.07044e-09	-0.0273618
2.07053e-09	-0.0275397
2.07062e-09	-0.0277172
2.07072e-09	-0.0278946
2.07081e-09	-0.0280717
2.0709e-09	-0.0282486
2.07099e-09	-0.0284253
2.07109e-09	-0.0286017
2.07118e-09	-0.0287779
2.07127e-09	-0.0289539
2.07136e-09	-0.0291297
2.07146e-09	-0.0293052
2.07155e-09	-0.0294804
2.07164e-09	-0.0296555
2.07173e-09	-0.0298303
2.07182e-09	-0.0300049
2.07192e-09	-0.0301793
2.07201e-09	-0.0303534
2.0721e-09	-0.0305273
2.07219e-09	-0.0307009
2.07229e-09	-0.0308744
2.07238e-09	-0.0310476
2.07247e-09	-0.0312205
2.07256e-09	-0.0313932
2.07266e-09	-0.0315657
2.07275e-09	-0.031738
2.07284e-09	-0.03191
2.07293e-09	-0.0320818
2.07303e-09	-0.0322534
2.07312e-09	-0.0324247
2.07321e-09	-0.0325958
2.0733e-09	-0.0327667
2.0734e-09	-0.0329374
2.07349e-09	-0.0331078
2.07358e-09	-0.0332779
2.07367e-09	-0.0334479
2.07377e-09	-0.0336176
2.07386e-09	-0.033787
2.07395e-09	-0.0339563
2.07404e-09	-0.0341253
2.07413e-09	-0.0342941
2.07423e-09	-0.0344626
2.07432e-09	-0.0346309
2.07441e-09	-0.034799
2.0745e-09	-0.0349668
2.0746e-09	-0.0351344
2.07469e-09	-0.0353018
2.07478e-09	-0.0354689
2.07487e-09	-0.0356358
2.07497e-09	-0.0358025
2.07506e-09	-0.0359689
2.07515e-09	-0.0361351
2.07524e-09	-0.0363011
2.07534e-09	-0.0364668
2.07543e-09	-0.0366323
2.07552e-09	-0.0367976
2.07561e-09	-0.0369626
2.07571e-09	-0.0371274
2.0758e-09	-0.0372919
2.07589e-09	-0.0374563
2.07598e-09	-0.0376203
2.07608e-09	-0.0377842
2.07617e-09	-0.0379478
2.07626e-09	-0.0381112
2.07635e-09	-0.0382743
2.07644e-09	-0.0384373
2.07654e-09	-0.0385999
2.07663e-09	-0.0387624
2.07672e-09	-0.0389246
2.07681e-09	-0.0390865
2.07691e-09	-0.0392483
2.077e-09	-0.0394098
2.07709e-09	-0.039571
2.07718e-09	-0.0397321
2.07728e-09	-0.0398929
2.07737e-09	-0.0400534
2.07746e-09	-0.0402137
2.07755e-09	-0.0403738
2.07765e-09	-0.0405337
2.07774e-09	-0.0406933
2.07783e-09	-0.0408527
2.07792e-09	-0.0410118
2.07802e-09	-0.0411707
2.07811e-09	-0.0413294
2.0782e-09	-0.0414878
2.07829e-09	-0.041646
2.07839e-09	-0.041804
2.07848e-09	-0.0419617
2.07857e-09	-0.0421192
2.07866e-09	-0.0422765
2.07876e-09	-0.0424335
2.07885e-09	-0.0425903
2.07894e-09	-0.0427468
2.07903e-09	-0.0429031
2.07912e-09	-0.0430592
2.07922e-09	-0.043215
2.07931e-09	-0.0433706
2.0794e-09	-0.043526
2.07949e-09	-0.0436811
2.07959e-09	-0.043836
2.07968e-09	-0.0439906
2.07977e-09	-0.044145
2.07986e-09	-0.0442992
2.07996e-09	-0.0444532
2.08005e-09	-0.0446069
2.08014e-09	-0.0447603
2.08023e-09	-0.0449135
2.08033e-09	-0.0450665
2.08042e-09	-0.0452193
2.08051e-09	-0.0453718
2.0806e-09	-0.0455241
2.0807e-09	-0.0456761
2.08079e-09	-0.0458279
2.08088e-09	-0.0459795
2.08097e-09	-0.0461308
2.08107e-09	-0.0462819
2.08116e-09	-0.0464328
2.08125e-09	-0.0465834
2.08134e-09	-0.0467338
2.08143e-09	-0.0468839
2.08153e-09	-0.0470338
2.08162e-09	-0.0471835
2.08171e-09	-0.0473329
2.0818e-09	-0.0474821
2.0819e-09	-0.0476311
2.08199e-09	-0.0477798
2.08208e-09	-0.0479283
2.08217e-09	-0.0480765
2.08227e-09	-0.0482245
2.08236e-09	-0.0483723
2.08245e-09	-0.0485198
2.08254e-09	-0.0486671
2.08264e-09	-0.0488141
2.08273e-09	-0.048961
2.08282e-09	-0.0491075
2.08291e-09	-0.0492539
2.08301e-09	-0.0494
2.0831e-09	-0.0495458
2.08319e-09	-0.0496915
2.08328e-09	-0.0498368
2.08338e-09	-0.049982
2.08347e-09	-0.0501269
2.08356e-09	-0.0502716
2.08365e-09	-0.050416
2.08374e-09	-0.0505602
2.08384e-09	-0.0507042
2.08393e-09	-0.0508479
2.08402e-09	-0.0509914
2.08411e-09	-0.0511346
2.08421e-09	-0.0512776
2.0843e-09	-0.0514204
2.08439e-09	-0.0515629
2.08448e-09	-0.0517052
2.08458e-09	-0.0518472
2.08467e-09	-0.051989
2.08476e-09	-0.0521306
2.08485e-09	-0.052272
2.08495e-09	-0.0524131
2.08504e-09	-0.0525539
2.08513e-09	-0.0526945
2.08522e-09	-0.0528349
2.08532e-09	-0.0529751
2.08541e-09	-0.053115
2.0855e-09	-0.0532546
2.08559e-09	-0.053394
2.08569e-09	-0.0535332
2.08578e-09	-0.0536722
2.08587e-09	-0.0538109
2.08596e-09	-0.0539494
2.08605e-09	-0.0540876
2.08615e-09	-0.0542256
2.08624e-09	-0.0543634
2.08633e-09	-0.0545009
2.08642e-09	-0.0546382
2.08652e-09	-0.0547752
2.08661e-09	-0.054912
2.0867e-09	-0.0550486
2.08679e-09	-0.0551849
2.08689e-09	-0.055321
2.08698e-09	-0.0554568
2.08707e-09	-0.0555925
2.08716e-09	-0.0557278
2.08726e-09	-0.055863
2.08735e-09	-0.0559979
2.08744e-09	-0.0561325
2.08753e-09	-0.0562669
2.08763e-09	-0.0564011
2.08772e-09	-0.0565351
2.08781e-09	-0.0566688
2.0879e-09	-0.0568022
2.088e-09	-0.0569354
2.08809e-09	-0.0570684
2.08818e-09	-0.0572012
2.08827e-09	-0.0573337
2.08837e-09	-0.057466
2.08846e-09	-0.057598
2.08855e-09	-0.0577298
2.08864e-09	-0.0578613
2.08873e-09	-0.0579926
2.08883e-09	-0.0581237
2.08892e-09	-0.0582546
2.08901e-09	-0.0583852
2.0891e-09	-0.0585155
2.0892e-09	-0.0586457
2.08929e-09	-0.0587755
2.08938e-09	-0.0589052
2.08947e-09	-0.0590346
2.08957e-09	-0.0591638
2.08966e-09	-0.0592927
2.08975e-09	-0.0594214
2.08984e-09	-0.0595498
2.08994e-09	-0.0596781
2.09003e-09	-0.059806
2.09012e-09	-0.0599338
2.09021e-09	-0.0600613
2.09031e-09	-0.0601885
2.0904e-09	-0.0603156
2.09049e-09	-0.0604423
2.09058e-09	-0.0605689
2.09068e-09	-0.0606952
2.09077e-09	-0.0608213
2.09086e-09	-0.0609471
2.09095e-09	-0.0610727
2.09104e-09	-0.061198
2.09114e-09	-0.0613232
2.09123e-09	-0.061448
2.09132e-09	-0.0615727
2.09141e-09	-0.0616971
2.09151e-09	-0.0618212
2.0916e-09	-0.0619452
2.09169e-09	-0.0620689
2.09178e-09	-0.0621923
2.09188e-09	-0.0623155
2.09197e-09	-0.0624385
2.09206e-09	-0.0625612
2.09215e-09	-0.0626837
2.09225e-09	-0.062806
2.09234e-09	-0.062928
2.09243e-09	-0.0630498
2.09252e-09	-0.0631713
2.09262e-09	-0.0632926
2.09271e-09	-0.0634137
2.0928e-09	-0.0635345
2.09289e-09	-0.0636551
2.09299e-09	-0.0637755
2.09308e-09	-0.0638956
2.09317e-09	-0.0640155
2.09326e-09	-0.0641351
2.09335e-09	-0.0642545
2.09345e-09	-0.0643737
2.09354e-09	-0.0644926
2.09363e-09	-0.0646113
2.09372e-09	-0.0647298
2.09382e-09	-0.064848
2.09391e-09	-0.064966
2.094e-09	-0.0650837
2.09409e-09	-0.0652012
2.09419e-09	-0.0653185
2.09428e-09	-0.0654355
2.09437e-09	-0.0655523
2.09446e-09	-0.0656688
2.09456e-09	-0.0657852
2.09465e-09	-0.0659012
2.09474e-09	-0.0660171
2.09483e-09	-0.0661327
2.09493e-09	-0.066248
2.09502e-09	-0.0663632
2.09511e-09	-0.0664781
2.0952e-09	-0.0665927
2.0953e-09	-0.0667071
2.09539e-09	-0.0668213
2.09548e-09	-0.0669353
2.09557e-09	-0.067049
2.09566e-09	-0.0671624
2.09576e-09	-0.0672757
2.09585e-09	-0.0673887
2.09594e-09	-0.0675014
2.09603e-09	-0.067614
2.09613e-09	-0.0677262
2.09622e-09	-0.0678383
2.09631e-09	-0.0679501
2.0964e-09	-0.0680617
2.0965e-09	-0.068173
2.09659e-09	-0.0682841
2.09668e-09	-0.068395
2.09677e-09	-0.0685056
2.09687e-09	-0.068616
2.09696e-09	-0.0687262
2.09705e-09	-0.0688361
2.09714e-09	-0.0689458
2.09724e-09	-0.0690552
2.09733e-09	-0.0691644
2.09742e-09	-0.0692734
2.09751e-09	-0.0693822
2.09761e-09	-0.0694907
2.0977e-09	-0.0695989
2.09779e-09	-0.069707
2.09788e-09	-0.0698147
2.09798e-09	-0.0699223
2.09807e-09	-0.0700296
2.09816e-09	-0.0701367
2.09825e-09	-0.0702436
2.09834e-09	-0.0703502
2.09844e-09	-0.0704566
2.09853e-09	-0.0705627
2.09862e-09	-0.0706686
2.09871e-09	-0.0707743
2.09881e-09	-0.0708797
2.0989e-09	-0.070985
2.09899e-09	-0.0710899
2.09908e-09	-0.0711947
2.09918e-09	-0.0712992
2.09927e-09	-0.0714034
2.09936e-09	-0.0715074
2.09945e-09	-0.0716112
2.09955e-09	-0.0717148
2.09964e-09	-0.0718181
2.09973e-09	-0.0719212
2.09982e-09	-0.0720241
2.09992e-09	-0.0721267
2.10001e-09	-0.0722291
2.1001e-09	-0.0723312
2.10019e-09	-0.0724331
2.10029e-09	-0.0725348
2.10038e-09	-0.0726363
2.10047e-09	-0.0727375
2.10056e-09	-0.0728384
2.10065e-09	-0.0729392
2.10075e-09	-0.0730397
2.10084e-09	-0.07314
2.10093e-09	-0.07324
2.10102e-09	-0.0733398
2.10112e-09	-0.0734394
2.10121e-09	-0.0735387
2.1013e-09	-0.0736378
2.10139e-09	-0.0737367
2.10149e-09	-0.0738353
2.10158e-09	-0.0739337
2.10167e-09	-0.0740319
2.10176e-09	-0.0741298
2.10186e-09	-0.0742275
2.10195e-09	-0.074325
2.10204e-09	-0.0744223
2.10213e-09	-0.0745193
2.10223e-09	-0.074616
2.10232e-09	-0.0747126
2.10241e-09	-0.0748089
2.1025e-09	-0.0749049
2.1026e-09	-0.0750008
2.10269e-09	-0.0750964
2.10278e-09	-0.0751918
2.10287e-09	-0.0752869
2.10296e-09	-0.0753818
2.10306e-09	-0.0754765
2.10315e-09	-0.0755709
2.10324e-09	-0.0756651
2.10333e-09	-0.0757591
2.10343e-09	-0.0758528
2.10352e-09	-0.0759463
2.10361e-09	-0.0760396
2.1037e-09	-0.0761327
2.1038e-09	-0.0762255
2.10389e-09	-0.0763181
2.10398e-09	-0.0764104
2.10407e-09	-0.0765025
2.10417e-09	-0.0765944
2.10426e-09	-0.0766861
2.10435e-09	-0.0767775
2.10444e-09	-0.0768687
2.10454e-09	-0.0769597
2.10463e-09	-0.0770504
2.10472e-09	-0.0771409
2.10481e-09	-0.0772312
2.10491e-09	-0.0773212
2.105e-09	-0.077411
2.10509e-09	-0.0775006
2.10518e-09	-0.0775899
2.10527e-09	-0.077679
2.10537e-09	-0.0777679
2.10546e-09	-0.0778566
2.10555e-09	-0.077945
2.10564e-09	-0.0780332
2.10574e-09	-0.0781211
2.10583e-09	-0.0782089
2.10592e-09	-0.0782964
2.10601e-09	-0.0783836
2.10611e-09	-0.0784707
2.1062e-09	-0.0785575
2.10629e-09	-0.078644
2.10638e-09	-0.0787304
2.10648e-09	-0.0788165
2.10657e-09	-0.0789024
2.10666e-09	-0.0789881
2.10675e-09	-0.0790735
2.10685e-09	-0.0791587
2.10694e-09	-0.0792437
2.10703e-09	-0.0793284
2.10712e-09	-0.0794129
2.10722e-09	-0.0794972
2.10731e-09	-0.0795813
2.1074e-09	-0.0796651
2.10749e-09	-0.0797487
2.10758e-09	-0.079832
2.10768e-09	-0.0799152
2.10777e-09	-0.0799981
2.10786e-09	-0.0800808
2.10795e-09	-0.0801632
2.10805e-09	-0.0802455
2.10814e-09	-0.0803275
2.10823e-09	-0.0804092
2.10832e-09	-0.0804908
2.10842e-09	-0.0805721
2.10851e-09	-0.0806532
2.1086e-09	-0.080734
2.10869e-09	-0.0808146
2.10879e-09	-0.0808951
2.10888e-09	-0.0809752
2.10897e-09	-0.0810552
2.10906e-09	-0.0811349
2.10916e-09	-0.0812144
2.10925e-09	-0.0812936
2.10934e-09	-0.0813727
2.10943e-09	-0.0814515
2.10953e-09	-0.0815301
2.10962e-09	-0.0816084
2.10971e-09	-0.0816866
2.1098e-09	-0.0817645
2.1099e-09	-0.0818422
2.10999e-09	-0.0819196
2.11008e-09	-0.0819968
2.11017e-09	-0.0820738
2.11026e-09	-0.0821506
2.11036e-09	-0.0822272
2.11045e-09	-0.0823035
2.11054e-09	-0.0823796
2.11063e-09	-0.0824554
2.11073e-09	-0.0825311
2.11082e-09	-0.0826065
2.11091e-09	-0.0826817
2.111e-09	-0.0827567
2.1111e-09	-0.0828314
2.11119e-09	-0.0829059
2.11128e-09	-0.0829802
2.11137e-09	-0.0830543
2.11147e-09	-0.0831281
2.11156e-09	-0.0832018
2.11165e-09	-0.0832751
2.11174e-09	-0.0833483
2.11184e-09	-0.0834213
2.11193e-09	-0.083494
2.11202e-09	-0.0835665
2.11211e-09	-0.0836388
2.11221e-09	-0.0837108
2.1123e-09	-0.0837826
2.11239e-09	-0.0838542
2.11248e-09	-0.0839256
2.11257e-09	-0.0839968
2.11267e-09	-0.0840677
2.11276e-09	-0.0841384
2.11285e-09	-0.0842089
2.11294e-09	-0.0842791
2.11304e-09	-0.0843492
2.11313e-09	-0.084419
2.11322e-09	-0.0844886
2.11331e-09	-0.084558
2.11341e-09	-0.0846271
2.1135e-09	-0.084696
2.11359e-09	-0.0847647
2.11368e-09	-0.0848332
2.11378e-09	-0.0849015
2.11387e-09	-0.0849695
2.11396e-09	-0.0850373
2.11405e-09	-0.0851049
2.11415e-09	-0.0851723
2.11424e-09	-0.0852394
2.11433e-09	-0.0853064
2.11442e-09	-0.0853731
2.11452e-09	-0.0854395
2.11461e-09	-0.0855058
2.1147e-09	-0.0855718
2.11479e-09	-0.0856377
2.11488e-09	-0.0857033
2.11498e-09	-0.0857687
2.11507e-09	-0.0858338
2.11516e-09	-0.0858987
2.11525e-09	-0.0859635
2.11535e-09	-0.086028
2.11544e-09	-0.0860922
2.11553e-09	-0.0861563
2.11562e-09	-0.0862201
2.11572e-09	-0.0862838
2.11581e-09	-0.0863472
2.1159e-09	-0.0864103
2.11599e-09	-0.0864733
2.11609e-09	-0.086536
2.11618e-09	-0.0865986
2.11627e-09	-0.0866609
2.11636e-09	-0.086723
2.11646e-09	-0.0867848
2.11655e-09	-0.0868465
2.11664e-09	-0.0869079
2.11673e-09	-0.0869691
2.11683e-09	-0.0870301
2.11692e-09	-0.0870909
2.11701e-09	-0.0871514
2.1171e-09	-0.0872118
2.11719e-09	-0.0872719
2.11729e-09	-0.0873318
2.11738e-09	-0.0873915
2.11747e-09	-0.0874509
2.11756e-09	-0.0875102
2.11766e-09	-0.0875692
2.11775e-09	-0.087628
2.11784e-09	-0.0876866
2.11793e-09	-0.087745
2.11803e-09	-0.0878032
2.11812e-09	-0.0878611
2.11821e-09	-0.0879188
2.1183e-09	-0.0879764
2.1184e-09	-0.0880337
2.11849e-09	-0.0880907
2.11858e-09	-0.0881476
2.11867e-09	-0.0882042
2.11877e-09	-0.0882607
2.11886e-09	-0.0883169
2.11895e-09	-0.0883729
2.11904e-09	-0.0884287
2.11914e-09	-0.0884843
2.11923e-09	-0.0885396
2.11932e-09	-0.0885948
2.11941e-09	-0.0886497
2.11951e-09	-0.0887044
2.1196e-09	-0.0887589
2.11969e-09	-0.0888132
2.11978e-09	-0.0888673
2.11987e-09	-0.0889211
2.11997e-09	-0.0889748
2.12006e-09	-0.0890282
2.12015e-09	-0.0890814
2.12024e-09	-0.0891344
2.12034e-09	-0.0891872
2.12043e-09	-0.0892398
2.12052e-09	-0.0892921
2.12061e-09	-0.0893443
2.12071e-09	-0.0893962
2.1208e-09	-0.0894479
2.12089e-09	-0.0894994
2.12098e-09	-0.0895507
2.12108e-09	-0.0896018
2.12117e-09	-0.0896527
2.12126e-09	-0.0897033
2.12135e-09	-0.0897538
2.12145e-09	-0.089804
2.12154e-09	-0.089854
2.12163e-09	-0.0899038
2.12172e-09	-0.0899534
2.12182e-09	-0.0900028
2.12191e-09	-0.090052
2.122e-09	-0.090101
2.12209e-09	-0.0901497
2.12218e-09	-0.0901983
2.12228e-09	-0.0902466
2.12237e-09	-0.0902947
2.12246e-09	-0.0903426
2.12255e-09	-0.0903903
2.12265e-09	-0.0904378
2.12274e-09	-0.0904851
2.12283e-09	-0.0905322
2.12292e-09	-0.090579
2.12302e-09	-0.0906257
2.12311e-09	-0.0906721
2.1232e-09	-0.0907184
2.12329e-09	-0.0907644
2.12339e-09	-0.0908102
2.12348e-09	-0.0908558
2.12357e-09	-0.0909012
2.12366e-09	-0.0909464
2.12376e-09	-0.0909914
2.12385e-09	-0.0910361
2.12394e-09	-0.0910807
2.12403e-09	-0.091125
2.12413e-09	-0.0911692
2.12422e-09	-0.0912131
2.12431e-09	-0.0912569
2.1244e-09	-0.0913004
2.12449e-09	-0.0913437
2.12459e-09	-0.0913868
2.12468e-09	-0.0914297
2.12477e-09	-0.0914724
2.12486e-09	-0.0915149
2.12496e-09	-0.0915572
2.12505e-09	-0.0915992
2.12514e-09	-0.0916411
2.12523e-09	-0.0916828
2.12533e-09	-0.0917242
2.12542e-09	-0.0917655
2.12551e-09	-0.0918065
2.1256e-09	-0.0918474
2.1257e-09	-0.091888
2.12579e-09	-0.0919284
2.12588e-09	-0.0919686
2.12597e-09	-0.0920087
2.12607e-09	-0.0920485
2.12616e-09	-0.0920881
2.12625e-09	-0.0921275
2.12634e-09	-0.0921667
2.12644e-09	-0.0922057
2.12653e-09	-0.0922445
2.12662e-09	-0.092283
2.12671e-09	-0.0923214
2.1268e-09	-0.0923596
2.1269e-09	-0.0923976
2.12699e-09	-0.0924354
2.12708e-09	-0.0924729
2.12717e-09	-0.0925103
2.12727e-09	-0.0925475
2.12736e-09	-0.0925844
2.12745e-09	-0.0926212
2.12754e-09	-0.0926577
2.12764e-09	-0.0926941
2.12773e-09	-0.0927302
2.12782e-09	-0.0927662
2.12791e-09	-0.0928019
2.12801e-09	-0.0928375
2.1281e-09	-0.0928728
2.12819e-09	-0.0929079
2.12828e-09	-0.0929429
2.12838e-09	-0.0929776
2.12847e-09	-0.0930122
2.12856e-09	-0.0930465
2.12865e-09	-0.0930806
2.12875e-09	-0.0931146
2.12884e-09	-0.0931483
2.12893e-09	-0.0931818
2.12902e-09	-0.0932152
2.12911e-09	-0.0932483
2.12921e-09	-0.0932812
2.1293e-09	-0.093314
2.12939e-09	-0.0933465
2.12948e-09	-0.0933788
2.12958e-09	-0.093411
2.12967e-09	-0.0934429
2.12976e-09	-0.0934746
2.12985e-09	-0.0935062
2.12995e-09	-0.0935375
2.13004e-09	-0.0935687
2.13013e-09	-0.0935996
2.13022e-09	-0.0936304
2.13032e-09	-0.0936609
2.13041e-09	-0.0936913
2.1305e-09	-0.0937214
2.13059e-09	-0.0937514
2.13069e-09	-0.0937811
2.13078e-09	-0.0938107
2.13087e-09	-0.0938401
2.13096e-09	-0.0938692
2.13106e-09	-0.0938982
2.13115e-09	-0.093927
2.13124e-09	-0.0939556
2.13133e-09	-0.0939839
2.13143e-09	-0.0940121
2.13152e-09	-0.0940401
2.13161e-09	-0.0940679
2.1317e-09	-0.0940955
2.13179e-09	-0.0941229
2.13189e-09	-0.0941501
2.13198e-09	-0.0941771
2.13207e-09	-0.094204
2.13216e-09	-0.0942306
2.13226e-09	-0.094257
2.13235e-09	-0.0942832
2.13244e-09	-0.0943093
2.13253e-09	-0.0943351
2.13263e-09	-0.0943608
2.13272e-09	-0.0943862
2.13281e-09	-0.0944115
2.1329e-09	-0.0944366
2.133e-09	-0.0944615
2.13309e-09	-0.0944862
2.13318e-09	-0.0945107
2.13327e-09	-0.0945349
2.13337e-09	-0.0945591
2.13346e-09	-0.094583
2.13355e-09	-0.0946067
2.13364e-09	-0.0946302
2.13374e-09	-0.0946536
2.13383e-09	-0.0946767
2.13392e-09	-0.0946997
2.13401e-09	-0.0947224
2.1341e-09	-0.094745
2.1342e-09	-0.0947674
2.13429e-09	-0.0947896
2.13438e-09	-0.0948116
2.13447e-09	-0.0948334
2.13457e-09	-0.094855
2.13466e-09	-0.0948765
2.13475e-09	-0.0948977
2.13484e-09	-0.0949187
2.13494e-09	-0.0949396
2.13503e-09	-0.0949603
2.13512e-09	-0.0949808
2.13521e-09	-0.095001
2.13531e-09	-0.0950212
2.1354e-09	-0.0950411
2.13549e-09	-0.0950608
2.13558e-09	-0.0950803
2.13568e-09	-0.0950997
2.13577e-09	-0.0951188
2.13586e-09	-0.0951378
2.13595e-09	-0.0951566
2.13605e-09	-0.0951752
2.13614e-09	-0.0951936
2.13623e-09	-0.0952118
2.13632e-09	-0.0952298
2.13641e-09	-0.0952477
2.13651e-09	-0.0952654
2.1366e-09	-0.0952828
2.13669e-09	-0.0953001
2.13678e-09	-0.0953172
2.13688e-09	-0.0953341
2.13697e-09	-0.0953509
2.13706e-09	-0.0953674
2.13715e-09	-0.0953838
2.13725e-09	-0.0953999
2.13734e-09	-0.0954159
2.13743e-09	-0.0954317
2.13752e-09	-0.0954473
2.13762e-09	-0.0954628
2.13771e-09	-0.095478
2.1378e-09	-0.0954931
2.13789e-09	-0.095508
2.13799e-09	-0.0955227
2.13808e-09	-0.0955372
2.13817e-09	-0.0955515
2.13826e-09	-0.0955656
2.13836e-09	-0.0955796
2.13845e-09	-0.0955934
2.13854e-09	-0.095607
2.13863e-09	-0.0956204
2.13872e-09	-0.0956336
2.13882e-09	-0.0956466
2.13891e-09	-0.0956595
2.139e-09	-0.0956722
2.13909e-09	-0.0956847
2.13919e-09	-0.095697
2.13928e-09	-0.0957092
2.13937e-09	-0.0957211
2.13946e-09	-0.0957329
2.13956e-09	-0.0957445
2.13965e-09	-0.0957559
2.13974e-09	-0.0957671
2.13983e-09	-0.0957782
2.13993e-09	-0.095789
2.14002e-09	-0.0957997
2.14011e-09	-0.0958102
2.1402e-09	-0.0958206
2.1403e-09	-0.0958307
2.14039e-09	-0.0958407
2.14048e-09	-0.0958505
2.14057e-09	-0.0958601
2.14067e-09	-0.0958695
2.14076e-09	-0.0958788
2.14085e-09	-0.0958878
2.14094e-09	-0.0958967
2.14104e-09	-0.0959055
2.14113e-09	-0.095914
2.14122e-09	-0.0959224
2.14131e-09	-0.0959305
2.1414e-09	-0.0959385
2.1415e-09	-0.0959464
2.14159e-09	-0.095954
2.14168e-09	-0.0959615
2.14177e-09	-0.0959688
2.14187e-09	-0.0959759
2.14196e-09	-0.0959829
2.14205e-09	-0.0959896
2.14214e-09	-0.0959962
2.14224e-09	-0.0960027
2.14233e-09	-0.0960089
2.14242e-09	-0.096015
2.14251e-09	-0.0960209
2.14261e-09	-0.0960266
2.1427e-09	-0.0960321
2.14279e-09	-0.0960375
2.14288e-09	-0.0960427
2.14298e-09	-0.0960477
2.14307e-09	-0.0960525
2.14316e-09	-0.0960572
2.14325e-09	-0.0960617
2.14335e-09	-0.096066
2.14344e-09	-0.0960702
2.14353e-09	-0.0960741
2.14362e-09	-0.0960779
2.14371e-09	-0.0960816
2.14381e-09	-0.096085
2.1439e-09	-0.0960883
2.14399e-09	-0.0960914
2.14408e-09	-0.0960944
2.14418e-09	-0.0960971
2.14427e-09	-0.0960997
2.14436e-09	-0.0961021
2.14445e-09	-0.0961044
2.14455e-09	-0.0961065
2.14464e-09	-0.0961084
2.14473e-09	-0.0961101
2.14482e-09	-0.0961117
2.14492e-09	-0.0961131
2.14501e-09	-0.0961143
2.1451e-09	-0.0961154
2.14519e-09	-0.0961163
2.14529e-09	-0.096117
2.14538e-09	-0.0961175
2.14547e-09	-0.0961179
2.14556e-09	-0.0961181
2.14566e-09	-0.0961181
2.14575e-09	-0.096118
2.14584e-09	-0.0961177
2.14593e-09	-0.0961172
2.14602e-09	-0.0961166
2.14612e-09	-0.0961158
2.14621e-09	-0.0961148
2.1463e-09	-0.0961137
2.14639e-09	-0.0961124
2.14649e-09	-0.0961109
2.14658e-09	-0.0961093
2.14667e-09	-0.0961075
2.14676e-09	-0.0961055
2.14686e-09	-0.0961033
2.14695e-09	-0.096101
2.14704e-09	-0.0960986
2.14713e-09	-0.0960959
2.14723e-09	-0.0960931
2.14732e-09	-0.0960901
2.14741e-09	-0.096087
2.1475e-09	-0.0960837
2.1476e-09	-0.0960802
2.14769e-09	-0.0960766
2.14778e-09	-0.0960728
2.14787e-09	-0.0960688
2.14797e-09	-0.0960647
2.14806e-09	-0.0960604
2.14815e-09	-0.096056
2.14824e-09	-0.0960514
2.14833e-09	-0.0960466
2.14843e-09	-0.0960416
2.14852e-09	-0.0960365
2.14861e-09	-0.0960312
2.1487e-09	-0.0960258
2.1488e-09	-0.0960202
2.14889e-09	-0.0960145
2.14898e-09	-0.0960085
2.14907e-09	-0.0960024
2.14917e-09	-0.0959962
2.14926e-09	-0.0959898
2.14935e-09	-0.0959832
2.14944e-09	-0.0959765
2.14954e-09	-0.0959696
2.14963e-09	-0.0959626
2.14972e-09	-0.0959553
2.14981e-09	-0.095948
2.14991e-09	-0.0959404
2.15e-09	-0.0959327
2.15009e-09	-0.0959249
2.15018e-09	-0.0959169
2.15028e-09	-0.0959087
2.15037e-09	-0.0959004
2.15046e-09	-0.0958919
2.15055e-09	-0.0958832
2.15064e-09	-0.0958744
2.15074e-09	-0.0958654
2.15083e-09	-0.0958563
2.15092e-09	-0.095847
2.15101e-09	-0.0958376
2.15111e-09	-0.095828
2.1512e-09	-0.0958182
2.15129e-09	-0.0958083
2.15138e-09	-0.0957982
2.15148e-09	-0.095788
2.15157e-09	-0.0957776
2.15166e-09	-0.0957671
2.15175e-09	-0.0957564
2.15185e-09	-0.0957455
2.15194e-09	-0.0957345
2.15203e-09	-0.0957233
2.15212e-09	-0.095712
2.15222e-09	-0.0957005
2.15231e-09	-0.0956889
2.1524e-09	-0.0956771
2.15249e-09	-0.0956652
2.15259e-09	-0.0956531
2.15268e-09	-0.0956408
2.15277e-09	-0.0956284
2.15286e-09	-0.0956158
2.15296e-09	-0.0956031
2.15305e-09	-0.0955902
2.15314e-09	-0.0955772
2.15323e-09	-0.0955641
2.15332e-09	-0.0955507
2.15342e-09	-0.0955372
2.15351e-09	-0.0955236
2.1536e-09	-0.0955098
2.15369e-09	-0.0954959
2.15379e-09	-0.0954818
2.15388e-09	-0.0954675
2.15397e-09	-0.0954531
2.15406e-09	-0.0954386
2.15416e-09	-0.0954239
2.15425e-09	-0.095409
2.15434e-09	-0.095394
2.15443e-09	-0.0953789
2.15453e-09	-0.0953636
2.15462e-09	-0.0953481
2.15471e-09	-0.0953325
2.1548e-09	-0.0953168
2.1549e-09	-0.0953009
2.15499e-09	-0.0952848
2.15508e-09	-0.0952686
2.15517e-09	-0.0952523
2.15527e-09	-0.0952358
2.15536e-09	-0.0952191
2.15545e-09	-0.0952023
2.15554e-09	-0.0951854
2.15563e-09	-0.0951683
2.15573e-09	-0.095151
2.15582e-09	-0.0951336
2.15591e-09	-0.0951161
2.156e-09	-0.0950984
2.1561e-09	-0.0950806
2.15619e-09	-0.0950626
2.15628e-09	-0.0950445
2.15637e-09	-0.0950262
2.15647e-09	-0.0950078
2.15656e-09	-0.0949892
2.15665e-09	-0.0949705
2.15674e-09	-0.0949516
2.15684e-09	-0.0949326
2.15693e-09	-0.0949135
2.15702e-09	-0.0948942
2.15711e-09	-0.0948747
2.15721e-09	-0.0948552
2.1573e-09	-0.0948354
2.15739e-09	-0.0948156
2.15748e-09	-0.0947955
2.15758e-09	-0.0947754
2.15767e-09	-0.0947551
2.15776e-09	-0.0947346
2.15785e-09	-0.094714
2.15794e-09	-0.0946933
2.15804e-09	-0.0946724
2.15813e-09	-0.0946514
2.15822e-09	-0.0946302
2.15831e-09	-0.0946089
2.15841e-09	-0.0945875
2.1585e-09	-0.0945659
2.15859e-09	-0.0945441
2.15868e-09	-0.0945223
2.15878e-09	-0.0945002
2.15887e-09	-0.0944781
2.15896e-09	-0.0944558
2.15905e-09	-0.0944333
2.15915e-09	-0.0944108
2.15924e-09	-0.094388
2.15933e-09	-0.0943652
2.15942e-09	-0.0943422
2.15952e-09	-0.094319
2.15961e-09	-0.0942958
2.1597e-09	-0.0942723
2.15979e-09	-0.0942488
2.15989e-09	-0.0942251
2.15998e-09	-0.0942012
2.16007e-09	-0.0941773
2.16016e-09	-0.0941532
2.16025e-09	-0.0941289
2.16035e-09	-0.0941045
2.16044e-09	-0.09408
2.16053e-09	-0.0940553
2.16062e-09	-0.0940305
2.16072e-09	-0.0940056
2.16081e-09	-0.0939805
2.1609e-09	-0.0939553
2.16099e-09	-0.0939299
2.16109e-09	-0.0939044
2.16118e-09	-0.0938788
2.16127e-09	-0.0938531
2.16136e-09	-0.0938272
2.16146e-09	-0.0938011
2.16155e-09	-0.093775
2.16164e-09	-0.0937487
2.16173e-09	-0.0937222
2.16183e-09	-0.0936957
2.16192e-09	-0.0936689
2.16201e-09	-0.0936421
2.1621e-09	-0.0936151
2.1622e-09	-0.093588
2.16229e-09	-0.0935608
2.16238e-09	-0.0935334
2.16247e-09	-0.0935059
2.16257e-09	-0.0934782
2.16266e-09	-0.0934505
2.16275e-09	-0.0934226
2.16284e-09	-0.0933945
2.16293e-09	-0.0933663
2.16303e-09	-0.093338
2.16312e-09	-0.0933096
2.16321e-09	-0.093281
2.1633e-09	-0.0932523
2.1634e-09	-0.0932235
2.16349e-09	-0.0931945
2.16358e-09	-0.0931654
2.16367e-09	-0.0931362
2.16377e-09	-0.0931069
2.16386e-09	-0.0930774
2.16395e-09	-0.0930478
2.16404e-09	-0.093018
2.16414e-09	-0.0929881
2.16423e-09	-0.0929581
2.16432e-09	-0.092928
2.16441e-09	-0.0928977
2.16451e-09	-0.0928673
2.1646e-09	-0.0928368
2.16469e-09	-0.0928062
2.16478e-09	-0.0927754
2.16488e-09	-0.0927445
2.16497e-09	-0.0927134
2.16506e-09	-0.0926823
2.16515e-09	-0.092651
2.16524e-09	-0.0926196
2.16534e-09	-0.092588
2.16543e-09	-0.0925564
2.16552e-09	-0.0925246
2.16561e-09	-0.0924926
2.16571e-09	-0.0924606
2.1658e-09	-0.0924284
2.16589e-09	-0.0923961
2.16598e-09	-0.0923637
2.16608e-09	-0.0923311
2.16617e-09	-0.0922984
2.16626e-09	-0.0922656
2.16635e-09	-0.0922327
2.16645e-09	-0.0921997
2.16654e-09	-0.0921665
2.16663e-09	-0.0921332
2.16672e-09	-0.0920997
2.16682e-09	-0.0920662
2.16691e-09	-0.0920325
2.167e-09	-0.0919987
2.16709e-09	-0.0919648
2.16719e-09	-0.0919308
2.16728e-09	-0.0918966
2.16737e-09	-0.0918623
2.16746e-09	-0.0918279
2.16755e-09	-0.0917934
2.16765e-09	-0.0917587
2.16774e-09	-0.0917239
2.16783e-09	-0.091689
2.16792e-09	-0.091654
2.16802e-09	-0.0916189
2.16811e-09	-0.0915836
2.1682e-09	-0.0915482
2.16829e-09	-0.0915127
2.16839e-09	-0.0914771
2.16848e-09	-0.0914413
2.16857e-09	-0.0914055
2.16866e-09	-0.0913695
2.16876e-09	-0.0913334
2.16885e-09	-0.0912972
2.16894e-09	-0.0912608
2.16903e-09	-0.0912244
2.16913e-09	-0.0911878
2.16922e-09	-0.0911511
2.16931e-09	-0.0911143
2.1694e-09	-0.0910773
2.1695e-09	-0.0910403
2.16959e-09	-0.0910031
2.16968e-09	-0.0909658
2.16977e-09	-0.0909284
2.16986e-09	-0.0908909
2.16996e-09	-0.0908533
2.17005e-09	-0.0908155
2.17014e-09	-0.0907776
2.17023e-09	-0.0907396
2.17033e-09	-0.0907015
2.17042e-09	-0.0906633
2.17051e-09	-0.090625
2.1706e-09	-0.0905865
2.1707e-09	-0.0905479
2.17079e-09	-0.0905093
2.17088e-09	-0.0904705
2.17097e-09	-0.0904316
2.17107e-09	-0.0903925
2.17116e-09	-0.0903534
2.17125e-09	-0.0903141
2.17134e-09	-0.0902748
2.17144e-09	-0.0902353
2.17153e-09	-0.0901957
2.17162e-09	-0.090156
2.17171e-09	-0.0901162
2.17181e-09	-0.0900762
2.1719e-09	-0.0900362
2.17199e-09	-0.089996
2.17208e-09	-0.0899557
2.17218e-09	-0.0899154
2.17227e-09	-0.0898749
2.17236e-09	-0.0898342
2.17245e-09	-0.0897935
2.17254e-09	-0.0897527
2.17264e-09	-0.0897118
2.17273e-09	-0.0896707
2.17282e-09	-0.0896295
2.17291e-09	-0.0895883
2.17301e-09	-0.0895469
2.1731e-09	-0.0895054
2.17319e-09	-0.0894638
2.17328e-09	-0.0894221
2.17338e-09	-0.0893803
2.17347e-09	-0.0893383
2.17356e-09	-0.0892963
2.17365e-09	-0.0892541
2.17375e-09	-0.0892119
2.17384e-09	-0.0891695
2.17393e-09	-0.089127
2.17402e-09	-0.0890845
2.17412e-09	-0.0890418
2.17421e-09	-0.088999
2.1743e-09	-0.0889561
2.17439e-09	-0.0889131
2.17449e-09	-0.0888699
2.17458e-09	-0.0888267
2.17467e-09	-0.0887834
2.17476e-09	-0.0887399
2.17485e-09	-0.0886964
2.17495e-09	-0.0886527
2.17504e-09	-0.088609
2.17513e-09	-0.0885651
2.17522e-09	-0.0885212
2.17532e-09	-0.0884771
2.17541e-09	-0.0884329
2.1755e-09	-0.0883886
2.17559e-09	-0.0883442
2.17569e-09	-0.0882998
2.17578e-09	-0.0882552
2.17587e-09	-0.0882105
2.17596e-09	-0.0881657
2.17606e-09	-0.0881208
2.17615e-09	-0.0880758
2.17624e-09	-0.0880306
2.17633e-09	-0.0879854
2.17643e-09	-0.0879401
2.17652e-09	-0.0878947
2.17661e-09	-0.0878492
2.1767e-09	-0.0878036
2.1768e-09	-0.0877578
2.17689e-09	-0.087712
2.17698e-09	-0.0876661
2.17707e-09	-0.08762
2.17716e-09	-0.0875739
2.17726e-09	-0.0875277
2.17735e-09	-0.0874813
2.17744e-09	-0.0874349
2.17753e-09	-0.0873884
2.17763e-09	-0.0873418
2.17772e-09	-0.087295
2.17781e-09	-0.0872482
2.1779e-09	-0.0872013
2.178e-09	-0.0871542
2.17809e-09	-0.0871071
2.17818e-09	-0.0870599
2.17827e-09	-0.0870126
2.17837e-09	-0.0869651
2.17846e-09	-0.0869176
2.17855e-09	-0.08687
2.17864e-09	-0.0868223
2.17874e-09	-0.0867744
2.17883e-09	-0.0867265
2.17892e-09	-0.0866785
2.17901e-09	-0.0866304
2.17911e-09	-0.0865822
2.1792e-09	-0.0865339
2.17929e-09	-0.0864855
2.17938e-09	-0.086437
2.17947e-09	-0.0863884
2.17957e-09	-0.0863397
2.17966e-09	-0.086291
2.17975e-09	-0.0862421
2.17984e-09	-0.0861931
2.17994e-09	-0.0861441
2.18003e-09	-0.0860949
2.18012e-09	-0.0860456
2.18021e-09	-0.0859963
2.18031e-09	-0.0859469
2.1804e-09	-0.0858973
2.18049e-09	-0.0858477
2.18058e-09	-0.085798
2.18068e-09	-0.0857481
2.18077e-09	-0.0856982
2.18086e-09	-0.0856482
2.18095e-09	-0.0855981
2.18105e-09	-0.0855479
2.18114e-09	-0.0854977
2.18123e-09	-0.0854473
2.18132e-09	-0.0853968
2.18142e-09	-0.0853463
2.18151e-09	-0.0852956
2.1816e-09	-0.0852449
2.18169e-09	-0.085194
2.18178e-09	-0.0851431
2.18188e-09	-0.0850921
2.18197e-09	-0.085041
2.18206e-09	-0.0849898
2.18215e-09	-0.0849385
2.18225e-09	-0.0848872
2.18234e-09	-0.0848357
2.18243e-09	-0.0847841
2.18252e-09	-0.0847325
2.18262e-09	-0.0846808
2.18271e-09	-0.084629
2.1828e-09	-0.084577
2.18289e-09	-0.084525
2.18299e-09	-0.084473
2.18308e-09	-0.0844208
2.18317e-09	-0.0843685
2.18326e-09	-0.0843162
2.18336e-09	-0.0842637
2.18345e-09	-0.0842112
2.18354e-09	-0.0841586
2.18363e-09	-0.0841059
2.18373e-09	-0.0840531
2.18382e-09	-0.0840003
2.18391e-09	-0.0839473
2.184e-09	-0.0838943
2.1841e-09	-0.0838411
2.18419e-09	-0.0837879
2.18428e-09	-0.0837346
2.18437e-09	-0.0836812
2.18446e-09	-0.0836278
2.18456e-09	-0.0835742
2.18465e-09	-0.0835206
2.18474e-09	-0.0834669
2.18483e-09	-0.083413
2.18493e-09	-0.0833592
2.18502e-09	-0.0833052
2.18511e-09	-0.0832511
2.1852e-09	-0.083197
2.1853e-09	-0.0831427
2.18539e-09	-0.0830884
2.18548e-09	-0.0830341
2.18557e-09	-0.0829796
2.18567e-09	-0.082925
2.18576e-09	-0.0828704
2.18585e-09	-0.0828157
2.18594e-09	-0.0827609
2.18604e-09	-0.082706
2.18613e-09	-0.082651
2.18622e-09	-0.082596
2.18631e-09	-0.0825408
2.18641e-09	-0.0824856
2.1865e-09	-0.0824303
2.18659e-09	-0.082375
2.18668e-09	-0.0823195
2.18677e-09	-0.082264
2.18687e-09	-0.0822084
2.18696e-09	-0.0821527
2.18705e-09	-0.0820969
2.18714e-09	-0.0820411
2.18724e-09	-0.0819851
2.18733e-09	-0.0819291
2.18742e-09	-0.081873
2.18751e-09	-0.0818169
2.18761e-09	-0.0817606
2.1877e-09	-0.0817043
2.18779e-09	-0.0816479
2.18788e-09	-0.0815914
2.18798e-09	-0.0815349
2.18807e-09	-0.0814782
2.18816e-09	-0.0814215
2.18825e-09	-0.0813647
2.18835e-09	-0.0813079
2.18844e-09	-0.0812509
2.18853e-09	-0.0811939
2.18862e-09	-0.0811368
2.18872e-09	-0.0810797
2.18881e-09	-0.0810224
2.1889e-09	-0.0809651
2.18899e-09	-0.0809077
2.18908e-09	-0.0808503
2.18918e-09	-0.0807927
2.18927e-09	-0.0807351
2.18936e-09	-0.0806774
2.18945e-09	-0.0806196
2.18955e-09	-0.0805618
2.18964e-09	-0.0805039
2.18973e-09	-0.0804459
2.18982e-09	-0.0803878
2.18992e-09	-0.0803297
2.19001e-09	-0.0802715
2.1901e-09	-0.0802132
2.19019e-09	-0.0801548
2.19029e-09	-0.0800964
2.19038e-09	-0.0800379
2.19047e-09	-0.0799793
2.19056e-09	-0.0799207
2.19066e-09	-0.079862
2.19075e-09	-0.0798032
2.19084e-09	-0.0797443
2.19093e-09	-0.0796854
2.19103e-09	-0.0796264
2.19112e-09	-0.0795673
2.19121e-09	-0.0795082
2.1913e-09	-0.079449
2.19139e-09	-0.0793897
2.19149e-09	-0.0793303
2.19158e-09	-0.0792709
2.19167e-09	-0.0792114
2.19176e-09	-0.0791519
2.19186e-09	-0.0790922
2.19195e-09	-0.0790325
2.19204e-09	-0.0789727
2.19213e-09	-0.0789129
2.19223e-09	-0.078853
2.19232e-09	-0.078793
2.19241e-09	-0.078733
2.1925e-09	-0.0786729
2.1926e-09	-0.0786127
2.19269e-09	-0.0785524
2.19278e-09	-0.0784921
2.19287e-09	-0.0784318
2.19297e-09	-0.0783713
2.19306e-09	-0.0783108
2.19315e-09	-0.0782502
2.19324e-09	-0.0781896
2.19334e-09	-0.0781288
2.19343e-09	-0.0780681
2.19352e-09	-0.0780072
2.19361e-09	-0.0779463
2.19371e-09	-0.0778853
2.1938e-09	-0.0778243
2.19389e-09	-0.0777632
2.19398e-09	-0.077702
2.19407e-09	-0.0776408
2.19417e-09	-0.0775795
2.19426e-09	-0.0775181
2.19435e-09	-0.0774567
2.19444e-09	-0.0773952
2.19454e-09	-0.0773336
2.19463e-09	-0.077272
2.19472e-09	-0.0772103
2.19481e-09	-0.0771486
2.19491e-09	-0.0770868
2.195e-09	-0.0770249
2.19509e-09	-0.076963
2.19518e-09	-0.076901
2.19528e-09	-0.0768389
2.19537e-09	-0.0767768
2.19546e-09	-0.0767146
2.19555e-09	-0.0766524
2.19565e-09	-0.0765901
2.19574e-09	-0.0765277
2.19583e-09	-0.0764653
2.19592e-09	-0.0764028
2.19602e-09	-0.0763402
2.19611e-09	-0.0762776
2.1962e-09	-0.0762149
2.19629e-09	-0.0761522
2.19638e-09	-0.0760894
2.19648e-09	-0.0760266
2.19657e-09	-0.0759637
2.19666e-09	-0.0759007
2.19675e-09	-0.0758377
2.19685e-09	-0.0757746
2.19694e-09	-0.0757114
2.19703e-09	-0.0756482
2.19712e-09	-0.075585
2.19722e-09	-0.0755217
2.19731e-09	-0.0754583
2.1974e-09	-0.0753948
2.19749e-09	-0.0753313
2.19759e-09	-0.0752678
2.19768e-09	-0.0752042
2.19777e-09	-0.0751405
2.19786e-09	-0.0750768
2.19796e-09	-0.075013
2.19805e-09	-0.0749492
2.19814e-09	-0.0748853
2.19823e-09	-0.0748214
2.19833e-09	-0.0747573
2.19842e-09	-0.0746933
2.19851e-09	-0.0746292
2.1986e-09	-0.074565
2.19869e-09	-0.0745008
2.19879e-09	-0.0744365
2.19888e-09	-0.0743722
2.19897e-09	-0.0743078
2.19906e-09	-0.0742433
2.19916e-09	-0.0741788
2.19925e-09	-0.0741143
2.19934e-09	-0.0740497
2.19943e-09	-0.073985
2.19953e-09	-0.0739203
2.19962e-09	-0.0738555
2.19971e-09	-0.0737907
2.1998e-09	-0.0737258
2.1999e-09	-0.0736609
2.19999e-09	-0.0735959
2.20008e-09	-0.0735309
2.20017e-09	-0.0734658
2.20027e-09	-0.0734007
2.20036e-09	-0.0733355
2.20045e-09	-0.0732703
2.20054e-09	-0.073205
2.20064e-09	-0.0731397
2.20073e-09	-0.0730743
2.20082e-09	-0.0730088
2.20091e-09	-0.0729433
2.201e-09	-0.0728778
2.2011e-09	-0.0728122
2.20119e-09	-0.0727465
2.20128e-09	-0.0726809
2.20137e-09	-0.0726151
2.20147e-09	-0.0725493
2.20156e-09	-0.0724835
2.20165e-09	-0.0724176
2.20174e-09	-0.0723516
2.20184e-09	-0.0722857
2.20193e-09	-0.0722196
2.20202e-09	-0.0721535
2.20211e-09	-0.0720874
2.20221e-09	-0.0720212
2.2023e-09	-0.071955
2.20239e-09	-0.0718887
2.20248e-09	-0.0718224
2.20258e-09	-0.071756
2.20267e-09	-0.0716896
2.20276e-09	-0.0716231
2.20285e-09	-0.0715566
2.20295e-09	-0.07149
2.20304e-09	-0.0714234
2.20313e-09	-0.0713568
2.20322e-09	-0.0712901
2.20331e-09	-0.0712233
2.20341e-09	-0.0711566
2.2035e-09	-0.0710897
2.20359e-09	-0.0710228
2.20368e-09	-0.0709559
2.20378e-09	-0.0708889
2.20387e-09	-0.0708219
2.20396e-09	-0.0707549
2.20405e-09	-0.0706877
2.20415e-09	-0.0706206
2.20424e-09	-0.0705534
2.20433e-09	-0.0704862
2.20442e-09	-0.0704189
2.20452e-09	-0.0703516
2.20461e-09	-0.0702842
2.2047e-09	-0.0702168
2.20479e-09	-0.0701493
2.20489e-09	-0.0700818
2.20498e-09	-0.0700143
2.20507e-09	-0.0699467
2.20516e-09	-0.0698791
2.20526e-09	-0.0698114
2.20535e-09	-0.0697437
2.20544e-09	-0.0696759
2.20553e-09	-0.0696082
2.20563e-09	-0.0695403
2.20572e-09	-0.0694724
2.20581e-09	-0.0694045
2.2059e-09	-0.0693366
2.20599e-09	-0.0692686
2.20609e-09	-0.0692005
2.20618e-09	-0.0691324
2.20627e-09	-0.0690643
2.20636e-09	-0.0689962
2.20646e-09	-0.068928
2.20655e-09	-0.0688597
2.20664e-09	-0.0687914
2.20673e-09	-0.0687231
2.20683e-09	-0.0686548
2.20692e-09	-0.0685864
2.20701e-09	-0.0685179
2.2071e-09	-0.0684495
2.2072e-09	-0.068381
2.20729e-09	-0.0683124
2.20738e-09	-0.0682438
2.20747e-09	-0.0681752
2.20757e-09	-0.0681065
2.20766e-09	-0.0680378
2.20775e-09	-0.0679691
2.20784e-09	-0.0679003
2.20794e-09	-0.0678315
2.20803e-09	-0.0677627
2.20812e-09	-0.0676938
2.20821e-09	-0.0676249
2.2083e-09	-0.0675559
2.2084e-09	-0.0674869
2.20849e-09	-0.0674179
2.20858e-09	-0.0673488
2.20867e-09	-0.0672797
2.20877e-09	-0.0672106
2.20886e-09	-0.0671414
2.20895e-09	-0.0670722
2.20904e-09	-0.067003
2.20914e-09	-0.0669337
2.20923e-09	-0.0668644
2.20932e-09	-0.066795
2.20941e-09	-0.0667256
2.20951e-09	-0.0666562
2.2096e-09	-0.0665868
2.20969e-09	-0.0665173
2.20978e-09	-0.0664478
2.20988e-09	-0.0663782
2.20997e-09	-0.0663086
2.21006e-09	-0.066239
2.21015e-09	-0.0661694
2.21025e-09	-0.0660997
2.21034e-09	-0.06603
2.21043e-09	-0.0659603
2.21052e-09	-0.0658905
2.21061e-09	-0.0658207
2.21071e-09	-0.0657508
2.2108e-09	-0.065681
2.21089e-09	-0.065611
2.21098e-09	-0.0655411
2.21108e-09	-0.0654711
2.21117e-09	-0.0654012
2.21126e-09	-0.0653311
2.21135e-09	-0.0652611
2.21145e-09	-0.065191
2.21154e-09	-0.0651209
2.21163e-09	-0.0650507
2.21172e-09	-0.0649805
2.21182e-09	-0.0649103
2.21191e-09	-0.0648401
2.212e-09	-0.0647698
2.21209e-09	-0.0646995
2.21219e-09	-0.0646292
2.21228e-09	-0.0645588
2.21237e-09	-0.0644885
2.21246e-09	-0.064418
2.21256e-09	-0.0643476
2.21265e-09	-0.0642771
2.21274e-09	-0.0642066
2.21283e-09	-0.0641361
2.21292e-09	-0.0640656
2.21302e-09	-0.063995
2.21311e-09	-0.0639244
2.2132e-09	-0.0638537
2.21329e-09	-0.0637831
2.21339e-09	-0.0637124
2.21348e-09	-0.0636417
2.21357e-09	-0.0635709
2.21366e-09	-0.0635002
2.21376e-09	-0.0634294
2.21385e-09	-0.0633586
2.21394e-09	-0.0632877
2.21403e-09	-0.0632168
2.21413e-09	-0.063146
2.21422e-09	-0.063075
2.21431e-09	-0.0630041
2.2144e-09	-0.0629331
2.2145e-09	-0.0628621
2.21459e-09	-0.0627911
2.21468e-09	-0.06272
2.21477e-09	-0.062649
2.21487e-09	-0.0625779
2.21496e-09	-0.0625068
2.21505e-09	-0.0624356
2.21514e-09	-0.0623644
2.21524e-09	-0.0622933
2.21533e-09	-0.062222
2.21542e-09	-0.0621508
2.21551e-09	-0.0620795
2.2156e-09	-0.0620083
2.2157e-09	-0.061937
2.21579e-09	-0.0618656
2.21588e-09	-0.0617943
2.21597e-09	-0.0617229
2.21607e-09	-0.0616515
2.21616e-09	-0.0615801
2.21625e-09	-0.0615087
2.21634e-09	-0.0614372
2.21644e-09	-0.0613657
2.21653e-09	-0.0612942
2.21662e-09	-0.0612227
2.21671e-09	-0.0611511
2.21681e-09	-0.0610796
2.2169e-09	-0.061008
2.21699e-09	-0.0609364
2.21708e-09	-0.0608648
2.21718e-09	-0.0607931
2.21727e-09	-0.0607214
2.21736e-09	-0.0606498
2.21745e-09	-0.0605781
2.21755e-09	-0.0605063
2.21764e-09	-0.0604346
2.21773e-09	-0.0603628
2.21782e-09	-0.060291
2.21791e-09	-0.0602192
2.21801e-09	-0.0601474
2.2181e-09	-0.0600756
2.21819e-09	-0.0600037
2.21828e-09	-0.0599318
2.21838e-09	-0.05986
2.21847e-09	-0.059788
2.21856e-09	-0.0597161
2.21865e-09	-0.0596442
2.21875e-09	-0.0595722
2.21884e-09	-0.0595002
2.21893e-09	-0.0594282
2.21902e-09	-0.0593562
2.21912e-09	-0.0592842
2.21921e-09	-0.0592121
2.2193e-09	-0.0591401
2.21939e-09	-0.059068
2.21949e-09	-0.0589959
2.21958e-09	-0.0589238
2.21967e-09	-0.0588516
2.21976e-09	-0.0587795
2.21986e-09	-0.0587073
2.21995e-09	-0.0586352
2.22004e-09	-0.058563
2.22013e-09	-0.0584908
2.22022e-09	-0.0584185
2.22032e-09	-0.0583463
2.22041e-09	-0.0582741
2.2205e-09	-0.0582018
2.22059e-09	-0.0581295
2.22069e-09	-0.0580572
2.22078e-09	-0.0579849
2.22087e-09	-0.0579126
2.22096e-09	-0.0578403
2.22106e-09	-0.0577679
2.22115e-09	-0.0576956
2.22124e-09	-0.0576232
2.22133e-09	-0.0575508
2.22143e-09	-0.0574784
2.22152e-09	-0.057406
2.22161e-09	-0.0573336
2.2217e-09	-0.0572611
2.2218e-09	-0.0571887
2.22189e-09	-0.0571162
2.22198e-09	-0.0570437
2.22207e-09	-0.0569712
2.22217e-09	-0.0568987
2.22226e-09	-0.0568262
2.22235e-09	-0.0567537
2.22244e-09	-0.0566812
2.22253e-09	-0.0566086
2.22263e-09	-0.0565361
2.22272e-09	-0.0564635
2.22281e-09	-0.056391
2.2229e-09	-0.0563184
2.223e-09	-0.0562458
2.22309e-09	-0.0561732
2.22318e-09	-0.0561006
2.22327e-09	-0.0560279
2.22337e-09	-0.0559553
2.22346e-09	-0.0558827
2.22355e-09	-0.05581
2.22364e-09	-0.0557373
2.22374e-09	-0.0556647
2.22383e-09	-0.055592
2.22392e-09	-0.0555193
2.22401e-09	-0.0554466
2.22411e-09	-0.0553739
2.2242e-09	-0.0553012
2.22429e-09	-0.0552285
2.22438e-09	-0.0551557
2.22448e-09	-0.055083
2.22457e-09	-0.0550102
2.22466e-09	-0.0549375
2.22475e-09	-0.0548647
2.22485e-09	-0.054792
2.22494e-09	-0.0547192
2.22503e-09	-0.0546464
2.22512e-09	-0.0545736
2.22521e-09	-0.0545008
2.22531e-09	-0.054428
2.2254e-09	-0.0543552
2.22549e-09	-0.0542824
2.22558e-09	-0.0542096
2.22568e-09	-0.0541367
2.22577e-09	-0.0540639
2.22586e-09	-0.0539911
2.22595e-09	-0.0539182
2.22605e-09	-0.0538454
2.22614e-09	-0.0537725
2.22623e-09	-0.0536997
2.22632e-09	-0.0536268
2.22642e-09	-0.0535539
2.22651e-09	-0.0534811
2.2266e-09	-0.0534082
2.22669e-09	-0.0533353
2.22679e-09	-0.0532624
2.22688e-09	-0.0531895
2.22697e-09	-0.0531166
2.22706e-09	-0.0530437
2.22716e-09	-0.0529708
2.22725e-09	-0.0528979
2.22734e-09	-0.052825
2.22743e-09	-0.0527521
2.22752e-09	-0.0526792
2.22762e-09	-0.0526063
2.22771e-09	-0.0525334
2.2278e-09	-0.0524604
2.22789e-09	-0.0523875
2.22799e-09	-0.0523146
2.22808e-09	-0.0522416
2.22817e-09	-0.0521687
2.22826e-09	-0.0520958
2.22836e-09	-0.0520228
2.22845e-09	-0.0519499
2.22854e-09	-0.051877
2.22863e-09	-0.051804
2.22873e-09	-0.0517311
2.22882e-09	-0.0516582
2.22891e-09	-0.0515852
2.229e-09	-0.0515123
2.2291e-09	-0.0514393
2.22919e-09	-0.0513664
2.22928e-09	-0.0512934
2.22937e-09	-0.0512205
2.22947e-09	-0.0511475
2.22956e-09	-0.0510746
2.22965e-09	-0.0510017
2.22974e-09	-0.0509287
2.22983e-09	-0.0508558
2.22993e-09	-0.0507828
2.23002e-09	-0.0507099
2.23011e-09	-0.0506369
2.2302e-09	-0.050564
2.2303e-09	-0.0504911
2.23039e-09	-0.0504181
2.23048e-09	-0.0503452
2.23057e-09	-0.0502723
2.23067e-09	-0.0501993
2.23076e-09	-0.0501264
2.23085e-09	-0.0500535
2.23094e-09	-0.0499805
2.23104e-09	-0.0499076
2.23113e-09	-0.0498347
2.23122e-09	-0.0497618
2.23131e-09	-0.0496889
2.23141e-09	-0.049616
2.2315e-09	-0.049543
2.23159e-09	-0.0494701
2.23168e-09	-0.0493972
2.23178e-09	-0.0493243
2.23187e-09	-0.0492514
2.23196e-09	-0.0491785
2.23205e-09	-0.0491057
2.23214e-09	-0.0490328
2.23224e-09	-0.0489599
2.23233e-09	-0.048887
2.23242e-09	-0.0488141
2.23251e-09	-0.0487413
2.23261e-09	-0.0486684
2.2327e-09	-0.0485956
2.23279e-09	-0.0485227
2.23288e-09	-0.0484498
2.23298e-09	-0.048377
2.23307e-09	-0.0483042
2.23316e-09	-0.0482313
2.23325e-09	-0.0481585
2.23335e-09	-0.0480857
2.23344e-09	-0.0480129
2.23353e-09	-0.0479401
2.23362e-09	-0.0478673
2.23372e-09	-0.0477945
2.23381e-09	-0.0477217
2.2339e-09	-0.0476489
2.23399e-09	-0.0475761
2.23409e-09	-0.0475033
2.23418e-09	-0.0474306
2.23427e-09	-0.0473578
2.23436e-09	-0.0472851
2.23445e-09	-0.0472123
2.23455e-09	-0.0471396
2.23464e-09	-0.0470669
2.23473e-09	-0.0469941
2.23482e-09	-0.0469214
2.23492e-09	-0.0468487
2.23501e-09	-0.046776
2.2351e-09	-0.0467033
2.23519e-09	-0.0466307
2.23529e-09	-0.046558
2.23538e-09	-0.0464853
2.23547e-09	-0.0464127
2.23556e-09	-0.04634
2.23566e-09	-0.0462674
2.23575e-09	-0.0461948
2.23584e-09	-0.0461222
2.23593e-09	-0.0460496
2.23603e-09	-0.045977
2.23612e-09	-0.0459044
2.23621e-09	-0.0458318
2.2363e-09	-0.0457592
2.2364e-09	-0.0456867
2.23649e-09	-0.0456141
2.23658e-09	-0.0455416
2.23667e-09	-0.045469
2.23677e-09	-0.0453965
2.23686e-09	-0.045324
2.23695e-09	-0.0452515
2.23704e-09	-0.045179
2.23713e-09	-0.0451066
2.23723e-09	-0.0450341
2.23732e-09	-0.0449617
2.23741e-09	-0.0448892
2.2375e-09	-0.0448168
2.2376e-09	-0.0447444
2.23769e-09	-0.044672
2.23778e-09	-0.0445996
2.23787e-09	-0.0445272
2.23797e-09	-0.0444548
2.23806e-09	-0.0443825
2.23815e-09	-0.0443101
2.23824e-09	-0.0442378
2.23834e-09	-0.0441655
2.23843e-09	-0.0440932
2.23852e-09	-0.0440209
2.23861e-09	-0.0439486
2.23871e-09	-0.0438763
2.2388e-09	-0.0438041
2.23889e-09	-0.0437318
2.23898e-09	-0.0436596
2.23908e-09	-0.0435874
2.23917e-09	-0.0435152
2.23926e-09	-0.043443
2.23935e-09	-0.0433708
2.23944e-09	-0.0432987
2.23954e-09	-0.0432265
2.23963e-09	-0.0431544
2.23972e-09	-0.0430823
2.23981e-09	-0.0430102
2.23991e-09	-0.0429381
2.24e-09	-0.042866
2.24009e-09	-0.042794
2.24018e-09	-0.0427219
2.24028e-09	-0.0426499
2.24037e-09	-0.0425779
2.24046e-09	-0.0425059
2.24055e-09	-0.0424339
2.24065e-09	-0.042362
2.24074e-09	-0.04229
2.24083e-09	-0.0422181
2.24092e-09	-0.0421462
2.24102e-09	-0.0420743
2.24111e-09	-0.0420024
2.2412e-09	-0.0419305
2.24129e-09	-0.0418587
2.24139e-09	-0.0417868
2.24148e-09	-0.041715
2.24157e-09	-0.0416432
2.24166e-09	-0.0415714
2.24175e-09	-0.0414997
2.24185e-09	-0.0414279
2.24194e-09	-0.0413562
2.24203e-09	-0.0412845
2.24212e-09	-0.0412128
2.24222e-09	-0.0411411
2.24231e-09	-0.0410694
2.2424e-09	-0.0409978
2.24249e-09	-0.0409262
2.24259e-09	-0.0408546
2.24268e-09	-0.040783
2.24277e-09	-0.0407114
2.24286e-09	-0.0406399
2.24296e-09	-0.0405683
2.24305e-09	-0.0404968
2.24314e-09	-0.0404253
2.24323e-09	-0.0403538
2.24333e-09	-0.0402824
2.24342e-09	-0.0402109
2.24351e-09	-0.0401395
2.2436e-09	-0.0400681
2.2437e-09	-0.0399968
2.24379e-09	-0.0399254
2.24388e-09	-0.0398541
2.24397e-09	-0.0397827
2.24406e-09	-0.0397114
2.24416e-09	-0.0396402
2.24425e-09	-0.0395689
2.24434e-09	-0.0394977
2.24443e-09	-0.0394264
2.24453e-09	-0.0393552
2.24462e-09	-0.0392841
2.24471e-09	-0.0392129
2.2448e-09	-0.0391418
2.2449e-09	-0.0390707
2.24499e-09	-0.0389996
2.24508e-09	-0.0389285
2.24517e-09	-0.0388574
2.24527e-09	-0.0387864
2.24536e-09	-0.0387154
2.24545e-09	-0.0386444
2.24554e-09	-0.0385734
2.24564e-09	-0.0385025
2.24573e-09	-0.0384316
2.24582e-09	-0.0383607
2.24591e-09	-0.0382898
2.24601e-09	-0.0382189
2.2461e-09	-0.0381481
2.24619e-09	-0.0380773
2.24628e-09	-0.0380065
2.24638e-09	-0.0379358
2.24647e-09	-0.037865
2.24656e-09	-0.0377943
2.24665e-09	-0.0377236
2.24674e-09	-0.0376529
2.24684e-09	-0.0375823
2.24693e-09	-0.0375117
2.24702e-09	-0.0374411
2.24711e-09	-0.0373705
2.24721e-09	-0.0372999
2.2473e-09	-0.0372294
2.24739e-09	-0.0371589
2.24748e-09	-0.0370884
2.24758e-09	-0.0370179
2.24767e-09	-0.0369475
2.24776e-09	-0.0368771
2.24785e-09	-0.0368067
2.24795e-09	-0.0367364
2.24804e-09	-0.036666
2.24813e-09	-0.0365957
2.24822e-09	-0.0365254
2.24832e-09	-0.0364552
2.24841e-09	-0.0363849
2.2485e-09	-0.0363147
2.24859e-09	-0.0362445
2.24869e-09	-0.0361744
2.24878e-09	-0.0361042
2.24887e-09	-0.0360341
2.24896e-09	-0.035964
2.24905e-09	-0.035894
2.24915e-09	-0.0358239
2.24924e-09	-0.0357539
2.24933e-09	-0.035684
2.24942e-09	-0.035614
2.24952e-09	-0.0355441
2.24961e-09	-0.0354742
2.2497e-09	-0.0354043
2.24979e-09	-0.0353345
2.24989e-09	-0.0352646
2.24998e-09	-0.0351948
2.25007e-09	-0.0351251
2.25016e-09	-0.0350553
2.25026e-09	-0.0349856
2.25035e-09	-0.0349159
2.25044e-09	-0.0348463
2.25053e-09	-0.0347767
2.25063e-09	-0.034707
2.25072e-09	-0.0346375
2.25081e-09	-0.0345679
2.2509e-09	-0.0344984
2.251e-09	-0.0344289
2.25109e-09	-0.0343594
2.25118e-09	-0.03429
2.25127e-09	-0.0342206
2.25136e-09	-0.0341512
2.25146e-09	-0.0340819
2.25155e-09	-0.0340126
2.25164e-09	-0.0339433
2.25173e-09	-0.033874
2.25183e-09	-0.0338048
2.25192e-09	-0.0337356
2.25201e-09	-0.0336664
2.2521e-09	-0.0335972
2.2522e-09	-0.0335281
2.25229e-09	-0.033459
2.25238e-09	-0.03339
2.25247e-09	-0.0333209
2.25257e-09	-0.0332519
2.25266e-09	-0.0331829
2.25275e-09	-0.033114
2.25284e-09	-0.0330451
2.25294e-09	-0.0329762
2.25303e-09	-0.0329074
2.25312e-09	-0.0328385
2.25321e-09	-0.0327697
2.25331e-09	-0.032701
2.2534e-09	-0.0326323
2.25349e-09	-0.0325636
2.25358e-09	-0.0324949
2.25367e-09	-0.0324262
2.25377e-09	-0.0323576
2.25386e-09	-0.0322891
2.25395e-09	-0.0322205
2.25404e-09	-0.032152
2.25414e-09	-0.0320835
2.25423e-09	-0.0320151
2.25432e-09	-0.0319466
2.25441e-09	-0.0318783
2.25451e-09	-0.0318099
2.2546e-09	-0.0317416
2.25469e-09	-0.0316733
2.25478e-09	-0.031605
2.25488e-09	-0.0315368
2.25497e-09	-0.0314686
2.25506e-09	-0.0314004
2.25515e-09	-0.0313323
2.25525e-09	-0.0312642
2.25534e-09	-0.0311961
2.25543e-09	-0.0311281
2.25552e-09	-0.0310601
2.25562e-09	-0.0309921
2.25571e-09	-0.0309242
2.2558e-09	-0.0308563
2.25589e-09	-0.0307884
2.25598e-09	-0.0307205
2.25608e-09	-0.0306527
2.25617e-09	-0.030585
2.25626e-09	-0.0305172
2.25635e-09	-0.0304495
2.25645e-09	-0.0303818
2.25654e-09	-0.0303142
2.25663e-09	-0.0302466
2.25672e-09	-0.030179
2.25682e-09	-0.0301115
2.25691e-09	-0.030044
2.257e-09	-0.0299765
2.25709e-09	-0.0299091
2.25719e-09	-0.0298417
2.25728e-09	-0.0297743
2.25737e-09	-0.029707
2.25746e-09	-0.0296397
2.25756e-09	-0.0295724
2.25765e-09	-0.0295052
2.25774e-09	-0.029438
2.25783e-09	-0.0293708
2.25793e-09	-0.0293037
2.25802e-09	-0.0292366
2.25811e-09	-0.0291696
2.2582e-09	-0.0291025
2.2583e-09	-0.0290355
2.25839e-09	-0.0289686
2.25848e-09	-0.0289017
2.25857e-09	-0.0288348
2.25866e-09	-0.028768
2.25876e-09	-0.0287012
2.25885e-09	-0.0286344
2.25894e-09	-0.0285676
2.25903e-09	-0.0285009
2.25913e-09	-0.0284343
2.25922e-09	-0.0283677
2.25931e-09	-0.0283011
2.2594e-09	-0.0282345
2.2595e-09	-0.028168
2.25959e-09	-0.0281015
2.25968e-09	-0.0280351
2.25977e-09	-0.0279687
2.25987e-09	-0.0279023
2.25996e-09	-0.0278359
2.26005e-09	-0.0277696
2.26014e-09	-0.0277034
2.26024e-09	-0.0276372
2.26033e-09	-0.027571
2.26042e-09	-0.0275048
2.26051e-09	-0.0274387
2.26061e-09	-0.0273726
2.2607e-09	-0.0273066
2.26079e-09	-0.0272406
2.26088e-09	-0.0271746
2.26097e-09	-0.0271087
2.26107e-09	-0.0270428
2.26116e-09	-0.026977
2.26125e-09	-0.0269112
2.26134e-09	-0.0268454
2.26144e-09	-0.0267796
2.26153e-09	-0.0267139
2.26162e-09	-0.0266483
2.26171e-09	-0.0265827
2.26181e-09	-0.0265171
2.2619e-09	-0.0264515
2.26199e-09	-0.026386
2.26208e-09	-0.0263206
2.26218e-09	-0.0262551
2.26227e-09	-0.0261897
2.26236e-09	-0.0261244
2.26245e-09	-0.0260591
2.26255e-09	-0.0259938
2.26264e-09	-0.0259286
2.26273e-09	-0.0258634
2.26282e-09	-0.0257982
2.26292e-09	-0.0257331
2.26301e-09	-0.025668
2.2631e-09	-0.025603
2.26319e-09	-0.025538
2.26328e-09	-0.025473
2.26338e-09	-0.0254081
2.26347e-09	-0.0253432
2.26356e-09	-0.0252784
2.26365e-09	-0.0252136
2.26375e-09	-0.0251488
2.26384e-09	-0.0250841
2.26393e-09	-0.0250194
2.26402e-09	-0.0249548
2.26412e-09	-0.0248902
2.26421e-09	-0.0248256
2.2643e-09	-0.0247611
2.26439e-09	-0.0246966
2.26449e-09	-0.0246322
2.26458e-09	-0.0245678
2.26467e-09	-0.0245034
2.26476e-09	-0.0244391
2.26486e-09	-0.0243748
2.26495e-09	-0.0243106
2.26504e-09	-0.0242464
2.26513e-09	-0.0241823
2.26523e-09	-0.0241181
2.26532e-09	-0.0240541
2.26541e-09	-0.02399
2.2655e-09	-0.0239261
2.26559e-09	-0.0238621
2.26569e-09	-0.0237982
2.26578e-09	-0.0237343
2.26587e-09	-0.0236705
2.26596e-09	-0.0236067
2.26606e-09	-0.023543
2.26615e-09	-0.0234793
2.26624e-09	-0.0234157
2.26633e-09	-0.023352
2.26643e-09	-0.0232885
2.26652e-09	-0.023225
2.26661e-09	-0.0231615
2.2667e-09	-0.023098
2.2668e-09	-0.0230346
2.26689e-09	-0.0229713
2.26698e-09	-0.022908
2.26707e-09	-0.0228447
2.26717e-09	-0.0227814
2.26726e-09	-0.0227183
2.26735e-09	-0.0226551
2.26744e-09	-0.022592
2.26754e-09	-0.022529
2.26763e-09	-0.0224659
2.26772e-09	-0.022403
2.26781e-09	-0.02234
2.26791e-09	-0.0222771
2.268e-09	-0.0222143
2.26809e-09	-0.0221515
2.26818e-09	-0.0220887
2.26827e-09	-0.022026
2.26837e-09	-0.0219634
2.26846e-09	-0.0219007
2.26855e-09	-0.0218382
2.26864e-09	-0.0217756
2.26874e-09	-0.0217131
2.26883e-09	-0.0216507
2.26892e-09	-0.0215883
2.26901e-09	-0.0215259
2.26911e-09	-0.0214636
2.2692e-09	-0.0214013
2.26929e-09	-0.0213391
2.26938e-09	-0.0212769
2.26948e-09	-0.0212147
2.26957e-09	-0.0211526
2.26966e-09	-0.0210906
2.26975e-09	-0.0210286
2.26985e-09	-0.0209666
2.26994e-09	-0.0209047
2.27003e-09	-0.0208428
2.27012e-09	-0.020781
2.27022e-09	-0.0207192
2.27031e-09	-0.0206575
2.2704e-09	-0.0205958
2.27049e-09	-0.0205341
2.27058e-09	-0.0204725
2.27068e-09	-0.0204109
2.27077e-09	-0.0203494
2.27086e-09	-0.020288
2.27095e-09	-0.0202265
2.27105e-09	-0.0201651
2.27114e-09	-0.0201038
2.27123e-09	-0.0200425
2.27132e-09	-0.0199813
2.27142e-09	-0.0199201
2.27151e-09	-0.0198589
2.2716e-09	-0.0197978
2.27169e-09	-0.0197368
2.27179e-09	-0.0196757
2.27188e-09	-0.0196148
2.27197e-09	-0.0195539
2.27206e-09	-0.019493
2.27216e-09	-0.0194321
2.27225e-09	-0.0193714
2.27234e-09	-0.0193106
2.27243e-09	-0.0192499
2.27253e-09	-0.0191893
2.27262e-09	-0.0191287
2.27271e-09	-0.0190681
2.2728e-09	-0.0190076
2.27289e-09	-0.0189472
2.27299e-09	-0.0188867
2.27308e-09	-0.0188264
2.27317e-09	-0.0187661
2.27326e-09	-0.0187058
2.27336e-09	-0.0186456
2.27345e-09	-0.0185854
2.27354e-09	-0.0185252
2.27363e-09	-0.0184652
2.27373e-09	-0.0184051
2.27382e-09	-0.0183451
2.27391e-09	-0.0182852
2.274e-09	-0.0182253
2.2741e-09	-0.0181654
2.27419e-09	-0.0181056
2.27428e-09	-0.0180459
2.27437e-09	-0.0179862
2.27447e-09	-0.0179265
2.27456e-09	-0.0178669
2.27465e-09	-0.0178073
2.27474e-09	-0.0177478
2.27484e-09	-0.0176883
2.27493e-09	-0.0176289
2.27502e-09	-0.0175695
2.27511e-09	-0.0175102
2.2752e-09	-0.0174509
2.2753e-09	-0.0173917
2.27539e-09	-0.0173325
2.27548e-09	-0.0172734
2.27557e-09	-0.0172143
2.27567e-09	-0.0171553
2.27576e-09	-0.0170963
2.27585e-09	-0.0170373
2.27594e-09	-0.0169784
2.27604e-09	-0.0169196
2.27613e-09	-0.0168608
2.27622e-09	-0.016802
2.27631e-09	-0.0167433
2.27641e-09	-0.0166847
2.2765e-09	-0.0166261
2.27659e-09	-0.0165675
2.27668e-09	-0.016509
2.27678e-09	-0.0164506
2.27687e-09	-0.0163922
2.27696e-09	-0.0163338
2.27705e-09	-0.0162755
2.27715e-09	-0.0162172
2.27724e-09	-0.016159
2.27733e-09	-0.0161009
2.27742e-09	-0.0160427
2.27751e-09	-0.0159847
2.27761e-09	-0.0159267
2.2777e-09	-0.0158687
2.27779e-09	-0.0158108
2.27788e-09	-0.0157529
2.27798e-09	-0.0156951
2.27807e-09	-0.0156373
2.27816e-09	-0.0155796
2.27825e-09	-0.0155219
2.27835e-09	-0.0154643
2.27844e-09	-0.0154068
2.27853e-09	-0.0153492
2.27862e-09	-0.0152918
2.27872e-09	-0.0152344
2.27881e-09	-0.015177
2.2789e-09	-0.0151197
2.27899e-09	-0.0150624
2.27909e-09	-0.0150052
2.27918e-09	-0.014948
2.27927e-09	-0.0148909
2.27936e-09	-0.0148338
2.27946e-09	-0.0147768
2.27955e-09	-0.0147198
2.27964e-09	-0.0146629
2.27973e-09	-0.014606
2.27983e-09	-0.0145492
2.27992e-09	-0.0144925
2.28001e-09	-0.0144357
2.2801e-09	-0.0143791
2.28019e-09	-0.0143225
2.28029e-09	-0.0142659
2.28038e-09	-0.0142094
2.28047e-09	-0.0141529
2.28056e-09	-0.0140965
2.28066e-09	-0.0140401
2.28075e-09	-0.0139838
2.28084e-09	-0.0139276
2.28093e-09	-0.0138714
2.28103e-09	-0.0138152
2.28112e-09	-0.0137591
2.28121e-09	-0.013703
2.2813e-09	-0.013647
2.2814e-09	-0.0135911
2.28149e-09	-0.0135352
2.28158e-09	-0.0134793
2.28167e-09	-0.0134235
2.28177e-09	-0.0133678
2.28186e-09	-0.0133121
2.28195e-09	-0.0132564
2.28204e-09	-0.0132008
2.28214e-09	-0.0131453
2.28223e-09	-0.0130898
2.28232e-09	-0.0130344
2.28241e-09	-0.012979
2.2825e-09	-0.0129236
2.2826e-09	-0.0128684
2.28269e-09	-0.0128131
2.28278e-09	-0.0127579
2.28287e-09	-0.0127028
2.28297e-09	-0.0126477
2.28306e-09	-0.0125927
2.28315e-09	-0.0125377
2.28324e-09	-0.0124828
2.28334e-09	-0.0124279
2.28343e-09	-0.0123731
2.28352e-09	-0.0123184
2.28361e-09	-0.0122637
2.28371e-09	-0.012209
2.2838e-09	-0.0121544
2.28389e-09	-0.0120998
2.28398e-09	-0.0120453
2.28408e-09	-0.0119909
2.28417e-09	-0.0119365
2.28426e-09	-0.0118821
2.28435e-09	-0.0118278
2.28445e-09	-0.0117736
2.28454e-09	-0.0117194
2.28463e-09	-0.0116653
2.28472e-09	-0.0116112
2.28481e-09	-0.0115571
2.28491e-09	-0.0115032
2.285e-09	-0.0114492
2.28509e-09	-0.0113954
2.28518e-09	-0.0113415
2.28528e-09	-0.0112878
2.28537e-09	-0.0112341
2.28546e-09	-0.0111804
2.28555e-09	-0.0111268
2.28565e-09	-0.0110732
2.28574e-09	-0.0110197
2.28583e-09	-0.0109663
2.28592e-09	-0.0109129
2.28602e-09	-0.0108595
2.28611e-09	-0.0108062
2.2862e-09	-0.010753
2.28629e-09	-0.0106998
2.28639e-09	-0.0106467
2.28648e-09	-0.0105936
2.28657e-09	-0.0105406
2.28666e-09	-0.0104876
2.28676e-09	-0.0104347
2.28685e-09	-0.0103818
2.28694e-09	-0.010329
2.28703e-09	-0.0102763
2.28712e-09	-0.0102235
2.28722e-09	-0.0101709
2.28731e-09	-0.0101183
2.2874e-09	-0.0100658
2.28749e-09	-0.0100133
2.28759e-09	-0.00996083
2.28768e-09	-0.00990844
2.28777e-09	-0.00985611
2.28786e-09	-0.00980384
2.28796e-09	-0.00975162
2.28805e-09	-0.00969945
2.28814e-09	-0.00964733
2.28823e-09	-0.00959527
2.28833e-09	-0.00954327
2.28842e-09	-0.00949132
2.28851e-09	-0.00943942
2.2886e-09	-0.00938757
2.2887e-09	-0.00933578
2.28879e-09	-0.00928405
2.28888e-09	-0.00923237
2.28897e-09	-0.00918074
2.28907e-09	-0.00912916
2.28916e-09	-0.00907765
2.28925e-09	-0.00902618
2.28934e-09	-0.00897477
2.28944e-09	-0.00892341
2.28953e-09	-0.00887211
2.28962e-09	-0.00882086
2.28971e-09	-0.00876967
2.2898e-09	-0.00871853
2.2899e-09	-0.00866744
2.28999e-09	-0.00861641
2.29008e-09	-0.00856544
2.29017e-09	-0.00851452
2.29027e-09	-0.00846365
2.29036e-09	-0.00841284
2.29045e-09	-0.00836208
2.29054e-09	-0.00831138
2.29064e-09	-0.00826073
2.29073e-09	-0.00821014
2.29082e-09	-0.0081596
2.29091e-09	-0.00810911
2.29101e-09	-0.00805868
2.2911e-09	-0.00800831
2.29119e-09	-0.00795799
2.29128e-09	-0.00790772
2.29138e-09	-0.00785751
2.29147e-09	-0.00780736
2.29156e-09	-0.00775726
2.29165e-09	-0.00770721
2.29175e-09	-0.00765722
2.29184e-09	-0.00760729
2.29193e-09	-0.00755741
2.29202e-09	-0.00750758
2.29211e-09	-0.00745781
2.29221e-09	-0.0074081
2.2923e-09	-0.00735844
2.29239e-09	-0.00730883
2.29248e-09	-0.00725928
2.29258e-09	-0.00720979
2.29267e-09	-0.00716035
2.29276e-09	-0.00711096
2.29285e-09	-0.00706163
2.29295e-09	-0.00701236
2.29304e-09	-0.00696314
2.29313e-09	-0.00691398
2.29322e-09	-0.00686487
2.29332e-09	-0.00681582
2.29341e-09	-0.00676682
2.2935e-09	-0.00671788
2.29359e-09	-0.006669
2.29369e-09	-0.00662017
2.29378e-09	-0.00657139
2.29387e-09	-0.00652267
2.29396e-09	-0.00647401
2.29406e-09	-0.0064254
2.29415e-09	-0.00637685
2.29424e-09	-0.00632835
2.29433e-09	-0.00627991
2.29442e-09	-0.00623152
2.29452e-09	-0.00618319
2.29461e-09	-0.00613492
2.2947e-09	-0.0060867
2.29479e-09	-0.00603854
2.29489e-09	-0.00599043
2.29498e-09	-0.00594238
2.29507e-09	-0.00589438
2.29516e-09	-0.00584644
2.29526e-09	-0.00579856
2.29535e-09	-0.00575073
2.29544e-09	-0.00570296
2.29553e-09	-0.00565524
2.29563e-09	-0.00560758
2.29572e-09	-0.00555998
2.29581e-09	-0.00551243
2.2959e-09	-0.00546494
2.296e-09	-0.0054175
2.29609e-09	-0.00537012
2.29618e-09	-0.0053228
2.29627e-09	-0.00527553
2.29637e-09	-0.00522832
2.29646e-09	-0.00518116
2.29655e-09	-0.00513406
2.29664e-09	-0.00508701
2.29673e-09	-0.00504003
2.29683e-09	-0.0049931
2.29692e-09	-0.00494622
2.29701e-09	-0.0048994
2.2971e-09	-0.00485264
2.2972e-09	-0.00480593
2.29729e-09	-0.00475928
2.29738e-09	-0.00471269
2.29747e-09	-0.00466615
2.29757e-09	-0.00461967
2.29766e-09	-0.00457324
2.29775e-09	-0.00452687
2.29784e-09	-0.00448056
2.29794e-09	-0.0044343
2.29803e-09	-0.0043881
2.29812e-09	-0.00434196
2.29821e-09	-0.00429587
2.29831e-09	-0.00424984
2.2984e-09	-0.00420387
2.29849e-09	-0.00415795
2.29858e-09	-0.00411209
2.29868e-09	-0.00406628
2.29877e-09	-0.00402053
2.29886e-09	-0.00397484
2.29895e-09	-0.00392921
2.29905e-09	-0.00388363
2.29914e-09	-0.0038381
2.29923e-09	-0.00379264
2.29932e-09	-0.00374723
2.29941e-09	-0.00370188
2.29951e-09	-0.00365658
2.2996e-09	-0.00361134
2.29969e-09	-0.00356616
2.29978e-09	-0.00352103
2.29988e-09	-0.00347596
2.29997e-09	-0.00343095
2.30006e-09	-0.003386
2.30015e-09	-0.0033411
2.30025e-09	-0.00329625
2.30034e-09	-0.00325147
2.30043e-09	-0.00320674
2.30052e-09	-0.00316207
2.30062e-09	-0.00311745
2.30071e-09	-0.00307289
2.3008e-09	-0.00302839
2.30089e-09	-0.00298394
2.30099e-09	-0.00293956
2.30108e-09	-0.00289522
2.30117e-09	-0.00285095
2.30126e-09	-0.00280673
2.30136e-09	-0.00276257
2.30145e-09	-0.00271847
2.30154e-09	-0.00267442
2.30163e-09	-0.00263043
2.30172e-09	-0.0025865
2.30182e-09	-0.00254262
2.30191e-09	-0.0024988
2.302e-09	-0.00245504
2.30209e-09	-0.00241133
2.30219e-09	-0.00236768
2.30228e-09	-0.00232409
2.30237e-09	-0.00228056
2.30246e-09	-0.00223708
2.30256e-09	-0.00219366
2.30265e-09	-0.00215029
2.30274e-09	-0.00210699
2.30283e-09	-0.00206374
2.30293e-09	-0.00202055
2.30302e-09	-0.00197741
2.30311e-09	-0.00193433
2.3032e-09	-0.00189131
2.3033e-09	-0.00184835
2.30339e-09	-0.00180544
2.30348e-09	-0.00176259
2.30357e-09	-0.00171979
2.30367e-09	-0.00167706
2.30376e-09	-0.00163438
2.30385e-09	-0.00159176
2.30394e-09	-0.00154919
2.30403e-09	-0.00150668
2.30413e-09	-0.00146423
2.30422e-09	-0.00142184
2.30431e-09	-0.0013795
2.3044e-09	-0.00133723
2.3045e-09	-0.001295
2.30459e-09	-0.00125284
2.30468e-09	-0.00121073
2.30477e-09	-0.00116868
2.30487e-09	-0.00112669
2.30496e-09	-0.00108475
2.30505e-09	-0.00104287
2.30514e-09	-0.00100105
2.30524e-09	-0.000959286
2.30533e-09	-0.000917579
2.30542e-09	-0.000875929
2.30551e-09	-0.000834336
2.30561e-09	-0.000792801
2.3057e-09	-0.000751322
2.30579e-09	-0.000709901
2.30588e-09	-0.000668538
2.30598e-09	-0.000627231
2.30607e-09	-0.000585982
2.30616e-09	-0.00054479
2.30625e-09	-0.000503655
2.30634e-09	-0.000462577
2.30644e-09	-0.000421557
2.30653e-09	-0.000380594
2.30662e-09	-0.000339689
2.30671e-09	-0.00029884
2.30681e-09	-0.000258049
2.3069e-09	-0.000217315
2.30699e-09	-0.000176639
2.30708e-09	-0.00013602
2.30718e-09	-9.54578e-05
2.30727e-09	-5.49532e-05
2.30736e-09	-1.45059e-05
2.30745e-09	2.58841e-05
2.30755e-09	6.62168e-05
2.30764e-09	0.000106492
2.30773e-09	0.00014671
2.30782e-09	0.000186871
2.30792e-09	0.000226974
2.30801e-09	0.00026702
2.3081e-09	0.000307009
2.30819e-09	0.000346941
2.30829e-09	0.000386815
2.30838e-09	0.000426631
2.30847e-09	0.000466391
2.30856e-09	0.000506093
2.30865e-09	0.000545738
2.30875e-09	0.000585325
2.30884e-09	0.000624855
2.30893e-09	0.000664328
2.30902e-09	0.000703743
2.30912e-09	0.000743102
2.30921e-09	0.000782402
2.3093e-09	0.000821646
2.30939e-09	0.000860832
2.30949e-09	0.000899961
2.30958e-09	0.000939032
2.30967e-09	0.000978046
2.30976e-09	0.001017
2.30986e-09	0.0010559
2.30995e-09	0.00109474
2.31004e-09	0.00113353
2.31013e-09	0.00117226
2.31023e-09	0.00121093
2.31032e-09	0.00124954
2.31041e-09	0.00128809
2.3105e-09	0.00132659
2.3106e-09	0.00136503
2.31069e-09	0.00140342
2.31078e-09	0.00144174
2.31087e-09	0.00148001
2.31097e-09	0.00151822
2.31106e-09	0.00155638
2.31115e-09	0.00159447
2.31124e-09	0.00163251
2.31133e-09	0.0016705
2.31143e-09	0.00170842
2.31152e-09	0.00174629
2.31161e-09	0.0017841
2.3117e-09	0.00182185
2.3118e-09	0.00185955
2.31189e-09	0.00189719
2.31198e-09	0.00193477
2.31207e-09	0.00197229
2.31217e-09	0.00200976
2.31226e-09	0.00204717
2.31235e-09	0.00208452
2.31244e-09	0.00212181
2.31254e-09	0.00215905
2.31263e-09	0.00219623
2.31272e-09	0.00223335
2.31281e-09	0.00227042
2.31291e-09	0.00230743
2.313e-09	0.00234438
2.31309e-09	0.00238127
2.31318e-09	0.00241811
2.31328e-09	0.00245489
2.31337e-09	0.00249161
2.31346e-09	0.00252827
2.31355e-09	0.00256488
2.31364e-09	0.00260143
2.31374e-09	0.00263793
2.31383e-09	0.00267436
2.31392e-09	0.00271074
2.31401e-09	0.00274706
2.31411e-09	0.00278333
2.3142e-09	0.00281953
2.31429e-09	0.00285568
2.31438e-09	0.00289178
2.31448e-09	0.00292781
2.31457e-09	0.00296379
2.31466e-09	0.00299971
2.31475e-09	0.00303558
2.31485e-09	0.00307138
2.31494e-09	0.00310713
2.31503e-09	0.00314283
2.31512e-09	0.00317846
2.31522e-09	0.00321404
2.31531e-09	0.00324956
2.3154e-09	0.00328503
2.31549e-09	0.00332043
2.31559e-09	0.00335579
2.31568e-09	0.00339108
2.31577e-09	0.00342631
2.31586e-09	0.00346149
2.31595e-09	0.00349662
2.31605e-09	0.00353168
2.31614e-09	0.00356669
2.31623e-09	0.00360164
2.31632e-09	0.00363653
2.31642e-09	0.00367137
2.31651e-09	0.00370615
2.3166e-09	0.00374087
2.31669e-09	0.00377554
2.31679e-09	0.00381015
2.31688e-09	0.0038447
2.31697e-09	0.00387919
2.31706e-09	0.00391363
2.31716e-09	0.00394801
2.31725e-09	0.00398234
2.31734e-09	0.00401661
2.31743e-09	0.00405082
2.31753e-09	0.00408497
2.31762e-09	0.00411907
2.31771e-09	0.00415311
2.3178e-09	0.00418709
2.3179e-09	0.00422101
2.31799e-09	0.00425488
2.31808e-09	0.0042887
2.31817e-09	0.00432245
2.31826e-09	0.00435615
2.31836e-09	0.00438979
2.31845e-09	0.00442338
2.31854e-09	0.00445691
2.31863e-09	0.00449038
2.31873e-09	0.00452379
2.31882e-09	0.00455715
2.31891e-09	0.00459045
2.319e-09	0.0046237
2.3191e-09	0.00465688
2.31919e-09	0.00469001
2.31928e-09	0.00472309
2.31937e-09	0.00475611
2.31947e-09	0.00478907
2.31956e-09	0.00482197
2.31965e-09	0.00485482
2.31974e-09	0.00488761
2.31984e-09	0.00492035
2.31993e-09	0.00495302
2.32002e-09	0.00498564
2.32011e-09	0.00501821
2.32021e-09	0.00505072
2.3203e-09	0.00508317
2.32039e-09	0.00511556
2.32048e-09	0.0051479
2.32058e-09	0.00518019
2.32067e-09	0.00521241
2.32076e-09	0.00524458
2.32085e-09	0.00527669
2.32094e-09	0.00530875
2.32104e-09	0.00534075
2.32113e-09	0.00537269
2.32122e-09	0.00540458
2.32131e-09	0.00543641
2.32141e-09	0.00546818
2.3215e-09	0.0054999
2.32159e-09	0.00553156
2.32168e-09	0.00556317
2.32178e-09	0.00559471
2.32187e-09	0.00562621
2.32196e-09	0.00565764
2.32205e-09	0.00568902
2.32215e-09	0.00572035
2.32224e-09	0.00575161
2.32233e-09	0.00578282
2.32242e-09	0.00581398
2.32252e-09	0.00584508
2.32261e-09	0.00587612
2.3227e-09	0.0059071
2.32279e-09	0.00593803
2.32289e-09	0.00596891
2.32298e-09	0.00599973
2.32307e-09	0.00603049
2.32316e-09	0.00606119
2.32325e-09	0.00609184
2.32335e-09	0.00612243
2.32344e-09	0.00615297
2.32353e-09	0.00618345
2.32362e-09	0.00621388
2.32372e-09	0.00624425
2.32381e-09	0.00627456
2.3239e-09	0.00630482
2.32399e-09	0.00633502
2.32409e-09	0.00636516
2.32418e-09	0.00639525
2.32427e-09	0.00642529
2.32436e-09	0.00645526
2.32446e-09	0.00648518
2.32455e-09	0.00651505
2.32464e-09	0.00654486
2.32473e-09	0.00657461
2.32483e-09	0.00660431
2.32492e-09	0.00663395
2.32501e-09	0.00666354
2.3251e-09	0.00669307
2.3252e-09	0.00672255
2.32529e-09	0.00675197
2.32538e-09	0.00678133
2.32547e-09	0.00681064
2.32556e-09	0.00683989
2.32566e-09	0.00686909
2.32575e-09	0.00689823
2.32584e-09	0.00692731
2.32593e-09	0.00695634
2.32603e-09	0.00698532
2.32612e-09	0.00701424
2.32621e-09	0.0070431
2.3263e-09	0.00707191
2.3264e-09	0.00710066
2.32649e-09	0.00712936
2.32658e-09	0.007158
2.32667e-09	0.00718659
2.32677e-09	0.00721512
2.32686e-09	0.00724359
2.32695e-09	0.00727201
2.32704e-09	0.00730038
2.32714e-09	0.00732868
2.32723e-09	0.00735694
2.32732e-09	0.00738514
2.32741e-09	0.00741328
2.32751e-09	0.00744137
2.3276e-09	0.0074694
2.32769e-09	0.00749738
2.32778e-09	0.0075253
2.32787e-09	0.00755317
2.32797e-09	0.00758098
2.32806e-09	0.00760874
2.32815e-09	0.00763644
2.32824e-09	0.00766408
2.32834e-09	0.00769168
2.32843e-09	0.00771921
2.32852e-09	0.00774669
2.32861e-09	0.00777412
2.32871e-09	0.00780149
2.3288e-09	0.00782881
2.32889e-09	0.00785607
2.32898e-09	0.00788328
2.32908e-09	0.00791043
2.32917e-09	0.00793753
2.32926e-09	0.00796457
2.32935e-09	0.00799156
2.32945e-09	0.00801849
2.32954e-09	0.00804537
2.32963e-09	0.00807219
2.32972e-09	0.00809896
2.32982e-09	0.00812567
2.32991e-09	0.00815233
2.33e-09	0.00817893
2.33009e-09	0.00820548
2.33018e-09	0.00823198
2.33028e-09	0.00825842
2.33037e-09	0.0082848
2.33046e-09	0.00831114
2.33055e-09	0.00833741
2.33065e-09	0.00836363
2.33074e-09	0.0083898
2.33083e-09	0.00841592
2.33092e-09	0.00844197
2.33102e-09	0.00846798
2.33111e-09	0.00849393
2.3312e-09	0.00851982
2.33129e-09	0.00854567
2.33139e-09	0.00857145
2.33148e-09	0.00859718
2.33157e-09	0.00862286
2.33166e-09	0.00864849
2.33176e-09	0.00867406
2.33185e-09	0.00869957
2.33194e-09	0.00872503
2.33203e-09	0.00875044
2.33213e-09	0.00877579
2.33222e-09	0.00880109
2.33231e-09	0.00882634
2.3324e-09	0.00885153
2.3325e-09	0.00887667
2.33259e-09	0.00890175
2.33268e-09	0.00892678
2.33277e-09	0.00895175
2.33286e-09	0.00897667
2.33296e-09	0.00900154
2.33305e-09	0.00902635
2.33314e-09	0.00905111
2.33323e-09	0.00907582
2.33333e-09	0.00910047
2.33342e-09	0.00912507
2.33351e-09	0.00914961
2.3336e-09	0.0091741
2.3337e-09	0.00919854
2.33379e-09	0.00922292
2.33388e-09	0.00924725
2.33397e-09	0.00927153
2.33407e-09	0.00929575
2.33416e-09	0.00931992
2.33425e-09	0.00934404
2.33434e-09	0.0093681
2.33444e-09	0.00939211
2.33453e-09	0.00941606
2.33462e-09	0.00943996
2.33471e-09	0.00946381
2.33481e-09	0.0094876
2.3349e-09	0.00951135
2.33499e-09	0.00953503
2.33508e-09	0.00955867
2.33517e-09	0.00958225
2.33527e-09	0.00960578
2.33536e-09	0.00962925
2.33545e-09	0.00965267
2.33554e-09	0.00967604
2.33564e-09	0.00969936
2.33573e-09	0.00972262
2.33582e-09	0.00974583
2.33591e-09	0.00976898
2.33601e-09	0.00979209
2.3361e-09	0.00981514
2.33619e-09	0.00983813
2.33628e-09	0.00986108
2.33638e-09	0.00988397
2.33647e-09	0.00990681
2.33656e-09	0.00992959
2.33665e-09	0.00995233
2.33675e-09	0.00997501
2.33684e-09	0.00999763
2.33693e-09	0.0100202
2.33702e-09	0.0100427
2.33712e-09	0.0100652
2.33721e-09	0.0100876
2.3373e-09	0.01011
2.33739e-09	0.0101323
2.33748e-09	0.0101545
2.33758e-09	0.0101768
2.33767e-09	0.0101989
2.33776e-09	0.010221
2.33785e-09	0.0102431
2.33795e-09	0.0102651
2.33804e-09	0.010287
2.33813e-09	0.0103089
2.33822e-09	0.0103307
2.33832e-09	0.0103525
2.33841e-09	0.0103742
2.3385e-09	0.0103959
2.33859e-09	0.0104176
2.33869e-09	0.0104391
2.33878e-09	0.0104607
2.33887e-09	0.0104821
2.33896e-09	0.0105036
2.33906e-09	0.0105249
2.33915e-09	0.0105462
2.33924e-09	0.0105675
2.33933e-09	0.0105887
2.33943e-09	0.0106099
2.33952e-09	0.010631
2.33961e-09	0.010652
2.3397e-09	0.0106731
2.33979e-09	0.010694
2.33989e-09	0.0107149
2.33998e-09	0.0107358
2.34007e-09	0.0107566
2.34016e-09	0.0107773
2.34026e-09	0.010798
2.34035e-09	0.0108186
2.34044e-09	0.0108392
2.34053e-09	0.0108598
2.34063e-09	0.0108803
2.34072e-09	0.0109007
2.34081e-09	0.0109211
2.3409e-09	0.0109414
2.341e-09	0.0109617
2.34109e-09	0.0109819
2.34118e-09	0.0110021
2.34127e-09	0.0110222
2.34137e-09	0.0110423
2.34146e-09	0.0110623
2.34155e-09	0.0110823
2.34164e-09	0.0111022
2.34174e-09	0.0111221
2.34183e-09	0.0111419
2.34192e-09	0.0111617
2.34201e-09	0.0111814
2.34211e-09	0.0112011
2.3422e-09	0.0112207
2.34229e-09	0.0112403
2.34238e-09	0.0112598
2.34247e-09	0.0112793
2.34257e-09	0.0112987
2.34266e-09	0.011318
2.34275e-09	0.0113374
2.34284e-09	0.0113566
2.34294e-09	0.0113758
2.34303e-09	0.011395
2.34312e-09	0.0114141
2.34321e-09	0.0114331
2.34331e-09	0.0114522
2.3434e-09	0.0114711
2.34349e-09	0.01149
2.34358e-09	0.0115089
2.34368e-09	0.0115277
2.34377e-09	0.0115464
2.34386e-09	0.0115651
2.34395e-09	0.0115838
2.34405e-09	0.0116024
2.34414e-09	0.011621
2.34423e-09	0.0116395
2.34432e-09	0.0116579
2.34442e-09	0.0116763
2.34451e-09	0.0116947
2.3446e-09	0.011713
2.34469e-09	0.0117312
2.34478e-09	0.0117494
2.34488e-09	0.0117676
2.34497e-09	0.0117857
2.34506e-09	0.0118037
2.34515e-09	0.0118217
2.34525e-09	0.0118397
2.34534e-09	0.0118576
2.34543e-09	0.0118754
2.34552e-09	0.0118932
2.34562e-09	0.011911
2.34571e-09	0.0119287
2.3458e-09	0.0119464
2.34589e-09	0.011964
2.34599e-09	0.0119815
2.34608e-09	0.011999
2.34617e-09	0.0120165
2.34626e-09	0.0120339
2.34636e-09	0.0120512
2.34645e-09	0.0120685
2.34654e-09	0.0120858
2.34663e-09	0.012103
2.34673e-09	0.0121202
2.34682e-09	0.0121373
2.34691e-09	0.0121543
2.347e-09	0.0121714
2.34709e-09	0.0121883
2.34719e-09	0.0122052
2.34728e-09	0.0122221
2.34737e-09	0.0122389
2.34746e-09	0.0122557
2.34756e-09	0.0122724
2.34765e-09	0.0122891
2.34774e-09	0.0123057
2.34783e-09	0.0123222
2.34793e-09	0.0123388
2.34802e-09	0.0123552
2.34811e-09	0.0123717
2.3482e-09	0.012388
2.3483e-09	0.0124044
2.34839e-09	0.0124206
2.34848e-09	0.0124369
2.34857e-09	0.012453
2.34867e-09	0.0124692
2.34876e-09	0.0124853
2.34885e-09	0.0125013
2.34894e-09	0.0125173
2.34904e-09	0.0125332
2.34913e-09	0.0125491
2.34922e-09	0.0125649
2.34931e-09	0.0125807
2.3494e-09	0.0125965
2.3495e-09	0.0126122
2.34959e-09	0.0126278
2.34968e-09	0.0126434
2.34977e-09	0.012659
2.34987e-09	0.0126745
2.34996e-09	0.0126899
2.35005e-09	0.0127053
2.35014e-09	0.0127207
2.35024e-09	0.012736
2.35033e-09	0.0127513
2.35042e-09	0.0127665
2.35051e-09	0.0127816
2.35061e-09	0.0127968
2.3507e-09	0.0128118
2.35079e-09	0.0128269
2.35088e-09	0.0128418
2.35098e-09	0.0128568
2.35107e-09	0.0128716
2.35116e-09	0.0128865
2.35125e-09	0.0129013
2.35135e-09	0.012916
2.35144e-09	0.0129307
2.35153e-09	0.0129453
2.35162e-09	0.0129599
2.35171e-09	0.0129745
2.35181e-09	0.012989
2.3519e-09	0.0130034
2.35199e-09	0.0130178
2.35208e-09	0.0130322
2.35218e-09	0.0130465
2.35227e-09	0.0130608
2.35236e-09	0.013075
2.35245e-09	0.0130892
2.35255e-09	0.0131033
2.35264e-09	0.0131174
2.35273e-09	0.0131314
2.35282e-09	0.0131454
2.35292e-09	0.0131593
2.35301e-09	0.0131732
2.3531e-09	0.013187
2.35319e-09	0.0132008
2.35329e-09	0.0132146
2.35338e-09	0.0132283
2.35347e-09	0.0132419
2.35356e-09	0.0132556
2.35366e-09	0.0132691
2.35375e-09	0.0132826
2.35384e-09	0.0132961
2.35393e-09	0.0133095
2.35403e-09	0.0133229
2.35412e-09	0.0133362
2.35421e-09	0.0133495
2.3543e-09	0.0133628
2.35439e-09	0.013376
2.35449e-09	0.0133891
2.35458e-09	0.0134022
2.35467e-09	0.0134152
2.35476e-09	0.0134283
2.35486e-09	0.0134412
2.35495e-09	0.0134541
2.35504e-09	0.013467
2.35513e-09	0.0134798
2.35523e-09	0.0134926
2.35532e-09	0.0135053
2.35541e-09	0.013518
2.3555e-09	0.0135307
2.3556e-09	0.0135433
2.35569e-09	0.0135558
2.35578e-09	0.0135683
2.35587e-09	0.0135808
2.35597e-09	0.0135932
2.35606e-09	0.0136055
2.35615e-09	0.0136179
2.35624e-09	0.0136301
2.35634e-09	0.0136424
2.35643e-09	0.0136546
2.35652e-09	0.0136667
2.35661e-09	0.0136788
2.3567e-09	0.0136908
2.3568e-09	0.0137028
2.35689e-09	0.0137148
2.35698e-09	0.0137267
2.35707e-09	0.0137386
2.35717e-09	0.0137504
2.35726e-09	0.0137622
2.35735e-09	0.0137739
2.35744e-09	0.0137856
2.35754e-09	0.0137972
2.35763e-09	0.0138088
2.35772e-09	0.0138204
2.35781e-09	0.0138319
2.35791e-09	0.0138434
2.358e-09	0.0138548
2.35809e-09	0.0138662
2.35818e-09	0.0138775
2.35828e-09	0.0138888
2.35837e-09	0.0139
2.35846e-09	0.0139112
2.35855e-09	0.0139224
2.35865e-09	0.0139335
2.35874e-09	0.0139445
2.35883e-09	0.0139556
2.35892e-09	0.0139665
2.35901e-09	0.0139775
2.35911e-09	0.0139884
2.3592e-09	0.0139992
2.35929e-09	0.01401
2.35938e-09	0.0140208
2.35948e-09	0.0140315
2.35957e-09	0.0140421
2.35966e-09	0.0140528
2.35975e-09	0.0140633
2.35985e-09	0.0140739
2.35994e-09	0.0140844
2.36003e-09	0.0140948
2.36012e-09	0.0141052
2.36022e-09	0.0141156
2.36031e-09	0.0141259
2.3604e-09	0.0141362
2.36049e-09	0.0141464
2.36059e-09	0.0141566
2.36068e-09	0.0141667
2.36077e-09	0.0141768
2.36086e-09	0.0141869
2.36096e-09	0.0141969
2.36105e-09	0.0142069
2.36114e-09	0.0142168
2.36123e-09	0.0142267
2.36132e-09	0.0142365
2.36142e-09	0.0142463
2.36151e-09	0.0142561
2.3616e-09	0.0142658
2.36169e-09	0.0142754
2.36179e-09	0.0142851
2.36188e-09	0.0142946
2.36197e-09	0.0143042
2.36206e-09	0.0143137
2.36216e-09	0.0143231
2.36225e-09	0.0143325
2.36234e-09	0.0143419
2.36243e-09	0.0143512
2.36253e-09	0.0143605
2.36262e-09	0.0143697
2.36271e-09	0.0143789
2.3628e-09	0.0143881
2.3629e-09	0.0143972
2.36299e-09	0.0144063
2.36308e-09	0.0144153
2.36317e-09	0.0144243
2.36327e-09	0.0144332
2.36336e-09	0.0144421
2.36345e-09	0.014451
2.36354e-09	0.0144598
2.36364e-09	0.0144686
2.36373e-09	0.0144773
2.36382e-09	0.014486
2.36391e-09	0.0144947
2.364e-09	0.0145033
2.3641e-09	0.0145118
2.36419e-09	0.0145203
2.36428e-09	0.0145288
2.36437e-09	0.0145373
2.36447e-09	0.0145457
2.36456e-09	0.014554
2.36465e-09	0.0145623
2.36474e-09	0.0145706
2.36484e-09	0.0145788
2.36493e-09	0.014587
2.36502e-09	0.0145952
2.36511e-09	0.0146033
2.36521e-09	0.0146113
2.3653e-09	0.0146194
2.36539e-09	0.0146274
2.36548e-09	0.0146353
2.36558e-09	0.0146432
2.36567e-09	0.0146511
2.36576e-09	0.0146589
2.36585e-09	0.0146666
2.36595e-09	0.0146744
2.36604e-09	0.0146821
2.36613e-09	0.0146897
2.36622e-09	0.0146973
2.36631e-09	0.0147049
2.36641e-09	0.0147124
2.3665e-09	0.0147199
2.36659e-09	0.0147274
2.36668e-09	0.0147348
2.36678e-09	0.0147422
2.36687e-09	0.0147495
2.36696e-09	0.0147568
2.36705e-09	0.014764
2.36715e-09	0.0147712
2.36724e-09	0.0147784
2.36733e-09	0.0147855
2.36742e-09	0.0147926
2.36752e-09	0.0147997
2.36761e-09	0.0148067
2.3677e-09	0.0148136
2.36779e-09	0.0148206
2.36789e-09	0.0148274
2.36798e-09	0.0148343
2.36807e-09	0.0148411
2.36816e-09	0.0148479
2.36826e-09	0.0148546
2.36835e-09	0.0148613
2.36844e-09	0.0148679
2.36853e-09	0.0148745
2.36862e-09	0.0148811
2.36872e-09	0.0148876
2.36881e-09	0.0148941
2.3689e-09	0.0149005
2.36899e-09	0.0149069
2.36909e-09	0.0149133
2.36918e-09	0.0149196
2.36927e-09	0.0149259
2.36936e-09	0.0149322
2.36946e-09	0.0149384
2.36955e-09	0.0149446
2.36964e-09	0.0149507
2.36973e-09	0.0149568
2.36983e-09	0.0149628
2.36992e-09	0.0149689
2.37001e-09	0.0149748
2.3701e-09	0.0149808
2.3702e-09	0.0149867
2.37029e-09	0.0149925
2.37038e-09	0.0149983
2.37047e-09	0.0150041
2.37057e-09	0.0150099
2.37066e-09	0.0150156
2.37075e-09	0.0150212
2.37084e-09	0.0150269
2.37093e-09	0.0150324
2.37103e-09	0.015038
2.37112e-09	0.0150435
2.37121e-09	0.015049
2.3713e-09	0.0150544
2.3714e-09	0.0150598
2.37149e-09	0.0150652
2.37158e-09	0.0150705
2.37167e-09	0.0150757
2.37177e-09	0.015081
2.37186e-09	0.0150862
2.37195e-09	0.0150914
2.37204e-09	0.0150965
2.37214e-09	0.0151016
2.37223e-09	0.0151066
2.37232e-09	0.0151116
2.37241e-09	0.0151166
2.37251e-09	0.0151216
2.3726e-09	0.0151265
2.37269e-09	0.0151313
2.37278e-09	0.0151361
2.37288e-09	0.0151409
2.37297e-09	0.0151457
2.37306e-09	0.0151504
2.37315e-09	0.0151551
2.37325e-09	0.0151597
2.37334e-09	0.0151643
2.37343e-09	0.0151689
2.37352e-09	0.0151734
2.37361e-09	0.0151779
2.37371e-09	0.0151823
2.3738e-09	0.0151867
2.37389e-09	0.0151911
2.37398e-09	0.0151954
2.37408e-09	0.0151997
2.37417e-09	0.015204
2.37426e-09	0.0152082
2.37435e-09	0.0152124
2.37445e-09	0.0152166
2.37454e-09	0.0152207
2.37463e-09	0.0152248
2.37472e-09	0.0152288
2.37482e-09	0.0152328
2.37491e-09	0.0152368
2.375e-09	0.0152407
2.37509e-09	0.0152446
2.37519e-09	0.0152485
2.37528e-09	0.0152523
2.37537e-09	0.0152561
2.37546e-09	0.0152598
2.37556e-09	0.0152635
2.37565e-09	0.0152672
2.37574e-09	0.0152709
2.37583e-09	0.0152745
2.37592e-09	0.015278
2.37602e-09	0.0152816
2.37611e-09	0.0152851
2.3762e-09	0.0152885
2.37629e-09	0.015292
2.37639e-09	0.0152953
2.37648e-09	0.0152987
2.37657e-09	0.015302
2.37666e-09	0.0153053
2.37676e-09	0.0153085
2.37685e-09	0.0153118
2.37694e-09	0.0153149
2.37703e-09	0.0153181
2.37713e-09	0.0153212
2.37722e-09	0.0153242
2.37731e-09	0.0153273
2.3774e-09	0.0153303
2.3775e-09	0.0153332
2.37759e-09	0.0153362
2.37768e-09	0.015339
2.37777e-09	0.0153419
2.37787e-09	0.0153447
2.37796e-09	0.0153475
2.37805e-09	0.0153503
2.37814e-09	0.015353
2.37823e-09	0.0153557
2.37833e-09	0.0153583
2.37842e-09	0.0153609
2.37851e-09	0.0153635
2.3786e-09	0.015366
2.3787e-09	0.0153685
2.37879e-09	0.015371
2.37888e-09	0.0153734
2.37897e-09	0.0153758
2.37907e-09	0.0153782
2.37916e-09	0.0153805
2.37925e-09	0.0153828
2.37934e-09	0.0153851
2.37944e-09	0.0153873
2.37953e-09	0.0153895
2.37962e-09	0.0153917
2.37971e-09	0.0153938
2.37981e-09	0.0153959
2.3799e-09	0.015398
2.37999e-09	0.0154
2.38008e-09	0.015402
2.38018e-09	0.0154039
2.38027e-09	0.0154058
2.38036e-09	0.0154077
2.38045e-09	0.0154096
2.38054e-09	0.0154114
2.38064e-09	0.0154132
2.38073e-09	0.0154149
2.38082e-09	0.0154167
2.38091e-09	0.0154183
2.38101e-09	0.01542
2.3811e-09	0.0154216
2.38119e-09	0.0154232
2.38128e-09	0.0154247
2.38138e-09	0.0154263
2.38147e-09	0.0154277
2.38156e-09	0.0154292
2.38165e-09	0.0154306
2.38175e-09	0.015432
2.38184e-09	0.0154334
2.38193e-09	0.0154347
2.38202e-09	0.015436
2.38212e-09	0.0154372
2.38221e-09	0.0154384
2.3823e-09	0.0154396
2.38239e-09	0.0154408
2.38249e-09	0.0154419
2.38258e-09	0.015443
2.38267e-09	0.015444
2.38276e-09	0.015445
2.38285e-09	0.015446
2.38295e-09	0.015447
2.38304e-09	0.0154479
2.38313e-09	0.0154488
2.38322e-09	0.0154497
2.38332e-09	0.0154505
2.38341e-09	0.0154513
2.3835e-09	0.015452
2.38359e-09	0.0154528
2.38369e-09	0.0154535
2.38378e-09	0.0154541
2.38387e-09	0.0154548
2.38396e-09	0.0154554
2.38406e-09	0.0154559
2.38415e-09	0.0154565
2.38424e-09	0.015457
2.38433e-09	0.0154574
2.38443e-09	0.0154579
2.38452e-09	0.0154583
2.38461e-09	0.0154587
2.3847e-09	0.015459
2.3848e-09	0.0154593
2.38489e-09	0.0154596
2.38498e-09	0.0154598
2.38507e-09	0.0154601
2.38517e-09	0.0154602
2.38526e-09	0.0154604
2.38535e-09	0.0154605
2.38544e-09	0.0154606
2.38553e-09	0.0154607
2.38563e-09	0.0154607
2.38572e-09	0.0154607
2.38581e-09	0.0154607
2.3859e-09	0.0154606
2.386e-09	0.0154605
2.38609e-09	0.0154604
2.38618e-09	0.0154602
2.38627e-09	0.01546
2.38637e-09	0.0154598
2.38646e-09	0.0154596
2.38655e-09	0.0154593
2.38664e-09	0.015459
2.38674e-09	0.0154586
2.38683e-09	0.0154583
2.38692e-09	0.0154578
2.38701e-09	0.0154574
2.38711e-09	0.0154569
2.3872e-09	0.0154565
2.38729e-09	0.0154559
2.38738e-09	0.0154554
2.38748e-09	0.0154548
2.38757e-09	0.0154542
2.38766e-09	0.0154535
2.38775e-09	0.0154528
2.38784e-09	0.0154521
2.38794e-09	0.0154514
2.38803e-09	0.0154506
2.38812e-09	0.0154498
2.38821e-09	0.015449
2.38831e-09	0.0154481
2.3884e-09	0.0154472
2.38849e-09	0.0154463
2.38858e-09	0.0154454
2.38868e-09	0.0154444
2.38877e-09	0.0154434
2.38886e-09	0.0154424
2.38895e-09	0.0154413
2.38905e-09	0.0154402
2.38914e-09	0.0154391
2.38923e-09	0.0154379
2.38932e-09	0.0154367
2.38942e-09	0.0154355
2.38951e-09	0.0154343
2.3896e-09	0.015433
2.38969e-09	0.0154317
2.38979e-09	0.0154304
2.38988e-09	0.015429
2.38997e-09	0.0154276
2.39006e-09	0.0154262
2.39015e-09	0.0154247
2.39025e-09	0.0154233
2.39034e-09	0.0154218
2.39043e-09	0.0154202
2.39052e-09	0.0154187
2.39062e-09	0.0154171
2.39071e-09	0.0154154
2.3908e-09	0.0154138
2.39089e-09	0.0154121
2.39099e-09	0.0154104
2.39108e-09	0.0154087
2.39117e-09	0.0154069
2.39126e-09	0.0154051
2.39136e-09	0.0154033
2.39145e-09	0.0154015
2.39154e-09	0.0153996
2.39163e-09	0.0153977
2.39173e-09	0.0153957
2.39182e-09	0.0153938
2.39191e-09	0.0153918
2.392e-09	0.0153898
2.3921e-09	0.0153877
2.39219e-09	0.0153856
2.39228e-09	0.0153835
2.39237e-09	0.0153814
2.39246e-09	0.0153792
2.39256e-09	0.0153771
2.39265e-09	0.0153748
2.39274e-09	0.0153726
2.39283e-09	0.0153703
2.39293e-09	0.015368
2.39302e-09	0.0153657
2.39311e-09	0.0153634
2.3932e-09	0.015361
2.3933e-09	0.0153586
2.39339e-09	0.0153561
2.39348e-09	0.0153537
2.39357e-09	0.0153512
2.39367e-09	0.0153487
2.39376e-09	0.0153461
2.39385e-09	0.0153436
2.39394e-09	0.015341
2.39404e-09	0.0153383
2.39413e-09	0.0153357
2.39422e-09	0.015333
2.39431e-09	0.0153303
2.39441e-09	0.0153276
2.3945e-09	0.0153248
2.39459e-09	0.015322
2.39468e-09	0.0153192
2.39478e-09	0.0153164
2.39487e-09	0.0153135
2.39496e-09	0.0153106
2.39505e-09	0.0153077
2.39514e-09	0.0153047
2.39524e-09	0.0153018
2.39533e-09	0.0152988
2.39542e-09	0.0152957
2.39551e-09	0.0152927
2.39561e-09	0.0152896
2.3957e-09	0.0152865
2.39579e-09	0.0152834
2.39588e-09	0.0152802
2.39598e-09	0.015277
2.39607e-09	0.0152738
2.39616e-09	0.0152706
2.39625e-09	0.0152673
2.39635e-09	0.015264
2.39644e-09	0.0152607
2.39653e-09	0.0152574
2.39662e-09	0.015254
2.39672e-09	0.0152506
2.39681e-09	0.0152472
2.3969e-09	0.0152438
2.39699e-09	0.0152403
2.39709e-09	0.0152368
2.39718e-09	0.0152333
2.39727e-09	0.0152297
2.39736e-09	0.0152262
2.39745e-09	0.0152226
2.39755e-09	0.015219
2.39764e-09	0.0152153
2.39773e-09	0.0152116
2.39782e-09	0.0152079
2.39792e-09	0.0152042
2.39801e-09	0.0152005
2.3981e-09	0.0151967
2.39819e-09	0.0151929
2.39829e-09	0.0151891
2.39838e-09	0.0151852
2.39847e-09	0.0151814
2.39856e-09	0.0151775
2.39866e-09	0.0151736
2.39875e-09	0.0151696
2.39884e-09	0.0151656
2.39893e-09	0.0151616
2.39903e-09	0.0151576
2.39912e-09	0.0151536
2.39921e-09	0.0151495
2.3993e-09	0.0151454
2.3994e-09	0.0151413
2.39949e-09	0.0151372
2.39958e-09	0.015133
2.39967e-09	0.0151288
2.39976e-09	0.0151246
2.39986e-09	0.0151203
2.39995e-09	0.0151161
2.40004e-09	0.0151118
2.40013e-09	0.0151075
2.40023e-09	0.0151032
2.40032e-09	0.0150988
2.40041e-09	0.0150944
2.4005e-09	0.01509
2.4006e-09	0.0150856
2.40069e-09	0.0150811
2.40078e-09	0.0150766
2.40087e-09	0.0150721
2.40097e-09	0.0150676
2.40106e-09	0.0150631
2.40115e-09	0.0150585
2.40124e-09	0.0150539
2.40134e-09	0.0150493
2.40143e-09	0.0150446
2.40152e-09	0.01504
2.40161e-09	0.0150353
2.40171e-09	0.0150306
2.4018e-09	0.0150258
2.40189e-09	0.0150211
2.40198e-09	0.0150163
2.40207e-09	0.0150115
2.40217e-09	0.0150066
2.40226e-09	0.0150018
2.40235e-09	0.0149969
2.40244e-09	0.014992
2.40254e-09	0.0149871
2.40263e-09	0.0149822
2.40272e-09	0.0149772
2.40281e-09	0.0149722
2.40291e-09	0.0149672
2.403e-09	0.0149622
2.40309e-09	0.0149571
2.40318e-09	0.014952
2.40328e-09	0.0149469
2.40337e-09	0.0149418
2.40346e-09	0.0149366
2.40355e-09	0.0149315
2.40365e-09	0.0149263
2.40374e-09	0.0149211
2.40383e-09	0.0149158
2.40392e-09	0.0149106
2.40402e-09	0.0149053
2.40411e-09	0.0149
2.4042e-09	0.0148947
2.40429e-09	0.0148893
2.40438e-09	0.0148839
2.40448e-09	0.0148785
2.40457e-09	0.0148731
2.40466e-09	0.0148677
2.40475e-09	0.0148622
2.40485e-09	0.0148568
2.40494e-09	0.0148513
2.40503e-09	0.0148457
2.40512e-09	0.0148402
2.40522e-09	0.0148346
2.40531e-09	0.014829
2.4054e-09	0.0148234
2.40549e-09	0.0148178
2.40559e-09	0.0148122
2.40568e-09	0.0148065
2.40577e-09	0.0148008
2.40586e-09	0.0147951
2.40596e-09	0.0147893
2.40605e-09	0.0147836
2.40614e-09	0.0147778
2.40623e-09	0.014772
2.40633e-09	0.0147662
2.40642e-09	0.0147603
2.40651e-09	0.0147545
2.4066e-09	0.0147486
2.4067e-09	0.0147427
2.40679e-09	0.0147368
2.40688e-09	0.0147308
2.40697e-09	0.0147249
2.40706e-09	0.0147189
2.40716e-09	0.0147129
2.40725e-09	0.0147068
2.40734e-09	0.0147008
2.40743e-09	0.0146947
2.40753e-09	0.0146886
2.40762e-09	0.0146825
2.40771e-09	0.0146764
2.4078e-09	0.0146702
2.4079e-09	0.0146641
2.40799e-09	0.0146579
2.40808e-09	0.0146516
2.40817e-09	0.0146454
2.40827e-09	0.0146392
2.40836e-09	0.0146329
2.40845e-09	0.0146266
2.40854e-09	0.0146203
2.40864e-09	0.014614
2.40873e-09	0.0146076
2.40882e-09	0.0146012
2.40891e-09	0.0145948
2.40901e-09	0.0145884
2.4091e-09	0.014582
2.40919e-09	0.0145755
2.40928e-09	0.0145691
2.40937e-09	0.0145626
2.40947e-09	0.0145561
2.40956e-09	0.0145495
2.40965e-09	0.014543
2.40974e-09	0.0145364
2.40984e-09	0.0145298
2.40993e-09	0.0145232
2.41002e-09	0.0145166
2.41011e-09	0.0145099
2.41021e-09	0.0145033
2.4103e-09	0.0144966
2.41039e-09	0.0144899
2.41048e-09	0.0144832
2.41058e-09	0.0144764
2.41067e-09	0.0144697
2.41076e-09	0.0144629
2.41085e-09	0.0144561
2.41095e-09	0.0144493
2.41104e-09	0.0144424
2.41113e-09	0.0144356
2.41122e-09	0.0144287
2.41132e-09	0.0144218
2.41141e-09	0.0144149
2.4115e-09	0.014408
2.41159e-09	0.014401
2.41168e-09	0.0143941
2.41178e-09	0.0143871
2.41187e-09	0.0143801
2.41196e-09	0.014373
2.41205e-09	0.014366
2.41215e-09	0.0143589
2.41224e-09	0.0143519
2.41233e-09	0.0143448
2.41242e-09	0.0143377
2.41252e-09	0.0143305
2.41261e-09	0.0143234
2.4127e-09	0.0143162
2.41279e-09	0.014309
2.41289e-09	0.0143018
2.41298e-09	0.0142946
2.41307e-09	0.0142874
2.41316e-09	0.0142801
2.41326e-09	0.0142728
2.41335e-09	0.0142655
2.41344e-09	0.0142582
2.41353e-09	0.0142509
2.41363e-09	0.0142435
2.41372e-09	0.0142362
2.41381e-09	0.0142288
2.4139e-09	0.0142214
2.41399e-09	0.014214
2.41409e-09	0.0142066
2.41418e-09	0.0141991
2.41427e-09	0.0141916
2.41436e-09	0.0141841
2.41446e-09	0.0141766
2.41455e-09	0.0141691
2.41464e-09	0.0141616
2.41473e-09	0.014154
2.41483e-09	0.0141465
2.41492e-09	0.0141389
2.41501e-09	0.0141313
2.4151e-09	0.0141236
2.4152e-09	0.014116
2.41529e-09	0.0141083
2.41538e-09	0.0141007
2.41547e-09	0.014093
2.41557e-09	0.0140853
2.41566e-09	0.0140776
2.41575e-09	0.0140698
2.41584e-09	0.0140621
2.41594e-09	0.0140543
2.41603e-09	0.0140465
2.41612e-09	0.0140387
2.41621e-09	0.0140309
2.41631e-09	0.014023
2.4164e-09	0.0140152
2.41649e-09	0.0140073
2.41658e-09	0.0139994
2.41667e-09	0.0139915
2.41677e-09	0.0139836
2.41686e-09	0.0139757
2.41695e-09	0.0139677
2.41704e-09	0.0139597
2.41714e-09	0.0139517
2.41723e-09	0.0139437
2.41732e-09	0.0139357
2.41741e-09	0.0139277
2.41751e-09	0.0139197
2.4176e-09	0.0139116
2.41769e-09	0.0139035
2.41778e-09	0.0138954
2.41788e-09	0.0138873
2.41797e-09	0.0138792
2.41806e-09	0.013871
2.41815e-09	0.0138629
2.41825e-09	0.0138547
2.41834e-09	0.0138465
2.41843e-09	0.0138383
2.41852e-09	0.0138301
2.41862e-09	0.0138218
2.41871e-09	0.0138136
2.4188e-09	0.0138053
2.41889e-09	0.0137971
2.41898e-09	0.0137888
2.41908e-09	0.0137804
2.41917e-09	0.0137721
2.41926e-09	0.0137638
2.41935e-09	0.0137554
2.41945e-09	0.013747
2.41954e-09	0.0137387
2.41963e-09	0.0137303
2.41972e-09	0.0137218
2.41982e-09	0.0137134
2.41991e-09	0.013705
2.42e-09	0.0136965
2.42009e-09	0.013688
2.42019e-09	0.0136795
2.42028e-09	0.013671
2.42037e-09	0.0136625
2.42046e-09	0.013654
2.42056e-09	0.0136454
2.42065e-09	0.0136369
2.42074e-09	0.0136283
2.42083e-09	0.0136197
2.42093e-09	0.0136111
2.42102e-09	0.0136025
2.42111e-09	0.0135938
2.4212e-09	0.0135852
2.42129e-09	0.0135765
2.42139e-09	0.0135678
2.42148e-09	0.0135592
2.42157e-09	0.0135504
2.42166e-09	0.0135417
2.42176e-09	0.013533
2.42185e-09	0.0135242
2.42194e-09	0.0135155
2.42203e-09	0.0135067
2.42213e-09	0.0134979
2.42222e-09	0.0134891
2.42231e-09	0.0134803
2.4224e-09	0.0134715
2.4225e-09	0.0134626
2.42259e-09	0.0134538
2.42268e-09	0.0134449
2.42277e-09	0.013436
2.42287e-09	0.0134271
2.42296e-09	0.0134182
2.42305e-09	0.0134093
2.42314e-09	0.0134003
2.42324e-09	0.0133914
2.42333e-09	0.0133824
2.42342e-09	0.0133734
2.42351e-09	0.0133644
2.4236e-09	0.0133554
2.4237e-09	0.0133464
2.42379e-09	0.0133374
2.42388e-09	0.0133283
2.42397e-09	0.0133193
2.42407e-09	0.0133102
2.42416e-09	0.0133011
2.42425e-09	0.013292
2.42434e-09	0.0132829
2.42444e-09	0.0132738
2.42453e-09	0.0132647
2.42462e-09	0.0132555
2.42471e-09	0.0132464
2.42481e-09	0.0132372
2.4249e-09	0.013228
2.42499e-09	0.0132188
2.42508e-09	0.0132096
2.42518e-09	0.0132004
2.42527e-09	0.0131911
2.42536e-09	0.0131819
2.42545e-09	0.0131726
2.42555e-09	0.0131634
2.42564e-09	0.0131541
2.42573e-09	0.0131448
2.42582e-09	0.0131355
2.42591e-09	0.0131261
2.42601e-09	0.0131168
2.4261e-09	0.0131075
2.42619e-09	0.0130981
2.42628e-09	0.0130887
2.42638e-09	0.0130794
2.42647e-09	0.01307
2.42656e-09	0.0130606
2.42665e-09	0.0130511
2.42675e-09	0.0130417
2.42684e-09	0.0130323
2.42693e-09	0.0130228
2.42702e-09	0.0130133
2.42712e-09	0.0130039
2.42721e-09	0.0129944
2.4273e-09	0.0129849
2.42739e-09	0.0129754
2.42749e-09	0.0129658
2.42758e-09	0.0129563
2.42767e-09	0.0129468
2.42776e-09	0.0129372
2.42786e-09	0.0129276
2.42795e-09	0.0129181
2.42804e-09	0.0129085
2.42813e-09	0.0128989
2.42823e-09	0.0128892
2.42832e-09	0.0128796
2.42841e-09	0.01287
2.4285e-09	0.0128603
2.42859e-09	0.0128507
2.42869e-09	0.012841
2.42878e-09	0.0128313
2.42887e-09	0.0128216
2.42896e-09	0.0128119
2.42906e-09	0.0128022
2.42915e-09	0.0127925
2.42924e-09	0.0127828
2.42933e-09	0.012773
2.42943e-09	0.0127632
2.42952e-09	0.0127535
2.42961e-09	0.0127437
2.4297e-09	0.0127339
2.4298e-09	0.0127241
2.42989e-09	0.0127143
2.42998e-09	0.0127045
2.43007e-09	0.0126946
2.43017e-09	0.0126848
2.43026e-09	0.012675
2.43035e-09	0.0126651
2.43044e-09	0.0126552
2.43054e-09	0.0126453
2.43063e-09	0.0126354
2.43072e-09	0.0126255
2.43081e-09	0.0126156
2.4309e-09	0.0126057
2.431e-09	0.0125958
2.43109e-09	0.0125858
2.43118e-09	0.0125759
2.43127e-09	0.0125659
2.43137e-09	0.0125559
2.43146e-09	0.0125459
2.43155e-09	0.0125359
2.43164e-09	0.0125259
2.43174e-09	0.0125159
2.43183e-09	0.0125059
2.43192e-09	0.0124959
2.43201e-09	0.0124858
2.43211e-09	0.0124758
2.4322e-09	0.0124657
2.43229e-09	0.0124556
2.43238e-09	0.0124456
2.43248e-09	0.0124355
2.43257e-09	0.0124254
2.43266e-09	0.0124152
2.43275e-09	0.0124051
2.43285e-09	0.012395
2.43294e-09	0.0123849
2.43303e-09	0.0123747
2.43312e-09	0.0123646
2.43321e-09	0.0123544
2.43331e-09	0.0123442
2.4334e-09	0.012334
2.43349e-09	0.0123238
2.43358e-09	0.0123136
2.43368e-09	0.0123034
2.43377e-09	0.0122932
2.43386e-09	0.012283
2.43395e-09	0.0122727
2.43405e-09	0.0122625
2.43414e-09	0.0122522
2.43423e-09	0.012242
2.43432e-09	0.0122317
2.43442e-09	0.0122214
2.43451e-09	0.0122111
2.4346e-09	0.0122008
2.43469e-09	0.0121905
2.43479e-09	0.0121802
2.43488e-09	0.0121698
2.43497e-09	0.0121595
2.43506e-09	0.0121492
2.43516e-09	0.0121388
2.43525e-09	0.0121285
2.43534e-09	0.0121181
2.43543e-09	0.0121077
2.43552e-09	0.0120973
2.43562e-09	0.0120869
2.43571e-09	0.0120765
2.4358e-09	0.0120661
2.43589e-09	0.0120557
2.43599e-09	0.0120453
2.43608e-09	0.0120348
2.43617e-09	0.0120244
2.43626e-09	0.0120139
2.43636e-09	0.0120035
2.43645e-09	0.011993
2.43654e-09	0.0119825
2.43663e-09	0.011972
2.43673e-09	0.0119616
2.43682e-09	0.0119511
2.43691e-09	0.0119405
2.437e-09	0.01193
2.4371e-09	0.0119195
2.43719e-09	0.011909
2.43728e-09	0.0118984
2.43737e-09	0.0118879
2.43747e-09	0.0118773
2.43756e-09	0.0118668
2.43765e-09	0.0118562
2.43774e-09	0.0118456
2.43784e-09	0.0118351
2.43793e-09	0.0118245
2.43802e-09	0.0118139
2.43811e-09	0.0118033
2.4382e-09	0.0117926
2.4383e-09	0.011782
2.43839e-09	0.0117714
2.43848e-09	0.0117608
2.43857e-09	0.0117501
2.43867e-09	0.0117395
2.43876e-09	0.0117288
2.43885e-09	0.0117182
2.43894e-09	0.0117075
2.43904e-09	0.0116968
2.43913e-09	0.0116861
2.43922e-09	0.0116754
2.43931e-09	0.0116647
2.43941e-09	0.011654
2.4395e-09	0.0116433
2.43959e-09	0.0116326
2.43968e-09	0.0116219
2.43978e-09	0.0116111
2.43987e-09	0.0116004
2.43996e-09	0.0115896
2.44005e-09	0.0115789
2.44015e-09	0.0115681
2.44024e-09	0.0115574
2.44033e-09	0.0115466
2.44042e-09	0.0115358
2.44051e-09	0.011525
2.44061e-09	0.0115142
2.4407e-09	0.0115034
2.44079e-09	0.0114926
2.44088e-09	0.0114818
2.44098e-09	0.011471
2.44107e-09	0.0114602
2.44116e-09	0.0114493
2.44125e-09	0.0114385
2.44135e-09	0.0114277
2.44144e-09	0.0114168
2.44153e-09	0.011406
2.44162e-09	0.0113951
2.44172e-09	0.0113842
2.44181e-09	0.0113734
2.4419e-09	0.0113625
2.44199e-09	0.0113516
2.44209e-09	0.0113407
2.44218e-09	0.0113298
2.44227e-09	0.0113189
2.44236e-09	0.011308
2.44246e-09	0.0112971
2.44255e-09	0.0112862
2.44264e-09	0.0112752
2.44273e-09	0.0112643
2.44282e-09	0.0112534
2.44292e-09	0.0112424
2.44301e-09	0.0112315
2.4431e-09	0.0112205
2.44319e-09	0.0112096
2.44329e-09	0.0111986
2.44338e-09	0.0111876
2.44347e-09	0.0111766
2.44356e-09	0.0111657
2.44366e-09	0.0111547
2.44375e-09	0.0111437
2.44384e-09	0.0111327
2.44393e-09	0.0111217
2.44403e-09	0.0111107
2.44412e-09	0.0110997
2.44421e-09	0.0110886
2.4443e-09	0.0110776
2.4444e-09	0.0110666
2.44449e-09	0.0110556
2.44458e-09	0.0110445
2.44467e-09	0.0110335
2.44477e-09	0.0110224
2.44486e-09	0.0110114
2.44495e-09	0.0110003
2.44504e-09	0.0109892
2.44513e-09	0.0109782
2.44523e-09	0.0109671
2.44532e-09	0.010956
2.44541e-09	0.0109449
2.4455e-09	0.0109339
2.4456e-09	0.0109228
2.44569e-09	0.0109117
2.44578e-09	0.0109006
2.44587e-09	0.0108895
2.44597e-09	0.0108783
2.44606e-09	0.0108672
2.44615e-09	0.0108561
2.44624e-09	0.010845
2.44634e-09	0.0108339
2.44643e-09	0.0108227
2.44652e-09	0.0108116
2.44661e-09	0.0108004
2.44671e-09	0.0107893
2.4468e-09	0.0107781
2.44689e-09	0.010767
2.44698e-09	0.0107558
2.44708e-09	0.0107447
2.44717e-09	0.0107335
2.44726e-09	0.0107223
2.44735e-09	0.0107111
2.44745e-09	0.0107
2.44754e-09	0.0106888
2.44763e-09	0.0106776
2.44772e-09	0.0106664
2.44781e-09	0.0106552
2.44791e-09	0.010644
2.448e-09	0.0106328
2.44809e-09	0.0106216
2.44818e-09	0.0106104
2.44828e-09	0.0105992
2.44837e-09	0.0105879
2.44846e-09	0.0105767
2.44855e-09	0.0105655
2.44865e-09	0.0105543
2.44874e-09	0.010543
2.44883e-09	0.0105318
2.44892e-09	0.0105205
2.44902e-09	0.0105093
2.44911e-09	0.010498
2.4492e-09	0.0104868
2.44929e-09	0.0104755
2.44939e-09	0.0104643
2.44948e-09	0.010453
2.44957e-09	0.0104417
2.44966e-09	0.0104305
2.44976e-09	0.0104192
2.44985e-09	0.0104079
2.44994e-09	0.0103966
2.45003e-09	0.0103854
2.45012e-09	0.0103741
2.45022e-09	0.0103628
2.45031e-09	0.0103515
2.4504e-09	0.0103402
2.45049e-09	0.0103289
2.45059e-09	0.0103176
2.45068e-09	0.0103063
2.45077e-09	0.010295
2.45086e-09	0.0102837
2.45096e-09	0.0102724
2.45105e-09	0.010261
2.45114e-09	0.0102497
2.45123e-09	0.0102384
2.45133e-09	0.0102271
2.45142e-09	0.0102157
2.45151e-09	0.0102044
2.4516e-09	0.0101931
2.4517e-09	0.0101817
2.45179e-09	0.0101704
2.45188e-09	0.0101591
2.45197e-09	0.0101477
2.45207e-09	0.0101364
2.45216e-09	0.010125
2.45225e-09	0.0101137
2.45234e-09	0.0101023
2.45243e-09	0.0100909
2.45253e-09	0.0100796
2.45262e-09	0.0100682
2.45271e-09	0.0100569
2.4528e-09	0.0100455
2.4529e-09	0.0100341
2.45299e-09	0.0100227
2.45308e-09	0.0100114
2.45317e-09	0.01
2.45327e-09	0.00998862
2.45336e-09	0.00997723
2.45345e-09	0.00996585
2.45354e-09	0.00995447
2.45364e-09	0.00994308
2.45373e-09	0.00993169
2.45382e-09	0.0099203
2.45391e-09	0.0099089
2.45401e-09	0.00989751
2.4541e-09	0.00988611
2.45419e-09	0.00987471
2.45428e-09	0.00986331
2.45438e-09	0.0098519
2.45447e-09	0.0098405
2.45456e-09	0.00982909
2.45465e-09	0.00981768
2.45474e-09	0.00980627
2.45484e-09	0.00979485
2.45493e-09	0.00978344
2.45502e-09	0.00977202
2.45511e-09	0.00976061
2.45521e-09	0.00974919
2.4553e-09	0.00973776
2.45539e-09	0.00972634
2.45548e-09	0.00971492
2.45558e-09	0.00970349
2.45567e-09	0.00969206
2.45576e-09	0.00968063
2.45585e-09	0.0096692
2.45595e-09	0.00965777
2.45604e-09	0.00964634
2.45613e-09	0.0096349
2.45622e-09	0.00962347
2.45632e-09	0.00961203
2.45641e-09	0.00960059
2.4565e-09	0.00958915
2.45659e-09	0.00957771
2.45669e-09	0.00956626
2.45678e-09	0.00955482
2.45687e-09	0.00954337
2.45696e-09	0.00953193
2.45705e-09	0.00952048
2.45715e-09	0.00950903
2.45724e-09	0.00949758
2.45733e-09	0.00948613
2.45742e-09	0.00947468
2.45752e-09	0.00946323
2.45761e-09	0.00945177
2.4577e-09	0.00944032
2.45779e-09	0.00942886
2.45789e-09	0.00941741
2.45798e-09	0.00940595
2.45807e-09	0.00939449
2.45816e-09	0.00938303
2.45826e-09	0.00937157
2.45835e-09	0.00936011
2.45844e-09	0.00934865
2.45853e-09	0.00933719
2.45863e-09	0.00932573
2.45872e-09	0.00931426
2.45881e-09	0.0093028
2.4589e-09	0.00929134
2.459e-09	0.00927987
2.45909e-09	0.0092684
2.45918e-09	0.00925694
2.45927e-09	0.00924547
2.45937e-09	0.009234
2.45946e-09	0.00922254
2.45955e-09	0.00921107
2.45964e-09	0.0091996
2.45973e-09	0.00918813
2.45983e-09	0.00917666
2.45992e-09	0.00916519
2.46001e-09	0.00915372
2.4601e-09	0.00914225
2.4602e-09	0.00913078
2.46029e-09	0.00911931
2.46038e-09	0.00910784
2.46047e-09	0.00909637
2.46057e-09	0.0090849
2.46066e-09	0.00907343
2.46075e-09	0.00906196
2.46084e-09	0.00905049
2.46094e-09	0.00903902
2.46103e-09	0.00902754
2.46112e-09	0.00901607
2.46121e-09	0.0090046
2.46131e-09	0.00899313
2.4614e-09	0.00898166
2.46149e-09	0.00897019
2.46158e-09	0.00895872
2.46168e-09	0.00894725
2.46177e-09	0.00893578
2.46186e-09	0.00892431
2.46195e-09	0.00891284
2.46204e-09	0.00890137
2.46214e-09	0.0088899
2.46223e-09	0.00887843
2.46232e-09	0.00886696
2.46241e-09	0.00885549
2.46251e-09	0.00884402
2.4626e-09	0.00883255
2.46269e-09	0.00882109
2.46278e-09	0.00880962
2.46288e-09	0.00879815
2.46297e-09	0.00878669
2.46306e-09	0.00877522
2.46315e-09	0.00876375
2.46325e-09	0.00875229
2.46334e-09	0.00874083
2.46343e-09	0.00872936
2.46352e-09	0.0087179
2.46362e-09	0.00870644
2.46371e-09	0.00869498
2.4638e-09	0.00868352
2.46389e-09	0.00867206
2.46399e-09	0.0086606
2.46408e-09	0.00864914
2.46417e-09	0.00863768
2.46426e-09	0.00862623
2.46435e-09	0.00861477
2.46445e-09	0.00860332
2.46454e-09	0.00859186
2.46463e-09	0.00858041
2.46472e-09	0.00856896
2.46482e-09	0.00855751
2.46491e-09	0.00854606
2.465e-09	0.00853461
2.46509e-09	0.00852316
2.46519e-09	0.00851171
2.46528e-09	0.00850027
2.46537e-09	0.00848882
2.46546e-09	0.00847738
2.46556e-09	0.00846593
2.46565e-09	0.00845449
2.46574e-09	0.00844305
2.46583e-09	0.00843161
2.46593e-09	0.00842018
2.46602e-09	0.00840874
2.46611e-09	0.00839731
2.4662e-09	0.00838587
2.4663e-09	0.00837444
2.46639e-09	0.00836301
2.46648e-09	0.00835158
2.46657e-09	0.00834015
2.46666e-09	0.00832872
2.46676e-09	0.0083173
2.46685e-09	0.00830587
2.46694e-09	0.00829445
2.46703e-09	0.00828303
2.46713e-09	0.00827161
2.46722e-09	0.00826019
2.46731e-09	0.00824878
2.4674e-09	0.00823736
2.4675e-09	0.00822595
2.46759e-09	0.00821454
2.46768e-09	0.00820313
2.46777e-09	0.00819172
2.46787e-09	0.00818031
2.46796e-09	0.00816891
2.46805e-09	0.00815751
2.46814e-09	0.00814611
2.46824e-09	0.00813471
2.46833e-09	0.00812331
2.46842e-09	0.00811191
2.46851e-09	0.00810052
2.46861e-09	0.00808913
2.4687e-09	0.00807774
2.46879e-09	0.00806635
2.46888e-09	0.00805497
2.46898e-09	0.00804358
2.46907e-09	0.0080322
2.46916e-09	0.00802082
2.46925e-09	0.00800944
2.46934e-09	0.00799807
2.46944e-09	0.00798669
2.46953e-09	0.00797532
2.46962e-09	0.00796395
2.46971e-09	0.00795258
2.46981e-09	0.00794122
2.4699e-09	0.00792986
2.46999e-09	0.00791849
2.47008e-09	0.00790714
2.47018e-09	0.00789578
2.47027e-09	0.00788443
2.47036e-09	0.00787307
2.47045e-09	0.00786173
2.47055e-09	0.00785038
2.47064e-09	0.00783903
2.47073e-09	0.00782769
2.47082e-09	0.00781635
2.47092e-09	0.00780501
2.47101e-09	0.00779368
2.4711e-09	0.00778235
2.47119e-09	0.00777102
2.47129e-09	0.00775969
2.47138e-09	0.00774836
2.47147e-09	0.00773704
2.47156e-09	0.00772572
2.47165e-09	0.0077144
2.47175e-09	0.00770309
2.47184e-09	0.00769178
2.47193e-09	0.00768047
2.47202e-09	0.00766916
2.47212e-09	0.00765786
2.47221e-09	0.00764656
2.4723e-09	0.00763526
2.47239e-09	0.00762396
2.47249e-09	0.00761267
2.47258e-09	0.00760138
2.47267e-09	0.00759009
2.47276e-09	0.00757881
2.47286e-09	0.00756753
2.47295e-09	0.00755625
2.47304e-09	0.00754497
2.47313e-09	0.0075337
2.47323e-09	0.00752243
2.47332e-09	0.00751116
2.47341e-09	0.0074999
2.4735e-09	0.00748864
2.4736e-09	0.00747738
2.47369e-09	0.00746612
2.47378e-09	0.00745487
2.47387e-09	0.00744362
2.47396e-09	0.00743238
2.47406e-09	0.00742113
2.47415e-09	0.00740989
2.47424e-09	0.00739866
2.47433e-09	0.00738742
2.47443e-09	0.00737619
2.47452e-09	0.00736497
2.47461e-09	0.00735374
2.4747e-09	0.00734252
2.4748e-09	0.00733131
2.47489e-09	0.00732009
2.47498e-09	0.00730888
2.47507e-09	0.00729767
2.47517e-09	0.00728647
2.47526e-09	0.00727527
2.47535e-09	0.00726407
2.47544e-09	0.00725288
2.47554e-09	0.00724169
2.47563e-09	0.0072305
2.47572e-09	0.00721932
2.47581e-09	0.00720814
2.47591e-09	0.00719696
2.476e-09	0.00718579
2.47609e-09	0.00717462
2.47618e-09	0.00716345
2.47627e-09	0.00715229
2.47637e-09	0.00714113
2.47646e-09	0.00712998
2.47655e-09	0.00711882
2.47664e-09	0.00710768
2.47674e-09	0.00709653
2.47683e-09	0.00708539
2.47692e-09	0.00707426
2.47701e-09	0.00706312
2.47711e-09	0.00705199
2.4772e-09	0.00704087
2.47729e-09	0.00702974
2.47738e-09	0.00701863
2.47748e-09	0.00700751
2.47757e-09	0.0069964
2.47766e-09	0.0069853
2.47775e-09	0.00697419
2.47785e-09	0.00696309
2.47794e-09	0.006952
2.47803e-09	0.00694091
2.47812e-09	0.00692982
2.47822e-09	0.00691874
2.47831e-09	0.00690766
2.4784e-09	0.00689658
2.47849e-09	0.00688551
2.47858e-09	0.00687444
2.47868e-09	0.00686338
2.47877e-09	0.00685232
2.47886e-09	0.00684127
2.47895e-09	0.00683022
2.47905e-09	0.00681917
2.47914e-09	0.00680813
2.47923e-09	0.00679709
2.47932e-09	0.00678605
2.47942e-09	0.00677502
2.47951e-09	0.006764
2.4796e-09	0.00675298
2.47969e-09	0.00674196
2.47979e-09	0.00673095
2.47988e-09	0.00671994
2.47997e-09	0.00670893
2.48006e-09	0.00669793
2.48016e-09	0.00668694
2.48025e-09	0.00667594
2.48034e-09	0.00666496
2.48043e-09	0.00665397
2.48053e-09	0.00664299
2.48062e-09	0.00663202
2.48071e-09	0.00662105
2.4808e-09	0.00661008
2.4809e-09	0.00659912
2.48099e-09	0.00658817
2.48108e-09	0.00657722
2.48117e-09	0.00656627
2.48126e-09	0.00655532
2.48136e-09	0.00654439
2.48145e-09	0.00653345
2.48154e-09	0.00652252
2.48163e-09	0.0065116
2.48173e-09	0.00650068
2.48182e-09	0.00648976
2.48191e-09	0.00647885
2.482e-09	0.00646795
2.4821e-09	0.00645704
2.48219e-09	0.00644615
2.48228e-09	0.00643526
2.48237e-09	0.00642437
2.48247e-09	0.00641348
2.48256e-09	0.00640261
2.48265e-09	0.00639173
2.48274e-09	0.00638087
2.48284e-09	0.00637
2.48293e-09	0.00635914
2.48302e-09	0.00634829
2.48311e-09	0.00633744
2.48321e-09	0.0063266
2.4833e-09	0.00631576
2.48339e-09	0.00630492
2.48348e-09	0.00629409
2.48357e-09	0.00628327
2.48367e-09	0.00627245
2.48376e-09	0.00626163
2.48385e-09	0.00625082
2.48394e-09	0.00624002
2.48404e-09	0.00622922
2.48413e-09	0.00621842
2.48422e-09	0.00620763
2.48431e-09	0.00619685
2.48441e-09	0.00618607
2.4845e-09	0.00617529
2.48459e-09	0.00616452
2.48468e-09	0.00615376
2.48478e-09	0.006143
2.48487e-09	0.00613225
2.48496e-09	0.0061215
2.48505e-09	0.00611075
2.48515e-09	0.00610002
2.48524e-09	0.00608928
2.48533e-09	0.00607855
2.48542e-09	0.00606783
2.48552e-09	0.00605711
2.48561e-09	0.0060464
2.4857e-09	0.00603569
2.48579e-09	0.00602499
2.48588e-09	0.00601429
2.48598e-09	0.0060036
2.48607e-09	0.00599292
2.48616e-09	0.00598224
2.48625e-09	0.00597156
2.48635e-09	0.00596089
2.48644e-09	0.00595023
2.48653e-09	0.00593957
2.48662e-09	0.00592891
2.48672e-09	0.00591827
2.48681e-09	0.00590762
2.4869e-09	0.00589699
2.48699e-09	0.00588635
2.48709e-09	0.00587573
2.48718e-09	0.00586511
2.48727e-09	0.00585449
2.48736e-09	0.00584388
2.48746e-09	0.00583328
2.48755e-09	0.00582268
2.48764e-09	0.00581209
2.48773e-09	0.0058015
2.48783e-09	0.00579092
2.48792e-09	0.00578034
2.48801e-09	0.00576977
2.4881e-09	0.00575921
2.48819e-09	0.00574865
2.48829e-09	0.00573809
2.48838e-09	0.00572754
2.48847e-09	0.005717
2.48856e-09	0.00570647
2.48866e-09	0.00569593
2.48875e-09	0.00568541
2.48884e-09	0.00567489
2.48893e-09	0.00566438
2.48903e-09	0.00565387
2.48912e-09	0.00564337
2.48921e-09	0.00563287
2.4893e-09	0.00562238
2.4894e-09	0.0056119
2.48949e-09	0.00560142
2.48958e-09	0.00559095
2.48967e-09	0.00558048
2.48977e-09	0.00557002
2.48986e-09	0.00555956
2.48995e-09	0.00554911
2.49004e-09	0.00553867
2.49014e-09	0.00552823
2.49023e-09	0.0055178
2.49032e-09	0.00550738
2.49041e-09	0.00549696
2.49051e-09	0.00548654
2.4906e-09	0.00547614
2.49069e-09	0.00546574
2.49078e-09	0.00545534
2.49087e-09	0.00544495
2.49097e-09	0.00543457
2.49106e-09	0.00542419
2.49115e-09	0.00541382
2.49124e-09	0.00540346
2.49134e-09	0.0053931
2.49143e-09	0.00538274
2.49152e-09	0.0053724
2.49161e-09	0.00536206
2.49171e-09	0.00535172
2.4918e-09	0.0053414
2.49189e-09	0.00533107
2.49198e-09	0.00532076
2.49208e-09	0.00531045
2.49217e-09	0.00530015
2.49226e-09	0.00528985
2.49235e-09	0.00527956
2.49245e-09	0.00526927
2.49254e-09	0.005259
2.49263e-09	0.00524872
2.49272e-09	0.00523846
2.49282e-09	0.0052282
2.49291e-09	0.00521795
2.493e-09	0.0052077
2.49309e-09	0.00519746
2.49318e-09	0.00518723
2.49328e-09	0.005177
2.49337e-09	0.00516678
2.49346e-09	0.00515656
2.49355e-09	0.00514636
2.49365e-09	0.00513615
2.49374e-09	0.00512596
2.49383e-09	0.00511577
2.49392e-09	0.00510559
2.49402e-09	0.00509541
2.49411e-09	0.00508524
2.4942e-09	0.00507508
2.49429e-09	0.00506492
2.49439e-09	0.00505477
2.49448e-09	0.00504463
2.49457e-09	0.00503449
2.49466e-09	0.00502436
2.49476e-09	0.00501424
2.49485e-09	0.00500412
2.49494e-09	0.00499401
2.49503e-09	0.00498391
2.49513e-09	0.00497381
2.49522e-09	0.00496372
2.49531e-09	0.00495364
2.4954e-09	0.00494356
2.49549e-09	0.00493349
2.49559e-09	0.00492342
2.49568e-09	0.00491337
2.49577e-09	0.00490332
2.49586e-09	0.00489327
2.49596e-09	0.00488323
2.49605e-09	0.0048732
2.49614e-09	0.00486318
2.49623e-09	0.00485316
2.49633e-09	0.00484315
2.49642e-09	0.00483315
2.49651e-09	0.00482315
2.4966e-09	0.00481316
2.4967e-09	0.00480318
2.49679e-09	0.0047932
2.49688e-09	0.00478323
2.49697e-09	0.00477327
2.49707e-09	0.00476331
2.49716e-09	0.00475336
2.49725e-09	0.00474342
2.49734e-09	0.00473349
2.49744e-09	0.00472356
2.49753e-09	0.00471364
2.49762e-09	0.00470372
2.49771e-09	0.00469381
2.4978e-09	0.00468391
2.4979e-09	0.00467402
2.49799e-09	0.00466413
2.49808e-09	0.00465425
2.49817e-09	0.00464438
2.49827e-09	0.00463451
2.49836e-09	0.00462465
2.49845e-09	0.0046148
2.49854e-09	0.00460496
2.49864e-09	0.00459512
2.49873e-09	0.00458529
2.49882e-09	0.00457546
2.49891e-09	0.00456565
2.49901e-09	0.00455584
2.4991e-09	0.00454603
2.49919e-09	0.00453624
2.49928e-09	0.00452645
2.49938e-09	0.00451667
2.49947e-09	0.00450689
2.49956e-09	0.00449713
2.49965e-09	0.00448737
2.49975e-09	0.00447761
2.49984e-09	0.00446787
2.49993e-09	0.00445813
2.50002e-09	0.0044484
2.50011e-09	0.00443867
2.50021e-09	0.00442896
2.5003e-09	0.00441925
2.50039e-09	0.00440954
2.50048e-09	0.00439985
2.50058e-09	0.00439016
2.50067e-09	0.00438048
2.50076e-09	0.0043708
2.50085e-09	0.00436114
2.50095e-09	0.00435148
2.50104e-09	0.00434182
2.50113e-09	0.00433218
2.50122e-09	0.00432254
2.50132e-09	0.00431291
2.50141e-09	0.00430329
2.5015e-09	0.00429367
2.50159e-09	0.00428407
2.50169e-09	0.00427446
2.50178e-09	0.00426487
2.50187e-09	0.00425528
2.50196e-09	0.00424571
2.50206e-09	0.00423613
2.50215e-09	0.00422657
2.50224e-09	0.00421701
2.50233e-09	0.00420746
2.50243e-09	0.00419792
2.50252e-09	0.00418839
2.50261e-09	0.00417886
2.5027e-09	0.00416934
2.50279e-09	0.00415983
2.50289e-09	0.00415032
2.50298e-09	0.00414083
2.50307e-09	0.00413134
2.50316e-09	0.00412185
2.50326e-09	0.00411238
2.50335e-09	0.00410291
2.50344e-09	0.00409345
2.50353e-09	0.004084
2.50363e-09	0.00407455
2.50372e-09	0.00406512
2.50381e-09	0.00405569
2.5039e-09	0.00404626
2.504e-09	0.00403685
2.50409e-09	0.00402744
2.50418e-09	0.00401804
2.50427e-09	0.00400865
2.50437e-09	0.00399927
2.50446e-09	0.00398989
2.50455e-09	0.00398052
2.50464e-09	0.00397116
2.50474e-09	0.0039618
2.50483e-09	0.00395246
2.50492e-09	0.00394312
2.50501e-09	0.00393379
2.5051e-09	0.00392446
2.5052e-09	0.00391515
2.50529e-09	0.00390584
2.50538e-09	0.00389654
2.50547e-09	0.00388725
2.50557e-09	0.00387796
2.50566e-09	0.00386868
2.50575e-09	0.00385941
2.50584e-09	0.00385015
2.50594e-09	0.0038409
2.50603e-09	0.00383165
2.50612e-09	0.00382241
2.50621e-09	0.00381318
2.50631e-09	0.00380396
2.5064e-09	0.00379474
2.50649e-09	0.00378553
2.50658e-09	0.00377633
2.50668e-09	0.00376714
2.50677e-09	0.00375796
2.50686e-09	0.00374878
2.50695e-09	0.00373961
2.50705e-09	0.00373045
2.50714e-09	0.0037213
2.50723e-09	0.00371215
2.50732e-09	0.00370301
2.50741e-09	0.00369388
2.50751e-09	0.00368476
2.5076e-09	0.00367565
2.50769e-09	0.00366654
2.50778e-09	0.00365744
2.50788e-09	0.00364835
2.50797e-09	0.00363927
2.50806e-09	0.00363019
2.50815e-09	0.00362113
2.50825e-09	0.00361207
2.50834e-09	0.00360302
2.50843e-09	0.00359397
2.50852e-09	0.00358494
2.50862e-09	0.00357591
2.50871e-09	0.00356689
2.5088e-09	0.00355788
2.50889e-09	0.00354888
2.50899e-09	0.00353988
2.50908e-09	0.00353089
2.50917e-09	0.00352191
2.50926e-09	0.00351294
2.50936e-09	0.00350398
2.50945e-09	0.00349502
2.50954e-09	0.00348608
2.50963e-09	0.00347714
2.50972e-09	0.0034682
2.50982e-09	0.00345928
2.50991e-09	0.00345036
2.51e-09	0.00344146
2.51009e-09	0.00343256
2.51019e-09	0.00342367
2.51028e-09	0.00341478
2.51037e-09	0.00340591
2.51046e-09	0.00339704
2.51056e-09	0.00338818
2.51065e-09	0.00337933
2.51074e-09	0.00337049
2.51083e-09	0.00336165
2.51093e-09	0.00335282
2.51102e-09	0.003344
2.51111e-09	0.00333519
2.5112e-09	0.00332639
2.5113e-09	0.0033176
2.51139e-09	0.00330881
2.51148e-09	0.00330003
2.51157e-09	0.00329126
2.51167e-09	0.0032825
2.51176e-09	0.00327374
2.51185e-09	0.003265
2.51194e-09	0.00325626
2.51204e-09	0.00324753
2.51213e-09	0.00323881
2.51222e-09	0.0032301
2.51231e-09	0.00322139
2.5124e-09	0.0032127
2.5125e-09	0.00320401
2.51259e-09	0.00319533
2.51268e-09	0.00318665
2.51277e-09	0.00317799
2.51287e-09	0.00316933
2.51296e-09	0.00316069
2.51305e-09	0.00315205
2.51314e-09	0.00314342
2.51324e-09	0.00313479
2.51333e-09	0.00312618
2.51342e-09	0.00311757
2.51351e-09	0.00310897
2.51361e-09	0.00310038
2.5137e-09	0.0030918
2.51379e-09	0.00308323
2.51388e-09	0.00307466
2.51398e-09	0.00306611
2.51407e-09	0.00305756
2.51416e-09	0.00304902
2.51425e-09	0.00304048
2.51435e-09	0.00303196
2.51444e-09	0.00302345
2.51453e-09	0.00301494
2.51462e-09	0.00300644
2.51471e-09	0.00299795
2.51481e-09	0.00298947
2.5149e-09	0.00298099
2.51499e-09	0.00297253
2.51508e-09	0.00296407
2.51518e-09	0.00295562
2.51527e-09	0.00294718
2.51536e-09	0.00293875
2.51545e-09	0.00293032
2.51555e-09	0.00292191
2.51564e-09	0.0029135
2.51573e-09	0.0029051
2.51582e-09	0.00289671
2.51592e-09	0.00288833
2.51601e-09	0.00287996
2.5161e-09	0.00287159
2.51619e-09	0.00286323
2.51629e-09	0.00285489
2.51638e-09	0.00284654
2.51647e-09	0.00283821
2.51656e-09	0.00282989
2.51666e-09	0.00282157
2.51675e-09	0.00281327
2.51684e-09	0.00280497
2.51693e-09	0.00279668
2.51702e-09	0.0027884
2.51712e-09	0.00278013
2.51721e-09	0.00277186
2.5173e-09	0.00276361
2.51739e-09	0.00275536
2.51749e-09	0.00274712
2.51758e-09	0.00273889
2.51767e-09	0.00273067
2.51776e-09	0.00272245
2.51786e-09	0.00271425
2.51795e-09	0.00270605
2.51804e-09	0.00269786
2.51813e-09	0.00268968
2.51823e-09	0.00268151
2.51832e-09	0.00267335
2.51841e-09	0.00266519
2.5185e-09	0.00265705
2.5186e-09	0.00264891
2.51869e-09	0.00264078
2.51878e-09	0.00263266
2.51887e-09	0.00262455
2.51897e-09	0.00261645
2.51906e-09	0.00260835
2.51915e-09	0.00260027
2.51924e-09	0.00259219
2.51933e-09	0.00258412
2.51943e-09	0.00257606
2.51952e-09	0.00256801
2.51961e-09	0.00255996
2.5197e-09	0.00255193
2.5198e-09	0.0025439
2.51989e-09	0.00253588
2.51998e-09	0.00252787
2.52007e-09	0.00251987
2.52017e-09	0.00251188
2.52026e-09	0.0025039
2.52035e-09	0.00249592
2.52044e-09	0.00248795
2.52054e-09	0.00248
2.52063e-09	0.00247205
2.52072e-09	0.0024641
2.52081e-09	0.00245617
2.52091e-09	0.00244825
2.521e-09	0.00244033
2.52109e-09	0.00243243
2.52118e-09	0.00242453
2.52128e-09	0.00241664
2.52137e-09	0.00240876
2.52146e-09	0.00240089
2.52155e-09	0.00239302
2.52165e-09	0.00238517
2.52174e-09	0.00237732
2.52183e-09	0.00236948
2.52192e-09	0.00236165
2.52201e-09	0.00235383
2.52211e-09	0.00234602
2.5222e-09	0.00233822
2.52229e-09	0.00233042
2.52238e-09	0.00232264
2.52248e-09	0.00231486
2.52257e-09	0.00230709
2.52266e-09	0.00229933
2.52275e-09	0.00229158
2.52285e-09	0.00228384
2.52294e-09	0.0022761
2.52303e-09	0.00226838
2.52312e-09	0.00226066
2.52322e-09	0.00225295
2.52331e-09	0.00224525
2.5234e-09	0.00223756
2.52349e-09	0.00222988
2.52359e-09	0.0022222
2.52368e-09	0.00221454
2.52377e-09	0.00220688
2.52386e-09	0.00219924
2.52396e-09	0.0021916
2.52405e-09	0.00218397
2.52414e-09	0.00217634
2.52423e-09	0.00216873
2.52432e-09	0.00216113
2.52442e-09	0.00215353
2.52451e-09	0.00214594
2.5246e-09	0.00213837
2.52469e-09	0.0021308
2.52479e-09	0.00212324
2.52488e-09	0.00211568
2.52497e-09	0.00210814
2.52506e-09	0.00210061
2.52516e-09	0.00209308
2.52525e-09	0.00208556
2.52534e-09	0.00207805
2.52543e-09	0.00207055
2.52553e-09	0.00206306
2.52562e-09	0.00205558
2.52571e-09	0.00204811
2.5258e-09	0.00204064
2.5259e-09	0.00203319
2.52599e-09	0.00202574
2.52608e-09	0.0020183
2.52617e-09	0.00201087
2.52627e-09	0.00200345
2.52636e-09	0.00199603
2.52645e-09	0.00198863
2.52654e-09	0.00198124
2.52663e-09	0.00197385
2.52673e-09	0.00196647
2.52682e-09	0.0019591
2.52691e-09	0.00195174
2.527e-09	0.00194439
2.5271e-09	0.00193705
2.52719e-09	0.00192971
2.52728e-09	0.00192239
2.52737e-09	0.00191507
2.52747e-09	0.00190776
2.52756e-09	0.00190046
2.52765e-09	0.00189317
2.52774e-09	0.00188589
2.52784e-09	0.00187862
2.52793e-09	0.00187136
2.52802e-09	0.0018641
2.52811e-09	0.00185685
2.52821e-09	0.00184962
2.5283e-09	0.00184239
2.52839e-09	0.00183517
2.52848e-09	0.00182796
2.52858e-09	0.00182075
2.52867e-09	0.00181356
2.52876e-09	0.00180637
2.52885e-09	0.0017992
2.52894e-09	0.00179203
2.52904e-09	0.00178487
2.52913e-09	0.00177772
2.52922e-09	0.00177058
2.52931e-09	0.00176345
2.52941e-09	0.00175632
2.5295e-09	0.00174921
2.52959e-09	0.0017421
2.52968e-09	0.001735
2.52978e-09	0.00172791
2.52987e-09	0.00172083
2.52996e-09	0.00171376
2.53005e-09	0.0017067
2.53015e-09	0.00169965
2.53024e-09	0.0016926
2.53033e-09	0.00168557
2.53042e-09	0.00167854
2.53052e-09	0.00167152
2.53061e-09	0.00166451
2.5307e-09	0.00165751
2.53079e-09	0.00165052
2.53089e-09	0.00164353
2.53098e-09	0.00163656
2.53107e-09	0.00162959
2.53116e-09	0.00162264
2.53125e-09	0.00161569
2.53135e-09	0.00160875
2.53144e-09	0.00160182
2.53153e-09	0.0015949
2.53162e-09	0.00158798
2.53172e-09	0.00158108
2.53181e-09	0.00157418
2.5319e-09	0.0015673
2.53199e-09	0.00156042
2.53209e-09	0.00155355
2.53218e-09	0.00154669
2.53227e-09	0.00153984
2.53236e-09	0.001533
2.53246e-09	0.00152616
2.53255e-09	0.00151934
2.53264e-09	0.00151252
2.53273e-09	0.00150571
2.53283e-09	0.00149891
2.53292e-09	0.00149212
2.53301e-09	0.00148534
2.5331e-09	0.00147857
2.5332e-09	0.00147181
2.53329e-09	0.00146505
2.53338e-09	0.00145831
2.53347e-09	0.00145157
2.53357e-09	0.00144484
2.53366e-09	0.00143812
2.53375e-09	0.00143141
2.53384e-09	0.00142471
2.53393e-09	0.00141802
2.53403e-09	0.00141133
2.53412e-09	0.00140466
2.53421e-09	0.00139799
2.5343e-09	0.00139133
2.5344e-09	0.00138468
2.53449e-09	0.00137804
2.53458e-09	0.00137141
2.53467e-09	0.00136479
2.53477e-09	0.00135817
2.53486e-09	0.00135157
2.53495e-09	0.00134497
2.53504e-09	0.00133838
2.53514e-09	0.00133181
2.53523e-09	0.00132524
2.53532e-09	0.00131867
2.53541e-09	0.00131212
2.53551e-09	0.00130558
2.5356e-09	0.00129904
2.53569e-09	0.00129252
2.53578e-09	0.001286
2.53588e-09	0.00127949
2.53597e-09	0.00127299
2.53606e-09	0.0012665
2.53615e-09	0.00126002
2.53624e-09	0.00125355
2.53634e-09	0.00124708
2.53643e-09	0.00124062
2.53652e-09	0.00123418
2.53661e-09	0.00122774
2.53671e-09	0.00122131
2.5368e-09	0.00121489
2.53689e-09	0.00120848
2.53698e-09	0.00120208
2.53708e-09	0.00119568
2.53717e-09	0.0011893
2.53726e-09	0.00118292
2.53735e-09	0.00117655
2.53745e-09	0.00117019
2.53754e-09	0.00116384
2.53763e-09	0.0011575
2.53772e-09	0.00115117
2.53782e-09	0.00114484
2.53791e-09	0.00113853
2.538e-09	0.00113222
2.53809e-09	0.00112592
2.53819e-09	0.00111963
2.53828e-09	0.00111335
2.53837e-09	0.00110708
2.53846e-09	0.00110082
2.53855e-09	0.00109457
2.53865e-09	0.00108832
2.53874e-09	0.00108209
2.53883e-09	0.00107586
2.53892e-09	0.00106964
2.53902e-09	0.00106343
2.53911e-09	0.00105723
2.5392e-09	0.00105104
2.53929e-09	0.00104485
2.53939e-09	0.00103868
2.53948e-09	0.00103251
2.53957e-09	0.00102635
2.53966e-09	0.00102021
2.53976e-09	0.00101407
2.53985e-09	0.00100793
2.53994e-09	0.00100181
2.54003e-09	0.000995699
2.54013e-09	0.000989594
2.54022e-09	0.000983498
2.54031e-09	0.00097741
2.5404e-09	0.000971332
2.5405e-09	0.000965262
2.54059e-09	0.000959201
2.54068e-09	0.000953148
2.54077e-09	0.000947105
2.54086e-09	0.00094107
2.54096e-09	0.000935044
2.54105e-09	0.000929026
2.54114e-09	0.000923018
2.54123e-09	0.000917018
2.54133e-09	0.000911026
2.54142e-09	0.000905044
2.54151e-09	0.00089907
2.5416e-09	0.000893105
2.5417e-09	0.000887149
2.54179e-09	0.000881201
2.54188e-09	0.000875262
2.54197e-09	0.000869332
2.54207e-09	0.000863411
2.54216e-09	0.000857498
2.54225e-09	0.000851594
2.54234e-09	0.000845699
2.54244e-09	0.000839812
2.54253e-09	0.000833935
2.54262e-09	0.000828065
2.54271e-09	0.000822205
2.54281e-09	0.000816353
2.5429e-09	0.00081051
2.54299e-09	0.000804676
2.54308e-09	0.00079885
2.54318e-09	0.000793034
2.54327e-09	0.000787225
2.54336e-09	0.000781426
2.54345e-09	0.000775635
2.54354e-09	0.000769853
2.54364e-09	0.000764079
2.54373e-09	0.000758315
2.54382e-09	0.000752559
2.54391e-09	0.000746811
2.54401e-09	0.000741072
2.5441e-09	0.000735342
2.54419e-09	0.000729621
2.54428e-09	0.000723908
2.54438e-09	0.000718204
2.54447e-09	0.000712509
2.54456e-09	0.000706822
2.54465e-09	0.000701144
2.54475e-09	0.000695475
2.54484e-09	0.000689814
2.54493e-09	0.000684162
2.54502e-09	0.000678519
2.54512e-09	0.000672884
2.54521e-09	0.000667258
2.5453e-09	0.000661641
2.54539e-09	0.000656032
2.54549e-09	0.000650432
2.54558e-09	0.00064484
2.54567e-09	0.000639257
2.54576e-09	0.000633683
2.54585e-09	0.000628118
2.54595e-09	0.000622561
2.54604e-09	0.000617012
2.54613e-09	0.000611473
2.54622e-09	0.000605942
2.54632e-09	0.000600419
2.54641e-09	0.000594906
2.5465e-09	0.0005894
2.54659e-09	0.000583904
2.54669e-09	0.000578416
2.54678e-09	0.000572937
2.54687e-09	0.000567466
2.54696e-09	0.000562004
2.54706e-09	0.00055655
2.54715e-09	0.000551105
2.54724e-09	0.000545669
2.54733e-09	0.000540241
2.54743e-09	0.000534822
2.54752e-09	0.000529412
2.54761e-09	0.00052401
2.5477e-09	0.000518616
2.5478e-09	0.000513232
2.54789e-09	0.000507855
2.54798e-09	0.000502488
2.54807e-09	0.000497129
2.54816e-09	0.000491778
2.54826e-09	0.000486436
2.54835e-09	0.000481103
2.54844e-09	0.000475778
2.54853e-09	0.000470462
2.54863e-09	0.000465154
2.54872e-09	0.000459855
2.54881e-09	0.000454565
2.5489e-09	0.000449283
2.549e-09	0.000444009
2.54909e-09	0.000438744
2.54918e-09	0.000433488
2.54927e-09	0.00042824
2.54937e-09	0.000423001
2.54946e-09	0.00041777
2.54955e-09	0.000412548
2.54964e-09	0.000407334
2.54974e-09	0.000402129
2.54983e-09	0.000396932
2.54992e-09	0.000391744
2.55001e-09	0.000386565
2.55011e-09	0.000381393
2.5502e-09	0.000376231
2.55029e-09	0.000371077
2.55038e-09	0.000365931
2.55047e-09	0.000360794
2.55057e-09	0.000355665
2.55066e-09	0.000350545
2.55075e-09	0.000345434
2.55084e-09	0.00034033
2.55094e-09	0.000335236
2.55103e-09	0.00033015
2.55112e-09	0.000325072
2.55121e-09	0.000320003
2.55131e-09	0.000314942
2.5514e-09	0.000309889
2.55149e-09	0.000304846
2.55158e-09	0.00029981
2.55168e-09	0.000294783
2.55177e-09	0.000289765
2.55186e-09	0.000284755
2.55195e-09	0.000279753
2.55205e-09	0.00027476
2.55214e-09	0.000269775
2.55223e-09	0.000264799
2.55232e-09	0.000259831
2.55242e-09	0.000254872
2.55251e-09	0.000249921
2.5526e-09	0.000244978
2.55269e-09	0.000240044
2.55278e-09	0.000235118
2.55288e-09	0.000230201
2.55297e-09	0.000225292
2.55306e-09	0.000220392
2.55315e-09	0.0002155
2.55325e-09	0.000210616
2.55334e-09	0.00020574
2.55343e-09	0.000200874
2.55352e-09	0.000196015
2.55362e-09	0.000191165
2.55371e-09	0.000186323
2.5538e-09	0.00018149
2.55389e-09	0.000176665
2.55399e-09	0.000171848
2.55408e-09	0.00016704
2.55417e-09	0.00016224
2.55426e-09	0.000157448
2.55436e-09	0.000152665
2.55445e-09	0.00014789
2.55454e-09	0.000143124
2.55463e-09	0.000138365
2.55473e-09	0.000133616
2.55482e-09	0.000128874
2.55491e-09	0.000124141
2.555e-09	0.000119416
2.5551e-09	0.000114699
2.55519e-09	0.000109991
2.55528e-09	0.000105291
2.55537e-09	0.0001006
2.55546e-09	9.59164e-05
2.55556e-09	9.12415e-05
2.55565e-09	8.65748e-05
2.55574e-09	8.19164e-05
2.55583e-09	7.72663e-05
2.55593e-09	7.26245e-05
2.55602e-09	6.7991e-05
2.55611e-09	6.33658e-05
2.5562e-09	5.87488e-05
2.5563e-09	5.41401e-05
2.55639e-09	4.95397e-05
2.55648e-09	4.49476e-05
2.55657e-09	4.03637e-05
2.55667e-09	3.5788e-05
2.55676e-09	3.12207e-05
2.55685e-09	2.66615e-05
2.55694e-09	2.21106e-05
2.55704e-09	1.7568e-05
2.55713e-09	1.30336e-05
2.55722e-09	8.50739e-06
2.55731e-09	3.98943e-06
2.55741e-09	-5.20302e-07
2.5575e-09	-5.02182e-06
2.55759e-09	-9.51511e-06
2.55768e-09	-1.40002e-05
2.55777e-09	-1.84771e-05
2.55787e-09	-2.29458e-05
2.55796e-09	-2.74062e-05
2.55805e-09	-3.18585e-05
2.55814e-09	-3.63026e-05
2.55824e-09	-4.07385e-05
2.55833e-09	-4.51662e-05
2.55842e-09	-4.95858e-05
2.55851e-09	-5.39972e-05
2.55861e-09	-5.84004e-05
2.5587e-09	-6.27954e-05
2.55879e-09	-6.71823e-05
2.55888e-09	-7.1561e-05
2.55898e-09	-7.59316e-05
2.55907e-09	-8.0294e-05
2.55916e-09	-8.46483e-05
2.55925e-09	-8.89945e-05
2.55935e-09	-9.33325e-05
2.55944e-09	-9.76624e-05
2.55953e-09	-0.000101984
2.55962e-09	-0.000106298
2.55972e-09	-0.000110603
2.55981e-09	-0.000114901
2.5599e-09	-0.00011919
2.55999e-09	-0.000123471
2.56008e-09	-0.000127744
2.56018e-09	-0.000132009
2.56027e-09	-0.000136266
2.56036e-09	-0.000140515
2.56045e-09	-0.000144756
2.56055e-09	-0.000148989
2.56064e-09	-0.000153213
2.56073e-09	-0.00015743
2.56082e-09	-0.000161638
2.56092e-09	-0.000165839
2.56101e-09	-0.000170031
2.5611e-09	-0.000174215
2.56119e-09	-0.000178392
2.56129e-09	-0.00018256
2.56138e-09	-0.00018672
2.56147e-09	-0.000190872
2.56156e-09	-0.000195016
2.56166e-09	-0.000199152
2.56175e-09	-0.000203281
2.56184e-09	-0.000207401
2.56193e-09	-0.000211513
2.56203e-09	-0.000215617
2.56212e-09	-0.000219713
2.56221e-09	-0.000223801
2.5623e-09	-0.000227881
2.56239e-09	-0.000231953
2.56249e-09	-0.000236017
2.56258e-09	-0.000240074
2.56267e-09	-0.000244122
2.56276e-09	-0.000248162
2.56286e-09	-0.000252194
2.56295e-09	-0.000256219
2.56304e-09	-0.000260235
2.56313e-09	-0.000264244
2.56323e-09	-0.000268244
2.56332e-09	-0.000272237
2.56341e-09	-0.000276221
2.5635e-09	-0.000280198
2.5636e-09	-0.000284167
2.56369e-09	-0.000288128
2.56378e-09	-0.000292081
2.56387e-09	-0.000296026
2.56397e-09	-0.000299963
2.56406e-09	-0.000303892
2.56415e-09	-0.000307814
2.56424e-09	-0.000311727
2.56434e-09	-0.000315633
2.56443e-09	-0.00031953
2.56452e-09	-0.00032342
2.56461e-09	-0.000327302
2.56471e-09	-0.000331176
2.5648e-09	-0.000335043
2.56489e-09	-0.000338901
2.56498e-09	-0.000342752
2.56507e-09	-0.000346595
2.56517e-09	-0.000350429
2.56526e-09	-0.000354257
2.56535e-09	-0.000358076
2.56544e-09	-0.000361887
2.56554e-09	-0.000365691
2.56563e-09	-0.000369487
2.56572e-09	-0.000373275
2.56581e-09	-0.000377055
2.56591e-09	-0.000380827
2.566e-09	-0.000384592
2.56609e-09	-0.000388349
2.56618e-09	-0.000392098
2.56628e-09	-0.000395839
2.56637e-09	-0.000399573
2.56646e-09	-0.000403298
2.56655e-09	-0.000407016
2.56665e-09	-0.000410727
2.56674e-09	-0.000414429
2.56683e-09	-0.000418124
2.56692e-09	-0.000421811
2.56702e-09	-0.00042549
2.56711e-09	-0.000429162
2.5672e-09	-0.000432826
2.56729e-09	-0.000436482
2.56738e-09	-0.00044013
2.56748e-09	-0.000443771
2.56757e-09	-0.000447404
2.56766e-09	-0.000451029
2.56775e-09	-0.000454647
2.56785e-09	-0.000458257
2.56794e-09	-0.000461859
2.56803e-09	-0.000465454
2.56812e-09	-0.000469041
2.56822e-09	-0.00047262
2.56831e-09	-0.000476191
2.5684e-09	-0.000479755
2.56849e-09	-0.000483312
2.56859e-09	-0.00048686
2.56868e-09	-0.000490401
2.56877e-09	-0.000493935
2.56886e-09	-0.00049746
2.56896e-09	-0.000500979
2.56905e-09	-0.000504489
2.56914e-09	-0.000507992
2.56923e-09	-0.000511487
2.56933e-09	-0.000514975
2.56942e-09	-0.000518455
2.56951e-09	-0.000521928
2.5696e-09	-0.000525393
2.56969e-09	-0.00052885
2.56979e-09	-0.0005323
2.56988e-09	-0.000535742
2.56997e-09	-0.000539177
2.57006e-09	-0.000542604
2.57016e-09	-0.000546024
2.57025e-09	-0.000549436
2.57034e-09	-0.00055284
2.57043e-09	-0.000556237
2.57053e-09	-0.000559627
2.57062e-09	-0.000563009
2.57071e-09	-0.000566383
2.5708e-09	-0.00056975
2.5709e-09	-0.000573109
2.57099e-09	-0.000576461
2.57108e-09	-0.000579806
2.57117e-09	-0.000583143
2.57127e-09	-0.000586472
2.57136e-09	-0.000589794
2.57145e-09	-0.000593108
2.57154e-09	-0.000596415
2.57164e-09	-0.000599715
2.57173e-09	-0.000603007
2.57182e-09	-0.000606292
2.57191e-09	-0.000609569
2.572e-09	-0.000612839
2.5721e-09	-0.000616101
2.57219e-09	-0.000619356
2.57228e-09	-0.000622604
2.57237e-09	-0.000625844
2.57247e-09	-0.000629077
2.57256e-09	-0.000632302
2.57265e-09	-0.00063552
2.57274e-09	-0.00063873
2.57284e-09	-0.000641934
2.57293e-09	-0.000645129
2.57302e-09	-0.000648318
2.57311e-09	-0.000651499
2.57321e-09	-0.000654672
2.5733e-09	-0.000657839
2.57339e-09	-0.000660998
2.57348e-09	-0.000664149
2.57358e-09	-0.000667293
2.57367e-09	-0.00067043
2.57376e-09	-0.00067356
2.57385e-09	-0.000676682
2.57395e-09	-0.000679797
2.57404e-09	-0.000682905
2.57413e-09	-0.000686005
2.57422e-09	-0.000689098
2.57431e-09	-0.000692184
2.57441e-09	-0.000695263
2.5745e-09	-0.000698334
2.57459e-09	-0.000701398
2.57468e-09	-0.000704455
2.57478e-09	-0.000707504
2.57487e-09	-0.000710546
2.57496e-09	-0.000713581
2.57505e-09	-0.000716609
2.57515e-09	-0.000719629
2.57524e-09	-0.000722643
2.57533e-09	-0.000725648
2.57542e-09	-0.000728647
2.57552e-09	-0.000731639
2.57561e-09	-0.000734623
2.5757e-09	-0.0007376
2.57579e-09	-0.00074057
2.57589e-09	-0.000743533
2.57598e-09	-0.000746489
2.57607e-09	-0.000749437
2.57616e-09	-0.000752378
2.57626e-09	-0.000755312
2.57635e-09	-0.000758239
2.57644e-09	-0.000761159
2.57653e-09	-0.000764072
2.57663e-09	-0.000766977
2.57672e-09	-0.000769875
2.57681e-09	-0.000772767
2.5769e-09	-0.000775651
2.57699e-09	-0.000778528
2.57709e-09	-0.000781397
2.57718e-09	-0.00078426
2.57727e-09	-0.000787116
2.57736e-09	-0.000789964
2.57746e-09	-0.000792806
2.57755e-09	-0.00079564
2.57764e-09	-0.000798468
2.57773e-09	-0.000801288
2.57783e-09	-0.000804101
2.57792e-09	-0.000806907
2.57801e-09	-0.000809706
2.5781e-09	-0.000812498
2.5782e-09	-0.000815283
2.57829e-09	-0.000818061
2.57838e-09	-0.000820832
2.57847e-09	-0.000823596
2.57857e-09	-0.000826353
2.57866e-09	-0.000829103
2.57875e-09	-0.000831846
2.57884e-09	-0.000834582
2.57894e-09	-0.000837311
2.57903e-09	-0.000840033
2.57912e-09	-0.000842748
2.57921e-09	-0.000845456
2.5793e-09	-0.000848157
2.5794e-09	-0.000850851
2.57949e-09	-0.000853538
2.57958e-09	-0.000856218
2.57967e-09	-0.000858891
2.57977e-09	-0.000861557
2.57986e-09	-0.000864217
2.57995e-09	-0.000866869
2.58004e-09	-0.000869515
2.58014e-09	-0.000872154
2.58023e-09	-0.000874785
2.58032e-09	-0.00087741
2.58041e-09	-0.000880028
2.58051e-09	-0.000882639
2.5806e-09	-0.000885243
2.58069e-09	-0.000887841
2.58078e-09	-0.000890431
2.58088e-09	-0.000893015
2.58097e-09	-0.000895592
2.58106e-09	-0.000898162
2.58115e-09	-0.000900725
2.58125e-09	-0.000903281
2.58134e-09	-0.00090583
2.58143e-09	-0.000908373
2.58152e-09	-0.000910909
2.58161e-09	-0.000913438
2.58171e-09	-0.00091596
2.5818e-09	-0.000918476
2.58189e-09	-0.000920984
2.58198e-09	-0.000923486
2.58208e-09	-0.000925981
2.58217e-09	-0.000928469
2.58226e-09	-0.000930951
2.58235e-09	-0.000933426
2.58245e-09	-0.000935894
2.58254e-09	-0.000938355
2.58263e-09	-0.00094081
2.58272e-09	-0.000943258
2.58282e-09	-0.000945699
2.58291e-09	-0.000948133
2.583e-09	-0.000950561
2.58309e-09	-0.000952982
2.58319e-09	-0.000955396
2.58328e-09	-0.000957804
2.58337e-09	-0.000960205
2.58346e-09	-0.000962599
2.58356e-09	-0.000964987
2.58365e-09	-0.000967367
2.58374e-09	-0.000969742
2.58383e-09	-0.000972109
2.58392e-09	-0.00097447
2.58402e-09	-0.000976825
2.58411e-09	-0.000979172
2.5842e-09	-0.000981513
2.58429e-09	-0.000983848
2.58439e-09	-0.000986176
2.58448e-09	-0.000988497
2.58457e-09	-0.000990812
2.58466e-09	-0.00099312
2.58476e-09	-0.000995421
2.58485e-09	-0.000997716
2.58494e-09	-0.001
2.58503e-09	-0.00100229
2.58513e-09	-0.00100456
2.58522e-09	-0.00100683
2.58531e-09	-0.00100909
2.5854e-09	-0.00101135
2.5855e-09	-0.0010136
2.58559e-09	-0.00101584
2.58568e-09	-0.00101808
2.58577e-09	-0.0010203
2.58587e-09	-0.00102253
2.58596e-09	-0.00102474
2.58605e-09	-0.00102695
2.58614e-09	-0.00102916
2.58624e-09	-0.00103135
2.58633e-09	-0.00103354
2.58642e-09	-0.00103573
2.58651e-09	-0.00103791
2.5866e-09	-0.00104008
2.5867e-09	-0.00104224
2.58679e-09	-0.0010444
2.58688e-09	-0.00104655
2.58697e-09	-0.0010487
2.58707e-09	-0.00105084
2.58716e-09	-0.00105297
2.58725e-09	-0.0010551
2.58734e-09	-0.00105722
2.58744e-09	-0.00105933
2.58753e-09	-0.00106144
2.58762e-09	-0.00106354
2.58771e-09	-0.00106563
2.58781e-09	-0.00106772
2.5879e-09	-0.0010698
2.58799e-09	-0.00107187
2.58808e-09	-0.00107394
2.58818e-09	-0.00107601
2.58827e-09	-0.00107806
2.58836e-09	-0.00108011
2.58845e-09	-0.00108215
2.58855e-09	-0.00108419
2.58864e-09	-0.00108622
2.58873e-09	-0.00108825
2.58882e-09	-0.00109027
2.58891e-09	-0.00109228
2.58901e-09	-0.00109428
2.5891e-09	-0.00109628
2.58919e-09	-0.00109828
2.58928e-09	-0.00110026
2.58938e-09	-0.00110224
2.58947e-09	-0.00110422
2.58956e-09	-0.00110619
2.58965e-09	-0.00110815
2.58975e-09	-0.0011101
2.58984e-09	-0.00111205
2.58993e-09	-0.001114
2.59002e-09	-0.00111593
2.59012e-09	-0.00111786
2.59021e-09	-0.00111979
2.5903e-09	-0.00112171
2.59039e-09	-0.00112362
2.59049e-09	-0.00112552
2.59058e-09	-0.00112742
2.59067e-09	-0.00112932
2.59076e-09	-0.00113121
2.59086e-09	-0.00113309
2.59095e-09	-0.00113496
2.59104e-09	-0.00113683
2.59113e-09	-0.00113869
2.59122e-09	-0.00114055
2.59132e-09	-0.0011424
2.59141e-09	-0.00114425
2.5915e-09	-0.00114609
2.59159e-09	-0.00114792
2.59169e-09	-0.00114974
2.59178e-09	-0.00115157
2.59187e-09	-0.00115338
2.59196e-09	-0.00115519
2.59206e-09	-0.00115699
2.59215e-09	-0.00115879
2.59224e-09	-0.00116058
2.59233e-09	-0.00116236
2.59243e-09	-0.00116414
2.59252e-09	-0.00116591
2.59261e-09	-0.00116768
2.5927e-09	-0.00116944
2.5928e-09	-0.00117119
2.59289e-09	-0.00117294
2.59298e-09	-0.00117468
2.59307e-09	-0.00117642
2.59317e-09	-0.00117815
2.59326e-09	-0.00117987
2.59335e-09	-0.00118159
2.59344e-09	-0.0011833
2.59353e-09	-0.00118501
2.59363e-09	-0.00118671
2.59372e-09	-0.0011884
2.59381e-09	-0.00119009
2.5939e-09	-0.00119177
2.594e-09	-0.00119345
2.59409e-09	-0.00119512
2.59418e-09	-0.00119678
2.59427e-09	-0.00119844
2.59437e-09	-0.00120009
2.59446e-09	-0.00120174
2.59455e-09	-0.00120338
2.59464e-09	-0.00120502
2.59474e-09	-0.00120665
2.59483e-09	-0.00120827
2.59492e-09	-0.00120989
2.59501e-09	-0.0012115
2.59511e-09	-0.00121311
2.5952e-09	-0.00121471
2.59529e-09	-0.0012163
2.59538e-09	-0.00121789
2.59548e-09	-0.00121947
2.59557e-09	-0.00122105
2.59566e-09	-0.00122262
2.59575e-09	-0.00122419
2.59585e-09	-0.00122575
2.59594e-09	-0.0012273
2.59603e-09	-0.00122885
2.59612e-09	-0.00123039
2.59621e-09	-0.00123193
2.59631e-09	-0.00123346
2.5964e-09	-0.00123498
2.59649e-09	-0.0012365
2.59658e-09	-0.00123801
2.59668e-09	-0.00123952
2.59677e-09	-0.00124103
2.59686e-09	-0.00124252
2.59695e-09	-0.00124401
2.59705e-09	-0.0012455
2.59714e-09	-0.00124698
2.59723e-09	-0.00124845
2.59732e-09	-0.00124992
2.59742e-09	-0.00125138
2.59751e-09	-0.00125284
2.5976e-09	-0.00125429
2.59769e-09	-0.00125573
2.59779e-09	-0.00125717
2.59788e-09	-0.00125861
2.59797e-09	-0.00126004
2.59806e-09	-0.00126146
2.59816e-09	-0.00126288
2.59825e-09	-0.00126429
2.59834e-09	-0.0012657
2.59843e-09	-0.0012671
2.59852e-09	-0.00126849
2.59862e-09	-0.00126988
2.59871e-09	-0.00127126
2.5988e-09	-0.00127264
2.59889e-09	-0.00127402
2.59899e-09	-0.00127538
2.59908e-09	-0.00127674
2.59917e-09	-0.0012781
2.59926e-09	-0.00127945
2.59936e-09	-0.0012808
2.59945e-09	-0.00128214
2.59954e-09	-0.00128347
2.59963e-09	-0.0012848
2.59973e-09	-0.00128612
2.59982e-09	-0.00128744
2.59991e-09	-0.00128875
2.6e-09	-0.00129006
2.6001e-09	-0.00129136
2.60019e-09	-0.00129266
2.60028e-09	-0.00129395
2.60037e-09	-0.00129523
2.60047e-09	-0.00129651
2.60056e-09	-0.00129779
2.60065e-09	-0.00129905
2.60074e-09	-0.00130032
2.60083e-09	-0.00130157
2.60093e-09	-0.00130283
2.60102e-09	-0.00130407
2.60111e-09	-0.00130532
2.6012e-09	-0.00130655
2.6013e-09	-0.00130778
2.60139e-09	-0.00130901
2.60148e-09	-0.00131023
2.60157e-09	-0.00131144
2.60167e-09	-0.00131265
2.60176e-09	-0.00131386
2.60185e-09	-0.00131506
2.60194e-09	-0.00131625
2.60204e-09	-0.00131744
2.60213e-09	-0.00131862
2.60222e-09	-0.0013198
2.60231e-09	-0.00132097
2.60241e-09	-0.00132214
2.6025e-09	-0.0013233
2.60259e-09	-0.00132446
2.60268e-09	-0.00132561
2.60278e-09	-0.00132675
2.60287e-09	-0.00132789
2.60296e-09	-0.00132903
2.60305e-09	-0.00133016
2.60314e-09	-0.00133128
2.60324e-09	-0.0013324
2.60333e-09	-0.00133352
2.60342e-09	-0.00133463
2.60351e-09	-0.00133573
2.60361e-09	-0.00133683
2.6037e-09	-0.00133793
2.60379e-09	-0.00133901
2.60388e-09	-0.0013401
2.60398e-09	-0.00134118
2.60407e-09	-0.00134225
2.60416e-09	-0.00134332
2.60425e-09	-0.00134438
2.60435e-09	-0.00134544
2.60444e-09	-0.00134649
2.60453e-09	-0.00134754
2.60462e-09	-0.00134858
2.60472e-09	-0.00134962
2.60481e-09	-0.00135065
2.6049e-09	-0.00135167
2.60499e-09	-0.0013527
2.60509e-09	-0.00135371
2.60518e-09	-0.00135472
2.60527e-09	-0.00135573
2.60536e-09	-0.00135673
2.60545e-09	-0.00135773
2.60555e-09	-0.00135872
2.60564e-09	-0.00135971
2.60573e-09	-0.00136069
2.60582e-09	-0.00136166
2.60592e-09	-0.00136264
2.60601e-09	-0.0013636
2.6061e-09	-0.00136456
2.60619e-09	-0.00136552
2.60629e-09	-0.00136647
2.60638e-09	-0.00136742
2.60647e-09	-0.00136836
2.60656e-09	-0.00136929
2.60666e-09	-0.00137023
2.60675e-09	-0.00137115
2.60684e-09	-0.00137207
2.60693e-09	-0.00137299
2.60703e-09	-0.0013739
2.60712e-09	-0.00137481
2.60721e-09	-0.00137571
2.6073e-09	-0.00137661
2.6074e-09	-0.0013775
2.60749e-09	-0.00137839
2.60758e-09	-0.00137927
2.60767e-09	-0.00138014
2.60777e-09	-0.00138102
2.60786e-09	-0.00138188
2.60795e-09	-0.00138275
2.60804e-09	-0.0013836
2.60813e-09	-0.00138446
2.60823e-09	-0.00138531
2.60832e-09	-0.00138615
2.60841e-09	-0.00138699
2.6085e-09	-0.00138782
2.6086e-09	-0.00138865
2.60869e-09	-0.00138947
2.60878e-09	-0.00139029
2.60887e-09	-0.00139111
2.60897e-09	-0.00139192
2.60906e-09	-0.00139272
2.60915e-09	-0.00139352
2.60924e-09	-0.00139432
2.60934e-09	-0.00139511
2.60943e-09	-0.00139589
2.60952e-09	-0.00139667
2.60961e-09	-0.00139745
2.60971e-09	-0.00139822
2.6098e-09	-0.00139899
2.60989e-09	-0.00139975
2.60998e-09	-0.0014005
2.61008e-09	-0.00140126
2.61017e-09	-0.001402
2.61026e-09	-0.00140275
2.61035e-09	-0.00140349
2.61044e-09	-0.00140422
2.61054e-09	-0.00140495
2.61063e-09	-0.00140567
2.61072e-09	-0.00140639
2.61081e-09	-0.00140711
2.61091e-09	-0.00140782
2.611e-09	-0.00140852
2.61109e-09	-0.00140923
2.61118e-09	-0.00140992
2.61128e-09	-0.00141061
2.61137e-09	-0.0014113
2.61146e-09	-0.00141198
2.61155e-09	-0.00141266
2.61165e-09	-0.00141333
2.61174e-09	-0.001414
2.61183e-09	-0.00141467
2.61192e-09	-0.00141533
2.61202e-09	-0.00141598
2.61211e-09	-0.00141663
2.6122e-09	-0.00141728
2.61229e-09	-0.00141792
2.61239e-09	-0.00141856
2.61248e-09	-0.00141919
2.61257e-09	-0.00141982
2.61266e-09	-0.00142044
2.61275e-09	-0.00142106
2.61285e-09	-0.00142167
2.61294e-09	-0.00142228
2.61303e-09	-0.00142289
2.61312e-09	-0.00142349
2.61322e-09	-0.00142409
2.61331e-09	-0.00142468
2.6134e-09	-0.00142527
2.61349e-09	-0.00142585
2.61359e-09	-0.00142643
2.61368e-09	-0.001427
2.61377e-09	-0.00142757
2.61386e-09	-0.00142814
2.61396e-09	-0.0014287
2.61405e-09	-0.00142925
2.61414e-09	-0.00142981
2.61423e-09	-0.00143035
2.61433e-09	-0.0014309
2.61442e-09	-0.00143144
2.61451e-09	-0.00143197
2.6146e-09	-0.0014325
2.6147e-09	-0.00143303
2.61479e-09	-0.00143355
2.61488e-09	-0.00143406
2.61497e-09	-0.00143458
2.61506e-09	-0.00143508
2.61516e-09	-0.00143559
2.61525e-09	-0.00143609
2.61534e-09	-0.00143658
2.61543e-09	-0.00143707
2.61553e-09	-0.00143756
2.61562e-09	-0.00143804
2.61571e-09	-0.00143852
2.6158e-09	-0.001439
2.6159e-09	-0.00143947
2.61599e-09	-0.00143993
2.61608e-09	-0.00144039
2.61617e-09	-0.00144085
2.61627e-09	-0.0014413
2.61636e-09	-0.00144175
2.61645e-09	-0.00144219
2.61654e-09	-0.00144263
2.61664e-09	-0.00144307
2.61673e-09	-0.0014435
2.61682e-09	-0.00144393
2.61691e-09	-0.00144435
2.61701e-09	-0.00144477
2.6171e-09	-0.00144518
2.61719e-09	-0.00144559
2.61728e-09	-0.001446
2.61738e-09	-0.0014464
2.61747e-09	-0.0014468
2.61756e-09	-0.00144719
2.61765e-09	-0.00144758
2.61774e-09	-0.00144797
2.61784e-09	-0.00144835
2.61793e-09	-0.00144873
2.61802e-09	-0.0014491
2.61811e-09	-0.00144947
2.61821e-09	-0.00144983
2.6183e-09	-0.00145019
2.61839e-09	-0.00145055
2.61848e-09	-0.0014509
2.61858e-09	-0.00145125
2.61867e-09	-0.0014516
2.61876e-09	-0.00145194
2.61885e-09	-0.00145227
2.61895e-09	-0.00145261
2.61904e-09	-0.00145293
2.61913e-09	-0.00145326
2.61922e-09	-0.00145358
2.61932e-09	-0.00145389
2.61941e-09	-0.00145421
2.6195e-09	-0.00145451
2.61959e-09	-0.00145482
2.61969e-09	-0.00145512
2.61978e-09	-0.00145541
2.61987e-09	-0.00145571
2.61996e-09	-0.00145599
2.62005e-09	-0.00145628
2.62015e-09	-0.00145656
2.62024e-09	-0.00145683
2.62033e-09	-0.00145711
2.62042e-09	-0.00145738
2.62052e-09	-0.00145764
2.62061e-09	-0.0014579
2.6207e-09	-0.00145816
2.62079e-09	-0.00145841
2.62089e-09	-0.00145866
2.62098e-09	-0.0014589
2.62107e-09	-0.00145914
2.62116e-09	-0.00145938
2.62126e-09	-0.00145961
2.62135e-09	-0.00145984
2.62144e-09	-0.00146007
2.62153e-09	-0.00146029
2.62163e-09	-0.00146051
2.62172e-09	-0.00146072
2.62181e-09	-0.00146093
2.6219e-09	-0.00146114
2.622e-09	-0.00146134
2.62209e-09	-0.00146154
2.62218e-09	-0.00146173
2.62227e-09	-0.00146192
2.62236e-09	-0.00146211
2.62246e-09	-0.00146229
2.62255e-09	-0.00146247
2.62264e-09	-0.00146265
2.62273e-09	-0.00146282
2.62283e-09	-0.00146299
2.62292e-09	-0.00146315
2.62301e-09	-0.00146331
2.6231e-09	-0.00146347
2.6232e-09	-0.00146362
2.62329e-09	-0.00146377
2.62338e-09	-0.00146392
2.62347e-09	-0.00146406
2.62357e-09	-0.0014642
2.62366e-09	-0.00146433
2.62375e-09	-0.00146446
2.62384e-09	-0.00146459
2.62394e-09	-0.00146471
2.62403e-09	-0.00146483
2.62412e-09	-0.00146495
2.62421e-09	-0.00146506
2.62431e-09	-0.00146517
2.6244e-09	-0.00146527
2.62449e-09	-0.00146538
2.62458e-09	-0.00146547
2.62467e-09	-0.00146557
2.62477e-09	-0.00146566
2.62486e-09	-0.00146574
2.62495e-09	-0.00146583
2.62504e-09	-0.00146591
2.62514e-09	-0.00146598
2.62523e-09	-0.00146605
2.62532e-09	-0.00146612
2.62541e-09	-0.00146619
2.62551e-09	-0.00146625
2.6256e-09	-0.00146631
2.62569e-09	-0.00146636
2.62578e-09	-0.00146641
2.62588e-09	-0.00146646
2.62597e-09	-0.0014665
2.62606e-09	-0.00146654
2.62615e-09	-0.00146658
2.62625e-09	-0.00146661
2.62634e-09	-0.00146664
2.62643e-09	-0.00146667
2.62652e-09	-0.00146669
2.62662e-09	-0.00146671
2.62671e-09	-0.00146673
2.6268e-09	-0.00146674
2.62689e-09	-0.00146675
2.62698e-09	-0.00146675
2.62708e-09	-0.00146675
2.62717e-09	-0.00146675
2.62726e-09	-0.00146675
2.62735e-09	-0.00146674
2.62745e-09	-0.00146673
2.62754e-09	-0.00146671
2.62763e-09	-0.00146669
2.62772e-09	-0.00146667
2.62782e-09	-0.00146664
2.62791e-09	-0.00146661
2.628e-09	-0.00146658
2.62809e-09	-0.00146655
2.62819e-09	-0.00146651
2.62828e-09	-0.00146646
2.62837e-09	-0.00146642
2.62846e-09	-0.00146637
2.62856e-09	-0.00146631
2.62865e-09	-0.00146626
2.62874e-09	-0.0014662
2.62883e-09	-0.00146614
2.62893e-09	-0.00146607
2.62902e-09	-0.001466
2.62911e-09	-0.00146593
2.6292e-09	-0.00146585
2.6293e-09	-0.00146577
2.62939e-09	-0.00146569
2.62948e-09	-0.0014656
2.62957e-09	-0.00146551
2.62966e-09	-0.00146542
2.62976e-09	-0.00146532
2.62985e-09	-0.00146522
2.62994e-09	-0.00146512
2.63003e-09	-0.00146501
2.63013e-09	-0.00146491
2.63022e-09	-0.00146479
2.63031e-09	-0.00146468
2.6304e-09	-0.00146456
2.6305e-09	-0.00146444
2.63059e-09	-0.00146431
2.63068e-09	-0.00146418
2.63077e-09	-0.00146405
2.63087e-09	-0.00146392
2.63096e-09	-0.00146378
2.63105e-09	-0.00146364
2.63114e-09	-0.00146349
2.63124e-09	-0.00146334
2.63133e-09	-0.00146319
2.63142e-09	-0.00146304
2.63151e-09	-0.00146288
2.63161e-09	-0.00146272
2.6317e-09	-0.00146256
2.63179e-09	-0.00146239
2.63188e-09	-0.00146222
2.63197e-09	-0.00146205
2.63207e-09	-0.00146187
2.63216e-09	-0.00146169
2.63225e-09	-0.00146151
2.63234e-09	-0.00146132
2.63244e-09	-0.00146114
2.63253e-09	-0.00146094
2.63262e-09	-0.00146075
2.63271e-09	-0.00146055
2.63281e-09	-0.00146035
2.6329e-09	-0.00146015
2.63299e-09	-0.00145994
2.63308e-09	-0.00145973
2.63318e-09	-0.00145952
2.63327e-09	-0.0014593
2.63336e-09	-0.00145908
2.63345e-09	-0.00145886
2.63355e-09	-0.00145863
2.63364e-09	-0.0014584
2.63373e-09	-0.00145817
2.63382e-09	-0.00145794
2.63392e-09	-0.0014577
2.63401e-09	-0.00145746
2.6341e-09	-0.00145722
2.63419e-09	-0.00145697
2.63428e-09	-0.00145672
2.63438e-09	-0.00145647
2.63447e-09	-0.00145622
2.63456e-09	-0.00145596
2.63465e-09	-0.0014557
2.63475e-09	-0.00145543
2.63484e-09	-0.00145517
2.63493e-09	-0.0014549
2.63502e-09	-0.00145462
2.63512e-09	-0.00145435
2.63521e-09	-0.00145407
2.6353e-09	-0.00145379
2.63539e-09	-0.0014535
2.63549e-09	-0.00145322
2.63558e-09	-0.00145292
2.63567e-09	-0.00145263
2.63576e-09	-0.00145234
2.63586e-09	-0.00145204
2.63595e-09	-0.00145174
2.63604e-09	-0.00145143
2.63613e-09	-0.00145112
2.63623e-09	-0.00145081
2.63632e-09	-0.0014505
2.63641e-09	-0.00145018
2.6365e-09	-0.00144987
2.63659e-09	-0.00144954
2.63669e-09	-0.00144922
2.63678e-09	-0.00144889
2.63687e-09	-0.00144856
2.63696e-09	-0.00144823
2.63706e-09	-0.00144789
2.63715e-09	-0.00144756
2.63724e-09	-0.00144721
2.63733e-09	-0.00144687
2.63743e-09	-0.00144652
2.63752e-09	-0.00144617
2.63761e-09	-0.00144582
2.6377e-09	-0.00144547
2.6378e-09	-0.00144511
2.63789e-09	-0.00144475
2.63798e-09	-0.00144439
2.63807e-09	-0.00144402
2.63817e-09	-0.00144365
2.63826e-09	-0.00144328
2.63835e-09	-0.00144291
2.63844e-09	-0.00144253
2.63854e-09	-0.00144215
2.63863e-09	-0.00144177
2.63872e-09	-0.00144138
2.63881e-09	-0.001441
2.63891e-09	-0.00144061
2.639e-09	-0.00144021
2.63909e-09	-0.00143982
2.63918e-09	-0.00143942
2.63927e-09	-0.00143902
2.63937e-09	-0.00143862
2.63946e-09	-0.00143821
2.63955e-09	-0.0014378
2.63964e-09	-0.00143739
2.63974e-09	-0.00143698
2.63983e-09	-0.00143656
2.63992e-09	-0.00143614
2.64001e-09	-0.00143572
2.64011e-09	-0.00143529
2.6402e-09	-0.00143487
2.64029e-09	-0.00143444
2.64038e-09	-0.00143401
2.64048e-09	-0.00143357
2.64057e-09	-0.00143313
2.64066e-09	-0.00143269
2.64075e-09	-0.00143225
2.64085e-09	-0.00143181
2.64094e-09	-0.00143136
2.64103e-09	-0.00143091
2.64112e-09	-0.00143046
2.64122e-09	-0.00143
2.64131e-09	-0.00142955
2.6414e-09	-0.00142909
2.64149e-09	-0.00142862
2.64158e-09	-0.00142816
2.64168e-09	-0.00142769
2.64177e-09	-0.00142722
2.64186e-09	-0.00142675
2.64195e-09	-0.00142627
2.64205e-09	-0.0014258
2.64214e-09	-0.00142532
2.64223e-09	-0.00142483
2.64232e-09	-0.00142435
2.64242e-09	-0.00142386
2.64251e-09	-0.00142337
2.6426e-09	-0.00142288
2.64269e-09	-0.00142239
2.64279e-09	-0.00142189
2.64288e-09	-0.00142139
2.64297e-09	-0.00142089
2.64306e-09	-0.00142039
2.64316e-09	-0.00141988
2.64325e-09	-0.00141937
2.64334e-09	-0.00141886
2.64343e-09	-0.00141835
2.64353e-09	-0.00141783
2.64362e-09	-0.00141731
2.64371e-09	-0.00141679
2.6438e-09	-0.00141627
2.64389e-09	-0.00141574
2.64399e-09	-0.00141521
2.64408e-09	-0.00141468
2.64417e-09	-0.00141415
2.64426e-09	-0.00141362
2.64436e-09	-0.00141308
2.64445e-09	-0.00141254
2.64454e-09	-0.001412
2.64463e-09	-0.00141145
2.64473e-09	-0.00141091
2.64482e-09	-0.00141036
2.64491e-09	-0.00140981
2.645e-09	-0.00140926
2.6451e-09	-0.0014087
2.64519e-09	-0.00140814
2.64528e-09	-0.00140758
2.64537e-09	-0.00140702
2.64547e-09	-0.00140646
2.64556e-09	-0.00140589
2.64565e-09	-0.00140532
2.64574e-09	-0.00140475
2.64584e-09	-0.00140417
2.64593e-09	-0.0014036
2.64602e-09	-0.00140302
2.64611e-09	-0.00140244
2.6462e-09	-0.00140186
2.6463e-09	-0.00140127
2.64639e-09	-0.00140069
2.64648e-09	-0.0014001
2.64657e-09	-0.00139951
2.64667e-09	-0.00139891
2.64676e-09	-0.00139832
2.64685e-09	-0.00139772
2.64694e-09	-0.00139712
2.64704e-09	-0.00139652
2.64713e-09	-0.00139591
2.64722e-09	-0.00139531
2.64731e-09	-0.0013947
2.64741e-09	-0.00139409
2.6475e-09	-0.00139348
2.64759e-09	-0.00139286
2.64768e-09	-0.00139224
2.64778e-09	-0.00139163
2.64787e-09	-0.001391
2.64796e-09	-0.00139038
2.64805e-09	-0.00138976
2.64815e-09	-0.00138913
2.64824e-09	-0.0013885
2.64833e-09	-0.00138787
2.64842e-09	-0.00138723
2.64851e-09	-0.0013866
2.64861e-09	-0.00138596
2.6487e-09	-0.00138532
2.64879e-09	-0.00138468
2.64888e-09	-0.00138403
2.64898e-09	-0.00138339
2.64907e-09	-0.00138274
2.64916e-09	-0.00138209
2.64925e-09	-0.00138144
2.64935e-09	-0.00138078
2.64944e-09	-0.00138013
2.64953e-09	-0.00137947
2.64962e-09	-0.00137881
2.64972e-09	-0.00137815
2.64981e-09	-0.00137748
2.6499e-09	-0.00137682
2.64999e-09	-0.00137615
2.65009e-09	-0.00137548
2.65018e-09	-0.0013748
2.65027e-09	-0.00137413
2.65036e-09	-0.00137345
2.65046e-09	-0.00137278
2.65055e-09	-0.0013721
2.65064e-09	-0.00137141
2.65073e-09	-0.00137073
2.65083e-09	-0.00137004
2.65092e-09	-0.00136936
2.65101e-09	-0.00136867
2.6511e-09	-0.00136798
2.65119e-09	-0.00136728
2.65129e-09	-0.00136659
2.65138e-09	-0.00136589
2.65147e-09	-0.00136519
2.65156e-09	-0.00136449
2.65166e-09	-0.00136379
2.65175e-09	-0.00136308
2.65184e-09	-0.00136237
2.65193e-09	-0.00136167
2.65203e-09	-0.00136096
2.65212e-09	-0.00136024
2.65221e-09	-0.00135953
2.6523e-09	-0.00135881
2.6524e-09	-0.00135809
2.65249e-09	-0.00135738
2.65258e-09	-0.00135665
2.65267e-09	-0.00135593
2.65277e-09	-0.0013552
2.65286e-09	-0.00135448
2.65295e-09	-0.00135375
2.65304e-09	-0.00135302
2.65314e-09	-0.00135229
2.65323e-09	-0.00135155
2.65332e-09	-0.00135082
2.65341e-09	-0.00135008
2.6535e-09	-0.00134934
2.6536e-09	-0.0013486
2.65369e-09	-0.00134785
2.65378e-09	-0.00134711
2.65387e-09	-0.00134636
2.65397e-09	-0.00134561
2.65406e-09	-0.00134486
2.65415e-09	-0.00134411
2.65424e-09	-0.00134336
2.65434e-09	-0.0013426
2.65443e-09	-0.00134185
2.65452e-09	-0.00134109
2.65461e-09	-0.00134033
2.65471e-09	-0.00133956
2.6548e-09	-0.0013388
2.65489e-09	-0.00133803
2.65498e-09	-0.00133727
2.65508e-09	-0.0013365
2.65517e-09	-0.00133573
2.65526e-09	-0.00133495
2.65535e-09	-0.00133418
2.65545e-09	-0.0013334
2.65554e-09	-0.00133263
2.65563e-09	-0.00133185
2.65572e-09	-0.00133107
2.65581e-09	-0.00133028
2.65591e-09	-0.0013295
2.656e-09	-0.00132871
2.65609e-09	-0.00132793
2.65618e-09	-0.00132714
2.65628e-09	-0.00132635
2.65637e-09	-0.00132555
2.65646e-09	-0.00132476
2.65655e-09	-0.00132396
2.65665e-09	-0.00132317
2.65674e-09	-0.00132237
2.65683e-09	-0.00132157
2.65692e-09	-0.00132077
2.65702e-09	-0.00131996
2.65711e-09	-0.00131916
2.6572e-09	-0.00131835
2.65729e-09	-0.00131754
2.65739e-09	-0.00131673
2.65748e-09	-0.00131592
2.65757e-09	-0.00131511
2.65766e-09	-0.00131429
2.65776e-09	-0.00131348
2.65785e-09	-0.00131266
2.65794e-09	-0.00131184
2.65803e-09	-0.00131102
2.65812e-09	-0.0013102
2.65822e-09	-0.00130938
2.65831e-09	-0.00130855
2.6584e-09	-0.00130772
2.65849e-09	-0.0013069
2.65859e-09	-0.00130607
2.65868e-09	-0.00130523
2.65877e-09	-0.0013044
2.65886e-09	-0.00130357
2.65896e-09	-0.00130273
2.65905e-09	-0.00130189
2.65914e-09	-0.00130106
2.65923e-09	-0.00130022
2.65933e-09	-0.00129937
2.65942e-09	-0.00129853
2.65951e-09	-0.00129769
2.6596e-09	-0.00129684
2.6597e-09	-0.00129599
2.65979e-09	-0.00129514
2.65988e-09	-0.00129429
2.65997e-09	-0.00129344
2.66007e-09	-0.00129259
2.66016e-09	-0.00129173
2.66025e-09	-0.00129088
2.66034e-09	-0.00129002
2.66044e-09	-0.00128916
2.66053e-09	-0.0012883
2.66062e-09	-0.00128744
2.66071e-09	-0.00128658
2.6608e-09	-0.00128571
2.6609e-09	-0.00128485
2.66099e-09	-0.00128398
2.66108e-09	-0.00128311
2.66117e-09	-0.00128224
2.66127e-09	-0.00128137
2.66136e-09	-0.0012805
2.66145e-09	-0.00127962
2.66154e-09	-0.00127875
2.66164e-09	-0.00127787
2.66173e-09	-0.00127699
2.66182e-09	-0.00127612
2.66191e-09	-0.00127523
2.66201e-09	-0.00127435
2.6621e-09	-0.00127347
2.66219e-09	-0.00127258
2.66228e-09	-0.0012717
2.66238e-09	-0.00127081
2.66247e-09	-0.00126992
2.66256e-09	-0.00126903
2.66265e-09	-0.00126814
2.66275e-09	-0.00126725
2.66284e-09	-0.00126636
2.66293e-09	-0.00126546
2.66302e-09	-0.00126457
2.66311e-09	-0.00126367
2.66321e-09	-0.00126277
2.6633e-09	-0.00126187
2.66339e-09	-0.00126097
2.66348e-09	-0.00126007
2.66358e-09	-0.00125916
2.66367e-09	-0.00125826
2.66376e-09	-0.00125735
2.66385e-09	-0.00125644
2.66395e-09	-0.00125553
2.66404e-09	-0.00125462
2.66413e-09	-0.00125371
2.66422e-09	-0.0012528
2.66432e-09	-0.00125189
2.66441e-09	-0.00125097
2.6645e-09	-0.00125006
2.66459e-09	-0.00124914
2.66469e-09	-0.00124822
2.66478e-09	-0.0012473
2.66487e-09	-0.00124638
2.66496e-09	-0.00124546
2.66506e-09	-0.00124454
2.66515e-09	-0.00124361
2.66524e-09	-0.00124269
2.66533e-09	-0.00124176
2.66542e-09	-0.00124083
2.66552e-09	-0.0012399
2.66561e-09	-0.00123897
2.6657e-09	-0.00123804
2.66579e-09	-0.00123711
2.66589e-09	-0.00123618
2.66598e-09	-0.00123524
2.66607e-09	-0.00123431
2.66616e-09	-0.00123337
2.66626e-09	-0.00123243
2.66635e-09	-0.00123149
2.66644e-09	-0.00123055
2.66653e-09	-0.00122961
2.66663e-09	-0.00122867
2.66672e-09	-0.00122772
2.66681e-09	-0.00122678
2.6669e-09	-0.00122583
2.667e-09	-0.00122489
2.66709e-09	-0.00122394
2.66718e-09	-0.00122299
2.66727e-09	-0.00122204
2.66737e-09	-0.00122109
2.66746e-09	-0.00122014
2.66755e-09	-0.00121919
2.66764e-09	-0.00121823
2.66773e-09	-0.00121728
2.66783e-09	-0.00121632
2.66792e-09	-0.00121536
2.66801e-09	-0.0012144
2.6681e-09	-0.00121345
2.6682e-09	-0.00121249
2.66829e-09	-0.00121152
2.66838e-09	-0.00121056
2.66847e-09	-0.0012096
2.66857e-09	-0.00120863
2.66866e-09	-0.00120767
2.66875e-09	-0.0012067
2.66884e-09	-0.00120574
2.66894e-09	-0.00120477
2.66903e-09	-0.0012038
2.66912e-09	-0.00120283
2.66921e-09	-0.00120186
2.66931e-09	-0.00120088
2.6694e-09	-0.00119991
2.66949e-09	-0.00119894
2.66958e-09	-0.00119796
2.66968e-09	-0.00119699
2.66977e-09	-0.00119601
2.66986e-09	-0.00119503
2.66995e-09	-0.00119405
2.67005e-09	-0.00119307
2.67014e-09	-0.00119209
2.67023e-09	-0.00119111
2.67032e-09	-0.00119013
2.67041e-09	-0.00118914
2.67051e-09	-0.00118816
2.6706e-09	-0.00118717
2.67069e-09	-0.00118619
2.67078e-09	-0.0011852
2.67088e-09	-0.00118421
2.67097e-09	-0.00118322
2.67106e-09	-0.00118223
2.67115e-09	-0.00118124
2.67125e-09	-0.00118025
2.67134e-09	-0.00117926
2.67143e-09	-0.00117826
2.67152e-09	-0.00117727
2.67162e-09	-0.00117628
2.67171e-09	-0.00117528
2.6718e-09	-0.00117428
2.67189e-09	-0.00117329
2.67199e-09	-0.00117229
2.67208e-09	-0.00117129
2.67217e-09	-0.00117029
2.67226e-09	-0.00116929
2.67236e-09	-0.00116828
2.67245e-09	-0.00116728
2.67254e-09	-0.00116628
2.67263e-09	-0.00116527
2.67272e-09	-0.00116427
2.67282e-09	-0.00116326
2.67291e-09	-0.00116226
2.673e-09	-0.00116125
2.67309e-09	-0.00116024
2.67319e-09	-0.00115923
2.67328e-09	-0.00115822
2.67337e-09	-0.00115721
2.67346e-09	-0.0011562
2.67356e-09	-0.00115519
2.67365e-09	-0.00115417
2.67374e-09	-0.00115316
2.67383e-09	-0.00115214
2.67393e-09	-0.00115113
2.67402e-09	-0.00115011
2.67411e-09	-0.0011491
2.6742e-09	-0.00114808
2.6743e-09	-0.00114706
2.67439e-09	-0.00114604
2.67448e-09	-0.00114502
2.67457e-09	-0.001144
2.67467e-09	-0.00114298
2.67476e-09	-0.00114196
2.67485e-09	-0.00114093
2.67494e-09	-0.00113991
2.67503e-09	-0.00113889
2.67513e-09	-0.00113786
2.67522e-09	-0.00113684
2.67531e-09	-0.00113581
2.6754e-09	-0.00113478
2.6755e-09	-0.00113375
2.67559e-09	-0.00113273
2.67568e-09	-0.0011317
2.67577e-09	-0.00113067
2.67587e-09	-0.00112964
2.67596e-09	-0.00112861
2.67605e-09	-0.00112757
2.67614e-09	-0.00112654
2.67624e-09	-0.00112551
2.67633e-09	-0.00112447
2.67642e-09	-0.00112344
2.67651e-09	-0.0011224
2.67661e-09	-0.00112137
2.6767e-09	-0.00112033
2.67679e-09	-0.00111929
2.67688e-09	-0.00111826
2.67698e-09	-0.00111722
2.67707e-09	-0.00111618
2.67716e-09	-0.00111514
2.67725e-09	-0.0011141
2.67734e-09	-0.00111306
2.67744e-09	-0.00111202
2.67753e-09	-0.00111098
2.67762e-09	-0.00110993
2.67771e-09	-0.00110889
2.67781e-09	-0.00110785
2.6779e-09	-0.0011068
2.67799e-09	-0.00110576
2.67808e-09	-0.00110471
2.67818e-09	-0.00110366
2.67827e-09	-0.00110262
2.67836e-09	-0.00110157
2.67845e-09	-0.00110052
2.67855e-09	-0.00109947
2.67864e-09	-0.00109842
2.67873e-09	-0.00109737
2.67882e-09	-0.00109632
2.67892e-09	-0.00109527
2.67901e-09	-0.00109422
2.6791e-09	-0.00109317
2.67919e-09	-0.00109212
2.67929e-09	-0.00109106
2.67938e-09	-0.00109001
2.67947e-09	-0.00108896
2.67956e-09	-0.0010879
2.67965e-09	-0.00108685
2.67975e-09	-0.00108579
2.67984e-09	-0.00108473
2.67993e-09	-0.00108368
2.68002e-09	-0.00108262
2.68012e-09	-0.00108156
2.68021e-09	-0.0010805
2.6803e-09	-0.00107945
2.68039e-09	-0.00107839
2.68049e-09	-0.00107733
2.68058e-09	-0.00107627
2.68067e-09	-0.00107521
2.68076e-09	-0.00107414
2.68086e-09	-0.00107308
2.68095e-09	-0.00107202
2.68104e-09	-0.00107096
2.68113e-09	-0.00106989
2.68123e-09	-0.00106883
2.68132e-09	-0.00106777
2.68141e-09	-0.0010667
2.6815e-09	-0.00106564
2.6816e-09	-0.00106457
2.68169e-09	-0.00106351
2.68178e-09	-0.00106244
2.68187e-09	-0.00106137
2.68197e-09	-0.00106031
2.68206e-09	-0.00105924
2.68215e-09	-0.00105817
2.68224e-09	-0.0010571
2.68233e-09	-0.00105603
2.68243e-09	-0.00105496
2.68252e-09	-0.00105389
2.68261e-09	-0.00105282
2.6827e-09	-0.00105175
2.6828e-09	-0.00105068
2.68289e-09	-0.00104961
2.68298e-09	-0.00104854
2.68307e-09	-0.00104747
2.68317e-09	-0.00104639
2.68326e-09	-0.00104532
2.68335e-09	-0.00104425
2.68344e-09	-0.00104317
2.68354e-09	-0.0010421
2.68363e-09	-0.00104103
2.68372e-09	-0.00103995
2.68381e-09	-0.00103888
2.68391e-09	-0.0010378
2.684e-09	-0.00103672
2.68409e-09	-0.00103565
2.68418e-09	-0.00103457
2.68428e-09	-0.00103349
2.68437e-09	-0.00103242
2.68446e-09	-0.00103134
2.68455e-09	-0.00103026
2.68464e-09	-0.00102918
2.68474e-09	-0.0010281
2.68483e-09	-0.00102702
2.68492e-09	-0.00102594
2.68501e-09	-0.00102486
2.68511e-09	-0.00102378
2.6852e-09	-0.0010227
2.68529e-09	-0.00102162
2.68538e-09	-0.00102054
2.68548e-09	-0.00101946
2.68557e-09	-0.00101838
2.68566e-09	-0.0010173
2.68575e-09	-0.00101622
2.68585e-09	-0.00101513
2.68594e-09	-0.00101405
2.68603e-09	-0.00101297
2.68612e-09	-0.00101188
2.68622e-09	-0.0010108
2.68631e-09	-0.00100972
2.6864e-09	-0.00100863
2.68649e-09	-0.00100755
2.68659e-09	-0.00100646
2.68668e-09	-0.00100538
2.68677e-09	-0.00100429
2.68686e-09	-0.00100321
2.68695e-09	-0.00100212
2.68705e-09	-0.00100104
2.68714e-09	-0.000999949
2.68723e-09	-0.000998863
2.68732e-09	-0.000997776
2.68742e-09	-0.000996689
2.68751e-09	-0.000995601
2.6876e-09	-0.000994514
2.68769e-09	-0.000993426
2.68779e-09	-0.000992338
2.68788e-09	-0.00099125
2.68797e-09	-0.000990162
2.68806e-09	-0.000989073
2.68816e-09	-0.000987984
2.68825e-09	-0.000986895
2.68834e-09	-0.000985806
2.68843e-09	-0.000984716
2.68853e-09	-0.000983627
2.68862e-09	-0.000982537
2.68871e-09	-0.000981447
2.6888e-09	-0.000980356
2.6889e-09	-0.000979266
2.68899e-09	-0.000978175
2.68908e-09	-0.000977084
2.68917e-09	-0.000975993
2.68926e-09	-0.000974902
2.68936e-09	-0.000973811
2.68945e-09	-0.000972719
2.68954e-09	-0.000971627
2.68963e-09	-0.000970536
2.68973e-09	-0.000969443
2.68982e-09	-0.000968351
2.68991e-09	-0.000967259
2.69e-09	-0.000966166
2.6901e-09	-0.000965074
2.69019e-09	-0.000963981
2.69028e-09	-0.000962888
2.69037e-09	-0.000961795
2.69047e-09	-0.000960701
2.69056e-09	-0.000959608
2.69065e-09	-0.000958515
2.69074e-09	-0.000957421
2.69084e-09	-0.000956327
2.69093e-09	-0.000955233
2.69102e-09	-0.000954139
2.69111e-09	-0.000953045
2.69121e-09	-0.000951951
2.6913e-09	-0.000950856
2.69139e-09	-0.000949762
2.69148e-09	-0.000948667
2.69158e-09	-0.000947573
2.69167e-09	-0.000946478
2.69176e-09	-0.000945383
2.69185e-09	-0.000944288
2.69194e-09	-0.000943193
2.69204e-09	-0.000942098
2.69213e-09	-0.000941002
2.69222e-09	-0.000939907
2.69231e-09	-0.000938812
2.69241e-09	-0.000937716
2.6925e-09	-0.000936621
2.69259e-09	-0.000935525
2.69268e-09	-0.000934429
2.69278e-09	-0.000933333
2.69287e-09	-0.000932238
2.69296e-09	-0.000931142
2.69305e-09	-0.000930046
2.69315e-09	-0.00092895
2.69324e-09	-0.000927854
2.69333e-09	-0.000926758
2.69342e-09	-0.000925661
2.69352e-09	-0.000924565
2.69361e-09	-0.000923469
2.6937e-09	-0.000922373
2.69379e-09	-0.000921276
2.69389e-09	-0.00092018
2.69398e-09	-0.000919084
2.69407e-09	-0.000917987
2.69416e-09	-0.000916891
2.69425e-09	-0.000915794
2.69435e-09	-0.000914698
2.69444e-09	-0.000913601
2.69453e-09	-0.000912505
2.69462e-09	-0.000911408
2.69472e-09	-0.000910312
2.69481e-09	-0.000909215
2.6949e-09	-0.000908119
2.69499e-09	-0.000907022
2.69509e-09	-0.000905926
2.69518e-09	-0.000904829
2.69527e-09	-0.000903733
2.69536e-09	-0.000902636
2.69546e-09	-0.00090154
2.69555e-09	-0.000900443
2.69564e-09	-0.000899347
2.69573e-09	-0.00089825
2.69583e-09	-0.000897154
2.69592e-09	-0.000896057
2.69601e-09	-0.000894961
2.6961e-09	-0.000893865
2.6962e-09	-0.000892769
2.69629e-09	-0.000891672
2.69638e-09	-0.000890576
2.69647e-09	-0.00088948
2.69656e-09	-0.000888384
2.69666e-09	-0.000887288
2.69675e-09	-0.000886192
2.69684e-09	-0.000885096
2.69693e-09	-0.000884
2.69703e-09	-0.000882904
2.69712e-09	-0.000881808
2.69721e-09	-0.000880713
2.6973e-09	-0.000879617
2.6974e-09	-0.000878521
2.69749e-09	-0.000877426
2.69758e-09	-0.000876331
2.69767e-09	-0.000875235
2.69777e-09	-0.00087414
2.69786e-09	-0.000873045
2.69795e-09	-0.00087195
2.69804e-09	-0.000870855
2.69814e-09	-0.00086976
2.69823e-09	-0.000868665
2.69832e-09	-0.00086757
2.69841e-09	-0.000866476
2.69851e-09	-0.000865381
2.6986e-09	-0.000864287
2.69869e-09	-0.000863192
2.69878e-09	-0.000862098
2.69887e-09	-0.000861004
2.69897e-09	-0.00085991
2.69906e-09	-0.000858816
2.69915e-09	-0.000857722
2.69924e-09	-0.000856629
2.69934e-09	-0.000855535
2.69943e-09	-0.000854442
2.69952e-09	-0.000853349
2.69961e-09	-0.000852256
2.69971e-09	-0.000851163
2.6998e-09	-0.00085007
2.69989e-09	-0.000848977
2.69998e-09	-0.000847885
2.70008e-09	-0.000846792
2.70017e-09	-0.0008457
2.70026e-09	-0.000844608
2.70035e-09	-0.000843516
2.70045e-09	-0.000842424
2.70054e-09	-0.000841332
2.70063e-09	-0.000840241
2.70072e-09	-0.000839149
2.70082e-09	-0.000838058
2.70091e-09	-0.000836967
2.701e-09	-0.000835876
2.70109e-09	-0.000834786
2.70118e-09	-0.000833695
2.70128e-09	-0.000832605
2.70137e-09	-0.000831515
2.70146e-09	-0.000830425
2.70155e-09	-0.000829335
2.70165e-09	-0.000828245
2.70174e-09	-0.000827156
2.70183e-09	-0.000826066
2.70192e-09	-0.000824977
2.70202e-09	-0.000823889
2.70211e-09	-0.0008228
2.7022e-09	-0.000821711
2.70229e-09	-0.000820623
2.70239e-09	-0.000819535
2.70248e-09	-0.000818447
2.70257e-09	-0.00081736
2.70266e-09	-0.000816272
2.70276e-09	-0.000815185
2.70285e-09	-0.000814098
2.70294e-09	-0.000813011
2.70303e-09	-0.000811924
2.70313e-09	-0.000810838
2.70322e-09	-0.000809752
2.70331e-09	-0.000808666
2.7034e-09	-0.00080758
2.7035e-09	-0.000806495
2.70359e-09	-0.00080541
2.70368e-09	-0.000804325
2.70377e-09	-0.00080324
2.70386e-09	-0.000802155
2.70396e-09	-0.000801071
2.70405e-09	-0.000799987
2.70414e-09	-0.000798903
2.70423e-09	-0.00079782
2.70433e-09	-0.000796737
2.70442e-09	-0.000795654
2.70451e-09	-0.000794571
2.7046e-09	-0.000793488
2.7047e-09	-0.000792406
2.70479e-09	-0.000791324
2.70488e-09	-0.000790242
2.70497e-09	-0.000789161
2.70507e-09	-0.00078808
2.70516e-09	-0.000786999
2.70525e-09	-0.000785918
2.70534e-09	-0.000784838
2.70544e-09	-0.000783758
2.70553e-09	-0.000782678
2.70562e-09	-0.000781598
2.70571e-09	-0.000780519
2.70581e-09	-0.00077944
2.7059e-09	-0.000778361
2.70599e-09	-0.000777283
2.70608e-09	-0.000776205
2.70617e-09	-0.000775127
2.70627e-09	-0.00077405
2.70636e-09	-0.000772972
2.70645e-09	-0.000771895
2.70654e-09	-0.000770819
2.70664e-09	-0.000769742
2.70673e-09	-0.000768667
2.70682e-09	-0.000767591
2.70691e-09	-0.000766515
2.70701e-09	-0.00076544
2.7071e-09	-0.000764366
2.70719e-09	-0.000763291
2.70728e-09	-0.000762217
2.70738e-09	-0.000761143
2.70747e-09	-0.00076007
2.70756e-09	-0.000758997
2.70765e-09	-0.000757924
2.70775e-09	-0.000756851
2.70784e-09	-0.000755779
2.70793e-09	-0.000754707
2.70802e-09	-0.000753636
2.70812e-09	-0.000752565
2.70821e-09	-0.000751494
2.7083e-09	-0.000750423
2.70839e-09	-0.000749353
2.70848e-09	-0.000748283
2.70858e-09	-0.000747214
2.70867e-09	-0.000746145
2.70876e-09	-0.000745076
2.70885e-09	-0.000744008
2.70895e-09	-0.00074294
2.70904e-09	-0.000741872
2.70913e-09	-0.000740805
2.70922e-09	-0.000739738
2.70932e-09	-0.000738671
2.70941e-09	-0.000737605
2.7095e-09	-0.000736539
2.70959e-09	-0.000735474
2.70969e-09	-0.000734408
2.70978e-09	-0.000733344
2.70987e-09	-0.000732279
2.70996e-09	-0.000731215
2.71006e-09	-0.000730152
2.71015e-09	-0.000729088
2.71024e-09	-0.000728026
2.71033e-09	-0.000726963
2.71043e-09	-0.000725901
2.71052e-09	-0.000724839
2.71061e-09	-0.000723778
2.7107e-09	-0.000722717
2.71079e-09	-0.000721657
2.71089e-09	-0.000720596
2.71098e-09	-0.000719537
2.71107e-09	-0.000718477
2.71116e-09	-0.000717419
2.71126e-09	-0.00071636
2.71135e-09	-0.000715302
2.71144e-09	-0.000714244
2.71153e-09	-0.000713187
2.71163e-09	-0.00071213
2.71172e-09	-0.000711073
2.71181e-09	-0.000710017
2.7119e-09	-0.000708962
2.712e-09	-0.000707906
2.71209e-09	-0.000706852
2.71218e-09	-0.000705797
2.71227e-09	-0.000704743
2.71237e-09	-0.00070369
2.71246e-09	-0.000702637
2.71255e-09	-0.000701584
2.71264e-09	-0.000700532
2.71274e-09	-0.00069948
2.71283e-09	-0.000698428
2.71292e-09	-0.000697377
2.71301e-09	-0.000696327
2.71311e-09	-0.000695277
2.7132e-09	-0.000694227
2.71329e-09	-0.000693178
2.71338e-09	-0.000692129
2.71347e-09	-0.000691081
2.71357e-09	-0.000690033
2.71366e-09	-0.000688986
2.71375e-09	-0.000687939
2.71384e-09	-0.000686892
2.71394e-09	-0.000685846
2.71403e-09	-0.000684801
2.71412e-09	-0.000683755
2.71421e-09	-0.000682711
2.71431e-09	-0.000681667
2.7144e-09	-0.000680623
2.71449e-09	-0.00067958
2.71458e-09	-0.000678537
2.71468e-09	-0.000677494
2.71477e-09	-0.000676452
2.71486e-09	-0.000675411
2.71495e-09	-0.00067437
2.71505e-09	-0.00067333
2.71514e-09	-0.00067229
2.71523e-09	-0.00067125
2.71532e-09	-0.000670211
2.71542e-09	-0.000669173
2.71551e-09	-0.000668135
2.7156e-09	-0.000667097
2.71569e-09	-0.00066606
2.71578e-09	-0.000665023
2.71588e-09	-0.000663987
2.71597e-09	-0.000662952
2.71606e-09	-0.000661917
2.71615e-09	-0.000660882
2.71625e-09	-0.000659848
2.71634e-09	-0.000658814
2.71643e-09	-0.000657781
2.71652e-09	-0.000656748
2.71662e-09	-0.000655716
2.71671e-09	-0.000654685
2.7168e-09	-0.000653653
2.71689e-09	-0.000652623
2.71699e-09	-0.000651593
2.71708e-09	-0.000650563
2.71717e-09	-0.000649534
2.71726e-09	-0.000648506
2.71736e-09	-0.000647477
2.71745e-09	-0.00064645
2.71754e-09	-0.000645423
2.71763e-09	-0.000644396
2.71773e-09	-0.00064337
2.71782e-09	-0.000642345
2.71791e-09	-0.00064132
2.718e-09	-0.000640296
2.71809e-09	-0.000639272
2.71819e-09	-0.000638249
2.71828e-09	-0.000637226
2.71837e-09	-0.000636203
2.71846e-09	-0.000635182
2.71856e-09	-0.00063416
2.71865e-09	-0.00063314
2.71874e-09	-0.00063212
2.71883e-09	-0.0006311
2.71893e-09	-0.000630081
2.71902e-09	-0.000629063
2.71911e-09	-0.000628045
2.7192e-09	-0.000627027
2.7193e-09	-0.00062601
2.71939e-09	-0.000624994
2.71948e-09	-0.000623978
2.71957e-09	-0.000622963
2.71967e-09	-0.000621948
2.71976e-09	-0.000620934
2.71985e-09	-0.000619921
2.71994e-09	-0.000618908
2.72004e-09	-0.000617895
2.72013e-09	-0.000616883
2.72022e-09	-0.000615872
2.72031e-09	-0.000614861
2.7204e-09	-0.000613851
2.7205e-09	-0.000612842
2.72059e-09	-0.000611832
2.72068e-09	-0.000610824
2.72077e-09	-0.000609816
2.72087e-09	-0.000608809
2.72096e-09	-0.000607802
2.72105e-09	-0.000606796
2.72114e-09	-0.00060579
2.72124e-09	-0.000604785
2.72133e-09	-0.000603781
2.72142e-09	-0.000602777
2.72151e-09	-0.000601773
2.72161e-09	-0.000600771
2.7217e-09	-0.000599769
2.72179e-09	-0.000598767
2.72188e-09	-0.000597766
2.72198e-09	-0.000596766
2.72207e-09	-0.000595766
2.72216e-09	-0.000594767
2.72225e-09	-0.000593768
2.72235e-09	-0.00059277
2.72244e-09	-0.000591773
2.72253e-09	-0.000590776
2.72262e-09	-0.00058978
2.72271e-09	-0.000588784
2.72281e-09	-0.000587789
2.7229e-09	-0.000586795
2.72299e-09	-0.000585801
2.72308e-09	-0.000584808
2.72318e-09	-0.000583815
2.72327e-09	-0.000582823
2.72336e-09	-0.000581832
2.72345e-09	-0.000580841
2.72355e-09	-0.000579851
2.72364e-09	-0.000578861
2.72373e-09	-0.000577872
2.72382e-09	-0.000576884
2.72392e-09	-0.000575896
2.72401e-09	-0.000574909
2.7241e-09	-0.000573922
2.72419e-09	-0.000572937
2.72429e-09	-0.000571951
2.72438e-09	-0.000570967
2.72447e-09	-0.000569983
2.72456e-09	-0.000568999
2.72466e-09	-0.000568017
2.72475e-09	-0.000567034
2.72484e-09	-0.000566053
2.72493e-09	-0.000565072
2.72503e-09	-0.000564092
2.72512e-09	-0.000563112
2.72521e-09	-0.000562133
2.7253e-09	-0.000561155
2.72539e-09	-0.000560177
2.72549e-09	-0.0005592
2.72558e-09	-0.000558224
2.72567e-09	-0.000557248
2.72576e-09	-0.000556273
2.72586e-09	-0.000555298
2.72595e-09	-0.000554324
2.72604e-09	-0.000553351
2.72613e-09	-0.000552379
2.72623e-09	-0.000551407
2.72632e-09	-0.000550435
2.72641e-09	-0.000549465
2.7265e-09	-0.000548495
2.7266e-09	-0.000547525
2.72669e-09	-0.000546557
2.72678e-09	-0.000545589
2.72687e-09	-0.000544621
2.72697e-09	-0.000543655
2.72706e-09	-0.000542688
2.72715e-09	-0.000541723
2.72724e-09	-0.000540758
2.72734e-09	-0.000539794
2.72743e-09	-0.000538831
2.72752e-09	-0.000537868
2.72761e-09	-0.000536906
2.7277e-09	-0.000535944
2.7278e-09	-0.000534984
2.72789e-09	-0.000534024
2.72798e-09	-0.000533064
2.72807e-09	-0.000532105
2.72817e-09	-0.000531147
2.72826e-09	-0.00053019
2.72835e-09	-0.000529233
2.72844e-09	-0.000528277
2.72854e-09	-0.000527321
2.72863e-09	-0.000526367
2.72872e-09	-0.000525413
2.72881e-09	-0.000524459
2.72891e-09	-0.000523506
2.729e-09	-0.000522554
2.72909e-09	-0.000521603
2.72918e-09	-0.000520652
2.72928e-09	-0.000519702
2.72937e-09	-0.000518753
2.72946e-09	-0.000517804
2.72955e-09	-0.000516856
2.72965e-09	-0.000515909
2.72974e-09	-0.000514963
2.72983e-09	-0.000514017
2.72992e-09	-0.000513071
2.73001e-09	-0.000512127
2.73011e-09	-0.000511183
2.7302e-09	-0.00051024
2.73029e-09	-0.000509297
2.73038e-09	-0.000508356
2.73048e-09	-0.000507415
2.73057e-09	-0.000506474
2.73066e-09	-0.000505535
2.73075e-09	-0.000504596
2.73085e-09	-0.000503657
2.73094e-09	-0.00050272
2.73103e-09	-0.000501783
2.73112e-09	-0.000500847
2.73122e-09	-0.000499911
2.73131e-09	-0.000498977
2.7314e-09	-0.000498043
2.73149e-09	-0.000497109
2.73159e-09	-0.000496177
2.73168e-09	-0.000495245
2.73177e-09	-0.000494313
2.73186e-09	-0.000493383
2.73196e-09	-0.000492453
2.73205e-09	-0.000491524
2.73214e-09	-0.000490596
2.73223e-09	-0.000489668
2.73232e-09	-0.000488741
2.73242e-09	-0.000487815
2.73251e-09	-0.000486889
2.7326e-09	-0.000485964
2.73269e-09	-0.00048504
2.73279e-09	-0.000484117
2.73288e-09	-0.000483194
2.73297e-09	-0.000482272
2.73306e-09	-0.000481351
2.73316e-09	-0.000480431
2.73325e-09	-0.000479511
2.73334e-09	-0.000478592
2.73343e-09	-0.000477674
2.73353e-09	-0.000476756
2.73362e-09	-0.000475839
2.73371e-09	-0.000474923
2.7338e-09	-0.000474008
2.7339e-09	-0.000473093
2.73399e-09	-0.000472179
2.73408e-09	-0.000471266
2.73417e-09	-0.000470353
2.73427e-09	-0.000469441
2.73436e-09	-0.00046853
2.73445e-09	-0.00046762
2.73454e-09	-0.000466711
2.73464e-09	-0.000465802
2.73473e-09	-0.000464894
2.73482e-09	-0.000463986
2.73491e-09	-0.00046308
2.735e-09	-0.000462174
2.7351e-09	-0.000461269
2.73519e-09	-0.000460364
2.73528e-09	-0.000459461
2.73537e-09	-0.000458558
2.73547e-09	-0.000457655
2.73556e-09	-0.000456754
2.73565e-09	-0.000455853
2.73574e-09	-0.000454953
2.73584e-09	-0.000454054
2.73593e-09	-0.000453156
2.73602e-09	-0.000452258
2.73611e-09	-0.000451361
2.73621e-09	-0.000450465
2.7363e-09	-0.000449569
2.73639e-09	-0.000448675
2.73648e-09	-0.000447781
2.73658e-09	-0.000446887
2.73667e-09	-0.000445995
2.73676e-09	-0.000445103
2.73685e-09	-0.000444212
2.73695e-09	-0.000443322
2.73704e-09	-0.000442433
2.73713e-09	-0.000441544
2.73722e-09	-0.000440656
2.73731e-09	-0.000439769
2.73741e-09	-0.000438883
2.7375e-09	-0.000437997
2.73759e-09	-0.000437112
2.73768e-09	-0.000436228
2.73778e-09	-0.000435344
2.73787e-09	-0.000434462
2.73796e-09	-0.00043358
2.73805e-09	-0.000432699
2.73815e-09	-0.000431819
2.73824e-09	-0.000430939
2.73833e-09	-0.00043006
2.73842e-09	-0.000429182
2.73852e-09	-0.000428305
2.73861e-09	-0.000427429
2.7387e-09	-0.000426553
2.73879e-09	-0.000425678
2.73889e-09	-0.000424804
2.73898e-09	-0.00042393
2.73907e-09	-0.000423058
2.73916e-09	-0.000422186
2.73926e-09	-0.000421315
2.73935e-09	-0.000420444
2.73944e-09	-0.000419575
2.73953e-09	-0.000418706
2.73962e-09	-0.000417838
2.73972e-09	-0.000416971
2.73981e-09	-0.000416104
2.7399e-09	-0.000415239
2.73999e-09	-0.000414374
2.74009e-09	-0.00041351
2.74018e-09	-0.000412646
2.74027e-09	-0.000411784
2.74036e-09	-0.000410922
2.74046e-09	-0.000410061
2.74055e-09	-0.000409201
2.74064e-09	-0.000408341
2.74073e-09	-0.000407482
2.74083e-09	-0.000406625
2.74092e-09	-0.000405767
2.74101e-09	-0.000404911
2.7411e-09	-0.000404056
2.7412e-09	-0.000403201
2.74129e-09	-0.000402347
2.74138e-09	-0.000401494
2.74147e-09	-0.000400641
2.74157e-09	-0.00039979
2.74166e-09	-0.000398939
2.74175e-09	-0.000398089
2.74184e-09	-0.00039724
2.74193e-09	-0.000396391
2.74203e-09	-0.000395544
2.74212e-09	-0.000394697
2.74221e-09	-0.000393851
2.7423e-09	-0.000393005
2.7424e-09	-0.000392161
2.74249e-09	-0.000391317
2.74258e-09	-0.000390474
2.74267e-09	-0.000389632
2.74277e-09	-0.000388791
2.74286e-09	-0.00038795
2.74295e-09	-0.00038711
2.74304e-09	-0.000386271
2.74314e-09	-0.000385433
2.74323e-09	-0.000384596
2.74332e-09	-0.000383759
2.74341e-09	-0.000382924
2.74351e-09	-0.000382089
2.7436e-09	-0.000381255
2.74369e-09	-0.000380421
2.74378e-09	-0.000379589
2.74388e-09	-0.000378757
2.74397e-09	-0.000377926
2.74406e-09	-0.000377096
2.74415e-09	-0.000376266
2.74425e-09	-0.000375438
2.74434e-09	-0.00037461
2.74443e-09	-0.000373783
2.74452e-09	-0.000372957
2.74461e-09	-0.000372132
2.74471e-09	-0.000371307
2.7448e-09	-0.000370483
2.74489e-09	-0.00036966
2.74498e-09	-0.000368838
2.74508e-09	-0.000368017
2.74517e-09	-0.000367197
2.74526e-09	-0.000366377
2.74535e-09	-0.000365558
2.74545e-09	-0.00036474
2.74554e-09	-0.000363923
2.74563e-09	-0.000363106
2.74572e-09	-0.00036229
2.74582e-09	-0.000361476
2.74591e-09	-0.000360662
2.746e-09	-0.000359848
2.74609e-09	-0.000359036
2.74619e-09	-0.000358224
2.74628e-09	-0.000357413
2.74637e-09	-0.000356604
2.74646e-09	-0.000355794
2.74656e-09	-0.000354986
2.74665e-09	-0.000354178
2.74674e-09	-0.000353372
2.74683e-09	-0.000352566
2.74692e-09	-0.000351761
2.74702e-09	-0.000350956
2.74711e-09	-0.000350153
2.7472e-09	-0.00034935
2.74729e-09	-0.000348548
2.74739e-09	-0.000347747
2.74748e-09	-0.000346947
2.74757e-09	-0.000346148
2.74766e-09	-0.000345349
2.74776e-09	-0.000344551
2.74785e-09	-0.000343755
2.74794e-09	-0.000342958
2.74803e-09	-0.000342163
2.74813e-09	-0.000341369
2.74822e-09	-0.000340575
2.74831e-09	-0.000339782
2.7484e-09	-0.00033899
2.7485e-09	-0.000338199
2.74859e-09	-0.000337409
2.74868e-09	-0.000336619
2.74877e-09	-0.00033583
2.74887e-09	-0.000335042
2.74896e-09	-0.000334255
2.74905e-09	-0.000333469
2.74914e-09	-0.000332684
2.74923e-09	-0.000331899
2.74933e-09	-0.000331115
2.74942e-09	-0.000330332
2.74951e-09	-0.00032955
2.7496e-09	-0.000328769
2.7497e-09	-0.000327988
2.74979e-09	-0.000327209
2.74988e-09	-0.00032643
2.74997e-09	-0.000325652
2.75007e-09	-0.000324874
2.75016e-09	-0.000324098
2.75025e-09	-0.000323323
2.75034e-09	-0.000322548
2.75044e-09	-0.000321774
2.75053e-09	-0.000321001
2.75062e-09	-0.000320229
2.75071e-09	-0.000319457
2.75081e-09	-0.000318687
2.7509e-09	-0.000317917
2.75099e-09	-0.000317148
2.75108e-09	-0.00031638
2.75118e-09	-0.000315613
2.75127e-09	-0.000314846
2.75136e-09	-0.000314081
2.75145e-09	-0.000313316
2.75154e-09	-0.000312552
2.75164e-09	-0.000311789
2.75173e-09	-0.000311027
2.75182e-09	-0.000310265
2.75191e-09	-0.000309504
2.75201e-09	-0.000308745
2.7521e-09	-0.000307986
2.75219e-09	-0.000307228
2.75228e-09	-0.00030647
2.75238e-09	-0.000305714
2.75247e-09	-0.000304958
2.75256e-09	-0.000304203
2.75265e-09	-0.00030345
2.75275e-09	-0.000302696
2.75284e-09	-0.000301944
2.75293e-09	-0.000301193
2.75302e-09	-0.000300442
2.75312e-09	-0.000299692
2.75321e-09	-0.000298943
2.7533e-09	-0.000298195
2.75339e-09	-0.000297448
2.75349e-09	-0.000296701
2.75358e-09	-0.000295956
2.75367e-09	-0.000295211
2.75376e-09	-0.000294467
2.75385e-09	-0.000293724
2.75395e-09	-0.000292982
2.75404e-09	-0.00029224
2.75413e-09	-0.0002915
2.75422e-09	-0.00029076
2.75432e-09	-0.000290021
2.75441e-09	-0.000289283
2.7545e-09	-0.000288546
2.75459e-09	-0.000287809
2.75469e-09	-0.000287074
2.75478e-09	-0.000286339
2.75487e-09	-0.000285605
2.75496e-09	-0.000284872
2.75506e-09	-0.00028414
2.75515e-09	-0.000283408
2.75524e-09	-0.000282678
2.75533e-09	-0.000281948
2.75543e-09	-0.000281219
2.75552e-09	-0.000280491
2.75561e-09	-0.000279764
2.7557e-09	-0.000279038
2.7558e-09	-0.000278312
2.75589e-09	-0.000277588
2.75598e-09	-0.000276864
2.75607e-09	-0.000276141
2.75617e-09	-0.000275419
2.75626e-09	-0.000274697
2.75635e-09	-0.000273977
2.75644e-09	-0.000273257
2.75653e-09	-0.000272538
2.75663e-09	-0.00027182
2.75672e-09	-0.000271103
2.75681e-09	-0.000270387
2.7569e-09	-0.000269672
2.757e-09	-0.000268957
2.75709e-09	-0.000268243
2.75718e-09	-0.00026753
2.75727e-09	-0.000266818
2.75737e-09	-0.000266107
2.75746e-09	-0.000265397
2.75755e-09	-0.000264687
2.75764e-09	-0.000263978
2.75774e-09	-0.000263271
2.75783e-09	-0.000262564
2.75792e-09	-0.000261857
2.75801e-09	-0.000261152
2.75811e-09	-0.000260448
2.7582e-09	-0.000259744
2.75829e-09	-0.000259041
2.75838e-09	-0.000258339
2.75848e-09	-0.000257638
2.75857e-09	-0.000256938
2.75866e-09	-0.000256238
2.75875e-09	-0.00025554
2.75884e-09	-0.000254842
2.75894e-09	-0.000254145
2.75903e-09	-0.000253449
2.75912e-09	-0.000252754
2.75921e-09	-0.000252059
2.75931e-09	-0.000251366
2.7594e-09	-0.000250673
2.75949e-09	-0.000249981
2.75958e-09	-0.00024929
2.75968e-09	-0.0002486
2.75977e-09	-0.000247911
2.75986e-09	-0.000247222
2.75995e-09	-0.000246535
2.76005e-09	-0.000245848
2.76014e-09	-0.000245162
2.76023e-09	-0.000244477
2.76032e-09	-0.000243792
2.76042e-09	-0.000243109
2.76051e-09	-0.000242426
2.7606e-09	-0.000241745
2.76069e-09	-0.000241064
2.76079e-09	-0.000240384
2.76088e-09	-0.000239704
2.76097e-09	-0.000239026
2.76106e-09	-0.000238349
2.76115e-09	-0.000237672
2.76125e-09	-0.000236996
2.76134e-09	-0.000236321
2.76143e-09	-0.000235647
2.76152e-09	-0.000234973
2.76162e-09	-0.000234301
2.76171e-09	-0.000233629
2.7618e-09	-0.000232959
2.76189e-09	-0.000232289
2.76199e-09	-0.00023162
2.76208e-09	-0.000230951
2.76217e-09	-0.000230284
2.76226e-09	-0.000229617
2.76236e-09	-0.000228952
2.76245e-09	-0.000228287
2.76254e-09	-0.000227623
2.76263e-09	-0.000226959
2.76273e-09	-0.000226297
2.76282e-09	-0.000225636
2.76291e-09	-0.000224975
2.763e-09	-0.000224315
2.7631e-09	-0.000223656
2.76319e-09	-0.000222998
2.76328e-09	-0.000222341
2.76337e-09	-0.000221684
2.76346e-09	-0.000221028
2.76356e-09	-0.000220374
2.76365e-09	-0.00021972
2.76374e-09	-0.000219067
2.76383e-09	-0.000218414
2.76393e-09	-0.000217763
2.76402e-09	-0.000217112
2.76411e-09	-0.000216463
2.7642e-09	-0.000215814
2.7643e-09	-0.000215166
2.76439e-09	-0.000214518
2.76448e-09	-0.000213872
2.76457e-09	-0.000213227
2.76467e-09	-0.000212582
2.76476e-09	-0.000211938
2.76485e-09	-0.000211295
2.76494e-09	-0.000210653
2.76504e-09	-0.000210012
2.76513e-09	-0.000209371
2.76522e-09	-0.000208731
2.76531e-09	-0.000208093
2.76541e-09	-0.000207455
2.7655e-09	-0.000206818
2.76559e-09	-0.000206181
2.76568e-09	-0.000205546
2.76578e-09	-0.000204911
2.76587e-09	-0.000204278
2.76596e-09	-0.000203645
2.76605e-09	-0.000203013
2.76614e-09	-0.000202381
2.76624e-09	-0.000201751
2.76633e-09	-0.000201121
2.76642e-09	-0.000200493
2.76651e-09	-0.000199865
2.76661e-09	-0.000199238
2.7667e-09	-0.000198611
2.76679e-09	-0.000197986
2.76688e-09	-0.000197362
2.76698e-09	-0.000196738
2.76707e-09	-0.000196115
2.76716e-09	-0.000195493
2.76725e-09	-0.000194872
2.76735e-09	-0.000194252
2.76744e-09	-0.000193632
2.76753e-09	-0.000193013
2.76762e-09	-0.000192396
2.76772e-09	-0.000191779
2.76781e-09	-0.000191162
2.7679e-09	-0.000190547
2.76799e-09	-0.000189933
2.76809e-09	-0.000189319
2.76818e-09	-0.000188706
2.76827e-09	-0.000188094
2.76836e-09	-0.000187483
2.76845e-09	-0.000186873
2.76855e-09	-0.000186263
2.76864e-09	-0.000185655
2.76873e-09	-0.000185047
2.76882e-09	-0.00018444
2.76892e-09	-0.000183834
2.76901e-09	-0.000183229
2.7691e-09	-0.000182624
2.76919e-09	-0.000182021
2.76929e-09	-0.000181418
2.76938e-09	-0.000180816
2.76947e-09	-0.000180215
2.76956e-09	-0.000179614
2.76966e-09	-0.000179015
2.76975e-09	-0.000178416
2.76984e-09	-0.000177819
2.76993e-09	-0.000177222
2.77003e-09	-0.000176626
2.77012e-09	-0.00017603
2.77021e-09	-0.000175436
2.7703e-09	-0.000174842
2.7704e-09	-0.00017425
2.77049e-09	-0.000173658
2.77058e-09	-0.000173066
2.77067e-09	-0.000172476
2.77076e-09	-0.000171887
2.77086e-09	-0.000171298
2.77095e-09	-0.00017071
2.77104e-09	-0.000170123
2.77113e-09	-0.000169537
2.77123e-09	-0.000168952
2.77132e-09	-0.000168368
2.77141e-09	-0.000167784
2.7715e-09	-0.000167201
2.7716e-09	-0.000166619
2.77169e-09	-0.000166038
2.77178e-09	-0.000165458
2.77187e-09	-0.000164878
2.77197e-09	-0.0001643
2.77206e-09	-0.000163722
2.77215e-09	-0.000163145
2.77224e-09	-0.000162568
2.77234e-09	-0.000161993
2.77243e-09	-0.000161419
2.77252e-09	-0.000160845
2.77261e-09	-0.000160272
2.77271e-09	-0.0001597
2.7728e-09	-0.000159129
2.77289e-09	-0.000158558
2.77298e-09	-0.000157989
2.77307e-09	-0.00015742
2.77317e-09	-0.000156852
2.77326e-09	-0.000156285
2.77335e-09	-0.000155719
2.77344e-09	-0.000155153
2.77354e-09	-0.000154589
2.77363e-09	-0.000154025
2.77372e-09	-0.000153462
2.77381e-09	-0.0001529
2.77391e-09	-0.000152339
2.774e-09	-0.000151778
2.77409e-09	-0.000151218
2.77418e-09	-0.00015066
2.77428e-09	-0.000150102
2.77437e-09	-0.000149544
2.77446e-09	-0.000148988
2.77455e-09	-0.000148432
2.77465e-09	-0.000147878
2.77474e-09	-0.000147324
2.77483e-09	-0.000146771
2.77492e-09	-0.000146218
2.77502e-09	-0.000145667
2.77511e-09	-0.000145116
2.7752e-09	-0.000144566
2.77529e-09	-0.000144017
2.77538e-09	-0.000143469
2.77548e-09	-0.000142922
2.77557e-09	-0.000142375
2.77566e-09	-0.00014183
2.77575e-09	-0.000141285
2.77585e-09	-0.000140741
2.77594e-09	-0.000140197
2.77603e-09	-0.000139655
2.77612e-09	-0.000139113
2.77622e-09	-0.000138572
2.77631e-09	-0.000138032
2.7764e-09	-0.000137493
2.77649e-09	-0.000136955
2.77659e-09	-0.000136417
2.77668e-09	-0.000135881
2.77677e-09	-0.000135345
2.77686e-09	-0.000134809
2.77696e-09	-0.000134275
2.77705e-09	-0.000133742
2.77714e-09	-0.000133209
2.77723e-09	-0.000132677
2.77733e-09	-0.000132146
2.77742e-09	-0.000131616
2.77751e-09	-0.000131086
2.7776e-09	-0.000130558
2.7777e-09	-0.00013003
2.77779e-09	-0.000129503
2.77788e-09	-0.000128977
2.77797e-09	-0.000128451
2.77806e-09	-0.000127927
2.77816e-09	-0.000127403
2.77825e-09	-0.00012688
2.77834e-09	-0.000126358
2.77843e-09	-0.000125837
2.77853e-09	-0.000125316
2.77862e-09	-0.000124796
2.77871e-09	-0.000124277
2.7788e-09	-0.000123759
2.7789e-09	-0.000123242
2.77899e-09	-0.000122725
2.77908e-09	-0.00012221
2.77917e-09	-0.000121695
2.77927e-09	-0.000121181
2.77936e-09	-0.000120668
2.77945e-09	-0.000120155
2.77954e-09	-0.000119643
2.77964e-09	-0.000119133
2.77973e-09	-0.000118623
2.77982e-09	-0.000118113
2.77991e-09	-0.000117605
2.78001e-09	-0.000117097
2.7801e-09	-0.00011659
2.78019e-09	-0.000116084
2.78028e-09	-0.000115579
2.78037e-09	-0.000115075
2.78047e-09	-0.000114571
2.78056e-09	-0.000114068
2.78065e-09	-0.000113566
2.78074e-09	-0.000113065
2.78084e-09	-0.000112564
2.78093e-09	-0.000112065
2.78102e-09	-0.000111566
2.78111e-09	-0.000111068
2.78121e-09	-0.000110571
2.7813e-09	-0.000110074
2.78139e-09	-0.000109578
2.78148e-09	-0.000109084
2.78158e-09	-0.000108589
2.78167e-09	-0.000108096
2.78176e-09	-0.000107604
2.78185e-09	-0.000107112
2.78195e-09	-0.000106621
2.78204e-09	-0.000106131
2.78213e-09	-0.000105642
2.78222e-09	-0.000105153
2.78232e-09	-0.000104666
2.78241e-09	-0.000104179
2.7825e-09	-0.000103692
2.78259e-09	-0.000103207
2.78268e-09	-0.000102723
2.78278e-09	-0.000102239
2.78287e-09	-0.000101756
2.78296e-09	-0.000101274
2.78305e-09	-0.000100792
2.78315e-09	-0.000100312
2.78324e-09	-9.98319e-05
2.78333e-09	-9.93528e-05
2.78342e-09	-9.88746e-05
2.78352e-09	-9.83972e-05
2.78361e-09	-9.79205e-05
2.7837e-09	-9.74446e-05
2.78379e-09	-9.69695e-05
2.78389e-09	-9.64952e-05
2.78398e-09	-9.60217e-05
2.78407e-09	-9.5549e-05
2.78416e-09	-9.5077e-05
2.78426e-09	-9.46059e-05
2.78435e-09	-9.41355e-05
2.78444e-09	-9.36659e-05
2.78453e-09	-9.31971e-05
2.78463e-09	-9.2729e-05
2.78472e-09	-9.22618e-05
2.78481e-09	-9.17953e-05
2.7849e-09	-9.13296e-05
2.78499e-09	-9.08647e-05
2.78509e-09	-9.04006e-05
2.78518e-09	-8.99372e-05
2.78527e-09	-8.94747e-05
2.78536e-09	-8.90129e-05
2.78546e-09	-8.85519e-05
2.78555e-09	-8.80916e-05
2.78564e-09	-8.76322e-05
2.78573e-09	-8.71735e-05
2.78583e-09	-8.67156e-05
2.78592e-09	-8.62584e-05
2.78601e-09	-8.58021e-05
2.7861e-09	-8.53465e-05
2.7862e-09	-8.48917e-05
2.78629e-09	-8.44377e-05
2.78638e-09	-8.39844e-05
2.78647e-09	-8.3532e-05
2.78657e-09	-8.30803e-05
2.78666e-09	-8.26293e-05
2.78675e-09	-8.21792e-05
2.78684e-09	-8.17298e-05
2.78694e-09	-8.12811e-05
2.78703e-09	-8.08333e-05
2.78712e-09	-8.03862e-05
2.78721e-09	-7.99399e-05
2.78731e-09	-7.94944e-05
2.7874e-09	-7.90496e-05
2.78749e-09	-7.86056e-05
2.78758e-09	-7.81624e-05
2.78767e-09	-7.77199e-05
2.78777e-09	-7.72782e-05
2.78786e-09	-7.68373e-05
2.78795e-09	-7.63971e-05
2.78804e-09	-7.59577e-05
2.78814e-09	-7.5519e-05
2.78823e-09	-7.50812e-05
2.78832e-09	-7.46441e-05
2.78841e-09	-7.42077e-05
2.78851e-09	-7.37721e-05
2.7886e-09	-7.33373e-05
2.78869e-09	-7.29033e-05
2.78878e-09	-7.247e-05
2.78888e-09	-7.20374e-05
2.78897e-09	-7.16057e-05
2.78906e-09	-7.11747e-05
2.78915e-09	-7.07444e-05
2.78925e-09	-7.03149e-05
2.78934e-09	-6.98862e-05
2.78943e-09	-6.94582e-05
2.78952e-09	-6.9031e-05
2.78962e-09	-6.86045e-05
2.78971e-09	-6.81788e-05
2.7898e-09	-6.77539e-05
2.78989e-09	-6.73297e-05
2.78998e-09	-6.69062e-05
2.79008e-09	-6.64836e-05
2.79017e-09	-6.60616e-05
2.79026e-09	-6.56405e-05
2.79035e-09	-6.522e-05
2.79045e-09	-6.48004e-05
2.79054e-09	-6.43815e-05
2.79063e-09	-6.39633e-05
2.79072e-09	-6.35459e-05
2.79082e-09	-6.31292e-05
2.79091e-09	-6.27133e-05
2.791e-09	-6.22982e-05
2.79109e-09	-6.18838e-05
2.79119e-09	-6.14701e-05
2.79128e-09	-6.10572e-05
2.79137e-09	-6.0645e-05
2.79146e-09	-6.02336e-05
2.79156e-09	-5.98229e-05
2.79165e-09	-5.9413e-05
2.79174e-09	-5.90038e-05
2.79183e-09	-5.85954e-05
2.79193e-09	-5.81877e-05
2.79202e-09	-5.77808e-05
2.79211e-09	-5.73746e-05
2.7922e-09	-5.69691e-05
2.79229e-09	-5.65644e-05
2.79239e-09	-5.61604e-05
2.79248e-09	-5.57572e-05
2.79257e-09	-5.53547e-05
2.79266e-09	-5.49529e-05
2.79276e-09	-5.45519e-05
2.79285e-09	-5.41517e-05
2.79294e-09	-5.37521e-05
2.79303e-09	-5.33533e-05
2.79313e-09	-5.29553e-05
2.79322e-09	-5.2558e-05
2.79331e-09	-5.21614e-05
2.7934e-09	-5.17656e-05
2.7935e-09	-5.13705e-05
2.79359e-09	-5.09761e-05
2.79368e-09	-5.05825e-05
2.79377e-09	-5.01896e-05
2.79387e-09	-4.97974e-05
2.79396e-09	-4.9406e-05
2.79405e-09	-4.90153e-05
2.79414e-09	-4.86253e-05
2.79424e-09	-4.8236e-05
2.79433e-09	-4.78475e-05
2.79442e-09	-4.74598e-05
2.79451e-09	-4.70727e-05
2.7946e-09	-4.66864e-05
2.7947e-09	-4.63008e-05
2.79479e-09	-4.5916e-05
2.79488e-09	-4.55318e-05
2.79497e-09	-4.51484e-05
2.79507e-09	-4.47658e-05
2.79516e-09	-4.43838e-05
2.79525e-09	-4.40026e-05
2.79534e-09	-4.36221e-05
2.79544e-09	-4.32423e-05
2.79553e-09	-4.28633e-05
2.79562e-09	-4.24849e-05
2.79571e-09	-4.21073e-05
2.79581e-09	-4.17305e-05
2.7959e-09	-4.13543e-05
2.79599e-09	-4.09789e-05
2.79608e-09	-4.06041e-05
2.79618e-09	-4.02301e-05
2.79627e-09	-3.98569e-05
2.79636e-09	-3.94843e-05
2.79645e-09	-3.91125e-05
2.79655e-09	-3.87414e-05
2.79664e-09	-3.83709e-05
2.79673e-09	-3.80013e-05
2.79682e-09	-3.76323e-05
2.79692e-09	-3.7264e-05
2.79701e-09	-3.68965e-05
2.7971e-09	-3.65297e-05
2.79719e-09	-3.61636e-05
2.79728e-09	-3.57982e-05
2.79738e-09	-3.54335e-05
2.79747e-09	-3.50695e-05
2.79756e-09	-3.47063e-05
2.79765e-09	-3.43437e-05
2.79775e-09	-3.39819e-05
2.79784e-09	-3.36208e-05
2.79793e-09	-3.32603e-05
2.79802e-09	-3.29006e-05
2.79812e-09	-3.25416e-05
2.79821e-09	-3.21833e-05
2.7983e-09	-3.18258e-05
2.79839e-09	-3.14689e-05
2.79849e-09	-3.11127e-05
2.79858e-09	-3.07572e-05
2.79867e-09	-3.04025e-05
2.79876e-09	-3.00484e-05
2.79886e-09	-2.96951e-05
2.79895e-09	-2.93424e-05
2.79904e-09	-2.89905e-05
2.79913e-09	-2.86392e-05
2.79923e-09	-2.82887e-05
2.79932e-09	-2.79389e-05
2.79941e-09	-2.75897e-05
2.7995e-09	-2.72413e-05
2.79959e-09	-2.68935e-05
2.79969e-09	-2.65465e-05
2.79978e-09	-2.62001e-05
2.79987e-09	-2.58545e-05
2.79996e-09	-2.55095e-05
2.80006e-09	-2.51653e-05
2.80015e-09	-2.48217e-05
2.80024e-09	-2.44789e-05
2.80033e-09	-2.41367e-05
2.80043e-09	-2.37952e-05
2.80052e-09	-2.34545e-05
2.80061e-09	-2.31144e-05
2.8007e-09	-2.2775e-05
2.8008e-09	-2.24363e-05
2.80089e-09	-2.20983e-05
2.80098e-09	-2.17609e-05
2.80107e-09	-2.14243e-05
2.80117e-09	-2.10884e-05
2.80126e-09	-2.07531e-05
2.80135e-09	-2.04185e-05
2.80144e-09	-2.00847e-05
2.80154e-09	-1.97515e-05
2.80163e-09	-1.9419e-05
2.80172e-09	-1.90872e-05
2.80181e-09	-1.8756e-05
2.8019e-09	-1.84256e-05
2.802e-09	-1.80958e-05
2.80209e-09	-1.77667e-05
2.80218e-09	-1.74383e-05
2.80227e-09	-1.71106e-05
2.80237e-09	-1.67836e-05
2.80246e-09	-1.64572e-05
2.80255e-09	-1.61316e-05
2.80264e-09	-1.58066e-05
2.80274e-09	-1.54823e-05
2.80283e-09	-1.51586e-05
2.80292e-09	-1.48357e-05
2.80301e-09	-1.45134e-05
2.80311e-09	-1.41918e-05
2.8032e-09	-1.38709e-05
2.80329e-09	-1.35506e-05
2.80338e-09	-1.3231e-05
2.80348e-09	-1.29121e-05
2.80357e-09	-1.25939e-05
2.80366e-09	-1.22763e-05
2.80375e-09	-1.19595e-05
2.80385e-09	-1.16433e-05
2.80394e-09	-1.13277e-05
2.80403e-09	-1.10128e-05
2.80412e-09	-1.06986e-05
2.80421e-09	-1.03851e-05
2.80431e-09	-1.00723e-05
2.8044e-09	-9.76007e-06
2.80449e-09	-9.44855e-06
2.80458e-09	-9.1377e-06
2.80468e-09	-8.82751e-06
2.80477e-09	-8.51798e-06
2.80486e-09	-8.20913e-06
2.80495e-09	-7.90093e-06
2.80505e-09	-7.5934e-06
2.80514e-09	-7.28654e-06
2.80523e-09	-6.98034e-06
2.80532e-09	-6.6748e-06
2.80542e-09	-6.36992e-06
2.80551e-09	-6.0657e-06
2.8056e-09	-5.76214e-06
2.80569e-09	-5.45924e-06
2.80579e-09	-5.15701e-06
2.80588e-09	-4.85543e-06
2.80597e-09	-4.5545e-06
2.80606e-09	-4.25424e-06
2.80616e-09	-3.95463e-06
2.80625e-09	-3.65568e-06
2.80634e-09	-3.35738e-06
2.80643e-09	-3.05974e-06
2.80652e-09	-2.76275e-06
2.80662e-09	-2.46642e-06
2.80671e-09	-2.17074e-06
2.8068e-09	-1.87571e-06
2.80689e-09	-1.58133e-06
2.80699e-09	-1.28761e-06
2.80708e-09	-9.9453e-07
2.80717e-09	-7.02104e-07
2.80726e-09	-4.10328e-07
2.80736e-09	-1.192e-07
2.80745e-09	1.7128e-07
2.80754e-09	4.61113e-07
2.80763e-09	7.50299e-07
2.80773e-09	1.03884e-06
2.80782e-09	1.32673e-06
2.80791e-09	1.61398e-06
2.808e-09	1.90059e-06
2.8081e-09	2.18655e-06
2.80819e-09	2.47187e-06
2.80828e-09	2.75655e-06
2.80837e-09	3.04058e-06
2.80847e-09	3.32397e-06
2.80856e-09	3.60673e-06
2.80865e-09	3.88884e-06
2.80874e-09	4.17032e-06
2.80884e-09	4.45115e-06
2.80893e-09	4.73135e-06
2.80902e-09	5.01091e-06
2.80911e-09	5.28983e-06
2.8092e-09	5.56812e-06
2.8093e-09	5.84578e-06
2.80939e-09	6.12279e-06
2.80948e-09	6.39918e-06
2.80957e-09	6.67493e-06
2.80967e-09	6.95005e-06
2.80976e-09	7.22453e-06
2.80985e-09	7.49839e-06
2.80994e-09	7.77161e-06
2.81004e-09	8.0442e-06
2.81013e-09	8.31617e-06
2.81022e-09	8.5875e-06
2.81031e-09	8.85821e-06
2.81041e-09	9.12828e-06
2.8105e-09	9.39774e-06
2.81059e-09	9.66656e-06
2.81068e-09	9.93476e-06
2.81078e-09	1.02023e-05
2.81087e-09	1.04693e-05
2.81096e-09	1.07356e-05
2.81105e-09	1.10013e-05
2.81115e-09	1.12664e-05
2.81124e-09	1.15308e-05
2.81133e-09	1.17947e-05
2.81142e-09	1.20579e-05
2.81151e-09	1.23205e-05
2.81161e-09	1.25825e-05
2.8117e-09	1.28438e-05
2.81179e-09	1.31046e-05
2.81188e-09	1.33647e-05
2.81198e-09	1.36242e-05
2.81207e-09	1.38831e-05
2.81216e-09	1.41414e-05
2.81225e-09	1.4399e-05
2.81235e-09	1.46561e-05
2.81244e-09	1.49125e-05
2.81253e-09	1.51683e-05
2.81262e-09	1.54235e-05
2.81272e-09	1.56781e-05
2.81281e-09	1.59321e-05
2.8129e-09	1.61855e-05
2.81299e-09	1.64382e-05
2.81309e-09	1.66904e-05
2.81318e-09	1.69419e-05
2.81327e-09	1.71929e-05
2.81336e-09	1.74432e-05
2.81346e-09	1.76929e-05
2.81355e-09	1.7942e-05
2.81364e-09	1.81905e-05
2.81373e-09	1.84384e-05
2.81382e-09	1.86857e-05
2.81392e-09	1.89324e-05
2.81401e-09	1.91785e-05
2.8141e-09	1.9424e-05
2.81419e-09	1.96689e-05
2.81429e-09	1.99132e-05
2.81438e-09	2.01569e-05
2.81447e-09	2.04e-05
2.81456e-09	2.06425e-05
2.81466e-09	2.08844e-05
2.81475e-09	2.11257e-05
2.81484e-09	2.13664e-05
2.81493e-09	2.16065e-05
2.81503e-09	2.1846e-05
2.81512e-09	2.2085e-05
2.81521e-09	2.23233e-05
2.8153e-09	2.2561e-05
2.8154e-09	2.27981e-05
2.81549e-09	2.30347e-05
2.81558e-09	2.32706e-05
2.81567e-09	2.3506e-05
2.81577e-09	2.37408e-05
2.81586e-09	2.3975e-05
2.81595e-09	2.42086e-05
2.81604e-09	2.44416e-05
2.81613e-09	2.4674e-05
2.81623e-09	2.49058e-05
2.81632e-09	2.51371e-05
2.81641e-09	2.53677e-05
2.8165e-09	2.55978e-05
2.8166e-09	2.58273e-05
2.81669e-09	2.60562e-05
2.81678e-09	2.62845e-05
2.81687e-09	2.65123e-05
2.81697e-09	2.67394e-05
2.81706e-09	2.6966e-05
2.81715e-09	2.7192e-05
2.81724e-09	2.74174e-05
2.81734e-09	2.76423e-05
2.81743e-09	2.78665e-05
2.81752e-09	2.80902e-05
2.81761e-09	2.83133e-05
2.81771e-09	2.85358e-05
2.8178e-09	2.87578e-05
2.81789e-09	2.89792e-05
2.81798e-09	2.92e-05
2.81808e-09	2.94202e-05
2.81817e-09	2.96399e-05
2.81826e-09	2.98589e-05
2.81835e-09	3.00775e-05
2.81845e-09	3.02954e-05
2.81854e-09	3.05128e-05
2.81863e-09	3.07296e-05
2.81872e-09	3.09458e-05
2.81881e-09	3.11615e-05
2.81891e-09	3.13766e-05
2.819e-09	3.15911e-05
2.81909e-09	3.18051e-05
2.81918e-09	3.20185e-05
2.81928e-09	3.22313e-05
2.81937e-09	3.24435e-05
2.81946e-09	3.26553e-05
2.81955e-09	3.28664e-05
2.81965e-09	3.3077e-05
2.81974e-09	3.3287e-05
2.81983e-09	3.34964e-05
2.81992e-09	3.37053e-05
2.82002e-09	3.39137e-05
2.82011e-09	3.41214e-05
2.8202e-09	3.43287e-05
2.82029e-09	3.45353e-05
2.82039e-09	3.47414e-05
2.82048e-09	3.4947e-05
2.82057e-09	3.51519e-05
2.82066e-09	3.53564e-05
2.82076e-09	3.55603e-05
2.82085e-09	3.57636e-05
2.82094e-09	3.59664e-05
2.82103e-09	3.61686e-05
2.82112e-09	3.63702e-05
2.82122e-09	3.65714e-05
2.82131e-09	3.67719e-05
2.8214e-09	3.69719e-05
2.82149e-09	3.71714e-05
2.82159e-09	3.73703e-05
2.82168e-09	3.75687e-05
2.82177e-09	3.77665e-05
2.82186e-09	3.79638e-05
2.82196e-09	3.81605e-05
2.82205e-09	3.83567e-05
2.82214e-09	3.85523e-05
2.82223e-09	3.87474e-05
2.82233e-09	3.8942e-05
2.82242e-09	3.9136e-05
2.82251e-09	3.93295e-05
2.8226e-09	3.95224e-05
2.8227e-09	3.97148e-05
2.82279e-09	3.99066e-05
2.82288e-09	4.00979e-05
2.82297e-09	4.02887e-05
2.82307e-09	4.04789e-05
2.82316e-09	4.06686e-05
2.82325e-09	4.08578e-05
2.82334e-09	4.10464e-05
2.82343e-09	4.12345e-05
2.82353e-09	4.1422e-05
2.82362e-09	4.1609e-05
2.82371e-09	4.17955e-05
2.8238e-09	4.19814e-05
2.8239e-09	4.21669e-05
2.82399e-09	4.23517e-05
2.82408e-09	4.25361e-05
2.82417e-09	4.27199e-05
2.82427e-09	4.29032e-05
2.82436e-09	4.3086e-05
2.82445e-09	4.32682e-05
2.82454e-09	4.34499e-05
2.82464e-09	4.36311e-05
2.82473e-09	4.38118e-05
2.82482e-09	4.39919e-05
2.82491e-09	4.41715e-05
2.82501e-09	4.43506e-05
2.8251e-09	4.45292e-05
2.82519e-09	4.47072e-05
2.82528e-09	4.48847e-05
2.82538e-09	4.50617e-05
2.82547e-09	4.52382e-05
2.82556e-09	4.54141e-05
2.82565e-09	4.55896e-05
2.82574e-09	4.57645e-05
2.82584e-09	4.59389e-05
2.82593e-09	4.61128e-05
2.82602e-09	4.62861e-05
2.82611e-09	4.6459e-05
2.82621e-09	4.66313e-05
2.8263e-09	4.68031e-05
2.82639e-09	4.69744e-05
2.82648e-09	4.71452e-05
2.82658e-09	4.73155e-05
2.82667e-09	4.74852e-05
2.82676e-09	4.76545e-05
2.82685e-09	4.78232e-05
2.82695e-09	4.79915e-05
2.82704e-09	4.81592e-05
2.82713e-09	4.83264e-05
2.82722e-09	4.84931e-05
2.82732e-09	4.86593e-05
2.82741e-09	4.8825e-05
2.8275e-09	4.89902e-05
2.82759e-09	4.91549e-05
2.82769e-09	4.9319e-05
2.82778e-09	4.94827e-05
2.82787e-09	4.96459e-05
2.82796e-09	4.98085e-05
2.82805e-09	4.99707e-05
2.82815e-09	5.01324e-05
2.82824e-09	5.02935e-05
2.82833e-09	5.04542e-05
2.82842e-09	5.06143e-05
2.82852e-09	5.0774e-05
2.82861e-09	5.09332e-05
2.8287e-09	5.10918e-05
2.82879e-09	5.125e-05
2.82889e-09	5.14077e-05
2.82898e-09	5.15649e-05
2.82907e-09	5.17215e-05
2.82916e-09	5.18777e-05
2.82926e-09	5.20334e-05
2.82935e-09	5.21886e-05
2.82944e-09	5.23433e-05
2.82953e-09	5.24976e-05
2.82963e-09	5.26513e-05
2.82972e-09	5.28045e-05
2.82981e-09	5.29573e-05
2.8299e-09	5.31095e-05
2.83e-09	5.32613e-05
2.83009e-09	5.34126e-05
2.83018e-09	5.35634e-05
2.83027e-09	5.37137e-05
2.83037e-09	5.38635e-05
2.83046e-09	5.40129e-05
2.83055e-09	5.41617e-05
2.83064e-09	5.43101e-05
2.83073e-09	5.4458e-05
2.83083e-09	5.46054e-05
2.83092e-09	5.47523e-05
2.83101e-09	5.48987e-05
2.8311e-09	5.50447e-05
2.8312e-09	5.51902e-05
2.83129e-09	5.53352e-05
2.83138e-09	5.54797e-05
2.83147e-09	5.56238e-05
2.83157e-09	5.57674e-05
2.83166e-09	5.59105e-05
2.83175e-09	5.60531e-05
2.83184e-09	5.61952e-05
2.83194e-09	5.63369e-05
2.83203e-09	5.64781e-05
2.83212e-09	5.66188e-05
2.83221e-09	5.67591e-05
2.83231e-09	5.68989e-05
2.8324e-09	5.70382e-05
2.83249e-09	5.7177e-05
2.83258e-09	5.73154e-05
2.83268e-09	5.74533e-05
2.83277e-09	5.75907e-05
2.83286e-09	5.77277e-05
2.83295e-09	5.78642e-05
2.83304e-09	5.80002e-05
2.83314e-09	5.81358e-05
2.83323e-09	5.82709e-05
2.83332e-09	5.84055e-05
2.83341e-09	5.85397e-05
2.83351e-09	5.86734e-05
2.8336e-09	5.88066e-05
2.83369e-09	5.89394e-05
2.83378e-09	5.90718e-05
2.83388e-09	5.92036e-05
2.83397e-09	5.9335e-05
2.83406e-09	5.9466e-05
2.83415e-09	5.95965e-05
2.83425e-09	5.97265e-05
2.83434e-09	5.98561e-05
2.83443e-09	5.99852e-05
2.83452e-09	6.01138e-05
2.83462e-09	6.0242e-05
2.83471e-09	6.03698e-05
2.8348e-09	6.04971e-05
2.83489e-09	6.06239e-05
2.83499e-09	6.07503e-05
2.83508e-09	6.08763e-05
2.83517e-09	6.10017e-05
2.83526e-09	6.11268e-05
2.83535e-09	6.12514e-05
2.83545e-09	6.13755e-05
2.83554e-09	6.14992e-05
2.83563e-09	6.16224e-05
2.83572e-09	6.17452e-05
2.83582e-09	6.18676e-05
2.83591e-09	6.19895e-05
2.836e-09	6.21109e-05
2.83609e-09	6.22319e-05
2.83619e-09	6.23525e-05
2.83628e-09	6.24726e-05
2.83637e-09	6.25923e-05
2.83646e-09	6.27116e-05
2.83656e-09	6.28304e-05
2.83665e-09	6.29487e-05
2.83674e-09	6.30666e-05
2.83683e-09	6.31841e-05
2.83693e-09	6.33011e-05
2.83702e-09	6.34177e-05
2.83711e-09	6.35339e-05
2.8372e-09	6.36496e-05
2.8373e-09	6.37649e-05
2.83739e-09	6.38798e-05
2.83748e-09	6.39942e-05
2.83757e-09	6.41082e-05
2.83766e-09	6.42217e-05
2.83776e-09	6.43348e-05
2.83785e-09	6.44475e-05
2.83794e-09	6.45598e-05
2.83803e-09	6.46716e-05
2.83813e-09	6.4783e-05
2.83822e-09	6.4894e-05
2.83831e-09	6.50045e-05
2.8384e-09	6.51146e-05
2.8385e-09	6.52243e-05
2.83859e-09	6.53335e-05
2.83868e-09	6.54424e-05
2.83877e-09	6.55508e-05
2.83887e-09	6.56587e-05
2.83896e-09	6.57663e-05
2.83905e-09	6.58734e-05
2.83914e-09	6.59801e-05
2.83924e-09	6.60864e-05
2.83933e-09	6.61922e-05
2.83942e-09	6.62977e-05
2.83951e-09	6.64027e-05
2.83961e-09	6.65073e-05
2.8397e-09	6.66115e-05
2.83979e-09	6.67152e-05
2.83988e-09	6.68186e-05
2.83998e-09	6.69215e-05
2.84007e-09	6.7024e-05
2.84016e-09	6.71261e-05
2.84025e-09	6.72277e-05
2.84034e-09	6.7329e-05
2.84044e-09	6.74298e-05
2.84053e-09	6.75303e-05
2.84062e-09	6.76303e-05
2.84071e-09	6.77299e-05
2.84081e-09	6.78291e-05
2.8409e-09	6.79279e-05
2.84099e-09	6.80262e-05
2.84108e-09	6.81242e-05
2.84118e-09	6.82218e-05
2.84127e-09	6.83189e-05
2.84136e-09	6.84156e-05
2.84145e-09	6.8512e-05
2.84155e-09	6.86079e-05
2.84164e-09	6.87034e-05
2.84173e-09	6.87985e-05
2.84182e-09	6.88932e-05
2.84192e-09	6.89875e-05
2.84201e-09	6.90814e-05
2.8421e-09	6.91749e-05
2.84219e-09	6.9268e-05
2.84229e-09	6.93607e-05
2.84238e-09	6.9453e-05
2.84247e-09	6.95449e-05
2.84256e-09	6.96364e-05
2.84265e-09	6.97275e-05
2.84275e-09	6.98182e-05
2.84284e-09	6.99085e-05
2.84293e-09	6.99984e-05
2.84302e-09	7.00879e-05
2.84312e-09	7.0177e-05
2.84321e-09	7.02657e-05
2.8433e-09	7.03541e-05
2.84339e-09	7.0442e-05
2.84349e-09	7.05295e-05
2.84358e-09	7.06167e-05
2.84367e-09	7.07034e-05
2.84376e-09	7.07898e-05
2.84386e-09	7.08757e-05
2.84395e-09	7.09613e-05
2.84404e-09	7.10465e-05
2.84413e-09	7.11313e-05
2.84423e-09	7.12157e-05
2.84432e-09	7.12997e-05
2.84441e-09	7.13834e-05
2.8445e-09	7.14666e-05
2.8446e-09	7.15495e-05
2.84469e-09	7.1632e-05
2.84478e-09	7.17141e-05
2.84487e-09	7.17958e-05
2.84496e-09	7.18771e-05
2.84506e-09	7.19581e-05
2.84515e-09	7.20386e-05
2.84524e-09	7.21188e-05
2.84533e-09	7.21986e-05
2.84543e-09	7.22781e-05
2.84552e-09	7.23571e-05
2.84561e-09	7.24358e-05
2.8457e-09	7.2514e-05
2.8458e-09	7.2592e-05
2.84589e-09	7.26695e-05
2.84598e-09	7.27467e-05
2.84607e-09	7.28234e-05
2.84617e-09	7.28998e-05
2.84626e-09	7.29759e-05
2.84635e-09	7.30515e-05
2.84644e-09	7.31268e-05
2.84654e-09	7.32018e-05
2.84663e-09	7.32763e-05
2.84672e-09	7.33505e-05
2.84681e-09	7.34243e-05
2.84691e-09	7.34977e-05
2.847e-09	7.35708e-05
2.84709e-09	7.36435e-05
2.84718e-09	7.37158e-05
2.84727e-09	7.37877e-05
2.84737e-09	7.38593e-05
2.84746e-09	7.39306e-05
2.84755e-09	7.40014e-05
2.84764e-09	7.40719e-05
2.84774e-09	7.41421e-05
2.84783e-09	7.42118e-05
2.84792e-09	7.42812e-05
2.84801e-09	7.43503e-05
2.84811e-09	7.44189e-05
2.8482e-09	7.44873e-05
2.84829e-09	7.45552e-05
2.84838e-09	7.46228e-05
2.84848e-09	7.46901e-05
2.84857e-09	7.4757e-05
2.84866e-09	7.48235e-05
2.84875e-09	7.48896e-05
2.84885e-09	7.49554e-05
2.84894e-09	7.50209e-05
2.84903e-09	7.5086e-05
2.84912e-09	7.51507e-05
2.84922e-09	7.52151e-05
2.84931e-09	7.52792e-05
2.8494e-09	7.53428e-05
2.84949e-09	7.54062e-05
2.84958e-09	7.54691e-05
2.84968e-09	7.55318e-05
2.84977e-09	7.5594e-05
2.84986e-09	7.5656e-05
2.84995e-09	7.57175e-05
2.85005e-09	7.57788e-05
2.85014e-09	7.58396e-05
2.85023e-09	7.59002e-05
2.85032e-09	7.59604e-05
2.85042e-09	7.60202e-05
2.85051e-09	7.60797e-05
2.8506e-09	7.61388e-05
2.85069e-09	7.61976e-05
2.85079e-09	7.62561e-05
2.85088e-09	7.63142e-05
2.85097e-09	7.6372e-05
2.85106e-09	7.64294e-05
2.85116e-09	7.64865e-05
2.85125e-09	7.65432e-05
2.85134e-09	7.65996e-05
2.85143e-09	7.66557e-05
2.85153e-09	7.67114e-05
2.85162e-09	7.67668e-05
2.85171e-09	7.68219e-05
2.8518e-09	7.68766e-05
2.8519e-09	7.6931e-05
2.85199e-09	7.6985e-05
2.85208e-09	7.70387e-05
2.85217e-09	7.70921e-05
2.85226e-09	7.71451e-05
2.85236e-09	7.71978e-05
2.85245e-09	7.72502e-05
2.85254e-09	7.73022e-05
2.85263e-09	7.73539e-05
2.85273e-09	7.74053e-05
2.85282e-09	7.74563e-05
2.85291e-09	7.7507e-05
2.853e-09	7.75574e-05
2.8531e-09	7.76075e-05
2.85319e-09	7.76572e-05
2.85328e-09	7.77066e-05
2.85337e-09	7.77557e-05
2.85347e-09	7.78044e-05
2.85356e-09	7.78528e-05
2.85365e-09	7.79009e-05
2.85374e-09	7.79487e-05
2.85384e-09	7.79961e-05
2.85393e-09	7.80433e-05
2.85402e-09	7.80901e-05
2.85411e-09	7.81365e-05
2.85421e-09	7.81827e-05
2.8543e-09	7.82285e-05
2.85439e-09	7.8274e-05
2.85448e-09	7.83192e-05
2.85457e-09	7.83641e-05
2.85467e-09	7.84087e-05
2.85476e-09	7.84529e-05
2.85485e-09	7.84968e-05
2.85494e-09	7.85404e-05
2.85504e-09	7.85837e-05
2.85513e-09	7.86267e-05
2.85522e-09	7.86693e-05
2.85531e-09	7.87116e-05
2.85541e-09	7.87537e-05
2.8555e-09	7.87954e-05
2.85559e-09	7.88368e-05
2.85568e-09	7.88779e-05
2.85578e-09	7.89186e-05
2.85587e-09	7.89591e-05
2.85596e-09	7.89993e-05
2.85605e-09	7.90391e-05
2.85615e-09	7.90786e-05
2.85624e-09	7.91179e-05
2.85633e-09	7.91568e-05
2.85642e-09	7.91954e-05
2.85652e-09	7.92337e-05
2.85661e-09	7.92717e-05
2.8567e-09	7.93094e-05
2.85679e-09	7.93467e-05
2.85688e-09	7.93838e-05
2.85698e-09	7.94206e-05
2.85707e-09	7.94571e-05
2.85716e-09	7.94932e-05
2.85725e-09	7.95291e-05
2.85735e-09	7.95647e-05
2.85744e-09	7.95999e-05
2.85753e-09	7.96349e-05
2.85762e-09	7.96696e-05
2.85772e-09	7.97039e-05
2.85781e-09	7.9738e-05
2.8579e-09	7.97718e-05
2.85799e-09	7.98052e-05
2.85809e-09	7.98384e-05
2.85818e-09	7.98713e-05
2.85827e-09	7.99038e-05
2.85836e-09	7.99361e-05
2.85846e-09	7.99681e-05
2.85855e-09	7.99998e-05
2.85864e-09	8.00312e-05
2.85873e-09	8.00623e-05
2.85883e-09	8.00931e-05
2.85892e-09	8.01236e-05
2.85901e-09	8.01539e-05
2.8591e-09	8.01838e-05
2.85919e-09	8.02135e-05
2.85929e-09	8.02428e-05
2.85938e-09	8.02719e-05
2.85947e-09	8.03007e-05
2.85956e-09	8.03292e-05
2.85966e-09	8.03574e-05
2.85975e-09	8.03853e-05
2.85984e-09	8.04129e-05
2.85993e-09	8.04403e-05
2.86003e-09	8.04673e-05
2.86012e-09	8.04941e-05
2.86021e-09	8.05206e-05
2.8603e-09	8.05468e-05
2.8604e-09	8.05728e-05
2.86049e-09	8.05984e-05
2.86058e-09	8.06238e-05
2.86067e-09	8.06488e-05
2.86077e-09	8.06736e-05
2.86086e-09	8.06982e-05
2.86095e-09	8.07224e-05
2.86104e-09	8.07464e-05
2.86114e-09	8.077e-05
2.86123e-09	8.07935e-05
2.86132e-09	8.08166e-05
2.86141e-09	8.08394e-05
2.86151e-09	8.0862e-05
2.8616e-09	8.08843e-05
2.86169e-09	8.09063e-05
2.86178e-09	8.09281e-05
2.86187e-09	8.09496e-05
2.86197e-09	8.09708e-05
2.86206e-09	8.09917e-05
2.86215e-09	8.10124e-05
2.86224e-09	8.10327e-05
2.86234e-09	8.10529e-05
2.86243e-09	8.10727e-05
2.86252e-09	8.10923e-05
2.86261e-09	8.11116e-05
2.86271e-09	8.11306e-05
2.8628e-09	8.11494e-05
2.86289e-09	8.11679e-05
2.86298e-09	8.11861e-05
2.86308e-09	8.12041e-05
2.86317e-09	8.12218e-05
2.86326e-09	8.12392e-05
2.86335e-09	8.12564e-05
2.86345e-09	8.12733e-05
2.86354e-09	8.129e-05
2.86363e-09	8.13063e-05
2.86372e-09	8.13224e-05
2.86382e-09	8.13383e-05
2.86391e-09	8.13539e-05
2.864e-09	8.13692e-05
2.86409e-09	8.13843e-05
2.86418e-09	8.13991e-05
2.86428e-09	8.14136e-05
2.86437e-09	8.14279e-05
2.86446e-09	8.1442e-05
2.86455e-09	8.14557e-05
2.86465e-09	8.14693e-05
2.86474e-09	8.14825e-05
2.86483e-09	8.14955e-05
